{"Date":"07.12.2010","Version":"MM107","Technology":"Multi-c-Si","BIPV":"N","A_c":1.47,"N_s":54.0,"T_NOCT":46.5,"I_sc_ref":8.3,"V_oc_ref":33.2,"I_mp_ref":7.85,"V_mp_ref":27.4,"alpha_sc":0.005478,"beta_oc":-0.10092999999999999,"a_ref":1.3148,"I_L_ref":8.302999999999999,"I_o_ref":8.91e-11,"R_s":0.233,"R_sh_ref":559.57,"Adjust":7.8,"PTC":196.3,"pdc0":215.0,"gamma_pdc":-0.0038299999999999996,"gamma_r":-0.38299999999999995}