{"Date":"08.01.2012","Version":"NRELv1","Technology":"Mono-c-Si","BIPV":"N","A_c":1.2770000000000001,"N_s":72.0,"T_NOCT":43.7,"I_sc_ref":5.43,"V_oc_ref":45.4,"I_mp_ref":5.03,"V_mp_ref":37.9,"alpha_sc":0.0027129999999999997,"beta_oc":-0.13604000000000002,"a_ref":1.8117,"I_L_ref":5.439,"I_o_ref":6.88e-11,"R_s":0.389,"R_sh_ref":245.32,"Adjust":11.32,"PTC":175.4,"pdc0":190.0,"gamma_pdc":-0.0039000000000000003,"gamma_r":-0.39}