{"Date":"07.07.2011","Version":"MM107","Technology":"Multi-c-Si","BIPV":"N","A_c":1.65,"N_s":60.0,"T_NOCT":45.3,"I_sc_ref":8.42,"V_oc_ref":36.4,"I_mp_ref":7.84,"V_mp_ref":30.1,"alpha_sc":0.005321,"beta_oc":-0.12300000000000001,"a_ref":1.5447,"I_L_ref":8.43,"I_o_ref":4.81e-10,"R_s":0.21600000000000003,"R_sh_ref":185.06,"Adjust":11.0,"PTC":212.8,"pdc0":235.0,"gamma_pdc":-0.004379999999999999,"gamma_r":-0.43799999999999994}