{"Date":"07.12.2010","Version":"MM107","Technology":"Multi-c-Si","BIPV":"N","A_c":1.94,"N_s":72.0,"T_NOCT":46.5,"I_sc_ref":8.15,"V_oc_ref":44.3,"I_mp_ref":7.78,"V_mp_ref":36.0,"alpha_sc":0.005379,"beta_oc":-0.13467,"a_ref":1.7349,"I_L_ref":8.191,"I_o_ref":6.66e-11,"R_s":0.39899999999999997,"R_sh_ref":100000.0,"Adjust":5.4,"PTC":255.5,"pdc0":280.0,"gamma_pdc":-0.0038299999999999996,"gamma_r":-0.38299999999999995}