{"Date":"07.12.2010","Version":"MM107","Technology":"Multi-c-Si","BIPV":"N","A_c":1.94,"N_s":72.0,"T_NOCT":46.5,"I_sc_ref":8.57,"V_oc_ref":45.3,"I_mp_ref":8.03,"V_mp_ref":38.0,"alpha_sc":0.0056560000000000004,"beta_oc":-0.13771,"a_ref":1.8198,"I_L_ref":8.577,"I_o_ref":1.3e-10,"R_s":0.217,"R_sh_ref":263.27,"Adjust":10.9,"PTC":278.9,"pdc0":305.0,"gamma_pdc":-0.0038299999999999996,"gamma_r":-0.38299999999999995}