{"Date":"01.12.2010","Version":"MM106","Technology":"Mono-c-Si","BIPV":"N","A_c":1.2770000000000001,"N_s":72.0,"T_NOCT":45.9,"I_sc_ref":5.47,"V_oc_ref":45.6,"I_mp_ref":5.1,"V_mp_ref":38.1,"alpha_sc":0.003993,"beta_oc":-0.1409,"a_ref":1.8821,"I_L_ref":5.476,"I_o_ref":1.6099999999999999e-10,"R_s":0.354,"R_sh_ref":341.91,"Adjust":15.0,"PTC":177.8,"pdc0":195.0,"gamma_pdc":-0.00402,"gamma_r":-0.402}