{"Date":"6/14/2010","Version":"MM107","Technology":"Mono-c-Si","BIPV":"N","A_c":1.2770000000000001,"N_s":72.0,"T_NOCT":45.3,"I_sc_ref":5.14,"V_oc_ref":43.8,"I_mp_ref":4.83,"V_mp_ref":35.2,"alpha_sc":0.002159,"beta_oc":-0.16075,"a_ref":1.8991,"I_L_ref":5.142,"I_o_ref":4.92e-10,"R_s":0.645,"R_sh_ref":1372.65,"Adjust":6.7,"PTC":151.4,"pdc0":170.0,"gamma_pdc":-0.00499,"gamma_r":-0.499}