{"Date":"8/13/2010","Version":"MM107","Technology":"Multi-c-Si","BIPV":"N","A_c":1.65,"N_s":60.0,"T_NOCT":45.9,"I_sc_ref":8.05,"V_oc_ref":36.6,"I_mp_ref":7.46,"V_mp_ref":29.5,"alpha_sc":0.003462,"beta_oc":-0.11419000000000001,"a_ref":1.4671,"I_L_ref":8.068999999999999,"I_o_ref":1.15e-10,"R_s":0.366,"R_sh_ref":153.6,"Adjust":7.8,"PTC":199.3,"pdc0":220.0,"gamma_pdc":-0.00417,"gamma_r":-0.41700000000000004}