{"Date":"08.01.2012","Version":"NRELv1","Technology":"Multi-c-Si","BIPV":"N","A_c":1.6269999999999998,"N_s":60.0,"T_NOCT":43.7,"I_sc_ref":8.83,"V_oc_ref":37.6,"I_mp_ref":8.37,"V_mp_ref":31.1,"alpha_sc":0.004989,"beta_oc":-0.12783,"a_ref":1.5882,"I_L_ref":8.83,"I_o_ref":4.61e-10,"R_s":0.213,"R_sh_ref":4500.15,"Adjust":9.702,"PTC":237.3,"pdc0":260.0,"gamma_pdc":-0.0045000000000000005,"gamma_r":-0.45}