{"Date":"08.01.2012","Version":"NRELv1","Technology":"Multi-c-Si","BIPV":"N","A_c":1.65,"N_s":60.0,"T_NOCT":45.9,"I_sc_ref":7.86,"V_oc_ref":36.4,"I_mp_ref":7.25,"V_mp_ref":29.0,"alpha_sc":0.0033799999999999998,"beta_oc":-0.11357,"a_ref":1.4526,"I_L_ref":7.885,"I_o_ref":9.97e-11,"R_s":0.428,"R_sh_ref":134.21,"Adjust":6.968,"PTC":190.0,"pdc0":210.0,"gamma_pdc":-0.00417,"gamma_r":-0.41700000000000004}