{"Date":"8/13/2010","Version":"MM107","Technology":"Multi-c-Si","BIPV":"N","A_c":1.65,"N_s":60.0,"T_NOCT":45.9,"I_sc_ref":8.25,"V_oc_ref":36.8,"I_mp_ref":7.72,"V_mp_ref":29.8,"alpha_sc":0.0035479999999999995,"beta_oc":-0.11482,"a_ref":1.4707,"I_L_ref":8.261000000000001,"I_o_ref":1.1e-10,"R_s":0.33899999999999997,"R_sh_ref":250.56,"Adjust":7.2,"PTC":208.6,"pdc0":230.0,"gamma_pdc":-0.00417,"gamma_r":-0.41700000000000004}