{"Date":"5/22/2012","Version":"NRELv1","Technology":"Multi-c-Si","BIPV":"N","A_c":1.65,"N_s":60.0,"T_NOCT":45.9,"I_sc_ref":8.17,"V_oc_ref":36.8,"I_mp_ref":7.62,"V_mp_ref":29.6,"alpha_sc":0.003513,"beta_oc":-0.11482,"a_ref":1.4674,"I_L_ref":8.184,"I_o_ref":1.03e-10,"R_s":0.373,"R_sh_ref":211.37,"Adjust":6.867000000000001,"PTC":203.9,"pdc0":225.0,"gamma_pdc":-0.00417,"gamma_r":-0.41700000000000004}