{"Date":"10/20/2009","Version":"MM106","Technology":"Multi-c-Si","BIPV":"N","A_c":1.94,"N_s":72.0,"T_NOCT":46.1,"I_sc_ref":8.2,"V_oc_ref":44.5,"I_mp_ref":7.71,"V_mp_ref":35.0,"alpha_sc":0.0044280000000000005,"beta_oc":-0.13929,"a_ref":1.7605,"I_L_ref":8.207,"I_o_ref":8.57e-11,"R_s":0.5660000000000001,"R_sh_ref":702.17,"Adjust":4.6,"PTC":244.7,"pdc0":270.0,"gamma_pdc":-0.00415,"gamma_r":-0.415}