{"Date":"08.01.2012","Version":"NRELv1","Technology":"Mono-c-Si","BIPV":"N","A_c":1.6269999999999998,"N_s":60.0,"T_NOCT":46.1,"I_sc_ref":8.43,"V_oc_ref":37.2,"I_mp_ref":7.95,"V_mp_ref":30.2,"alpha_sc":0.006002,"beta_oc":-0.14932,"a_ref":1.5682,"I_L_ref":8.433,"I_o_ref":4.1799999999999995e-10,"R_s":0.302,"R_sh_ref":903.07,"Adjust":-7.732,"PTC":217.0,"pdc0":240.0,"gamma_pdc":-0.0043,"gamma_r":-0.43}