{"Date":"03.10.2010","Version":"MM107","Technology":"Multi-c-Si","BIPV":"N","A_c":1.4680000000000002,"N_s":54.0,"T_NOCT":45.9,"I_sc_ref":8.12,"V_oc_ref":33.4,"I_mp_ref":7.63,"V_mp_ref":26.2,"alpha_sc":0.00349,"beta_oc":-0.10421,"a_ref":1.3085,"I_L_ref":8.128,"I_o_ref":6.62e-11,"R_s":0.44299999999999995,"R_sh_ref":470.05,"Adjust":3.0,"PTC":181.3,"pdc0":200.0,"gamma_pdc":-0.00417,"gamma_r":-0.41700000000000004}