{"Date":"5/22/2012","Version":"NRELv1","Technology":"Multi-c-Si","BIPV":"N","A_c":1.65,"N_s":60.0,"T_NOCT":45.9,"I_sc_ref":8.09,"V_oc_ref":36.5,"I_mp_ref":7.55,"V_mp_ref":29.2,"alpha_sc":0.003479,"beta_oc":-0.11388,"a_ref":1.4505,"I_L_ref":8.104,"I_o_ref":9.37e-11,"R_s":0.39799999999999996,"R_sh_ref":225.88,"Adjust":6.146,"PTC":199.3,"pdc0":220.0,"gamma_pdc":-0.00417,"gamma_r":-0.41700000000000004}