{"Date":"1/14/2013","Version":"NRELv1","Technology":"Multi-c-Si","BIPV":"N","A_c":1.94,"N_s":72.0,"T_NOCT":45.7,"I_sc_ref":8.91,"V_oc_ref":45.2,"I_mp_ref":8.36,"V_mp_ref":37.1,"alpha_sc":0.0062369999999999995,"beta_oc":-0.16091,"a_ref":1.9125,"I_L_ref":8.917,"I_o_ref":4.79e-10,"R_s":0.292,"R_sh_ref":394.91,"Adjust":4.855,"PTC":281.2,"pdc0":310.0,"gamma_pdc":-0.00434,"gamma_r":-0.434}