{"Technology":"Mono-c-Si","BIPV":"N","A_c":1.2790000000000001,"N_s":72.0,"T_NOCT":45.2,"PTC":161.3,"pdc0":180.0,"gamma_pdc":-0.0048200000000000005}