{"Date":"9/18/2014","Version":"NRELv1","Technology":"Mono-c-Si","BIPV":"N","A_c":1.624,"N_s":60.0,"T_NOCT":46.2,"I_sc_ref":8.54,"V_oc_ref":36.8,"I_mp_ref":7.94,"V_mp_ref":29.6,"alpha_sc":0.004545,"beta_oc":-0.136,"a_ref":1.5721,"I_L_ref":9.276,"I_o_ref":3.74e-09,"R_s":0.21899999999999997,"R_sh_ref":642.31,"Adjust":10.06,"PTC":212.6,"pdc0":235.0,"gamma_pdc":-0.0055000000000000005,"gamma_r":-0.55}