{"Date":"9/18/2014","Version":"NRELv1","Technology":"Mono-c-Si","BIPV":"N","A_c":1.624,"N_s":60.0,"T_NOCT":46.2,"I_sc_ref":8.78,"V_oc_ref":37.3,"I_mp_ref":8.31,"V_mp_ref":30.1,"alpha_sc":0.004425,"beta_oc":-0.12716,"a_ref":1.5816,"I_L_ref":8.94,"I_o_ref":4.79e-10,"R_s":0.306,"R_sh_ref":1885.94,"Adjust":10.01,"PTC":226.6,"pdc0":250.0,"gamma_pdc":-0.004699999999999999,"gamma_r":-0.47}