{"Date":"9/18/2014","Version":"NRELv1","Technology":"Multi-c-Si","BIPV":"N","A_c":1.936,"N_s":72.0,"T_NOCT":47.4,"I_sc_ref":8.48,"V_oc_ref":43.8,"I_mp_ref":7.82,"V_mp_ref":35.2,"alpha_sc":0.003327,"beta_oc":-0.13569,"a_ref":1.7719999999999998,"I_L_ref":8.552999999999999,"I_o_ref":1.2200000000000002e-10,"R_s":0.436,"R_sh_ref":164.02,"Adjust":9.796,"PTC":241.6,"pdc0":275.0,"gamma_pdc":-0.00423,"gamma_r":-0.423}