{"Date":"9/18/2014","Version":"NRELv1","Technology":"Multi-c-Si","BIPV":"N","A_c":1.61,"N_s":60.0,"T_NOCT":45.7,"I_sc_ref":8.45,"V_oc_ref":36.8,"I_mp_ref":7.8,"V_mp_ref":29.5,"alpha_sc":0.00427,"beta_oc":-0.14352,"a_ref":1.6855,"I_L_ref":8.55,"I_o_ref":2.7699999999999997e-09,"R_s":0.301,"R_sh_ref":256.56,"Adjust":10.94,"PTC":204.7,"pdc0":230.0,"gamma_pdc":-0.0054,"gamma_r":-0.54}