{"Date":"9/18/2014","Version":"NRELv1","Technology":"Multi-c-Si","BIPV":"N","A_c":1.624,"N_s":60.0,"T_NOCT":46.8,"I_sc_ref":8.83,"V_oc_ref":37.7,"I_mp_ref":8.28,"V_mp_ref":30.2,"alpha_sc":0.0034240000000000004,"beta_oc":-0.11450999999999999,"a_ref":1.4805,"I_L_ref":8.782,"I_o_ref":1e-10,"R_s":0.337,"R_sh_ref":1476.96,"Adjust":7.752000000000001,"PTC":221.0,"pdc0":250.0,"gamma_pdc":-0.00423,"gamma_r":-0.423}