{"Date":"9/18/2014","Version":"NRELv1","Technology":"Mono-c-Si","BIPV":"N","A_c":1.624,"N_s":60.0,"T_NOCT":46.7,"I_sc_ref":8.85,"V_oc_ref":37.4,"I_mp_ref":8.44,"V_mp_ref":30.2,"alpha_sc":0.006222999999999999,"beta_oc":-0.13801,"a_ref":1.6739,"I_L_ref":9.073,"I_o_ref":1.9e-09,"R_s":0.295,"R_sh_ref":695.47,"Adjust":12.62,"PTC":228.0,"pdc0":255.0,"gamma_pdc":-0.0051,"gamma_r":-0.51}