{"Date":"9/18/2014","Version":"NRELv1","Technology":"Mono-c-Si","BIPV":"N","A_c":1.936,"N_s":72.0,"T_NOCT":46.2,"I_sc_ref":8.39,"V_oc_ref":43.9,"I_mp_ref":7.7,"V_mp_ref":35.1,"alpha_sc":0.0032990000000000003,"beta_oc":-0.13539,"a_ref":1.7678,"I_L_ref":8.486,"I_o_ref":1.2e-10,"R_s":0.456,"R_sh_ref":147.32,"Adjust":9.754,"PTC":244.1,"pdc0":270.0,"gamma_pdc":-0.00423,"gamma_r":-0.423}