{"Date":"04.02.2013","Version":"NRELv1","Technology":"Thin Film","BIPV":"N","A_c":5.71,"N_s":216.0,"T_NOCT":44.8,"I_sc_ref":3.28,"V_oc_ref":191.0,"I_mp_ref":2.78,"V_mp_ref":149.0,"alpha_sc":0.002624,"beta_oc":-0.6303,"a_ref":7.3247,"I_L_ref":3.338,"I_o_ref":1.3599999999999999e-11,"R_s":7.146,"R_sh_ref":403.44,"Adjust":-7.904,"PTC":381.1,"pdc0":410.0,"gamma_pdc":-0.003,"gamma_r":-0.3}