{"Date":"04.02.2013","Version":"NRELv1","Technology":"Thin Film","BIPV":"N","A_c":1.425,"N_s":106.0,"T_NOCT":44.8,"I_sc_ref":1.67,"V_oc_ref":93.0,"I_mp_ref":1.41,"V_mp_ref":72.0,"alpha_sc":0.001336,"beta_oc":-0.3069,"a_ref":3.5580000000000003,"I_L_ref":1.703,"I_o_ref":6.4599999999999995e-12,"R_s":7.303,"R_sh_ref":372.38,"Adjust":-8.398,"PTC":90.6,"pdc0":97.5,"gamma_pdc":-0.003,"gamma_r":-0.3}