{"Date":"09.07.2010","Version":"MM107","Technology":"Multi-c-Si","BIPV":"N","A_c":1.65,"N_s":60.0,"T_NOCT":47.9,"I_sc_ref":8.2,"V_oc_ref":36.6,"I_mp_ref":7.7,"V_mp_ref":28.7,"alpha_sc":0.0009019999999999999,"beta_oc":-0.11639000000000001,"a_ref":1.4502,"I_L_ref":8.208,"I_o_ref":8.9e-11,"R_s":0.478,"R_sh_ref":503.06,"Adjust":3.8,"PTC":195.2,"pdc0":220.0,"gamma_pdc":-0.00457,"gamma_r":-0.457}