{"Date":"08.01.2012","Version":"NRELv1","Technology":"Multi-c-Si","BIPV":"N","A_c":1.587,"N_s":60.0,"T_NOCT":45.5,"I_sc_ref":8.51,"V_oc_ref":36.7,"I_mp_ref":7.96,"V_mp_ref":29.6,"alpha_sc":0.0021190000000000002,"beta_oc":-0.109,"a_ref":1.4467,"I_L_ref":8.523,"I_o_ref":8.029999999999998e-11,"R_s":0.35,"R_sh_ref":231.87,"Adjust":9.946,"PTC":213.4,"pdc0":235.0,"gamma_pdc":-0.00425,"gamma_r":-0.425}