{"Date":"08.01.2012","Version":"NRELv1","Technology":"Multi-c-Si","BIPV":"N","A_c":1.587,"N_s":60.0,"T_NOCT":45.5,"I_sc_ref":8.76,"V_oc_ref":37.5,"I_mp_ref":8.2,"V_mp_ref":30.5,"alpha_sc":0.0021809999999999998,"beta_oc":-0.11137999999999999,"a_ref":1.4844,"I_L_ref":8.772,"I_o_ref":9.199999999999999e-11,"R_s":0.311,"R_sh_ref":231.62,"Adjust":10.89,"PTC":227.4,"pdc0":250.0,"gamma_pdc":-0.00425,"gamma_r":-0.425}