{"Date":"04.01.2010","Version":"MM107","Technology":"Multi-c-Si","BIPV":"N","A_c":1.65,"N_s":60.0,"T_NOCT":47.9,"I_sc_ref":8.2,"V_oc_ref":36.8,"I_mp_ref":7.7,"V_mp_ref":29.1,"alpha_sc":0.0009019999999999999,"beta_oc":-0.11702,"a_ref":1.4644,"I_L_ref":8.208,"I_o_ref":9.909999999999999e-11,"R_s":0.444,"R_sh_ref":449.47,"Adjust":4.7,"PTC":199.7,"pdc0":225.0,"gamma_pdc":-0.00457,"gamma_r":-0.457}