{"Date":"04.02.2013","Version":"NRELv1","Technology":"Multi-c-Si","BIPV":"N","A_c":1.587,"N_s":60.0,"T_NOCT":46.5,"I_sc_ref":9.01,"V_oc_ref":37.8,"I_mp_ref":8.5,"V_mp_ref":30.7,"alpha_sc":0.0032259999999999997,"beta_oc":-0.12735,"a_ref":1.5473,"I_L_ref":9.014,"I_o_ref":2.2e-10,"R_s":0.297,"R_sh_ref":670.28,"Adjust":4.386,"PTC":234.3,"pdc0":260.0,"gamma_pdc":-0.00447,"gamma_r":-0.447}