{"Date":"02.03.2014","Version":"NRELv1","Technology":"Multi-c-Si","BIPV":"N","A_c":1.587,"N_s":60.0,"T_NOCT":44.6,"I_sc_ref":9.08,"V_oc_ref":38.1,"I_mp_ref":8.58,"V_mp_ref":30.9,"alpha_sc":0.003532,"beta_oc":-0.13038,"a_ref":1.5619999999999998,"I_L_ref":9.083,"I_o_ref":2.3099999999999998e-10,"R_s":0.301,"R_sh_ref":1094.72,"Adjust":3.045,"PTC":241.3,"pdc0":265.0,"gamma_pdc":-0.00446,"gamma_r":-0.446}