{"Date":"04.06.2011","Version":"MM107","Technology":"Mono-c-Si","BIPV":"N","A_c":1.2919999999999998,"N_s":72.0,"T_NOCT":49.3,"I_sc_ref":5.34,"V_oc_ref":45.43,"I_mp_ref":4.94,"V_mp_ref":38.29,"alpha_sc":0.001911,"beta_oc":-0.166,"a_ref":2.0447,"I_L_ref":5.343999999999999,"I_o_ref":1.16e-09,"R_s":0.213,"R_sh_ref":280.87,"Adjust":14.7,"PTC":165.5,"pdc0":190.0,"gamma_pdc":-0.00503,"gamma_r":-0.503}