{"Date":"8/29/2011","Version":"MM107","Technology":"Multi-c-Si","BIPV":"N","A_c":1.641,"N_s":60.0,"T_NOCT":49.1,"I_sc_ref":8.54,"V_oc_ref":37.1,"I_mp_ref":7.8,"V_mp_ref":30.2,"alpha_sc":0.004415,"beta_oc":-0.12195,"a_ref":1.5778,"I_L_ref":8.566,"I_o_ref":5.02e-10,"R_s":0.28600000000000003,"R_sh_ref":94.7,"Adjust":14.6,"PTC":207.9,"pdc0":235.0,"gamma_pdc":-0.0045000000000000005,"gamma_r":-0.45}