{"Date":"8/29/2011","Version":"MM107","Technology":"Multi-c-Si","BIPV":"N","A_c":1.641,"N_s":60.0,"T_NOCT":49.1,"I_sc_ref":8.65,"V_oc_ref":37.3,"I_mp_ref":7.92,"V_mp_ref":30.3,"alpha_sc":0.004472,"beta_oc":-0.12261,"a_ref":1.5818,"I_L_ref":8.675,"I_o_ref":4.77e-10,"R_s":0.293,"R_sh_ref":101.01,"Adjust":14.0,"PTC":212.5,"pdc0":240.0,"gamma_pdc":-0.0045000000000000005,"gamma_r":-0.45}