{"Date":"07.11.2011","Version":"MM107","Technology":"Multi-c-Si","BIPV":"N","A_c":1.641,"N_s":60.0,"T_NOCT":49.1,"I_sc_ref":8.42,"V_oc_ref":36.93,"I_mp_ref":7.67,"V_mp_ref":30.02,"alpha_sc":0.004353,"beta_oc":-0.12139000000000001,"a_ref":1.5714,"I_L_ref":8.448,"I_o_ref":5e-10,"R_s":0.295,"R_sh_ref":89.38,"Adjust":14.7,"PTC":203.4,"pdc0":230.0,"gamma_pdc":-0.0045000000000000005,"gamma_r":-0.45}