{"Date":"10/20/2009","Version":"MM106","Technology":"Mono-c-Si","BIPV":"N","A_c":1.2770000000000001,"N_s":72.0,"T_NOCT":44.7,"I_sc_ref":5.15,"V_oc_ref":43.8,"I_mp_ref":4.8,"V_mp_ref":35.4,"alpha_sc":0.0015970000000000001,"beta_oc":-0.12877,"a_ref":1.7349,"I_L_ref":5.159,"I_o_ref":5.47e-11,"R_s":0.67,"R_sh_ref":366.38,"Adjust":11.9,"PTC":154.7,"pdc0":170.0,"gamma_pdc":-0.00421,"gamma_r":-0.42100000000000004}