{"Date":"10/20/2009","Version":"MM106","Technology":"Mono-c-Si","BIPV":"N","A_c":1.2770000000000001,"N_s":72.0,"T_NOCT":44.7,"I_sc_ref":5.4,"V_oc_ref":44.7,"I_mp_ref":5.0,"V_mp_ref":36.0,"alpha_sc":0.001674,"beta_oc":-0.13142,"a_ref":1.774,"I_L_ref":5.414,"I_o_ref":5.98e-11,"R_s":0.6809999999999999,"R_sh_ref":265.56,"Adjust":12.3,"PTC":164.1,"pdc0":180.0,"gamma_pdc":-0.00421,"gamma_r":-0.42100000000000004}