{"Date":"4/28/2008","Version":"MM105","Technology":"Multi-c-Si","BIPV":"N","A_c":0.889,"N_s":36.0,"T_NOCT":49.0,"I_sc_ref":8.02,"V_oc_ref":21.9,"I_mp_ref":7.39,"V_mp_ref":17.6,"alpha_sc":0.0048119999999999994,"beta_oc":-0.07775,"a_ref":0.9575,"I_L_ref":8.039,"I_o_ref":9.09e-10,"R_s":0.20600000000000002,"R_sh_ref":86.99,"Adjust":11.7,"PTC":114.2,"pdc0":130.0,"gamma_pdc":-0.0048,"gamma_r":-0.48}