{"Date":"04.01.2011","Version":"MM107","Technology":"Multi-c-Si","BIPV":"N","A_c":1.588,"N_s":60.0,"T_NOCT":46.0,"I_sc_ref":8.18,"V_oc_ref":36.9,"I_mp_ref":7.55,"V_mp_ref":29.8,"alpha_sc":0.0016359999999999999,"beta_oc":-0.12177,"a_ref":1.4715,"I_L_ref":8.203,"I_o_ref":1.0200000000000001e-10,"R_s":0.358,"R_sh_ref":127.74,"Adjust":1.1,"PTC":203.3,"pdc0":225.0,"gamma_pdc":-0.0043,"gamma_r":-0.43}