{"Date":"12/23/2014","Version":"NRELv1","Technology":"Multi-c-Si","BIPV":"N","A_c":1.5859999999999999,"N_s":60.0,"T_NOCT":46.6,"I_sc_ref":8.83,"V_oc_ref":38.0,"I_mp_ref":8.28,"V_mp_ref":30.8,"alpha_sc":0.00581,"beta_oc":-0.1276,"a_ref":1.6369999999999998,"I_L_ref":8.836,"I_o_ref":7.25e-10,"R_s":0.293,"R_sh_ref":401.29,"Adjust":15.14,"PTC":228.3,"pdc0":255.0,"gamma_pdc":-0.00469,"gamma_r":-0.469}