{"Date":"05.01.2014","Version":"NRELv1","Technology":"Multi-c-Si","BIPV":"N","A_c":2.126,"N_s":80.0,"T_NOCT":46.3,"I_sc_ref":8.61,"V_oc_ref":49.7,"I_mp_ref":7.97,"V_mp_ref":40.2,"alpha_sc":0.00611,"beta_oc":-0.18011,"a_ref":2.1941,"I_L_ref":8.625,"I_o_ref":1.22e-09,"R_s":0.39299999999999996,"R_sh_ref":224.46,"Adjust":11.45,"PTC":285.8,"pdc0":320.0,"gamma_pdc":-0.0047799999999999995,"gamma_r":-0.478}