{"Date":"5/22/2012","Version":"NRELv1","Technology":"Mono-c-Si","BIPV":"N","A_c":1.2770000000000001,"N_s":72.0,"T_NOCT":45.8,"I_sc_ref":5.68,"V_oc_ref":44.8,"I_mp_ref":5.07,"V_mp_ref":36.5,"alpha_sc":0.004476,"beta_oc":-0.1766,"a_ref":1.9992,"I_L_ref":5.705,"I_o_ref":9.81e-10,"R_s":0.47700000000000004,"R_sh_ref":109.43,"Adjust":4.06,"PTC":166.9,"pdc0":185.0,"gamma_pdc":-0.00443,"gamma_r":-0.44299999999999995}