{"Date":"5/22/2012","Version":"NRELv1","Technology":"Mono-c-Si","BIPV":"N","A_c":1.2770000000000001,"N_s":72.0,"T_NOCT":45.8,"I_sc_ref":5.57,"V_oc_ref":44.6,"I_mp_ref":4.97,"V_mp_ref":36.2,"alpha_sc":0.004389,"beta_oc":-0.17581,"a_ref":1.9859,"I_L_ref":5.596,"I_o_ref":9.16e-10,"R_s":0.517,"R_sh_ref":110.61,"Adjust":3.636,"PTC":162.3,"pdc0":180.0,"gamma_pdc":-0.00443,"gamma_r":-0.44299999999999995}