{"Date":"5/22/2012","Version":"NRELv1","Technology":"Multi-c-Si","BIPV":"N","A_c":1.6269999999999998,"N_s":60.0,"T_NOCT":45.9,"I_sc_ref":8.49,"V_oc_ref":37.2,"I_mp_ref":7.72,"V_mp_ref":29.8,"alpha_sc":0.007683,"beta_oc":-0.14527,"a_ref":1.6294,"I_L_ref":8.522,"I_o_ref":9.87e-10,"R_s":0.34600000000000003,"R_sh_ref":91.1,"Adjust":1.515,"PTC":207.6,"pdc0":230.0,"gamma_pdc":-0.004370000000000001,"gamma_r":-0.43700000000000006}