{"Date":"5/22/2012","Version":"NRELv1","Technology":"Multi-c-Si","BIPV":"N","A_c":1.6269999999999998,"N_s":60.0,"T_NOCT":45.9,"I_sc_ref":8.39,"V_oc_ref":36.7,"I_mp_ref":7.63,"V_mp_ref":29.5,"alpha_sc":0.007593000000000001,"beta_oc":-0.14331,"a_ref":1.6109,"I_L_ref":8.42,"I_o_ref":1.02e-09,"R_s":0.33,"R_sh_ref":90.77,"Adjust":1.9140000000000001,"PTC":203.0,"pdc0":225.0,"gamma_pdc":-0.004370000000000001,"gamma_r":-0.43700000000000006}