{"Date":"5/22/2012","Version":"NRELv1","Technology":"Multi-c-Si","BIPV":"N","A_c":1.6269999999999998,"N_s":60.0,"T_NOCT":45.9,"I_sc_ref":8.18,"V_oc_ref":36.0,"I_mp_ref":7.44,"V_mp_ref":28.9,"alpha_sc":0.007403,"beta_oc":-0.14057999999999998,"a_ref":1.5787,"I_L_ref":8.21,"I_o_ref":9.77e-10,"R_s":0.33799999999999997,"R_sh_ref":91.81,"Adjust":1.742,"PTC":193.7,"pdc0":215.0,"gamma_pdc":-0.004370000000000001,"gamma_r":-0.43700000000000006}