{"Date":"5/22/2012","Version":"NRELv1","Technology":"Multi-c-Si","BIPV":"N","A_c":1.94,"N_s":72.0,"T_NOCT":45.7,"I_sc_ref":8.55,"V_oc_ref":44.6,"I_mp_ref":7.77,"V_mp_ref":35.4,"alpha_sc":0.008020000000000001,"beta_oc":-0.19735999999999998,"a_ref":2.0156,"I_L_ref":8.583,"I_o_ref":2.0100000000000003e-09,"R_s":0.444,"R_sh_ref":114.0,"Adjust":-5.257000000000001,"PTC":246.9,"pdc0":275.0,"gamma_pdc":-0.00463,"gamma_r":-0.46299999999999997}