{"Date":"5/22/2012","Version":"NRELv1","Technology":"Multi-c-Si","BIPV":"N","A_c":1.94,"N_s":72.0,"T_NOCT":45.7,"I_sc_ref":8.33,"V_oc_ref":44.2,"I_mp_ref":7.57,"V_mp_ref":35.0,"alpha_sc":0.007814,"beta_oc":-0.19559,"a_ref":1.9944,"I_L_ref":8.363,"I_o_ref":1.89e-09,"R_s":0.465,"R_sh_ref":116.44,"Adjust":-5.529,"PTC":237.7,"pdc0":265.0,"gamma_pdc":-0.00463,"gamma_r":-0.46299999999999997}