{"Date":"5/22/2012","Version":"NRELv1","Technology":"Multi-c-Si","BIPV":"N","A_c":1.94,"N_s":72.0,"T_NOCT":45.7,"I_sc_ref":8.22,"V_oc_ref":44.0,"I_mp_ref":7.47,"V_mp_ref":34.8,"alpha_sc":0.00771,"beta_oc":-0.1947,"a_ref":1.9838,"I_L_ref":8.253,"I_o_ref":1.84e-09,"R_s":0.47600000000000003,"R_sh_ref":117.71,"Adjust":-5.667000000000001,"PTC":233.1,"pdc0":260.0,"gamma_pdc":-0.00463,"gamma_r":-0.46299999999999997}