{"Vac":120.0,"Paco":200.0,"Pdco":213.75,"Vdco":35.0,"Pso":2.53356,"C0":-8.30335e-05,"C1":-0.000276168,"C2":-0.00122952,"C3":-0.0485745,"Pnt":1.59,"Vdcmax":40.0,"Mppt_low":29.0,"Mppt_high":40.0}