{"Date":"12/23/2014","Version":"NRELv1","Technology":"Multi-c-Si","BIPV":"N","A_c":1.002,"N_s":36.0,"T_NOCT":47.3,"I_sc_ref":8.58,"V_oc_ref":22.6,"I_mp_ref":8.0,"V_mp_ref":18.1,"alpha_sc":0.005302,"beta_oc":-0.07266,"a_ref":0.9173,"I_L_ref":8.595,"I_o_ref":1.68e-10,"R_s":0.225,"R_sh_ref":131.33,"Adjust":7.2,"PTC":130.7,"pdc0":145.0,"gamma_pdc":-0.00417,"gamma_r":-0.41700000000000004}