{"Date":"12/23/2014","Version":"NRELv1","Technology":"Multi-c-Si","BIPV":"N","A_c":1.002,"N_s":36.0,"T_NOCT":47.3,"I_sc_ref":8.94,"V_oc_ref":23.1,"I_mp_ref":8.47,"V_mp_ref":18.31,"alpha_sc":0.005525,"beta_oc":-0.07427,"a_ref":0.9284,"I_L_ref":9.039,"I_o_ref":1.4e-10,"R_s":0.245,"R_sh_ref":229.84,"Adjust":5.172999999999999,"PTC":140.0,"pdc0":155.0,"gamma_pdc":-0.00417,"gamma_r":-0.41700000000000004}