{"Date":"12/23/2014","Version":"NRELv1","Technology":"Multi-c-Si","BIPV":"N","A_c":1.002,"N_s":36.0,"T_NOCT":47.3,"I_sc_ref":8.75,"V_oc_ref":23.04,"I_mp_ref":8.22,"V_mp_ref":18.2,"alpha_sc":0.005408,"beta_oc":-0.07407000000000001,"a_ref":0.924,"I_L_ref":8.758,"I_o_ref":1.29e-10,"R_s":0.261,"R_sh_ref":301.07,"Adjust":4.718,"PTC":135.3,"pdc0":150.0,"gamma_pdc":-0.00417,"gamma_r":-0.41700000000000004}