{"Date":"12/23/2014","Version":"NRELv1","Technology":"Multi-c-Si","BIPV":"N","A_c":1.473,"N_s":54.0,"T_NOCT":47.0,"I_sc_ref":8.21,"V_oc_ref":34.28,"I_mp_ref":7.9,"V_mp_ref":26.63,"alpha_sc":0.004803,"beta_oc":-0.11072,"a_ref":1.3758,"I_L_ref":8.375,"I_o_ref":1.26e-10,"R_s":0.46799999999999997,"R_sh_ref":23816.7,"Adjust":4.486000000000001,"PTC":188.7,"pdc0":210.0,"gamma_pdc":-0.00434,"gamma_r":-0.434}