{"Date":"12/23/2014","Version":"NRELv1","Technology":"Multi-c-Si","BIPV":"N","A_c":1.473,"N_s":54.0,"T_NOCT":47.0,"I_sc_ref":8.34,"V_oc_ref":34.44,"I_mp_ref":8.02,"V_mp_ref":26.82,"alpha_sc":0.004879,"beta_oc":-0.11124,"a_ref":1.3846,"I_L_ref":8.509,"I_o_ref":1.34e-10,"R_s":0.45299999999999996,"R_sh_ref":2914.82,"Adjust":4.843,"PTC":193.3,"pdc0":215.0,"gamma_pdc":-0.00434,"gamma_r":-0.434}