{"Date":"12/23/2014","Version":"NRELv1","Technology":"Multi-c-Si","BIPV":"N","A_c":1.6340000000000001,"N_s":60.0,"T_NOCT":46.9,"I_sc_ref":8.4,"V_oc_ref":35.74,"I_mp_ref":7.96,"V_mp_ref":29.53,"alpha_sc":0.004561,"beta_oc":-0.11255,"a_ref":1.4576,"I_L_ref":8.401,"I_o_ref":1.88e-10,"R_s":0.231,"R_sh_ref":1333.26,"Adjust":10.7,"PTC":211.9,"pdc0":235.0,"gamma_pdc":-0.004220000000000001,"gamma_r":-0.42200000000000004}