{"Date":"12/23/2014","Version":"NRELv1","Technology":"Multi-c-Si","BIPV":"N","A_c":1.6340000000000001,"N_s":60.0,"T_NOCT":46.9,"I_sc_ref":8.84,"V_oc_ref":37.41,"I_mp_ref":8.13,"V_mp_ref":30.14,"alpha_sc":0.0048,"beta_oc":-0.1178,"a_ref":1.5299,"I_L_ref":8.867,"I_o_ref":2.0500000000000002e-10,"R_s":0.336,"R_sh_ref":110.77,"Adjust":11.12,"PTC":221.2,"pdc0":245.0,"gamma_pdc":-0.004220000000000001,"gamma_r":-0.42200000000000004}