{"Date":"12/23/2014","Version":"NRELv1","Technology":"Multi-c-Si","BIPV":"N","A_c":1.6340000000000001,"N_s":60.0,"T_NOCT":46.9,"I_sc_ref":8.83,"V_oc_ref":37.11,"I_mp_ref":8.05,"V_mp_ref":29.85,"alpha_sc":0.004795000000000001,"beta_oc":-0.11685999999999999,"a_ref":1.5241,"I_L_ref":8.865,"I_o_ref":2.25e-10,"R_s":0.341,"R_sh_ref":85.7,"Adjust":11.98,"PTC":216.6,"pdc0":240.0,"gamma_pdc":-0.004220000000000001,"gamma_r":-0.42200000000000004}