{"Date":"12/23/2014","Version":"NRELv1","Technology":"Multi-c-Si","BIPV":"N","A_c":1.6340000000000001,"N_s":60.0,"T_NOCT":46.9,"I_sc_ref":8.86,"V_oc_ref":38.67,"I_mp_ref":8.42,"V_mp_ref":30.9,"alpha_sc":0.004811,"beta_oc":-0.12177,"a_ref":1.5532,"I_L_ref":8.955,"I_o_ref":1.37e-10,"R_s":0.38,"R_sh_ref":516.49,"Adjust":7.367000000000001,"PTC":235.1,"pdc0":260.0,"gamma_pdc":-0.004220000000000001,"gamma_r":-0.42200000000000004}