{"Date":"12/23/2014","Version":"NRELv1","Technology":"Multi-c-Si","BIPV":"N","A_c":1.6340000000000001,"N_s":60.0,"T_NOCT":46.9,"I_sc_ref":8.86,"V_oc_ref":39.1,"I_mp_ref":8.51,"V_mp_ref":31.15,"alpha_sc":0.004811,"beta_oc":-0.12312999999999999,"a_ref":1.5665,"I_L_ref":9.044,"I_o_ref":1.3e-10,"R_s":0.39399999999999996,"R_sh_ref":605.29,"Adjust":6.832000000000001,"PTC":239.8,"pdc0":265.0,"gamma_pdc":-0.004220000000000001,"gamma_r":-0.42200000000000004}