{"Date":"12/23/2014","Version":"NRELv1","Technology":"Multi-c-Si","BIPV":"N","A_c":1.931,"N_s":72.0,"T_NOCT":46.4,"I_sc_ref":8.64,"V_oc_ref":45.75,"I_mp_ref":8.16,"V_mp_ref":36.16,"alpha_sc":0.004173,"beta_oc":-0.14635,"a_ref":1.8311,"I_L_ref":8.642000000000001,"I_o_ref":1.2200000000000002e-10,"R_s":0.521,"R_sh_ref":2910.76,"Adjust":5.033,"PTC":266.5,"pdc0":295.0,"gamma_pdc":-0.00431,"gamma_r":-0.431}