{"Date":"12/23/2014","Version":"NRELv1","Technology":"Multi-c-Si","BIPV":"N","A_c":1.931,"N_s":72.0,"T_NOCT":46.4,"I_sc_ref":8.87,"V_oc_ref":46.12,"I_mp_ref":8.36,"V_mp_ref":36.49,"alpha_sc":0.0042840000000000005,"beta_oc":-0.14754,"a_ref":1.849,"I_L_ref":8.874,"I_o_ref":1.3e-10,"R_s":0.507,"R_sh_ref":1118.01,"Adjust":5.372999999999999,"PTC":275.8,"pdc0":305.0,"gamma_pdc":-0.00431,"gamma_r":-0.431}