{"Date":"12/23/2014","Version":"NRELv1","Technology":"Multi-c-Si","BIPV":"N","A_c":1.931,"N_s":72.0,"T_NOCT":46.4,"I_sc_ref":9.01,"V_oc_ref":46.44,"I_mp_ref":8.56,"V_mp_ref":36.81,"alpha_sc":0.004352,"beta_oc":-0.14856,"a_ref":1.8649,"I_L_ref":9.107000000000001,"I_o_ref":1.38e-10,"R_s":0.488,"R_sh_ref":681.89,"Adjust":5.711,"PTC":285.1,"pdc0":315.0,"gamma_pdc":-0.00431,"gamma_r":-0.431}