{"Date":"12/23/2014","Version":"NRELv1","Technology":"Multi-c-Si","BIPV":"N","A_c":1.931,"N_s":72.0,"T_NOCT":46.4,"I_sc_ref":9.12,"V_oc_ref":46.6,"I_mp_ref":8.66,"V_mp_ref":37.0,"alpha_sc":0.004405,"beta_oc":-0.14907,"a_ref":1.8737,"I_L_ref":9.218,"I_o_ref":1.44e-10,"R_s":0.47600000000000003,"R_sh_ref":603.91,"Adjust":5.971,"PTC":289.8,"pdc0":320.0,"gamma_pdc":-0.00431,"gamma_r":-0.431}