{"Date":"9/18/2014","Version":"NRELv1","Technology":"Mono-c-Si","BIPV":"N","A_c":1.643,"N_s":60.0,"T_NOCT":48.1,"I_sc_ref":9.0,"V_oc_ref":38.5,"I_mp_ref":8.42,"V_mp_ref":31.5,"alpha_sc":0.0045,"beta_oc":-0.12705,"a_ref":1.6156,"I_L_ref":9.009,"I_o_ref":3.9600000000000003e-10,"R_s":0.263,"R_sh_ref":257.43,"Adjust":11.62,"PTC":236.6,"pdc0":265.0,"gamma_pdc":-0.0045000000000000005,"gamma_r":-0.45}