{"Date":"9/18/2014","Version":"NRELv1","Technology":"Mono-c-Si","BIPV":"N","A_c":1.643,"N_s":60.0,"T_NOCT":48.1,"I_sc_ref":8.84,"V_oc_ref":38.3,"I_mp_ref":8.27,"V_mp_ref":30.8,"alpha_sc":0.00442,"beta_oc":-0.12639,"a_ref":1.5912,"I_L_ref":8.85,"I_o_ref":3.07e-10,"R_s":0.34299999999999997,"R_sh_ref":291.85,"Adjust":9.495,"PTC":227.4,"pdc0":255.0,"gamma_pdc":-0.0045000000000000005,"gamma_r":-0.45}