{"Date":"9/18/2014","Version":"NRELv1","Technology":"Mono-c-Si","BIPV":"N","A_c":1.956,"N_s":72.0,"T_NOCT":45.2,"I_sc_ref":9.1,"V_oc_ref":45.86,"I_mp_ref":8.65,"V_mp_ref":37.1,"alpha_sc":0.00455,"beta_oc":-0.14217,"a_ref":1.8606,"I_L_ref":9.197000000000001,"I_o_ref":1.8e-10,"R_s":0.376,"R_sh_ref":534.8,"Adjust":11.34,"PTC":291.4,"pdc0":320.0,"gamma_pdc":-0.0043,"gamma_r":-0.43}