{"Date":"03.03.2014","Version":"NRELv1","Technology":"Mono-c-Si","BIPV":"N","A_c":1.641,"N_s":60.0,"T_NOCT":46.3,"I_sc_ref":9.28,"V_oc_ref":38.8,"I_mp_ref":8.74,"V_mp_ref":32.05,"alpha_sc":0.00464,"beta_oc":-0.12415999999999999,"a_ref":1.6278,"I_L_ref":9.285,"I_o_ref":4.09e-10,"R_s":0.218,"R_sh_ref":445.16,"Adjust":15.12,"PTC":252.7,"pdc0":280.0,"gamma_pdc":-0.0045000000000000005,"gamma_r":-0.45}