{"Date":"11.04.2014","Version":"NRELv1","Technology":"Mono-c-Si","BIPV":"N","A_c":1.956,"N_s":72.0,"T_NOCT":45.2,"I_sc_ref":9.29,"V_oc_ref":46.4,"I_mp_ref":8.85,"V_mp_ref":37.9,"alpha_sc":0.004645000000000001,"beta_oc":-0.14384,"a_ref":1.8904,"I_L_ref":9.388,"I_o_ref":2.0400000000000002e-10,"R_s":0.325,"R_sh_ref":648.32,"Adjust":12.27,"PTC":305.5,"pdc0":335.0,"gamma_pdc":-0.0043,"gamma_r":-0.43}