{"Date":"9/18/2014","Version":"NRELv1","Technology":"Mono-c-Si","BIPV":"N","A_c":1.61,"N_s":60.0,"T_NOCT":46.0,"I_sc_ref":8.84,"V_oc_ref":38.3,"I_mp_ref":8.27,"V_mp_ref":30.8,"alpha_sc":0.00442,"beta_oc":-0.11873,"a_ref":1.5545,"I_L_ref":8.852,"I_o_ref":1.74e-10,"R_s":0.35200000000000004,"R_sh_ref":266.43,"Adjust":11.38,"PTC":231.2,"pdc0":255.0,"gamma_pdc":-0.0043,"gamma_r":-0.43}