{"Date":"9/18/2014","Version":"NRELv1","Technology":"Mono-c-Si","BIPV":"N","A_c":1.956,"N_s":72.0,"T_NOCT":45.2,"I_sc_ref":9.06,"V_oc_ref":45.6,"I_mp_ref":8.6,"V_mp_ref":36.1,"alpha_sc":0.004529999999999999,"beta_oc":-0.14135999999999999,"a_ref":1.8292,"I_L_ref":9.158,"I_o_ref":1.35e-10,"R_s":0.483,"R_sh_ref":584.96,"Adjust":8.842,"PTC":282.0,"pdc0":310.0,"gamma_pdc":-0.0043,"gamma_r":-0.43}