{"Date":"12.01.2013","Version":"NRELv1","Technology":"Mono-c-Si","BIPV":"N","A_c":1.956,"N_s":72.0,"T_NOCT":45.7,"I_sc_ref":9.29,"V_oc_ref":46.4,"I_mp_ref":8.85,"V_mp_ref":37.9,"alpha_sc":0.004645000000000001,"beta_oc":-0.15312,"a_ref":1.9352,"I_L_ref":9.387,"I_o_ref":3.6e-10,"R_s":0.314,"R_sh_ref":790.93,"Adjust":10.37,"PTC":303.3,"pdc0":335.0,"gamma_pdc":-0.0045000000000000005,"gamma_r":-0.45}