{"Date":"11.04.2014","Version":"NRELv1","Technology":"Mono-c-Si","BIPV":"N","A_c":1.641,"N_s":60.0,"T_NOCT":45.2,"I_sc_ref":9.2,"V_oc_ref":38.6,"I_mp_ref":8.72,"V_mp_ref":31.6,"alpha_sc":0.0036799999999999997,"beta_oc":-0.1158,"a_ref":1.538,"I_L_ref":9.202,"I_o_ref":1.1599999999999999e-10,"R_s":0.27399999999999997,"R_sh_ref":1435.37,"Adjust":11.13,"PTC":251.2,"pdc0":275.0,"gamma_pdc":-0.0042,"gamma_r":-0.42}