{"Date":"03.03.2014","Version":"NRELv1","Technology":"Mono-c-Si","BIPV":"N","A_c":1.641,"N_s":60.0,"T_NOCT":46.3,"I_sc_ref":9.2,"V_oc_ref":38.7,"I_mp_ref":8.62,"V_mp_ref":31.9,"alpha_sc":0.0046,"beta_oc":-0.12384,"a_ref":1.6266,"I_L_ref":9.208,"I_o_ref":4.21e-10,"R_s":0.22699999999999998,"R_sh_ref":269.82,"Adjust":15.49,"PTC":248.1,"pdc0":275.0,"gamma_pdc":-0.0045000000000000005,"gamma_r":-0.45}