{"Date":"04.02.2014","Version":"NRELv1","Technology":"Mono-c-Si","BIPV":"N","A_c":1.643,"N_s":60.0,"T_NOCT":46.8,"I_sc_ref":8.9,"V_oc_ref":38.0,"I_mp_ref":8.03,"V_mp_ref":30.5,"alpha_sc":0.00445,"beta_oc":-0.1216,"a_ref":1.5925,"I_L_ref":8.943999999999999,"I_o_ref":3.6400000000000004e-10,"R_s":0.349,"R_sh_ref":70.05,"Adjust":14.58,"PTC":220.3,"pdc0":245.0,"gamma_pdc":-0.0044,"gamma_r":-0.44}