{"Date":"02.03.2014","Version":"NRELv1","Technology":"Mono-c-Si","BIPV":"N","A_c":1.643,"N_s":72.0,"T_NOCT":46.3,"I_sc_ref":8.84,"V_oc_ref":38.3,"I_mp_ref":8.27,"V_mp_ref":30.8,"alpha_sc":0.00442,"beta_oc":-0.12255999999999999,"a_ref":1.5885,"I_L_ref":8.85,"I_o_ref":2.9499999999999996e-10,"R_s":0.344,"R_sh_ref":289.79,"Adjust":12.56,"PTC":229.5,"pdc0":255.0,"gamma_pdc":-0.0045000000000000005,"gamma_r":-0.45}