{"Date":"04.02.2014","Version":"NRELv1","Technology":"Mono-c-Si","BIPV":"N","A_c":1.643,"N_s":60.0,"T_NOCT":46.8,"I_sc_ref":8.95,"V_oc_ref":38.1,"I_mp_ref":8.17,"V_mp_ref":30.6,"alpha_sc":0.004475,"beta_oc":-0.12192,"a_ref":1.5859999999999999,"I_L_ref":8.984,"I_o_ref":3.1600000000000005e-10,"R_s":0.34600000000000003,"R_sh_ref":91.69,"Adjust":13.19,"PTC":224.9,"pdc0":250.0,"gamma_pdc":-0.0044,"gamma_r":-0.44}