{"Date":"9/18/2014","Version":"NRELv1","Technology":"Mono-c-Si","BIPV":"N","A_c":1.61,"N_s":60.0,"T_NOCT":45.2,"I_sc_ref":8.84,"V_oc_ref":38.3,"I_mp_ref":8.27,"V_mp_ref":30.8,"alpha_sc":0.003536,"beta_oc":-0.1149,"a_ref":1.5219,"I_L_ref":8.853,"I_o_ref":1.0200000000000001e-10,"R_s":0.36,"R_sh_ref":247.27,"Adjust":10.45,"PTC":232.5,"pdc0":255.0,"gamma_pdc":-0.0042,"gamma_r":-0.42}