{"Date":"04.02.2014","Version":"NRELv1","Technology":"Mono-c-Si","BIPV":"N","A_c":1.643,"N_s":60.0,"T_NOCT":46.8,"I_sc_ref":9.0,"V_oc_ref":38.2,"I_mp_ref":8.32,"V_mp_ref":30.7,"alpha_sc":0.0045,"beta_oc":-0.12224000000000002,"a_ref":1.5789,"I_L_ref":9.022,"I_o_ref":2.72e-10,"R_s":0.34299999999999997,"R_sh_ref":138.69,"Adjust":11.73,"PTC":229.5,"pdc0":255.0,"gamma_pdc":-0.0044,"gamma_r":-0.44}