{"Date":"02.03.2014","Version":"NRELv1","Technology":"Mono-c-Si","BIPV":"N","A_c":1.643,"N_s":72.0,"T_NOCT":46.3,"I_sc_ref":8.87,"V_oc_ref":38.4,"I_mp_ref":8.4,"V_mp_ref":31.0,"alpha_sc":0.004435000000000001,"beta_oc":-0.12287999999999999,"a_ref":1.5934,"I_L_ref":8.967,"I_o_ref":3.03e-10,"R_s":0.32299999999999995,"R_sh_ref":342.0,"Adjust":12.69,"PTC":234.1,"pdc0":260.0,"gamma_pdc":-0.0045000000000000005,"gamma_r":-0.45}