{"Date":"11.04.2014","Version":"NRELv1","Technology":"Mono-c-Si","BIPV":"N","A_c":1.641,"N_s":60.0,"T_NOCT":46.0,"I_sc_ref":8.9,"V_oc_ref":38.4,"I_mp_ref":8.3,"V_mp_ref":31.4,"alpha_sc":0.00445,"beta_oc":-0.11904,"a_ref":1.5762,"I_L_ref":8.913,"I_o_ref":2.29e-10,"R_s":0.27699999999999997,"R_sh_ref":197.11,"Adjust":13.85,"PTC":235.6,"pdc0":260.0,"gamma_pdc":-0.0043,"gamma_r":-0.43}