{"Date":"12.01.2013","Version":"NRELv1","Technology":"Mono-c-Si","BIPV":"N","A_c":1.956,"N_s":72.0,"T_NOCT":45.7,"I_sc_ref":9.26,"V_oc_ref":45.9,"I_mp_ref":8.68,"V_mp_ref":37.0,"alpha_sc":0.00463,"beta_oc":-0.15147,"a_ref":1.9075,"I_L_ref":9.269,"I_o_ref":3.2399999999999997e-10,"R_s":0.38,"R_sh_ref":393.3,"Adjust":9.561,"PTC":289.3,"pdc0":320.0,"gamma_pdc":-0.0045000000000000005,"gamma_r":-0.45}