{"Date":"11.04.2014","Version":"NRELv1","Technology":"Mono-c-Si","BIPV":"N","A_c":1.641,"N_s":60.0,"T_NOCT":45.2,"I_sc_ref":8.8,"V_oc_ref":37.8,"I_mp_ref":8.15,"V_mp_ref":31.3,"alpha_sc":0.00352,"beta_oc":-0.1134,"a_ref":1.5356,"I_L_ref":8.815,"I_o_ref":1.74e-10,"R_s":0.22699999999999998,"R_sh_ref":131.62,"Adjust":15.35,"PTC":232.4,"pdc0":255.0,"gamma_pdc":-0.0042,"gamma_r":-0.42}