{"Date":"9/18/2014","Version":"NRELv1","Technology":"Mono-c-Si","BIPV":"N","A_c":1.956,"N_s":72.0,"T_NOCT":45.2,"I_sc_ref":9.2,"V_oc_ref":46.2,"I_mp_ref":8.86,"V_mp_ref":37.8,"alpha_sc":0.0046,"beta_oc":-0.14322000000000001,"a_ref":1.8822,"I_L_ref":9.389,"I_o_ref":2.0400000000000002e-10,"R_s":0.315,"R_sh_ref":736.06,"Adjust":12.27,"PTC":305.4,"pdc0":335.0,"gamma_pdc":-0.0043,"gamma_r":-0.43}