{"Date":"11.04.2014","Version":"NRELv1","Technology":"Mono-c-Si","BIPV":"N","A_c":1.641,"N_s":60.0,"T_NOCT":46.0,"I_sc_ref":8.8,"V_oc_ref":37.8,"I_mp_ref":8.15,"V_mp_ref":31.3,"alpha_sc":0.0044,"beta_oc":-0.11717999999999999,"a_ref":1.569,"I_L_ref":8.814,"I_o_ref":2.9399999999999997e-10,"R_s":0.218,"R_sh_ref":136.47,"Adjust":16.31,"PTC":231.0,"pdc0":255.0,"gamma_pdc":-0.0043,"gamma_r":-0.43}