{"Date":"11.04.2014","Version":"NRELv1","Technology":"Mono-c-Si","BIPV":"N","A_c":1.641,"N_s":60.0,"T_NOCT":44.2,"I_sc_ref":8.9,"V_oc_ref":38.4,"I_mp_ref":8.3,"V_mp_ref":31.4,"alpha_sc":0.00445,"beta_oc":-0.12287999999999999,"a_ref":1.595,"I_L_ref":8.912,"I_o_ref":3.06e-10,"R_s":0.272,"R_sh_ref":203.45,"Adjust":12.86,"PTC":237.2,"pdc0":260.0,"gamma_pdc":-0.0044,"gamma_r":-0.44}