{"Date":"12.01.2013","Version":"NRELv1","Technology":"Mono-c-Si","BIPV":"N","A_c":1.956,"N_s":72.0,"T_NOCT":45.7,"I_sc_ref":9.16,"V_oc_ref":45.3,"I_mp_ref":8.57,"V_mp_ref":36.2,"alpha_sc":0.00458,"beta_oc":-0.14949,"a_ref":1.8751,"I_L_ref":9.171,"I_o_ref":2.9100000000000003e-10,"R_s":0.423,"R_sh_ref":352.46,"Adjust":8.715,"PTC":280.0,"pdc0":310.0,"gamma_pdc":-0.0045000000000000005,"gamma_r":-0.45}