{"Date":"9/18/2014","Version":"NRELv1","Technology":"Mono-c-Si","BIPV":"N","A_c":1.61,"N_s":60.0,"T_NOCT":45.2,"I_sc_ref":8.87,"V_oc_ref":38.4,"I_mp_ref":8.4,"V_mp_ref":31.0,"alpha_sc":0.0035479999999999995,"beta_oc":-0.1152,"a_ref":1.5192,"I_L_ref":8.872,"I_o_ref":9.32e-11,"R_s":0.34299999999999997,"R_sh_ref":1818.48,"Adjust":9.537,"PTC":237.2,"pdc0":260.0,"gamma_pdc":-0.0042,"gamma_r":-0.42}