{"Date":"11.01.2013","Version":"NRELv1","Technology":"Mono-c-Si","BIPV":"N","A_c":1.643,"N_s":60.0,"T_NOCT":48.1,"I_sc_ref":9.1,"V_oc_ref":38.6,"I_mp_ref":8.52,"V_mp_ref":31.7,"alpha_sc":0.00455,"beta_oc":-0.12738,"a_ref":1.6226,"I_L_ref":9.107999999999999,"I_o_ref":4.1799999999999995e-10,"R_s":0.245,"R_sh_ref":264.4,"Adjust":11.99,"PTC":241.2,"pdc0":270.0,"gamma_pdc":-0.0045000000000000005,"gamma_r":-0.45}