{"Date":"11.04.2014","Version":"NRELv1","Technology":"Mono-c-Si","BIPV":"N","A_c":1.956,"N_s":72.0,"T_NOCT":45.2,"I_sc_ref":9.27,"V_oc_ref":46.0,"I_mp_ref":8.72,"V_mp_ref":37.3,"alpha_sc":0.004635,"beta_oc":-0.1426,"a_ref":1.8701,"I_L_ref":9.277000000000001,"I_o_ref":1.9099999999999999e-10,"R_s":0.36200000000000004,"R_sh_ref":486.65,"Adjust":11.77,"PTC":296.1,"pdc0":325.0,"gamma_pdc":-0.0043,"gamma_r":-0.43}