{"Date":"11.04.2014","Version":"NRELv1","Technology":"Mono-c-Si","BIPV":"N","A_c":1.641,"N_s":60.0,"T_NOCT":44.4,"I_sc_ref":8.87,"V_oc_ref":38.4,"I_mp_ref":8.4,"V_mp_ref":31.0,"alpha_sc":0.0035479999999999995,"beta_oc":-0.11904,"a_ref":1.5530000000000002,"I_L_ref":8.871,"I_o_ref":1.6199999999999998e-10,"R_s":0.335,"R_sh_ref":4088.4,"Adjust":10.79,"PTC":237.0,"pdc0":260.0,"gamma_pdc":-0.0044,"gamma_r":-0.44}