{"Date":"9/18/2014","Version":"NRELv1","Technology":"Mono-c-Si","BIPV":"N","A_c":1.956,"N_s":144.0,"T_NOCT":45.8,"I_sc_ref":9.31,"V_oc_ref":46.6,"I_mp_ref":9.03,"V_mp_ref":38.2,"alpha_sc":0.004654999999999999,"beta_oc":-0.14445999999999998,"a_ref":1.8835,"I_L_ref":9.599,"I_o_ref":1.71e-10,"R_s":0.306,"R_sh_ref":439.85,"Adjust":10.5,"PTC":314.7,"pdc0":345.0,"gamma_pdc":-0.0042,"gamma_r":-0.42}