{"Date":"9/18/2014","Version":"NRELv1","Technology":"Mono-c-Si","BIPV":"N","A_c":1.956,"N_s":144.0,"T_NOCT":45.8,"I_sc_ref":9.32,"V_oc_ref":46.7,"I_mp_ref":9.11,"V_mp_ref":38.4,"alpha_sc":0.00466,"beta_oc":-0.14477,"a_ref":1.8827,"I_L_ref":9.603,"I_o_ref":1.6199999999999998e-10,"R_s":0.292,"R_sh_ref":2903.12,"Adjust":9.982999999999999,"PTC":319.4,"pdc0":350.0,"gamma_pdc":-0.0042,"gamma_r":-0.42}