{"Date":"9/18/2014","Version":"NRELv1","Technology":"Mono-c-Si","BIPV":"N","A_c":1.61,"N_s":60.0,"T_NOCT":44.8,"I_sc_ref":9.0,"V_oc_ref":38.5,"I_mp_ref":8.44,"V_mp_ref":31.4,"alpha_sc":0.0036,"beta_oc":-0.11165,"a_ref":1.5212,"I_L_ref":9.01,"I_o_ref":9.04e-11,"R_s":0.3,"R_sh_ref":257.66,"Adjust":12.98,"PTC":242.9,"pdc0":265.0,"gamma_pdc":-0.0040999999999999995,"gamma_r":-0.41}