{"Date":"9/18/2014","Version":"NRELv1","Technology":"Mono-c-Si","BIPV":"N","A_c":1.956,"N_s":72.0,"T_NOCT":44.3,"I_sc_ref":9.4,"V_oc_ref":46.5,"I_mp_ref":8.95,"V_mp_ref":38.0,"alpha_sc":0.0037600000000000003,"beta_oc":-0.1395,"a_ref":1.8752,"I_L_ref":9.5,"I_o_ref":1.6000000000000002e-10,"R_s":0.324,"R_sh_ref":545.66,"Adjust":13.81,"PTC":311.5,"pdc0":340.0,"gamma_pdc":-0.0043,"gamma_r":-0.43}