{"Date":"11.04.2014","Version":"NRELv1","Technology":"Mono-c-Si","BIPV":"N","A_c":1.641,"N_s":60.0,"T_NOCT":44.4,"I_sc_ref":9.45,"V_oc_ref":39.2,"I_mp_ref":8.84,"V_mp_ref":31.7,"alpha_sc":0.0037799999999999995,"beta_oc":-0.12152,"a_ref":1.5977,"I_L_ref":9.462,"I_o_ref":2.06e-10,"R_s":0.313,"R_sh_ref":245.57,"Adjust":12.42,"PTC":255.7,"pdc0":280.0,"gamma_pdc":-0.0044,"gamma_r":-0.44}