{"Date":"9/18/2014","Version":"NRELv1","Technology":"Mono-c-Si","BIPV":"N","A_c":1.956,"N_s":72.0,"T_NOCT":44.3,"I_sc_ref":9.72,"V_oc_ref":46.9,"I_mp_ref":9.38,"V_mp_ref":38.4,"alpha_sc":0.0038880000000000004,"beta_oc":-0.1407,"a_ref":1.889,"I_L_ref":9.918,"I_o_ref":1.6299999999999998e-10,"R_s":0.304,"R_sh_ref":984.44,"Adjust":13.56,"PTC":330.3,"pdc0":360.0,"gamma_pdc":-0.0043,"gamma_r":-0.43}