{"Date":"11.04.2014","Version":"NRELv1","Technology":"Mono-c-Si","BIPV":"N","A_c":1.641,"N_s":60.0,"T_NOCT":44.8,"I_sc_ref":9.1,"V_oc_ref":38.5,"I_mp_ref":8.58,"V_mp_ref":31.5,"alpha_sc":0.00364,"beta_oc":-0.11165,"a_ref":1.5194,"I_L_ref":9.106,"I_o_ref":8.920000000000001e-11,"R_s":0.28300000000000003,"R_sh_ref":416.78,"Adjust":12.73,"PTC":247.5,"pdc0":270.0,"gamma_pdc":-0.0040999999999999995,"gamma_r":-0.41}