{"Date":"04.02.2014","Version":"NRELv1","Technology":"Mono-c-Si","BIPV":"N","A_c":1.956,"N_s":72.0,"T_NOCT":45.4,"I_sc_ref":9.24,"V_oc_ref":46.3,"I_mp_ref":8.85,"V_mp_ref":37.3,"alpha_sc":0.003696,"beta_oc":-0.14353,"a_ref":1.8778,"I_L_ref":9.435,"I_o_ref":1.8300000000000001e-10,"R_s":0.39,"R_sh_ref":415.52,"Adjust":11.37,"PTC":299.8,"pdc0":330.0,"gamma_pdc":-0.0044,"gamma_r":-0.44}