{"Date":"04.02.2014","Version":"NRELv1","Technology":"Mono-c-Si","BIPV":"N","A_c":1.956,"N_s":72.0,"T_NOCT":45.4,"I_sc_ref":9.32,"V_oc_ref":46.4,"I_mp_ref":8.96,"V_mp_ref":37.5,"alpha_sc":0.003728,"beta_oc":-0.14384,"a_ref":1.8814,"I_L_ref":9.513,"I_o_ref":1.8399999999999998e-10,"R_s":0.37200000000000005,"R_sh_ref":656.83,"Adjust":11.33,"PTC":304.5,"pdc0":335.0,"gamma_pdc":-0.0044,"gamma_r":-0.44}