{"Date":"04.02.2014","Version":"NRELv1","Technology":"Mono-c-Si","BIPV":"N","A_c":1.643,"N_s":60.0,"T_NOCT":44.3,"I_sc_ref":9.36,"V_oc_ref":38.9,"I_mp_ref":8.85,"V_mp_ref":32.2,"alpha_sc":0.003744,"beta_oc":-0.12059,"a_ref":1.5967,"I_L_ref":9.363,"I_o_ref":2.4500000000000003e-10,"R_s":0.21600000000000003,"R_sh_ref":702.14,"Adjust":14.05,"PTC":260.5,"pdc0":285.0,"gamma_pdc":-0.0044,"gamma_r":-0.44}