{"Date":"9/18/2014","Version":"NRELv1","Technology":"Mono-c-Si","BIPV":"N","A_c":1.61,"N_s":60.0,"T_NOCT":44.4,"I_sc_ref":9.55,"V_oc_ref":39.3,"I_mp_ref":9.14,"V_mp_ref":31.9,"alpha_sc":0.0038200000000000005,"beta_oc":-0.12183,"a_ref":1.5931,"I_L_ref":9.646,"I_o_ref":1.8700000000000003e-10,"R_s":0.293,"R_sh_ref":4205.48,"Adjust":11.31,"PTC":265.2,"pdc0":290.0,"gamma_pdc":-0.0044,"gamma_r":-0.44}