{"Date":"04.02.2014","Version":"NRELv1","Technology":"Mono-c-Si","BIPV":"N","A_c":1.643,"N_s":60.0,"T_NOCT":44.3,"I_sc_ref":9.3,"V_oc_ref":38.6,"I_mp_ref":8.86,"V_mp_ref":31.6,"alpha_sc":0.00372,"beta_oc":-0.11965999999999999,"a_ref":1.5762,"I_L_ref":9.398,"I_o_ref":2.16e-10,"R_s":0.26,"R_sh_ref":530.6,"Adjust":12.89,"PTC":255.8,"pdc0":280.0,"gamma_pdc":-0.0044,"gamma_r":-0.44}