{"Date":"11.04.2014","Version":"NRELv1","Technology":"Mono-c-Si","BIPV":"N","A_c":1.956,"N_s":72.0,"T_NOCT":44.3,"I_sc_ref":9.29,"V_oc_ref":46.4,"I_mp_ref":8.85,"V_mp_ref":37.9,"alpha_sc":0.0037159999999999997,"beta_oc":-0.1392,"a_ref":1.8701,"I_L_ref":9.388,"I_o_ref":1.56e-10,"R_s":0.32899999999999996,"R_sh_ref":599.32,"Adjust":13.69,"PTC":306.8,"pdc0":335.0,"gamma_pdc":-0.0043,"gamma_r":-0.43}