{"Date":"11.04.2014","Version":"NRELv1","Technology":"Mono-c-Si","BIPV":"N","A_c":1.641,"N_s":60.0,"T_NOCT":44.4,"I_sc_ref":9.6,"V_oc_ref":39.3,"I_mp_ref":9.22,"V_mp_ref":32.0,"alpha_sc":0.0038399999999999997,"beta_oc":-0.12183,"a_ref":1.601,"I_L_ref":9.799,"I_o_ref":2.12e-10,"R_s":0.276,"R_sh_ref":420.95,"Adjust":12.37,"PTC":269.8,"pdc0":295.0,"gamma_pdc":-0.0044,"gamma_r":-0.44}