{"Date":"04.02.2014","Version":"NRELv1","Technology":"Mono-c-Si","BIPV":"N","A_c":1.956,"N_s":72.0,"T_NOCT":45.4,"I_sc_ref":9.48,"V_oc_ref":46.6,"I_mp_ref":9.14,"V_mp_ref":37.8,"alpha_sc":0.0037920000000000002,"beta_oc":-0.14445999999999998,"a_ref":1.8904,"I_L_ref":9.674,"I_o_ref":1.9e-10,"R_s":0.35,"R_sh_ref":1144.89,"Adjust":11.45,"PTC":313.8,"pdc0":345.0,"gamma_pdc":-0.0044,"gamma_r":-0.44}