{"Date":"04.02.2014","Version":"NRELv1","Technology":"Mono-c-Si","BIPV":"N","A_c":1.643,"N_s":60.0,"T_NOCT":44.7,"I_sc_ref":9.2,"V_oc_ref":38.6,"I_mp_ref":8.72,"V_mp_ref":31.6,"alpha_sc":0.0036799999999999997,"beta_oc":-0.11965999999999999,"a_ref":1.5886,"I_L_ref":9.201,"I_o_ref":2.58e-10,"R_s":0.262,"R_sh_ref":3995.85,"Adjust":14.67,"PTC":250.1,"pdc0":275.0,"gamma_pdc":-0.0045000000000000005,"gamma_r":-0.45}