{"Vac":208.0,"Paco":4610.0,"Pdco":4784.19,"Vdco":390.0,"Pso":25.1758,"C0":-5.905369999999999e-06,"C1":-4.6943599999999996e-05,"C2":-0.000502611,"C3":-0.000597061,"Pnt":0.7,"Vdcmax":470.0,"Mppt_low":100.0,"Mppt_high":470.0}