{"Vac":208.0,"Paco":14000.0,"Pdco":14670.8555,"Vdco":385.5313981,"Pso":45.61340419,"C0":-1.39e-06,"C1":-3.1e-05,"C2":0.00359,"C3":-6.0299999999999995e-05,"Pnt":4.0,"Vdcmax":600.0,"Mppt_low":260.0,"Mppt_high":550.0}