{"Vac":240.0,"Paco":3000.0,"Pdco":3096.94,"Vdco":390.0,"Pso":19.0588,"C0":-6.145299999999999e-06,"C1":-4.33074e-05,"C2":-0.0007967030000000001,"C3":-0.0007701180000000001,"Pnt":1.0,"Vdcmax":470.0,"Mppt_low":100.0,"Mppt_high":470.0}