{"Vac":208.0,"Paco":2860.0,"Pdco":2969.61,"Vdco":390.0,"Pso":20.4854,"C0":-8.045110000000001e-06,"C1":-4.40275e-05,"C2":-0.000662713,"C3":-0.000687852,"Pnt":1.0,"Vdcmax":470.0,"Mppt_low":100.0,"Mppt_high":470.0}