{"Vac":240.0,"Paco":6000.0,"Pdco":6182.44,"Vdco":380.0,"Pso":36.0885,"C0":-2.9203899999999997e-06,"C1":-3.9641e-05,"C2":-0.000593032,"C3":-0.0013788000000000001,"Pnt":1.0,"Vdcmax":470.0,"Mppt_low":100.0,"Mppt_high":470.0}