{"Vac":208.0,"Paco":3810.0,"Pdco":3947.9,"Vdco":390.0,"Pso":26.4104,"C0":-6.0454e-06,"C1":-4.437770000000001e-05,"C2":-0.000678322,"C3":-0.00101474,"Pnt":1.0,"Vdcmax":470.0,"Mppt_low":100.0,"Mppt_high":470.0}