{"Vac":480.0,"Paco":28000.0,"Pdco":28567.27168,"Vdco":721.9698413,"Pso":54.97958878,"C0":-3.4899999999999996e-07,"C1":-3.72e-05,"C2":-0.000101,"C3":-1.56e-05,"Pnt":0.9,"Vdcmax":1000.0,"Mppt_low":500.0,"Mppt_high":800.0}