{"Date":"9/26/2011","Version":"MM107","Technology":"Multi-c-Si","BIPV":"N","A_c":1.594,"N_s":60.0,"T_NOCT":49.1,"I_sc_ref":7.62,"V_oc_ref":36.36,"I_mp_ref":7.08,"V_mp_ref":30.36,"alpha_sc":0.007239,"beta_oc":-0.12944,"a_ref":1.6401,"I_L_ref":7.626,"I_o_ref":1.75e-09,"R_s":0.16399999999999998,"R_sh_ref":201.17,"Adjust":17.6,"PTC":189.2,"pdc0":215.0,"gamma_pdc":-0.00462,"gamma_r":-0.462}