{"Vac":240.0,"Paco":180.0,"Pdco":197.247,"Vdco":28.0,"Pso":3.48544,"C0":-7.065270000000001e-05,"C1":5.99099e-05,"C2":-0.0045506999999999995,"C3":-0.102599,"Pnt":0.4,"Vdcmax":36.0,"Mppt_low":23.0,"Mppt_high":36.0}