{"Date":"5/22/2012","Version":"NRELv1","Technology":"Multi-c-Si","BIPV":"N","A_c":1.645,"N_s":60.0,"T_NOCT":47.9,"I_sc_ref":8.45,"V_oc_ref":36.6,"I_mp_ref":7.59,"V_mp_ref":29.0,"alpha_sc":0.003718,"beta_oc":-0.12480999999999999,"a_ref":1.56,"I_L_ref":8.501,"I_o_ref":5.15e-10,"R_s":0.40299999999999997,"R_sh_ref":67.14,"Adjust":11.06,"PTC":194.8,"pdc0":220.0,"gamma_pdc":-0.00464,"gamma_r":-0.46399999999999997}