{"Date":"5/22/2012","Version":"NRELv1","Technology":"Multi-c-Si","BIPV":"N","A_c":1.645,"N_s":60.0,"T_NOCT":47.9,"I_sc_ref":8.6,"V_oc_ref":36.65,"I_mp_ref":7.68,"V_mp_ref":29.3,"alpha_sc":0.0037840000000000005,"beta_oc":-0.12498,"a_ref":1.5768,"I_L_ref":8.652000000000001,"I_o_ref":6.46e-10,"R_s":0.35600000000000004,"R_sh_ref":59.02,"Adjust":12.98,"PTC":199.3,"pdc0":225.0,"gamma_pdc":-0.00464,"gamma_r":-0.46399999999999997}