{"Date":"5/22/2012","Version":"NRELv1","Technology":"Multi-c-Si","BIPV":"N","A_c":1.645,"N_s":60.0,"T_NOCT":47.9,"I_sc_ref":8.72,"V_oc_ref":36.7,"I_mp_ref":7.74,"V_mp_ref":29.7,"alpha_sc":0.0038369999999999997,"beta_oc":-0.12515,"a_ref":1.5976,"I_L_ref":8.769,"I_o_ref":8.52e-10,"R_s":0.295,"R_sh_ref":52.58,"Adjust":15.43,"PTC":203.9,"pdc0":230.0,"gamma_pdc":-0.00464,"gamma_r":-0.46399999999999997}