{"Date":"5/22/2012","Version":"NRELv1","Technology":"Multi-c-Si","BIPV":"N","A_c":1.645,"N_s":60.0,"T_NOCT":47.9,"I_sc_ref":8.86,"V_oc_ref":36.74,"I_mp_ref":7.81,"V_mp_ref":30.1,"alpha_sc":0.0038979999999999996,"beta_oc":-0.12528,"a_ref":1.6197,"I_L_ref":8.904,"I_o_ref":1.14e-09,"R_s":0.23199999999999998,"R_sh_ref":46.84,"Adjust":18.1,"PTC":208.5,"pdc0":235.0,"gamma_pdc":-0.00464,"gamma_r":-0.46399999999999997}