{"Date":"5/22/2012","Version":"NRELv1","Technology":"Multi-c-Si","BIPV":"N","A_c":1.611,"N_s":60.0,"T_NOCT":47.9,"I_sc_ref":8.57,"V_oc_ref":37.8,"I_mp_ref":7.89,"V_mp_ref":30.4,"alpha_sc":0.003771,"beta_oc":-0.1289,"a_ref":1.6013,"I_L_ref":8.593,"I_o_ref":4.6399999999999995e-10,"R_s":0.344,"R_sh_ref":127.69,"Adjust":9.939,"PTC":213.2,"pdc0":240.0,"gamma_pdc":-0.00464,"gamma_r":-0.46399999999999997}