{"Technology":"Mono-c-Si","BIPV":"N","A_c":1.9040000000000001,"N_s":NaN,"T_NOCT":48.0,"PTC":273.9,"pdc0":305.0,"gamma_pdc":-0.0042899999999999995}