{"Date":"1/14/2013","Version":"NRELv1","Technology":"CIGS","BIPV":"N","A_c":1.095,"N_s":100.0,"T_NOCT":47.3,"I_sc_ref":3.45,"V_oc_ref":60.9,"I_mp_ref":3.1,"V_mp_ref":46.7,"alpha_sc":0.002415,"beta_oc":-0.2168,"a_ref":2.3092,"I_L_ref":3.4819999999999998,"I_o_ref":1.1399999999999999e-11,"R_s":2.398,"R_sh_ref":259.71,"Adjust":-16.21,"PTC":133.1,"pdc0":145.0,"gamma_pdc":-0.0034000000000000002,"gamma_r":-0.34}