{"Date":"9/26/2011","Version":"MM107","Technology":"CIGS","BIPV":"N","A_c":1.0859999999999999,"N_s":100.0,"T_NOCT":45.2,"I_sc_ref":3.32,"V_oc_ref":55.2,"I_mp_ref":2.81,"V_mp_ref":42.7,"alpha_sc":1e-05,"beta_oc":-0.17443,"a_ref":2.0832,"I_L_ref":3.385,"I_o_ref":9e-12,"R_s":2.213,"R_sh_ref":112.97,"Adjust":-6.0,"PTC":109.6,"pdc0":120.0,"gamma_pdc":-0.0038299999999999996,"gamma_r":-0.38299999999999995}