{"Date":"9/26/2011","Version":"MM107","Technology":"CIGS","BIPV":"N","A_c":1.0859999999999999,"N_s":100.0,"T_NOCT":45.2,"I_sc_ref":3.3,"V_oc_ref":54.5,"I_mp_ref":2.8,"V_mp_ref":41.1,"alpha_sc":1e-05,"beta_oc":-0.17222,"a_ref":2.0226,"I_L_ref":3.377,"I_o_ref":5.7499999999999995e-12,"R_s":2.648,"R_sh_ref":113.76,"Adjust":-9.3,"PTC":105.0,"pdc0":115.0,"gamma_pdc":-0.0038299999999999996,"gamma_r":-0.38299999999999995}