{"Date":"10.01.2013","Version":"NRELv1","Technology":"CIGS","BIPV":"N","A_c":1.0859999999999999,"N_s":134.0,"T_NOCT":45.6,"I_sc_ref":2.6,"V_oc_ref":77.0,"I_mp_ref":2.29,"V_mp_ref":54.6,"alpha_sc":0.00039,"beta_oc":-0.24716999999999997,"a_ref":2.5405,"I_L_ref":2.656,"I_o_ref":1.65e-13,"R_s":6.621,"R_sh_ref":307.76,"Adjust":-32.06,"PTC":116.0,"pdc0":125.0,"gamma_pdc":-0.00316,"gamma_r":-0.316}