{"Date":"01.05.2012","Version":"NRELv1","Technology":"CIGS","BIPV":"N","A_c":1.0859999999999999,"N_s":100.0,"T_NOCT":45.2,"I_sc_ref":3.4,"V_oc_ref":52.0,"I_mp_ref":2.98,"V_mp_ref":38.6,"alpha_sc":1e-05,"beta_oc":-0.16432,"a_ref":1.8767,"I_L_ref":3.46,"I_o_ref":2.8800000000000002e-12,"R_s":2.665,"R_sh_ref":149.86,"Adjust":-14.37,"PTC":105.0,"pdc0":115.0,"gamma_pdc":-0.0038299999999999996,"gamma_r":-0.38299999999999995}