{"Date":"01.05.2012","Version":"NRELv1","Technology":"CIGS","BIPV":"N","A_c":1.0859999999999999,"N_s":100.0,"T_NOCT":45.2,"I_sc_ref":3.37,"V_oc_ref":51.0,"I_mp_ref":2.95,"V_mp_ref":37.5,"alpha_sc":1e-05,"beta_oc":-0.16116,"a_ref":1.8322,"I_L_ref":3.4339999999999997,"I_o_ref":2.52e-12,"R_s":2.783,"R_sh_ref":146.52,"Adjust":-15.25,"PTC":100.3,"pdc0":110.0,"gamma_pdc":-0.0038299999999999996,"gamma_r":-0.38299999999999995}