{"Date":"10.04.2010","Version":"MM107","Technology":"Multi-c-Si","BIPV":"N","A_c":1.413,"N_s":54.0,"T_NOCT":47.6,"I_sc_ref":8.0,"V_oc_ref":33.2,"I_mp_ref":7.5,"V_mp_ref":27.38,"alpha_sc":0.011040000000000001,"beta_oc":-0.11753,"a_ref":1.5225,"I_L_ref":8.004,"I_o_ref":2.6800000000000003e-09,"R_s":0.187,"R_sh_ref":426.47,"Adjust":21.5,"PTC":182.4,"pdc0":205.0,"gamma_pdc":-0.00461,"gamma_r":-0.461}