{"Date":"09.01.2010","Version":"MM107","Technology":"Multi-c-Si","BIPV":"N","A_c":1.911,"N_s":72.0,"T_NOCT":46.9,"I_sc_ref":7.94,"V_oc_ref":44.35,"I_mp_ref":7.36,"V_mp_ref":36.72,"alpha_sc":0.011195,"beta_oc":-0.15833,"a_ref":2.042,"I_L_ref":7.9479999999999995,"I_o_ref":2.87e-09,"R_s":0.228,"R_sh_ref":228.57,"Adjust":21.2,"PTC":241.6,"pdc0":270.0,"gamma_pdc":-0.0045000000000000005,"gamma_r":-0.45}