{"Date":"09.01.2010","Version":"MM107","Technology":"Mono-c-Si","BIPV":"N","A_c":0.9790000000000001,"N_s":36.0,"T_NOCT":48.6,"I_sc_ref":8.49,"V_oc_ref":22.45,"I_mp_ref":7.65,"V_mp_ref":18.3,"alpha_sc":0.010528000000000001,"beta_oc":-0.08238999999999999,"a_ref":1.1101,"I_L_ref":8.513,"I_o_ref":1.33e-08,"R_s":0.13,"R_sh_ref":48.89,"Adjust":33.5,"PTC":121.0,"pdc0":140.0,"gamma_pdc":-0.005410000000000001,"gamma_r":-0.541}