{"Date":"10.04.2010","Version":"MM107","Technology":"Multi-c-Si","BIPV":"N","A_c":1.413,"N_s":54.0,"T_NOCT":47.6,"I_sc_ref":8.12,"V_oc_ref":33.35,"I_mp_ref":7.6,"V_mp_ref":27.63,"alpha_sc":0.011206,"beta_oc":-0.11805999999999998,"a_ref":1.535,"I_L_ref":8.124,"I_o_ref":2.9399999999999998e-09,"R_s":0.165,"R_sh_ref":334.84,"Adjust":22.3,"PTC":187.0,"pdc0":210.0,"gamma_pdc":-0.00461,"gamma_r":-0.461}