{"Date":"10.04.2010","Version":"MM107","Technology":"Mono-c-Si","BIPV":"N","A_c":1.911,"N_s":72.0,"T_NOCT":47.0,"I_sc_ref":8.35,"V_oc_ref":44.4,"I_mp_ref":7.83,"V_mp_ref":35.8,"alpha_sc":0.008851000000000001,"beta_oc":-0.15984,"a_ref":2.036,"I_L_ref":8.353,"I_o_ref":2.8100000000000004e-09,"R_s":0.358,"R_sh_ref":909.37,"Adjust":19.8,"PTC":247.2,"pdc0":280.0,"gamma_pdc":-0.00503,"gamma_r":-0.503}