{"Date":"10.04.2010","Version":"MM107","Technology":"Multi-c-Si","BIPV":"N","A_c":1.911,"N_s":72.0,"T_NOCT":48.6,"I_sc_ref":7.93,"V_oc_ref":43.7,"I_mp_ref":7.36,"V_mp_ref":36.0,"alpha_sc":0.001507,"beta_oc":-0.15208,"a_ref":1.8259999999999998,"I_L_ref":7.942,"I_o_ref":3.12e-10,"R_s":0.305,"R_sh_ref":197.81,"Adjust":5.1,"PTC":233.9,"pdc0":265.0,"gamma_pdc":-0.0046500000000000005,"gamma_r":-0.465}