{"Date":"10.04.2010","Version":"MM107","Technology":"Multi-c-Si","BIPV":"N","A_c":1.605,"N_s":60.0,"T_NOCT":46.4,"I_sc_ref":8.15,"V_oc_ref":36.9,"I_mp_ref":7.53,"V_mp_ref":30.55,"alpha_sc":0.010514,"beta_oc":-0.13172999999999999,"a_ref":1.7013,"I_L_ref":8.158999999999999,"I_o_ref":3.02e-09,"R_s":0.184,"R_sh_ref":158.99,"Adjust":21.6,"PTC":205.9,"pdc0":230.0,"gamma_pdc":-0.0046,"gamma_r":-0.46}