{"Date":"10.04.2010","Version":"MM107","Technology":"Mono-c-Si","BIPV":"N","A_c":1.262,"N_s":48.0,"T_NOCT":48.8,"I_sc_ref":8.3,"V_oc_ref":29.3,"I_mp_ref":7.61,"V_mp_ref":23.65,"alpha_sc":0.009628,"beta_oc":-0.10812000000000001,"a_ref":1.4294,"I_L_ref":8.316,"I_o_ref":1.01e-08,"R_s":0.213,"R_sh_ref":112.51,"Adjust":30.0,"PTC":154.9,"pdc0":180.0,"gamma_pdc":-0.005520000000000001,"gamma_r":-0.552}