{"Date":"10.04.2010","Version":"MM107","Technology":"Multi-c-Si","BIPV":"N","A_c":1.413,"N_s":54.0,"T_NOCT":47.6,"I_sc_ref":7.78,"V_oc_ref":32.58,"I_mp_ref":7.12,"V_mp_ref":26.7,"alpha_sc":0.010736,"beta_oc":-0.11533,"a_ref":1.5105,"I_L_ref":7.795,"I_o_ref":3.22e-09,"R_s":0.21100000000000002,"R_sh_ref":107.42,"Adjust":23.7,"PTC":168.7,"pdc0":190.0,"gamma_pdc":-0.00461,"gamma_r":-0.461}