{"Date":"7/13/2012","Version":"NRELv1","Technology":"Multi-c-Si","BIPV":"N","A_c":1.561,"N_s":60.0,"T_NOCT":47.1,"I_sc_ref":8.45,"V_oc_ref":37.0,"I_mp_ref":7.89,"V_mp_ref":29.8,"alpha_sc":0.009633,"beta_oc":-0.13505,"a_ref":1.6597,"I_L_ref":8.458,"I_o_ref":1.7399999999999998e-09,"R_s":0.309,"R_sh_ref":343.52,"Adjust":13.54,"PTC":209.6,"pdc0":235.0,"gamma_pdc":-0.0046500000000000005,"gamma_r":-0.465}