{"Date":"2/14/2011","Version":"MM107","Technology":"Multi-c-Si","BIPV":"N","A_c":1.6369999999999998,"N_s":60.0,"T_NOCT":46.3,"I_sc_ref":8.62,"V_oc_ref":36.5,"I_mp_ref":7.88,"V_mp_ref":29.8,"alpha_sc":0.005051,"beta_oc":-0.11905999999999999,"a_ref":1.579,"I_L_ref":8.642999999999999,"I_o_ref":7.56e-10,"R_s":0.259,"R_sh_ref":96.06,"Adjust":19.2,"PTC":210.5,"pdc0":235.0,"gamma_pdc":-0.00461,"gamma_r":-0.461}