{"Date":"2/14/2011","Version":"MM107","Technology":"Multi-c-Si","BIPV":"N","A_c":1.94,"N_s":72.0,"T_NOCT":46.3,"I_sc_ref":8.45,"V_oc_ref":43.95,"I_mp_ref":7.72,"V_mp_ref":35.6,"alpha_sc":0.004952000000000001,"beta_oc":-0.14336,"a_ref":1.8928,"I_L_ref":8.476,"I_o_ref":6.68e-10,"R_s":0.361,"R_sh_ref":117.5,"Adjust":18.2,"PTC":246.2,"pdc0":275.0,"gamma_pdc":-0.00461,"gamma_r":-0.461}