{"Date":"2/14/2011","Version":"MM107","Technology":"Multi-c-Si","BIPV":"N","A_c":1.94,"N_s":72.0,"T_NOCT":46.3,"I_sc_ref":8.56,"V_oc_ref":44.0,"I_mp_ref":7.83,"V_mp_ref":35.8,"alpha_sc":0.005016,"beta_oc":-0.14353,"a_ref":1.8992,"I_L_ref":8.584,"I_o_ref":7.13e-10,"R_s":0.33299999999999996,"R_sh_ref":119.35,"Adjust":18.7,"PTC":250.8,"pdc0":280.0,"gamma_pdc":-0.00461,"gamma_r":-0.461}