{"Date":"2/14/2011","Version":"MM107","Technology":"Multi-c-Si","BIPV":"N","A_c":1.94,"N_s":72.0,"T_NOCT":46.3,"I_sc_ref":8.7,"V_oc_ref":44.1,"I_mp_ref":8.02,"V_mp_ref":36.2,"alpha_sc":0.005098,"beta_oc":-0.14385,"a_ref":1.9039,"I_L_ref":8.717,"I_o_ref":7.34e-10,"R_s":0.28300000000000003,"R_sh_ref":148.28,"Adjust":18.8,"PTC":260.0,"pdc0":290.0,"gamma_pdc":-0.00461,"gamma_r":-0.461}