{"Date":"2/14/2011","Version":"MM107","Technology":"Multi-c-Si","BIPV":"N","A_c":1.94,"N_s":72.0,"T_NOCT":46.3,"I_sc_ref":8.76,"V_oc_ref":44.2,"I_mp_ref":8.2,"V_mp_ref":36.6,"alpha_sc":0.0051329999999999995,"beta_oc":-0.14418,"a_ref":1.9004,"I_L_ref":8.767000000000001,"I_o_ref":6.84e-10,"R_s":0.239,"R_sh_ref":313.9,"Adjust":18.0,"PTC":269.3,"pdc0":300.0,"gamma_pdc":-0.00461,"gamma_r":-0.461}