{"Vac":208.0,"Paco":3690.0,"Pdco":3792.55,"Vdco":360.0,"Pso":22.0681,"C0":-3.53103e-06,"C1":5.10605e-06,"C2":0.0007907589999999999,"C3":-0.00043640800000000005,"Pnt":0.21,"Vdcmax":470.0,"Mppt_low":100.0,"Mppt_high":470.0}