{"Vac":208.0,"Paco":4470.0,"Pdco":4597.43,"Vdco":360.0,"Pso":26.9075,"C0":-3.08338e-06,"C1":7.09911e-06,"C2":0.00090282,"C3":-0.000545948,"Pnt":0.07,"Vdcmax":470.0,"Mppt_low":100.0,"Mppt_high":470.0}