{"Vac":277.0,"Paco":7010.0,"Pdco":7218.98,"Vdco":360.0,"Pso":30.5017,"C0":-1.98228e-06,"C1":-2.91247e-05,"C2":-0.000707548,"C3":-0.0007434739999999999,"Pnt":0.02,"Vdcmax":450.0,"Mppt_low":100.0,"Mppt_high":450.0}