{"Date":"09.01.2010","Version":"MM107","Technology":"Mono-c-Si","BIPV":"N","A_c":1.452,"N_s":54.0,"T_NOCT":48.4,"I_sc_ref":7.95,"V_oc_ref":33.4,"I_mp_ref":7.49,"V_mp_ref":26.1,"alpha_sc":0.008427,"beta_oc":-0.1159,"a_ref":1.4380000000000002,"I_L_ref":7.961,"I_o_ref":6.51e-10,"R_s":0.43200000000000005,"R_sh_ref":100000.0,"Adjust":10.7,"PTC":172.6,"pdc0":195.0,"gamma_pdc":-0.00456,"gamma_r":-0.456}