{"Date":"09.01.2010","Version":"MM107","Technology":"Mono-c-Si","BIPV":"N","A_c":1.262,"N_s":72.0,"T_NOCT":47.7,"I_sc_ref":5.48,"V_oc_ref":44.8,"I_mp_ref":5.0,"V_mp_ref":36.0,"alpha_sc":0.00274,"beta_oc":-0.17248,"a_ref":1.9733,"I_L_ref":5.497999999999999,"I_o_ref":7.26e-10,"R_s":0.615,"R_sh_ref":187.06,"Adjust":4.4,"PTC":158.9,"pdc0":180.0,"gamma_pdc":-0.00486,"gamma_r":-0.486}