{"Date":"09.01.2010","Version":"MM107","Technology":"Mono-c-Si","BIPV":"N","A_c":1.297,"N_s":48.0,"T_NOCT":47.4,"I_sc_ref":8.25,"V_oc_ref":29.8,"I_mp_ref":7.82,"V_mp_ref":23.6,"alpha_sc":0.006437000000000001,"beta_oc":-0.10794000000000001,"a_ref":1.3377,"I_L_ref":8.314,"I_o_ref":1.7600000000000001e-09,"R_s":0.31,"R_sh_ref":100000.0,"Adjust":14.9,"PTC":162.3,"pdc0":185.0,"gamma_pdc":-0.0051600000000000005,"gamma_r":-0.516}