{"Date":"09.01.2010","Version":"MM107","Technology":"Mono-c-Si","BIPV":"N","A_c":1.452,"N_s":54.0,"T_NOCT":48.4,"I_sc_ref":7.89,"V_oc_ref":33.0,"I_mp_ref":7.31,"V_mp_ref":26.0,"alpha_sc":0.008362999999999999,"beta_oc":-0.11450999999999999,"a_ref":1.4406,"I_L_ref":7.906000000000001,"I_o_ref":8.71e-10,"R_s":0.396,"R_sh_ref":195.92,"Adjust":13.5,"PTC":168.0,"pdc0":190.0,"gamma_pdc":-0.00456,"gamma_r":-0.456}