{"Date":"09.01.2010","Version":"MM107","Technology":"Mono-c-Si","BIPV":"N","A_c":1.297,"N_s":48.0,"T_NOCT":47.4,"I_sc_ref":7.97,"V_oc_ref":29.3,"I_mp_ref":7.54,"V_mp_ref":23.2,"alpha_sc":0.006217,"beta_oc":-0.10607,"a_ref":1.3149,"I_L_ref":8.017000000000001,"I_o_ref":1.6899999999999997e-09,"R_s":0.317,"R_sh_ref":100000.0,"Adjust":14.9,"PTC":153.2,"pdc0":175.0,"gamma_pdc":-0.0051600000000000005,"gamma_r":-0.516}