{"Date":"09.01.2010","Version":"MM107","Technology":"Mono-c-Si","BIPV":"N","A_c":1.608,"N_s":60.0,"T_NOCT":46.9,"I_sc_ref":8.1,"V_oc_ref":37.0,"I_mp_ref":7.65,"V_mp_ref":30.1,"alpha_sc":0.006318,"beta_oc":-0.1332,"a_ref":1.6846,"I_L_ref":8.11,"I_o_ref":2.3399999999999998e-09,"R_s":0.27,"R_sh_ref":100000.0,"Adjust":18.6,"PTC":202.4,"pdc0":230.0,"gamma_pdc":-0.0051600000000000005,"gamma_r":-0.516}