{"Date":"09.07.2010","Version":"MM107","Technology":"Mono-c-Si","BIPV":"N","A_c":1.452,"N_s":54.0,"T_NOCT":47.9,"I_sc_ref":8.1,"V_oc_ref":33.6,"I_mp_ref":7.63,"V_mp_ref":26.2,"alpha_sc":0.007047,"beta_oc":-0.11894,"a_ref":1.5147,"I_L_ref":8.132,"I_o_ref":1.89e-09,"R_s":0.41700000000000004,"R_sh_ref":100000.0,"Adjust":18.4,"PTC":174.2,"pdc0":200.0,"gamma_pdc":-0.00525,"gamma_r":-0.525}