{"Date":"09.01.2010","Version":"MM107","Technology":"Mono-c-Si","BIPV":"N","A_c":1.452,"N_s":54.0,"T_NOCT":48.4,"I_sc_ref":8.33,"V_oc_ref":33.6,"I_mp_ref":7.95,"V_mp_ref":26.4,"alpha_sc":0.00883,"beta_oc":-0.11659000000000001,"a_ref":1.4499,"I_L_ref":8.445,"I_o_ref":7.280000000000001e-10,"R_s":0.38799999999999996,"R_sh_ref":100000.0,"Adjust":11.2,"PTC":186.3,"pdc0":210.0,"gamma_pdc":-0.00456,"gamma_r":-0.456}