{"Date":"09.01.2010","Version":"MM107","Technology":"Mono-c-Si","BIPV":"N","A_c":1.452,"N_s":54.0,"T_NOCT":48.4,"I_sc_ref":8.21,"V_oc_ref":33.6,"I_mp_ref":7.81,"V_mp_ref":26.3,"alpha_sc":0.008703,"beta_oc":-0.11659000000000001,"a_ref":1.4472,"I_L_ref":8.3,"I_o_ref":6.85e-10,"R_s":0.41,"R_sh_ref":100000.0,"Adjust":10.8,"PTC":181.7,"pdc0":205.0,"gamma_pdc":-0.00456,"gamma_r":-0.456}