{"Date":"09.01.2010","Version":"MM107","Technology":"Mono-c-Si","BIPV":"N","A_c":1.608,"N_s":60.0,"T_NOCT":46.9,"I_sc_ref":8.31,"V_oc_ref":37.0,"I_mp_ref":7.92,"V_mp_ref":30.3,"alpha_sc":0.006481999999999999,"beta_oc":-0.1332,"a_ref":1.69,"I_L_ref":8.39,"I_o_ref":2.6e-09,"R_s":0.231,"R_sh_ref":100000.0,"Adjust":19.3,"PTC":211.5,"pdc0":240.0,"gamma_pdc":-0.0051600000000000005,"gamma_r":-0.516}