{"Date":"09.01.2010","Version":"MM107","Technology":"Mono-c-Si","BIPV":"N","A_c":1.608,"N_s":60.0,"T_NOCT":46.9,"I_sc_ref":8.02,"V_oc_ref":36.5,"I_mp_ref":7.35,"V_mp_ref":29.9,"alpha_sc":0.006256,"beta_oc":-0.1314,"a_ref":1.6995,"I_L_ref":8.035,"I_o_ref":3.64e-09,"R_s":0.22899999999999998,"R_sh_ref":123.39,"Adjust":23.2,"PTC":193.3,"pdc0":220.0,"gamma_pdc":-0.0051600000000000005,"gamma_r":-0.516}