{"Vac":0.0,"Paco":6000.0,"Pdco":6186.39,"Vdco":400.0,"Pso":38.1516,"C0":-2.74423e-06,"C1":-4.24025e-05,"C2":-0.000408789,"C3":-0.00169557,"Pnt":6.0,"Vdcmax":480.0,"Mppt_low":200.0,"Mppt_high":480.0}