{"Date":"06.09.2010","Version":"MM107","Technology":"Multi-c-Si","BIPV":"N","A_c":1.635,"N_s":60.0,"T_NOCT":48.1,"I_sc_ref":8.47,"V_oc_ref":37.04,"I_mp_ref":7.9,"V_mp_ref":29.29,"alpha_sc":0.00288,"beta_oc":-0.11149,"a_ref":1.5784,"I_L_ref":8.482000000000001,"I_o_ref":5.38e-10,"R_s":0.40700000000000003,"R_sh_ref":299.49,"Adjust":26.1,"PTC":201.6,"pdc0":230.0,"gamma_pdc":-0.00502,"gamma_r":-0.502}