{"Date":"06.09.2010","Version":"MM107","Technology":"Multi-c-Si","BIPV":"N","A_c":1.635,"N_s":60.0,"T_NOCT":45.8,"I_sc_ref":8.17,"V_oc_ref":36.5,"I_mp_ref":7.62,"V_mp_ref":28.9,"alpha_sc":0.002941,"beta_oc":-0.12593,"a_ref":1.5515,"I_L_ref":8.181000000000001,"I_o_ref":4.89e-10,"R_s":0.41200000000000003,"R_sh_ref":297.62,"Adjust":9.4,"PTC":195.8,"pdc0":220.0,"gamma_pdc":-0.00491,"gamma_r":-0.491}