{"Date":"06.09.2010","Version":"MM107","Technology":"Multi-c-Si","BIPV":"N","A_c":1.479,"N_s":54.0,"T_NOCT":47.6,"I_sc_ref":8.16,"V_oc_ref":32.8,"I_mp_ref":7.72,"V_mp_ref":25.91,"alpha_sc":0.003754,"beta_oc":-0.11085999999999999,"a_ref":1.413,"I_L_ref":8.193999999999999,"I_o_ref":6.79e-10,"R_s":0.371,"R_sh_ref":100000.0,"Adjust":14.5,"PTC":175.4,"pdc0":200.0,"gamma_pdc":-0.00505,"gamma_r":-0.505}