{"Date":"06.09.2010","Version":"MM107","Technology":"Multi-c-Si","BIPV":"N","A_c":1.479,"N_s":54.0,"T_NOCT":46.6,"I_sc_ref":8.13,"V_oc_ref":36.4,"I_mp_ref":7.47,"V_mp_ref":28.8,"alpha_sc":0.0026829999999999996,"beta_oc":-0.12594,"a_ref":1.5778,"I_L_ref":8.155,"I_o_ref":7.54e-10,"R_s":0.41100000000000003,"R_sh_ref":133.46,"Adjust":13.1,"PTC":190.2,"pdc0":215.0,"gamma_pdc":-0.00505,"gamma_r":-0.505}