{"Date":"06.09.2010","Version":"MM107","Technology":"Multi-c-Si","BIPV":"N","A_c":1.479,"N_s":54.0,"T_NOCT":46.6,"I_sc_ref":8.25,"V_oc_ref":33.5,"I_mp_ref":7.71,"V_mp_ref":26.6,"alpha_sc":0.002723,"beta_oc":-0.11590999999999999,"a_ref":1.4403,"I_L_ref":8.259,"I_o_ref":6.46e-10,"R_s":0.358,"R_sh_ref":336.7,"Adjust":11.5,"PTC":181.1,"pdc0":205.0,"gamma_pdc":-0.00505,"gamma_r":-0.505}