{"Date":"06.09.2010","Version":"MM107","Technology":"Multi-c-Si","BIPV":"N","A_c":1.635,"N_s":60.0,"T_NOCT":45.8,"I_sc_ref":8.52,"V_oc_ref":37.5,"I_mp_ref":7.93,"V_mp_ref":29.8,"alpha_sc":0.0030670000000000003,"beta_oc":-0.12938,"a_ref":1.5995,"I_L_ref":8.533999999999999,"I_o_ref":5.510000000000001e-10,"R_s":0.389,"R_sh_ref":242.82,"Adjust":10.1,"PTC":209.5,"pdc0":235.0,"gamma_pdc":-0.00491,"gamma_r":-0.491}