{"Date":"06.09.2010","Version":"MM107","Technology":"Multi-c-Si","BIPV":"N","A_c":1.479,"N_s":54.0,"T_NOCT":46.6,"I_sc_ref":8.3,"V_oc_ref":33.8,"I_mp_ref":7.78,"V_mp_ref":27.0,"alpha_sc":0.002739,"beta_oc":-0.11695,"a_ref":1.4558,"I_L_ref":8.306000000000001,"I_o_ref":6.8e-10,"R_s":0.335,"R_sh_ref":455.2,"Adjust":11.9,"PTC":185.6,"pdc0":210.0,"gamma_pdc":-0.00505,"gamma_r":-0.505}