{"Date":"10/19/2009","Version":"MM106","Technology":"Mono-c-Si","BIPV":"N","A_c":1.2770000000000001,"N_s":72.0,"T_NOCT":47.8,"I_sc_ref":5.28,"V_oc_ref":42.0,"I_mp_ref":4.71,"V_mp_ref":35.0,"alpha_sc":0.003038,"beta_oc":-0.1685,"a_ref":1.9935,"I_L_ref":5.291,"I_o_ref":3.4799999999999996e-09,"R_s":0.24100000000000002,"R_sh_ref":112.28,"Adjust":14.2,"PTC":144.0,"pdc0":165.0,"gamma_pdc":-0.00513,"gamma_r":-0.513}