{"Date":"10/19/2009","Version":"MM106","Technology":"Mono-c-Si","BIPV":"N","A_c":1.2770000000000001,"N_s":72.0,"T_NOCT":47.8,"I_sc_ref":5.52,"V_oc_ref":42.6,"I_mp_ref":4.93,"V_mp_ref":35.5,"alpha_sc":0.003176,"beta_oc":-0.17090999999999998,"a_ref":2.0198,"I_L_ref":5.532,"I_o_ref":3.5600000000000005e-09,"R_s":0.235,"R_sh_ref":111.12,"Adjust":14.0,"PTC":153.0,"pdc0":175.0,"gamma_pdc":-0.00513,"gamma_r":-0.513}