{"Date":"10/19/2009","Version":"MM106","Technology":"Mono-c-Si","BIPV":"N","A_c":1.2770000000000001,"N_s":72.0,"T_NOCT":47.8,"I_sc_ref":5.36,"V_oc_ref":42.6,"I_mp_ref":4.79,"V_mp_ref":35.5,"alpha_sc":0.003084,"beta_oc":-0.17090999999999998,"a_ref":2.0198,"I_L_ref":5.371,"I_o_ref":3.4600000000000005e-09,"R_s":0.242,"R_sh_ref":115.66,"Adjust":14.0,"PTC":148.5,"pdc0":170.0,"gamma_pdc":-0.00513,"gamma_r":-0.513}