{"Date":"10/19/2009","Version":"MM106","Technology":"Multi-c-Si","BIPV":"N","A_c":1.645,"N_s":60.0,"T_NOCT":47.2,"I_sc_ref":7.21,"V_oc_ref":36.2,"I_mp_ref":6.57,"V_mp_ref":28.15,"alpha_sc":0.0036810000000000002,"beta_oc":-0.13676,"a_ref":1.6496,"I_L_ref":7.239,"I_o_ref":2.0499999999999997e-09,"R_s":0.524,"R_sh_ref":129.94,"Adjust":13.2,"PTC":160.1,"pdc0":185.0,"gamma_pdc":-0.00544,"gamma_r":-0.544}