{"Date":"10/19/2009","Version":"MM106","Technology":"Mono-c-Si","BIPV":"N","A_c":1.2770000000000001,"N_s":72.0,"T_NOCT":47.8,"I_sc_ref":5.6,"V_oc_ref":43.2,"I_mp_ref":5.0,"V_mp_ref":36.0,"alpha_sc":0.003222,"beta_oc":-0.17332,"a_ref":2.0493,"I_L_ref":5.612,"I_o_ref":3.65e-09,"R_s":0.23399999999999999,"R_sh_ref":110.57,"Adjust":14.1,"PTC":157.5,"pdc0":180.0,"gamma_pdc":-0.00513,"gamma_r":-0.513}