{"Date":"10/19/2009","Version":"MM106","Technology":"Multi-c-Si","BIPV":"N","A_c":1.645,"N_s":60.0,"T_NOCT":47.2,"I_sc_ref":7.72,"V_oc_ref":36.4,"I_mp_ref":7.06,"V_mp_ref":28.29,"alpha_sc":0.003941,"beta_oc":-0.13752,"a_ref":1.6544,"I_L_ref":7.747000000000001,"I_o_ref":2.0800000000000003e-09,"R_s":0.495,"R_sh_ref":139.21,"Adjust":12.7,"PTC":173.4,"pdc0":200.0,"gamma_pdc":-0.00544,"gamma_r":-0.544}