{"Date":"10/19/2009","Version":"MM106","Technology":"Multi-c-Si","BIPV":"N","A_c":1.645,"N_s":60.0,"T_NOCT":47.2,"I_sc_ref":8.6,"V_oc_ref":36.65,"I_mp_ref":7.68,"V_mp_ref":29.3,"alpha_sc":0.00439,"beta_oc":-0.13846,"a_ref":1.7236,"I_L_ref":8.642999999999999,"I_o_ref":4.7e-09,"R_s":0.317,"R_sh_ref":63.86,"Adjust":19.5,"PTC":195.8,"pdc0":225.0,"gamma_pdc":-0.00544,"gamma_r":-0.544}