{"Date":"02.11.2010","Version":"MM107","Technology":"CIS","BIPV":"N","A_c":0.708,"N_s":90.0,"T_NOCT":48.7,"I_sc_ref":2.2,"V_oc_ref":54.0,"I_mp_ref":1.85,"V_mp_ref":37.6,"alpha_sc":-0.000218,"beta_oc":-0.19677999999999998,"a_ref":2.1673,"I_L_ref":2.276,"I_o_ref":2.95e-11,"R_s":5.7410000000000005,"R_sh_ref":165.97,"Adjust":-7.4,"PTC":60.6,"pdc0":70.0,"gamma_pdc":-0.00498,"gamma_r":-0.498}