{"Date":"1/14/2013","Version":"NRELv1","Technology":"CIS","BIPV":"N","A_c":1.047,"N_s":170.0,"T_NOCT":50.1,"I_sc_ref":2.1,"V_oc_ref":106.0,"I_mp_ref":1.64,"V_mp_ref":79.5,"alpha_sc":0.00147,"beta_oc":-0.37736,"a_ref":4.3689,"I_L_ref":2.186,"I_o_ref":4.8300000000000004e-11,"R_s":8.305,"R_sh_ref":203.03,"Adjust":-1.7930000000000001,"PTC":117.9,"pdc0":130.0,"gamma_pdc":-0.0034000000000000002,"gamma_r":-0.34}