{"Date":"1/14/2013","Version":"NRELv1","Technology":"CIS","BIPV":"N","A_c":1.047,"N_s":170.0,"T_NOCT":51.2,"I_sc_ref":2.2,"V_oc_ref":107.0,"I_mp_ref":1.8,"V_mp_ref":81.0,"alpha_sc":0.0015400000000000001,"beta_oc":-0.38092,"a_ref":4.2776,"I_L_ref":2.2640000000000002,"I_o_ref":2.5300000000000002e-11,"R_s":7.4479999999999995,"R_sh_ref":257.76,"Adjust":-7.167999999999999,"PTC":131.2,"pdc0":145.0,"gamma_pdc":-0.0034000000000000002,"gamma_r":-0.34}