{"Date":"1/14/2013","Version":"NRELv1","Technology":"CIS","BIPV":"N","A_c":1.047,"N_s":170.0,"T_NOCT":51.2,"I_sc_ref":2.2,"V_oc_ref":108.0,"I_mp_ref":1.85,"V_mp_ref":81.5,"alpha_sc":0.0015400000000000001,"beta_oc":-0.38448000000000004,"a_ref":4.2245,"I_L_ref":2.253,"I_o_ref":1.51e-11,"R_s":7.647,"R_sh_ref":318.85,"Adjust":-11.0,"PTC":135.8,"pdc0":150.0,"gamma_pdc":-0.0034000000000000002,"gamma_r":-0.34}