{"Date":"9/23/2009","Version":"MM106","Technology":"Multi-c-Si","BIPV":"Y","A_c":0.37,"N_s":14.0,"T_NOCT":60.2,"I_sc_ref":8.06,"V_oc_ref":8.59,"I_mp_ref":7.52,"V_mp_ref":6.65,"alpha_sc":0.0032,"beta_oc":-0.03234,"a_ref":0.3847,"I_L_ref":8.066,"I_o_ref":1.61e-09,"R_s":0.11599999999999999,"R_sh_ref":157.59,"Adjust":10.4,"PTC":41.2,"pdc0":52.0,"gamma_pdc":-0.00555,"gamma_r":-0.555}