{"Date":"5/22/2012","Version":"NRELv1","Technology":"Mono-c-Si","BIPV":"N","A_c":1.94,"N_s":72.0,"T_NOCT":47.4,"I_sc_ref":8.04,"V_oc_ref":44.1,"I_mp_ref":7.55,"V_mp_ref":36.43,"alpha_sc":0.006834000000000001,"beta_oc":-0.16272999999999999,"a_ref":1.9582,"I_L_ref":8.044,"I_o_ref":1.32e-09,"R_s":0.256,"R_sh_ref":558.89,"Adjust":10.55,"PTC":244.5,"pdc0":275.0,"gamma_pdc":-0.0046500000000000005,"gamma_r":-0.465}