{"Date":"5/22/2012","Version":"NRELv1","Technology":"Mono-c-Si","BIPV":"N","A_c":1.94,"N_s":72.0,"T_NOCT":47.4,"I_sc_ref":8.18,"V_oc_ref":44.28,"I_mp_ref":7.64,"V_mp_ref":37.3,"alpha_sc":0.006953,"beta_oc":-0.16339,"a_ref":1.9961,"I_L_ref":8.184,"I_o_ref":1.87e-09,"R_s":0.139,"R_sh_ref":295.6,"Adjust":13.6,"PTC":253.6,"pdc0":285.0,"gamma_pdc":-0.0046500000000000005,"gamma_r":-0.465}