{"Date":"5/22/2012","Version":"NRELv1","Technology":"Mono-c-Si","BIPV":"N","A_c":1.69,"N_s":96.0,"T_NOCT":50.7,"I_sc_ref":5.5,"V_oc_ref":60.22,"I_mp_ref":5.14,"V_mp_ref":51.52,"alpha_sc":0.0034100000000000003,"beta_oc":-0.21258000000000002,"a_ref":2.6693,"I_L_ref":5.501,"I_o_ref":8.59e-10,"R_s":0.128,"R_sh_ref":540.76,"Adjust":15.43,"PTC":232.3,"pdc0":265.0,"gamma_pdc":-0.00463,"gamma_r":-0.46299999999999997}