{"Date":"5/22/2012","Version":"NRELv1","Technology":"Mono-c-Si","BIPV":"N","A_c":1.69,"N_s":96.0,"T_NOCT":50.7,"I_sc_ref":5.58,"V_oc_ref":60.36,"I_mp_ref":5.21,"V_mp_ref":51.79,"alpha_sc":0.00346,"beta_oc":-0.21306999999999998,"a_ref":2.6817,"I_L_ref":5.581,"I_o_ref":9.16e-10,"R_s":0.091,"R_sh_ref":502.17,"Adjust":15.92,"PTC":236.8,"pdc0":270.0,"gamma_pdc":-0.00463,"gamma_r":-0.46299999999999997}