{"Date":"5/22/2012","Version":"NRELv1","Technology":"Mono-c-Si","BIPV":"N","A_c":1.69,"N_s":96.0,"T_NOCT":50.7,"I_sc_ref":5.43,"V_oc_ref":60.09,"I_mp_ref":5.07,"V_mp_ref":51.25,"alpha_sc":0.003367,"beta_oc":-0.21211999999999998,"a_ref":2.6602,"I_L_ref":5.432,"I_o_ref":8.23e-10,"R_s":0.165,"R_sh_ref":524.84,"Adjust":15.16,"PTC":227.7,"pdc0":260.0,"gamma_pdc":-0.00463,"gamma_r":-0.46299999999999997}