{"Date":"09.01.2010","Version":"MM107","Technology":"1-a-Si","BIPV":"N","A_c":1.54,"N_s":119.0,"T_NOCT":46.1,"I_sc_ref":1.62,"V_oc_ref":100.0,"I_mp_ref":1.3,"V_mp_ref":73.0,"alpha_sc":0.001263,"beta_oc":-0.3161,"a_ref":3.486,"I_L_ref":1.696,"I_o_ref":4.629999999999999e-13,"R_s":12.780999999999999,"R_sh_ref":273.02,"Adjust":-22.8,"PTC":89.5,"pdc0":95.0,"gamma_pdc":-0.00229,"gamma_r":-0.22899999999999998}