{"Date":"09.01.2010","Version":"MM107","Technology":"1-a-Si","BIPV":"N","A_c":1.54,"N_s":119.0,"T_NOCT":46.1,"I_sc_ref":1.66,"V_oc_ref":100.0,"I_mp_ref":1.34,"V_mp_ref":75.0,"alpha_sc":0.001294,"beta_oc":-0.3161,"a_ref":3.5382,"I_L_ref":1.723,"I_o_ref":7.269999999999999e-13,"R_s":10.632,"R_sh_ref":281.29,"Adjust":-20.0,"PTC":94.2,"pdc0":100.0,"gamma_pdc":-0.00229,"gamma_r":-0.22899999999999998}