{"Date":"02.07.2011","Version":"MM107","Technology":"a-Si/nc","BIPV":"N","A_c":1.54,"N_s":119.0,"T_NOCT":46.8,"I_sc_ref":1.31,"V_oc_ref":158.5,"I_mp_ref":1.1,"V_mp_ref":123.5,"alpha_sc":-0.000721,"beta_oc":-0.49135,"a_ref":4.8528,"I_L_ref":1.3419999999999999,"I_o_ref":7.34e-15,"R_s":17.581,"R_sh_ref":724.12,"Adjust":-41.6,"PTC":125.2,"pdc0":136.0,"gamma_pdc":-0.00316,"gamma_r":-0.316}