{"Date":"03.02.2011","Version":"MM107","Technology":"Multi-c-Si","BIPV":"N","A_c":1.9340000000000002,"N_s":72.0,"T_NOCT":43.5,"I_sc_ref":7.76,"V_oc_ref":43.22,"I_mp_ref":7.1,"V_mp_ref":35.2,"alpha_sc":0.0027370000000000003,"beta_oc":-0.13087000000000001,"a_ref":1.7854,"I_L_ref":7.784,"I_o_ref":2.2800000000000001e-10,"R_s":0.379,"R_sh_ref":122.79,"Adjust":17.9,"PTC":227.8,"pdc0":250.0,"gamma_pdc":-0.00441,"gamma_r":-0.441}