{"Date":"11.01.2010","Version":"MM107","Technology":"Mono-c-Si","BIPV":"N","A_c":1.28,"N_s":72.0,"T_NOCT":45.8,"I_sc_ref":5.25,"V_oc_ref":44.2,"I_mp_ref":4.89,"V_mp_ref":35.8,"alpha_sc":0.0022890000000000002,"beta_oc":-0.17060999999999998,"a_ref":2.0122,"I_L_ref":5.255,"I_o_ref":1.49e-09,"R_s":0.536,"R_sh_ref":529.61,"Adjust":10.8,"PTC":154.1,"pdc0":175.0,"gamma_pdc":-0.00536,"gamma_r":-0.536}