{"Date":"8/30/2010","Version":"MM107","Technology":"Multi-c-Si","BIPV":"N","A_c":1.624,"N_s":60.0,"T_NOCT":46.4,"I_sc_ref":8.23,"V_oc_ref":36.72,"I_mp_ref":7.68,"V_mp_ref":30.6,"alpha_sc":0.007983,"beta_oc":-0.13182,"a_ref":1.6974,"I_L_ref":8.235,"I_o_ref":3.2600000000000003e-09,"R_s":0.151,"R_sh_ref":268.92,"Adjust":21.9,"PTC":208.7,"pdc0":235.0,"gamma_pdc":-0.00493,"gamma_r":-0.493}