{"Vac":208.0,"Paco":300.0,"Pdco":311.57599999999996,"Vdco":40.0,"Pso":1.94923,"C0":-3.36184e-05,"C1":-0.000257705,"C2":0.00267895,"C3":-0.027898000000000003,"Pnt":0.05,"Vdcmax":50.0,"Mppt_low":30.0,"Mppt_high":50.0}