{"Date":"9/26/2011","Version":"MM107","Technology":"Multi-c-Si","BIPV":"N","A_c":1.921,"N_s":72.0,"T_NOCT":48.5,"I_sc_ref":8.01,"V_oc_ref":41.4,"I_mp_ref":6.86,"V_mp_ref":35.0,"alpha_sc":0.003204,"beta_oc":-0.13248,"a_ref":1.8615,"I_L_ref":8.029,"I_o_ref":1.55e-09,"R_s":0.10099999999999999,"R_sh_ref":42.46,"Adjust":30.1,"PTC":212.3,"pdc0":240.0,"gamma_pdc":-0.0045000000000000005,"gamma_r":-0.45}