{"Date":"04.02.2013","Version":"NRELv1","Technology":"Mono-c-Si","BIPV":"N","A_c":1.95,"N_s":72.0,"T_NOCT":45.9,"I_sc_ref":9.49,"V_oc_ref":46.18,"I_mp_ref":8.94,"V_mp_ref":36.9,"alpha_sc":0.0027530000000000002,"beta_oc":-0.15841,"a_ref":1.9463,"I_L_ref":9.493,"I_o_ref":4.689999999999999e-10,"R_s":0.40700000000000003,"R_sh_ref":1293.4,"Adjust":8.559,"PTC":295.6,"pdc0":330.0,"gamma_pdc":-0.0049,"gamma_r":-0.49}