{"Date":"04.02.2013","Version":"NRELv1","Technology":"Mono-c-Si","BIPV":"N","A_c":1.95,"N_s":72.0,"T_NOCT":45.9,"I_sc_ref":9.44,"V_oc_ref":45.87,"I_mp_ref":8.89,"V_mp_ref":36.58,"alpha_sc":0.002738,"beta_oc":-0.15733,"a_ref":1.9313,"I_L_ref":9.443,"I_o_ref":4.5600000000000003e-10,"R_s":0.41600000000000004,"R_sh_ref":1237.85,"Adjust":8.366,"PTC":290.9,"pdc0":325.0,"gamma_pdc":-0.0049,"gamma_r":-0.49}