{"Date":"04.02.2013","Version":"NRELv1","Technology":"Multi-c-Si","BIPV":"N","A_c":1.95,"N_s":72.0,"T_NOCT":45.2,"I_sc_ref":9.19,"V_oc_ref":45.5,"I_mp_ref":8.68,"V_mp_ref":37.46,"alpha_sc":0.003399,"beta_oc":-0.15880999999999998,"a_ref":1.9371,"I_L_ref":9.192,"I_o_ref":5.76e-10,"R_s":0.267,"R_sh_ref":1120.96,"Adjust":8.656,"PTC":293.0,"pdc0":325.0,"gamma_pdc":-0.00476,"gamma_r":-0.47600000000000003}