{"Date":"09.10.2013","Version":"NRELv1","Technology":"Multi-c-Si","BIPV":"N","A_c":1.95,"N_s":72.0,"T_NOCT":48.7,"I_sc_ref":8.91,"V_oc_ref":45.23,"I_mp_ref":8.33,"V_mp_ref":37.23,"alpha_sc":0.005613,"beta_oc":-0.1574,"a_ref":1.9514,"I_L_ref":8.918,"I_o_ref":7.530000000000001e-10,"R_s":0.26899999999999996,"R_sh_ref":304.28,"Adjust":11.39,"PTC":275.1,"pdc0":310.0,"gamma_pdc":-0.0045899999999999995,"gamma_r":-0.45899999999999996}