{"Date":"02.11.2010","Version":"MM107","Technology":"a-Si/nc","BIPV":"N","A_c":1.43,"N_s":211.0,"T_NOCT":45.1,"I_sc_ref":1.5,"V_oc_ref":128.9,"I_mp_ref":1.27,"V_mp_ref":94.55,"alpha_sc":0.000615,"beta_oc":-0.39443,"a_ref":4.3745,"I_L_ref":1.545,"I_o_ref":2.1e-13,"R_s":16.851,"R_sh_ref":560.2,"Adjust":-24.3,"PTC":112.2,"pdc0":120.0,"gamma_pdc":-0.0027800000000000004,"gamma_r":-0.278}