{"Date":"3/30/2010","Version":"MM107","Technology":"2-a-Si","BIPV":"N","A_c":0.883,"N_s":39.0,"T_NOCT":45.0,"I_sc_ref":1.44,"V_oc_ref":61.8,"I_mp_ref":1.11,"V_mp_ref":45.05,"alpha_sc":0.00288,"beta_oc":-0.27501,"a_ref":3.2815,"I_L_ref":1.501,"I_o_ref":7.53e-09,"R_s":7.205,"R_sh_ref":170.01,"Adjust":20.7,"PTC":44.3,"pdc0":50.0,"gamma_pdc":-0.0046700000000000005,"gamma_r":-0.467}