{"Date":"5/22/2012","Version":"NRELv1","Technology":"Mono-c-Si","BIPV":"N","A_c":1.663,"N_s":60.0,"T_NOCT":46.0,"I_sc_ref":8.71,"V_oc_ref":37.26,"I_mp_ref":8.18,"V_mp_ref":30.03,"alpha_sc":0.001362,"beta_oc":-0.11745,"a_ref":1.482,"I_L_ref":8.719,"I_o_ref":1.0399999999999999e-10,"R_s":0.34600000000000003,"R_sh_ref":336.22,"Adjust":5.61,"PTC":220.9,"pdc0":245.0,"gamma_pdc":-0.00443,"gamma_r":-0.44299999999999995}