{"Date":"5/22/2012","Version":"NRELv1","Technology":"Mono-c-Si","BIPV":"N","A_c":1.663,"N_s":60.0,"T_NOCT":46.0,"I_sc_ref":8.6,"V_oc_ref":36.6,"I_mp_ref":7.8,"V_mp_ref":29.5,"alpha_sc":0.001344,"beta_oc":-0.11537,"a_ref":1.4853,"I_L_ref":8.639,"I_o_ref":1.6199999999999998e-10,"R_s":0.342,"R_sh_ref":75.33,"Adjust":9.709,"PTC":207.1,"pdc0":230.0,"gamma_pdc":-0.00443,"gamma_r":-0.44299999999999995}