{"Technology":"Mono-c-Si","BIPV":"N","A_c":1.6030000000000002,"N_s":60.0,"T_NOCT":46.5,"PTC":253.2,"pdc0":280.0,"gamma_pdc":-0.00441}