{"Date":"5/22/2012","Version":"NRELv1","Technology":"Mono-c-Si","BIPV":"N","A_c":1.663,"N_s":60.0,"T_NOCT":46.0,"I_sc_ref":8.72,"V_oc_ref":37.4,"I_mp_ref":8.22,"V_mp_ref":30.3,"alpha_sc":0.001363,"beta_oc":-0.11789000000000001,"a_ref":1.4888,"I_L_ref":8.726,"I_o_ref":1.06e-10,"R_s":0.324,"R_sh_ref":501.22,"Adjust":5.808,"PTC":225.6,"pdc0":250.0,"gamma_pdc":-0.00443,"gamma_r":-0.44299999999999995}