{"Technology":"Mono-c-Si","BIPV":"N","A_c":1.6030000000000002,"N_s":60.0,"T_NOCT":48.0,"PTC":270.8,"pdc0":300.0,"gamma_pdc":-0.0042899999999999995}