{"Date":"11.04.2014","Version":"NRELv1","Technology":"Multi-c-Si","BIPV":"N","A_c":1.641,"N_s":60.0,"T_NOCT":49.0,"I_sc_ref":8.71,"V_oc_ref":39.9,"I_mp_ref":8.2,"V_mp_ref":30.95,"alpha_sc":0.002003,"beta_oc":-0.1201,"a_ref":1.5321,"I_L_ref":8.716000000000001,"I_o_ref":4.25e-11,"R_s":0.5479999999999999,"R_sh_ref":829.93,"Adjust":2.86,"PTC":227.9,"pdc0":255.0,"gamma_pdc":-0.00425,"gamma_r":-0.425}