{"Date":"5/22/2012","Version":"NRELv1","Technology":"Mono-c-Si","BIPV":"N","A_c":1.952,"N_s":72.0,"T_NOCT":47.5,"I_sc_ref":8.67,"V_oc_ref":44.77,"I_mp_ref":8.1,"V_mp_ref":36.4,"alpha_sc":0.00229,"beta_oc":-0.13946,"a_ref":1.7958,"I_L_ref":8.683,"I_o_ref":1.27e-10,"R_s":0.371,"R_sh_ref":255.82,"Adjust":8.527999999999999,"PTC":264.8,"pdc0":295.0,"gamma_pdc":-0.00434,"gamma_r":-0.434}