{"Date":"5/22/2012","Version":"NRELv1","Technology":"Multi-c-Si","BIPV":"N","A_c":1.952,"N_s":72.0,"T_NOCT":47.5,"I_sc_ref":8.27,"V_oc_ref":43.36,"I_mp_ref":7.8,"V_mp_ref":35.25,"alpha_sc":0.002364,"beta_oc":-0.13729,"a_ref":1.8236,"I_L_ref":8.273,"I_o_ref":3.88e-10,"R_s":0.353,"R_sh_ref":1029.67,"Adjust":17.18,"PTC":243.2,"pdc0":275.0,"gamma_pdc":-0.0048200000000000005,"gamma_r":-0.48200000000000004}