{"Date":"5/22/2012","Version":"NRELv1","Technology":"Multi-c-Si","BIPV":"N","A_c":1.952,"N_s":72.0,"T_NOCT":47.5,"I_sc_ref":8.24,"V_oc_ref":43.05,"I_mp_ref":7.7,"V_mp_ref":35.0,"alpha_sc":0.002356,"beta_oc":-0.1363,"a_ref":1.8204,"I_L_ref":8.249,"I_o_ref":4.3499999999999995e-10,"R_s":0.35,"R_sh_ref":310.93,"Adjust":18.33,"PTC":238.7,"pdc0":270.0,"gamma_pdc":-0.0048200000000000005,"gamma_r":-0.48200000000000004}