{"Date":"5/22/2012","Version":"NRELv1","Technology":"Mono-c-Si","BIPV":"N","A_c":2.574,"N_s":96.0,"T_NOCT":46.9,"I_sc_ref":9.0,"V_oc_ref":60.55,"I_mp_ref":8.48,"V_mp_ref":49.53,"alpha_sc":0.00792,"beta_oc":-0.2204,"a_ref":2.6825,"I_L_ref":9.002,"I_o_ref":1.4099999999999999e-09,"R_s":0.38,"R_sh_ref":1620.07,"Adjust":11.62,"PTC":375.5,"pdc0":420.0,"gamma_pdc":-0.004699999999999999,"gamma_r":-0.47}