{"Date":"04.02.2013","Version":"NRELv1","Technology":"Multi-c-Si","BIPV":"N","A_c":1.6269999999999998,"N_s":60.0,"T_NOCT":46.5,"I_sc_ref":9.09,"V_oc_ref":37.6,"I_mp_ref":8.56,"V_mp_ref":30.4,"alpha_sc":0.007127,"beta_oc":-0.15811,"a_ref":1.6425,"I_L_ref":9.092,"I_o_ref":1.0400000000000001e-09,"R_s":0.28600000000000003,"R_sh_ref":1058.48,"Adjust":-5.899,"PTC":233.5,"pdc0":260.0,"gamma_pdc":-0.0045899999999999995,"gamma_r":-0.45899999999999996}