{"Date":"11.01.2010","Version":"MM107","Technology":"Multi-c-Si","BIPV":"N","A_c":1.956,"N_s":72.0,"T_NOCT":46.1,"I_sc_ref":7.78,"V_oc_ref":43.53,"I_mp_ref":7.29,"V_mp_ref":34.3,"alpha_sc":0.0016649999999999998,"beta_oc":-0.14361,"a_ref":1.775,"I_L_ref":7.787999999999999,"I_o_ref":1.72e-10,"R_s":0.561,"R_sh_ref":522.47,"Adjust":5.8,"PTC":223.0,"pdc0":250.0,"gamma_pdc":-0.004699999999999999,"gamma_r":-0.47}