{"Date":"11.01.2010","Version":"MM107","Technology":"Multi-c-Si","BIPV":"N","A_c":1.956,"N_s":72.0,"T_NOCT":46.1,"I_sc_ref":8.42,"V_oc_ref":44.39,"I_mp_ref":7.99,"V_mp_ref":35.05,"alpha_sc":0.001802,"beta_oc":-0.14644000000000001,"a_ref":1.8035,"I_L_ref":8.456,"I_o_ref":1.73e-10,"R_s":0.515,"R_sh_ref":100000.0,"Adjust":5.1,"PTC":250.5,"pdc0":280.0,"gamma_pdc":-0.004699999999999999,"gamma_r":-0.47}