{"Date":"10/30/2012","Version":"NRELv1","Technology":"Mono-c-Si","BIPV":"N","A_c":1.956,"N_s":72.0,"T_NOCT":51.4,"I_sc_ref":8.91,"V_oc_ref":45.07,"I_mp_ref":8.46,"V_mp_ref":35.46,"alpha_sc":0.006495,"beta_oc":-0.15459,"a_ref":1.8851,"I_L_ref":9.003,"I_o_ref":3.71e-10,"R_s":0.49700000000000005,"R_sh_ref":1152.09,"Adjust":6.492000000000001,"PTC":262.8,"pdc0":300.0,"gamma_pdc":-0.0045000000000000005,"gamma_r":-0.45}