{"Date":"02.03.2011","Version":"MM107","Technology":"Multi-c-Si","BIPV":"N","A_c":0.983,"N_s":36.0,"T_NOCT":46.1,"I_sc_ref":7.49,"V_oc_ref":21.6,"I_mp_ref":6.93,"V_mp_ref":17.33,"alpha_sc":0.001603,"beta_oc":-0.07126,"a_ref":0.8964,"I_L_ref":7.507999999999999,"I_o_ref":2.5e-10,"R_s":0.23600000000000002,"R_sh_ref":99.32,"Adjust":9.4,"PTC":106.9,"pdc0":120.0,"gamma_pdc":-0.004699999999999999,"gamma_r":-0.47}