{"Date":"11.01.2010","Version":"MM107","Technology":"Mono-c-Si","BIPV":"N","A_c":1.956,"N_s":72.0,"T_NOCT":45.8,"I_sc_ref":8.4,"V_oc_ref":44.36,"I_mp_ref":7.89,"V_mp_ref":34.86,"alpha_sc":0.003553,"beta_oc":-0.15069000000000002,"a_ref":1.8383,"I_L_ref":8.405,"I_o_ref":2.7699999999999997e-10,"R_s":0.534,"R_sh_ref":891.87,"Adjust":5.8,"PTC":246.4,"pdc0":275.0,"gamma_pdc":-0.00468,"gamma_r":-0.46799999999999997}