{"Date":"10/30/2012","Version":"NRELv1","Technology":"Multi-c-Si","BIPV":"N","A_c":1.304,"N_s":48.0,"T_NOCT":50.0,"I_sc_ref":9.14,"V_oc_ref":30.27,"I_mp_ref":8.79,"V_mp_ref":24.46,"alpha_sc":0.0060149999999999995,"beta_oc":-0.10374000000000001,"a_ref":1.2879,"I_L_ref":9.326,"I_o_ref":5.76e-10,"R_s":0.23399999999999999,"R_sh_ref":811.4,"Adjust":10.23,"PTC":189.6,"pdc0":215.0,"gamma_pdc":-0.00461,"gamma_r":-0.461}