{"Date":"02.03.2011","Version":"MM107","Technology":"Mono-c-Si","BIPV":"N","A_c":1.465,"N_s":54.0,"T_NOCT":45.8,"I_sc_ref":8.61,"V_oc_ref":33.86,"I_mp_ref":8.25,"V_mp_ref":26.67,"alpha_sc":0.0036420000000000003,"beta_oc":-0.11502000000000001,"a_ref":1.4002,"I_L_ref":8.742,"I_o_ref":2.75e-10,"R_s":0.38299999999999995,"R_sh_ref":100000.0,"Adjust":5.4,"PTC":197.5,"pdc0":220.0,"gamma_pdc":-0.00468,"gamma_r":-0.46799999999999997}