{"Date":"10/30/2012","Version":"NRELv1","Technology":"Multi-c-Si","BIPV":"N","A_c":1.465,"N_s":54.0,"T_NOCT":50.0,"I_sc_ref":9.26,"V_oc_ref":34.36,"I_mp_ref":8.92,"V_mp_ref":27.47,"alpha_sc":0.006094,"beta_oc":-0.11775,"a_ref":1.4515,"I_L_ref":9.447000000000001,"I_o_ref":4.95e-10,"R_s":0.301,"R_sh_ref":7048.22,"Adjust":8.755,"PTC":216.2,"pdc0":245.0,"gamma_pdc":-0.00461,"gamma_r":-0.461}