{"Date":"10/30/2012","Version":"NRELv1","Technology":"Multi-c-Si","BIPV":"N","A_c":1.465,"N_s":54.0,"T_NOCT":50.0,"I_sc_ref":9.14,"V_oc_ref":34.19,"I_mp_ref":8.77,"V_mp_ref":27.37,"alpha_sc":0.0060149999999999995,"beta_oc":-0.11717000000000001,"a_ref":1.4487,"I_L_ref":9.328,"I_o_ref":5.220000000000001e-10,"R_s":0.299,"R_sh_ref":637.94,"Adjust":9.351,"PTC":211.6,"pdc0":240.0,"gamma_pdc":-0.00461,"gamma_r":-0.461}