{"Date":"10/30/2012","Version":"NRELv1","Technology":"Multi-c-Si","BIPV":"N","A_c":0.986,"N_s":36.0,"T_NOCT":50.0,"I_sc_ref":8.98,"V_oc_ref":22.53,"I_mp_ref":8.58,"V_mp_ref":18.07,"alpha_sc":0.00591,"beta_oc":-0.07721,"a_ref":0.958,"I_L_ref":9.169,"I_o_ref":5.539999999999999e-10,"R_s":0.196,"R_sh_ref":215.06,"Adjust":10.06,"PTC":136.5,"pdc0":155.0,"gamma_pdc":-0.00461,"gamma_r":-0.461}