{"Date":"10/30/2012","Version":"NRELv1","Technology":"Multi-c-Si","BIPV":"N","A_c":1.956,"N_s":72.0,"T_NOCT":50.0,"I_sc_ref":8.72,"V_oc_ref":44.69,"I_mp_ref":8.34,"V_mp_ref":35.37,"alpha_sc":0.005739,"beta_oc":-0.15315,"a_ref":1.8843,"I_L_ref":8.902000000000001,"I_o_ref":4.42e-10,"R_s":0.467,"R_sh_ref":593.68,"Adjust":8.321,"PTC":259.4,"pdc0":295.0,"gamma_pdc":-0.00461,"gamma_r":-0.461}