{"Date":"10/30/2012","Version":"NRELv1","Technology":"Mono-c-Si","BIPV":"N","A_c":1.956,"N_s":72.0,"T_NOCT":51.4,"I_sc_ref":9.18,"V_oc_ref":45.27,"I_mp_ref":8.79,"V_mp_ref":35.84,"alpha_sc":0.006692,"beta_oc":-0.15528,"a_ref":1.9009,"I_L_ref":9.371,"I_o_ref":4.23e-10,"R_s":0.45,"R_sh_ref":666.47,"Adjust":7.294,"PTC":276.4,"pdc0":315.0,"gamma_pdc":-0.0045000000000000005,"gamma_r":-0.45}