{"Date":"10/30/2012","Version":"NRELv1","Technology":"Mono-c-Si","BIPV":"N","A_c":1.7730000000000001,"N_s":66.0,"T_NOCT":51.4,"I_sc_ref":8.93,"V_oc_ref":41.06,"I_mp_ref":8.42,"V_mp_ref":32.66,"alpha_sc":0.006509999999999999,"beta_oc":-0.14084000000000002,"a_ref":1.7266,"I_L_ref":8.932,"I_o_ref":4.19e-10,"R_s":0.405,"R_sh_ref":2380.71,"Adjust":7.607,"PTC":241.0,"pdc0":275.0,"gamma_pdc":-0.0045000000000000005,"gamma_r":-0.45}