{"Date":"10/30/2012","Version":"NRELv1","Technology":"Mono-c-Si","BIPV":"N","A_c":0.986,"N_s":36.0,"T_NOCT":51.4,"I_sc_ref":8.96,"V_oc_ref":22.58,"I_mp_ref":8.64,"V_mp_ref":17.94,"alpha_sc":0.006532,"beta_oc":-0.07745,"a_ref":0.9511,"I_L_ref":9.241,"I_o_ref":4.4699999999999996e-10,"R_s":0.21899999999999997,"R_sh_ref":212.18,"Adjust":7.928,"PTC":135.9,"pdc0":155.0,"gamma_pdc":-0.0045000000000000005,"gamma_r":-0.45}