{"Date":"02.03.2011","Version":"MM107","Technology":"Multi-c-Si","BIPV":"N","A_c":0.983,"N_s":36.0,"T_NOCT":46.1,"I_sc_ref":7.93,"V_oc_ref":21.66,"I_mp_ref":7.45,"V_mp_ref":17.54,"alpha_sc":0.001697,"beta_oc":-0.07146,"a_ref":0.8959999999999999,"I_L_ref":7.936,"I_o_ref":2.4899999999999997e-10,"R_s":0.19899999999999998,"R_sh_ref":256.99,"Adjust":8.8,"PTC":116.0,"pdc0":130.0,"gamma_pdc":-0.004699999999999999,"gamma_r":-0.47}