{"Date":"10/30/2012","Version":"NRELv1","Technology":"Mono-c-Si","BIPV":"N","A_c":1.7730000000000001,"N_s":66.0,"T_NOCT":51.4,"I_sc_ref":8.69,"V_oc_ref":40.88,"I_mp_ref":8.15,"V_mp_ref":32.52,"alpha_sc":0.006335,"beta_oc":-0.14022,"a_ref":1.7244,"I_L_ref":8.697000000000001,"I_o_ref":4.36e-10,"R_s":0.414,"R_sh_ref":529.12,"Adjust":8.209,"PTC":231.9,"pdc0":265.0,"gamma_pdc":-0.0045000000000000005,"gamma_r":-0.45}