{"Date":"11.01.2010","Version":"MM107","Technology":"Mono-c-Si","BIPV":"N","A_c":1.956,"N_s":72.0,"T_NOCT":45.8,"I_sc_ref":8.09,"V_oc_ref":43.98,"I_mp_ref":7.54,"V_mp_ref":34.49,"alpha_sc":0.0034219999999999997,"beta_oc":-0.1494,"a_ref":1.8283,"I_L_ref":8.103,"I_o_ref":2.85e-10,"R_s":0.562,"R_sh_ref":342.88,"Adjust":6.4,"PTC":232.6,"pdc0":260.0,"gamma_pdc":-0.00468,"gamma_r":-0.46799999999999997}