{"Date":"10/30/2012","Version":"NRELv1","Technology":"Multi-c-Si","BIPV":"N","A_c":1.956,"N_s":72.0,"T_NOCT":50.0,"I_sc_ref":9.38,"V_oc_ref":45.35,"I_mp_ref":9.01,"V_mp_ref":36.07,"alpha_sc":0.006173,"beta_oc":-0.15541,"a_ref":1.9131,"I_L_ref":9.571,"I_o_ref":4.83e-10,"R_s":0.41700000000000004,"R_sh_ref":1352.16,"Adjust":8.445,"PTC":286.7,"pdc0":325.0,"gamma_pdc":-0.00461,"gamma_r":-0.461}