{"Date":"11.01.2010","Version":"MM107","Technology":"Multi-c-Si","BIPV":"N","A_c":1.611,"N_s":60.0,"T_NOCT":46.1,"I_sc_ref":8.55,"V_oc_ref":37.18,"I_mp_ref":8.16,"V_mp_ref":29.42,"alpha_sc":0.00183,"beta_oc":-0.12265999999999999,"a_ref":1.5119999999999998,"I_L_ref":8.634,"I_o_ref":1.8100000000000002e-10,"R_s":0.413,"R_sh_ref":100000.0,"Adjust":5.3,"PTC":214.9,"pdc0":240.0,"gamma_pdc":-0.004699999999999999,"gamma_r":-0.47}