{"Technology":"Thin Film","BIPV":"Y","A_c":2.1919999999999997,"N_s":132.0,"T_NOCT":43.2,"PTC":253.6,"pdc0":275.0,"gamma_pdc":-0.0038929999999999998}