{"Date":"11.01.2013","Version":"NRELv1","Technology":"Multi-c-Si","BIPV":"N","A_c":1.624,"N_s":60.0,"T_NOCT":44.8,"I_sc_ref":8.96,"V_oc_ref":38.16,"I_mp_ref":8.41,"V_mp_ref":30.31,"alpha_sc":0.005985,"beta_oc":-0.1381,"a_ref":1.6594,"I_L_ref":8.964,"I_o_ref":9.18e-10,"R_s":0.369,"R_sh_ref":768.41,"Adjust":8.683,"PTC":229.4,"pdc0":255.0,"gamma_pdc":-0.00487,"gamma_r":-0.48700000000000004}