{"Date":"01.05.2010","Version":"MM106","Technology":"Mono-c-Si","BIPV":"N","A_c":1.2770000000000001,"N_s":72.0,"T_NOCT":46.4,"I_sc_ref":5.66,"V_oc_ref":44.0,"I_mp_ref":5.14,"V_mp_ref":36.0,"alpha_sc":0.003009,"beta_oc":-0.16821,"a_ref":2.0294,"I_L_ref":5.675,"I_o_ref":2.07e-09,"R_s":0.409,"R_sh_ref":159.02,"Adjust":14.2,"PTC":163.3,"pdc0":185.0,"gamma_pdc":-0.0051600000000000005,"gamma_r":-0.516}