{"Date":"01.05.2010","Version":"MM106","Technology":"Mono-c-Si","BIPV":"N","A_c":1.2770000000000001,"N_s":72.0,"T_NOCT":46.4,"I_sc_ref":5.51,"V_oc_ref":43.2,"I_mp_ref":5.0,"V_mp_ref":36.0,"alpha_sc":0.0029289999999999997,"beta_oc":-0.16515,"a_ref":2.0172,"I_L_ref":5.519,"I_o_ref":2.62e-09,"R_s":0.254,"R_sh_ref":154.18,"Adjust":16.7,"PTC":158.8,"pdc0":180.0,"gamma_pdc":-0.0051600000000000005,"gamma_r":-0.516}