{"Date":"12.01.2009","Version":"MM106","Technology":"Multi-c-Si","BIPV":"N","A_c":1.6269999999999998,"N_s":60.0,"T_NOCT":46.6,"I_sc_ref":8.15,"V_oc_ref":35.65,"I_mp_ref":7.41,"V_mp_ref":29.7,"alpha_sc":0.006157999999999999,"beta_oc":-0.13255,"a_ref":1.6977,"I_L_ref":8.162,"I_o_ref":5.9e-09,"R_s":0.134,"R_sh_ref":92.47,"Adjust":24.0,"PTC":193.3,"pdc0":220.0,"gamma_pdc":-0.00522,"gamma_r":-0.522}