{"Date":"01.05.2010","Version":"MM106","Technology":"Mono-c-Si","BIPV":"N","A_c":1.2770000000000001,"N_s":72.0,"T_NOCT":47.4,"I_sc_ref":5.49,"V_oc_ref":43.2,"I_mp_ref":5.0,"V_mp_ref":35.0,"alpha_sc":0.002635,"beta_oc":-0.15292999999999998,"a_ref":1.881,"I_L_ref":5.507999999999999,"I_o_ref":5.57e-10,"R_s":0.537,"R_sh_ref":165.14,"Adjust":11.2,"PTC":155.1,"pdc0":175.0,"gamma_pdc":-0.004739999999999999,"gamma_r":-0.474}