{"Date":"6/14/2010","Version":"MM107","Technology":"Multi-c-Si","BIPV":"N","A_c":1.614,"N_s":60.0,"T_NOCT":45.9,"I_sc_ref":8.65,"V_oc_ref":37.9,"I_mp_ref":8.15,"V_mp_ref":31.3,"alpha_sc":0.008995999999999999,"beta_oc":-0.13,"a_ref":1.6885,"I_L_ref":8.652000000000001,"I_o_ref":1.54e-09,"R_s":0.204,"R_sh_ref":827.04,"Adjust":19.4,"PTC":229.4,"pdc0":255.0,"gamma_pdc":-0.00462,"gamma_r":-0.462}