{"Date":"6/14/2010","Version":"MM107","Technology":"Multi-c-Si","BIPV":"N","A_c":1.931,"N_s":72.0,"T_NOCT":46.6,"I_sc_ref":8.41,"V_oc_ref":45.1,"I_mp_ref":7.92,"V_mp_ref":36.6,"alpha_sc":0.009672,"beta_oc":-0.16687000000000002,"a_ref":2.0637,"I_L_ref":8.411,"I_o_ref":2.7100000000000004e-09,"R_s":0.32799999999999996,"R_sh_ref":3666.93,"Adjust":16.0,"PTC":257.9,"pdc0":290.0,"gamma_pdc":-0.00487,"gamma_r":-0.48700000000000004}