{"Date":"6/14/2010","Version":"MM107","Technology":"Multi-c-Si","BIPV":"N","A_c":1.931,"N_s":72.0,"T_NOCT":46.6,"I_sc_ref":8.28,"V_oc_ref":44.9,"I_mp_ref":7.77,"V_mp_ref":36.0,"alpha_sc":0.009522,"beta_oc":-0.16613,"a_ref":2.0439,"I_L_ref":8.283,"I_o_ref":2.38e-09,"R_s":0.39799999999999996,"R_sh_ref":1231.36,"Adjust":14.9,"PTC":248.8,"pdc0":280.0,"gamma_pdc":-0.00487,"gamma_r":-0.48700000000000004}