{"Date":"6/14/2010","Version":"MM107","Technology":"Multi-c-Si","BIPV":"N","A_c":1.4569999999999999,"N_s":54.0,"T_NOCT":47.0,"I_sc_ref":8.28,"V_oc_ref":33.6,"I_mp_ref":7.76,"V_mp_ref":27.1,"alpha_sc":0.0048850000000000005,"beta_oc":-0.12499,"a_ref":1.4913,"I_L_ref":8.285,"I_o_ref":1.35e-09,"R_s":0.284,"R_sh_ref":462.07,"Adjust":9.7,"PTC":185.3,"pdc0":210.0,"gamma_pdc":-0.00503,"gamma_r":-0.503}