{"Date":"3/16/2011","Version":"MM107","Technology":"Mono-c-Si","BIPV":"N","A_c":1.706,"N_s":96.0,"T_NOCT":45.5,"I_sc_ref":5.51,"V_oc_ref":57.5,"I_mp_ref":5.04,"V_mp_ref":46.6,"alpha_sc":0.005565,"beta_oc":-0.2277,"a_ref":2.6985,"I_L_ref":5.522,"I_o_ref":2.9600000000000005e-09,"R_s":0.63,"R_sh_ref":278.07,"Adjust":13.2,"PTC":209.3,"pdc0":235.0,"gamma_pdc":-0.005,"gamma_r":-0.5}