{"Date":"6/14/2010","Version":"MM107","Technology":"Multi-c-Si","BIPV":"N","A_c":1.614,"N_s":60.0,"T_NOCT":45.9,"I_sc_ref":8.75,"V_oc_ref":38.0,"I_mp_ref":8.24,"V_mp_ref":31.6,"alpha_sc":0.0091,"beta_oc":-0.13034,"a_ref":1.6999,"I_L_ref":8.752,"I_o_ref":1.7000000000000001e-09,"R_s":0.171,"R_sh_ref":647.47,"Adjust":20.3,"PTC":234.1,"pdc0":260.0,"gamma_pdc":-0.00462,"gamma_r":-0.462}