{"Date":"01.05.2010","Version":"MM106","Technology":"Mono-c-Si","BIPV":"N","A_c":0.667,"N_s":36.0,"T_NOCT":46.2,"I_sc_ref":5.32,"V_oc_ref":21.5,"I_mp_ref":4.94,"V_mp_ref":17.2,"alpha_sc":0.004256,"beta_oc":-0.0673,"a_ref":0.8932,"I_L_ref":5.331,"I_o_ref":1.8300000000000001e-10,"R_s":0.341,"R_sh_ref":169.29,"Adjust":14.9,"PTC":76.6,"pdc0":85.0,"gamma_pdc":-0.00425,"gamma_r":-0.425}