{"Date":"6/14/2010","Version":"MM107","Technology":"Mono-c-Si","BIPV":"N","A_c":1.954,"N_s":72.0,"T_NOCT":49.2,"I_sc_ref":8.46,"V_oc_ref":43.5,"I_mp_ref":7.69,"V_mp_ref":35.12,"alpha_sc":0.003469,"beta_oc":-0.17705,"a_ref":2.1885,"I_L_ref":8.48,"I_o_ref":1.8999999999999998e-08,"R_s":0.293,"R_sh_ref":126.78,"Adjust":24.7,"PTC":225.8,"pdc0":270.0,"gamma_pdc":-0.00632,"gamma_r":-0.632}