{"Date":"01.05.2010","Version":"MM106","Technology":"Multi-c-Si","BIPV":"N","A_c":1.643,"N_s":60.0,"T_NOCT":45.4,"I_sc_ref":8.52,"V_oc_ref":36.9,"I_mp_ref":7.64,"V_mp_ref":30.76,"alpha_sc":0.003732,"beta_oc":-0.131,"a_ref":1.7251,"I_L_ref":8.538,"I_o_ref":4.0999999999999995e-09,"R_s":0.13699999999999998,"R_sh_ref":66.26,"Adjust":26.0,"PTC":208.4,"pdc0":235.0,"gamma_pdc":-0.00522,"gamma_r":-0.522}