{"Date":"01.05.2010","Version":"MM106","Technology":"Multi-c-Si","BIPV":"N","A_c":1.643,"N_s":60.0,"T_NOCT":45.4,"I_sc_ref":8.44,"V_oc_ref":36.5,"I_mp_ref":7.68,"V_mp_ref":29.3,"alpha_sc":0.0036969999999999998,"beta_oc":-0.12958,"a_ref":1.649,"I_L_ref":8.468,"I_o_ref":1.9699999999999996e-09,"R_s":0.319,"R_sh_ref":95.08,"Adjust":18.7,"PTC":199.3,"pdc0":225.0,"gamma_pdc":-0.00522,"gamma_r":-0.522}