{"Date":"6/14/2010","Version":"MM107","Technology":"Mono-c-Si","BIPV":"N","A_c":1.954,"N_s":72.0,"T_NOCT":49.2,"I_sc_ref":8.43,"V_oc_ref":43.3,"I_mp_ref":7.64,"V_mp_ref":34.69,"alpha_sc":0.0034560000000000003,"beta_oc":-0.17623,"a_ref":2.1713,"I_L_ref":8.454,"I_o_ref":1.77e-08,"R_s":0.335,"R_sh_ref":117.82,"Adjust":24.0,"PTC":221.5,"pdc0":265.0,"gamma_pdc":-0.00632,"gamma_r":-0.632}