{"Date":"07.06.2011","Version":"MM107","Technology":"Mono-c-Si","BIPV":"N","A_c":1.2770000000000001,"N_s":72.0,"T_NOCT":46.3,"I_sc_ref":5.52,"V_oc_ref":42.6,"I_mp_ref":4.93,"V_mp_ref":35.8,"alpha_sc":0.00207,"beta_oc":-0.14765,"a_ref":1.8879,"I_L_ref":5.532,"I_o_ref":8.13e-10,"R_s":0.223,"R_sh_ref":104.98,"Adjust":17.3,"PTC":156.3,"pdc0":175.0,"gamma_pdc":-0.0046700000000000005,"gamma_r":-0.467}