{"Date":"07.06.2011","Version":"MM107","Technology":"Mono-c-Si","BIPV":"N","A_c":1.2770000000000001,"N_s":72.0,"T_NOCT":46.3,"I_sc_ref":5.76,"V_oc_ref":43.2,"I_mp_ref":5.14,"V_mp_ref":36.0,"alpha_sc":0.00216,"beta_oc":-0.14973,"a_ref":1.9056,"I_L_ref":5.776,"I_o_ref":7.630000000000001e-10,"R_s":0.287,"R_sh_ref":100.85,"Adjust":16.3,"PTC":165.5,"pdc0":185.0,"gamma_pdc":-0.0046700000000000005,"gamma_r":-0.467}