{"Date":"07.06.2011","Version":"MM107","Technology":"Multi-c-Si","BIPV":"N","A_c":1.6369999999999998,"N_s":60.0,"T_NOCT":46.7,"I_sc_ref":8.11,"V_oc_ref":34.8,"I_mp_ref":7.24,"V_mp_ref":29.0,"alpha_sc":0.006365999999999999,"beta_oc":-0.11177999999999999,"a_ref":1.5616,"I_L_ref":8.132,"I_o_ref":1.58e-09,"R_s":0.156,"R_sh_ref":58.8,"Adjust":29.1,"PTC":187.4,"pdc0":210.0,"gamma_pdc":-0.00455,"gamma_r":-0.455}