{"Date":"07.06.2011","Version":"MM107","Technology":"Multi-c-Si","BIPV":"N","A_c":1.6369999999999998,"N_s":60.0,"T_NOCT":46.7,"I_sc_ref":8.55,"V_oc_ref":35.4,"I_mp_ref":7.63,"V_mp_ref":29.5,"alpha_sc":0.006711,"beta_oc":-0.1137,"a_ref":1.5886,"I_L_ref":8.573,"I_o_ref":1.6699999999999998e-09,"R_s":0.151,"R_sh_ref":56.4,"Adjust":29.1,"PTC":201.2,"pdc0":225.0,"gamma_pdc":-0.00455,"gamma_r":-0.455}