{"Date":"07.06.2011","Version":"MM107","Technology":"Multi-c-Si","BIPV":"N","A_c":1.6369999999999998,"N_s":60.0,"T_NOCT":46.7,"I_sc_ref":8.36,"V_oc_ref":35.4,"I_mp_ref":7.46,"V_mp_ref":29.5,"alpha_sc":0.006562,"beta_oc":-0.1137,"a_ref":1.5892,"I_L_ref":8.382,"I_o_ref":1.65e-09,"R_s":0.154,"R_sh_ref":57.64,"Adjust":29.2,"PTC":196.6,"pdc0":220.0,"gamma_pdc":-0.00455,"gamma_r":-0.455}