{"Date":"07.06.2011","Version":"MM107","Technology":"Multi-c-Si","BIPV":"N","A_c":1.9409999999999998,"N_s":72.0,"T_NOCT":46.7,"I_sc_ref":8.06,"V_oc_ref":41.4,"I_mp_ref":7.0,"V_mp_ref":35.0,"alpha_sc":0.006326,"beta_oc":-0.13298,"a_ref":1.9104,"I_L_ref":8.074,"I_o_ref":2.8000000000000003e-09,"R_s":0.08800000000000001,"R_sh_ref":49.17,"Adjust":35.5,"PTC":218.6,"pdc0":245.0,"gamma_pdc":-0.00455,"gamma_r":-0.455}