{"Date":"07.06.2011","Version":"MM107","Technology":"Multi-c-Si","BIPV":"N","A_c":1.9409999999999998,"N_s":72.0,"T_NOCT":46.7,"I_sc_ref":8.01,"V_oc_ref":41.4,"I_mp_ref":6.86,"V_mp_ref":35.0,"alpha_sc":0.006287,"beta_oc":-0.13298,"a_ref":1.9297,"I_L_ref":8.025,"I_o_ref":3.4000000000000003e-09,"R_s":0.079,"R_sh_ref":43.06,"Adjust":37.8,"PTC":214.0,"pdc0":240.0,"gamma_pdc":-0.00455,"gamma_r":-0.455}