{"Date":"07.06.2011","Version":"MM107","Technology":"Multi-c-Si","BIPV":"N","A_c":1.9409999999999998,"N_s":72.0,"T_NOCT":46.7,"I_sc_ref":8.11,"V_oc_ref":42.0,"I_mp_ref":7.1,"V_mp_ref":35.5,"alpha_sc":0.006365999999999999,"beta_oc":-0.1349,"a_ref":1.9263,"I_L_ref":8.124,"I_o_ref":2.49e-09,"R_s":0.095,"R_sh_ref":54.23,"Adjust":34.1,"PTC":223.2,"pdc0":250.0,"gamma_pdc":-0.00455,"gamma_r":-0.455}