{"Date":"07.06.2011","Version":"MM107","Technology":"Multi-c-Si","BIPV":"N","A_c":1.9409999999999998,"N_s":72.0,"T_NOCT":46.7,"I_sc_ref":8.16,"V_oc_ref":42.0,"I_mp_ref":7.18,"V_mp_ref":35.5,"alpha_sc":0.006405,"beta_oc":-0.1349,"a_ref":1.9195,"I_L_ref":8.174,"I_o_ref":2.3399999999999998e-09,"R_s":0.098,"R_sh_ref":57.34,"Adjust":33.3,"PTC":227.7,"pdc0":255.0,"gamma_pdc":-0.00455,"gamma_r":-0.455}