{"Date":"07.06.2011","Version":"MM107","Technology":"Multi-c-Si","BIPV":"N","A_c":1.9409999999999998,"N_s":72.0,"T_NOCT":46.7,"I_sc_ref":8.26,"V_oc_ref":42.6,"I_mp_ref":7.36,"V_mp_ref":36.0,"alpha_sc":0.006483,"beta_oc":-0.13683,"a_ref":1.9305,"I_L_ref":8.273,"I_o_ref":2e-09,"R_s":0.106,"R_sh_ref":68.42,"Adjust":31.4,"PTC":236.9,"pdc0":265.0,"gamma_pdc":-0.00455,"gamma_r":-0.455}