{"Date":"07.06.2011","Version":"MM107","Technology":"Multi-c-Si","BIPV":"N","A_c":1.9409999999999998,"N_s":72.0,"T_NOCT":46.7,"I_sc_ref":8.36,"V_oc_ref":43.2,"I_mp_ref":7.64,"V_mp_ref":36.0,"alpha_sc":0.006562,"beta_oc":-0.13876,"a_ref":1.9097,"I_L_ref":8.374,"I_o_ref":1.2e-09,"R_s":0.198,"R_sh_ref":114.31,"Adjust":25.8,"PTC":246.1,"pdc0":275.0,"gamma_pdc":-0.00455,"gamma_r":-0.455}