{"Date":"07.06.2011","Version":"MM107","Technology":"Multi-c-Si","BIPV":"N","A_c":1.9409999999999998,"N_s":72.0,"T_NOCT":46.7,"I_sc_ref":8.41,"V_oc_ref":43.2,"I_mp_ref":7.78,"V_mp_ref":36.0,"alpha_sc":0.006601,"beta_oc":-0.13876,"a_ref":1.8949,"I_L_ref":8.42,"I_o_ref":1.0300000000000002e-09,"R_s":0.201,"R_sh_ref":168.29,"Adjust":24.1,"PTC":250.7,"pdc0":280.0,"gamma_pdc":-0.00455,"gamma_r":-0.455}