{"Technology":"Mono-c-Si","BIPV":"N","A_c":2.5810000000000004,"N_s":192.0,"T_NOCT":46.7,"PTC":405.6,"pdc0":450.0,"gamma_pdc":-0.0045000000000000005}