{"Date":"10.01.2014","Version":"NRELv1","Technology":"Multi-c-Si","BIPV":"N","A_c":1.94,"N_s":72.0,"T_NOCT":44.7,"I_sc_ref":8.38,"V_oc_ref":44.8,"I_mp_ref":7.92,"V_mp_ref":36.0,"alpha_sc":0.00419,"beta_oc":-0.14336,"a_ref":1.8106,"I_L_ref":8.382,"I_o_ref":1.5e-10,"R_s":0.43799999999999994,"R_sh_ref":1770.73,"Adjust":7.0360000000000005,"PTC":259.5,"pdc0":285.0,"gamma_pdc":-0.0043,"gamma_r":-0.43}