{"Date":"06.09.2010","Version":"MM107","Technology":"Mono-c-Si","BIPV":"N","A_c":1.635,"N_s":60.0,"T_NOCT":46.3,"I_sc_ref":8.55,"V_oc_ref":35.4,"I_mp_ref":7.63,"V_mp_ref":29.5,"alpha_sc":0.0031379999999999997,"beta_oc":-0.1051,"a_ref":1.5015,"I_L_ref":8.578,"I_o_ref":4.5699999999999997e-10,"R_s":0.175,"R_sh_ref":54.24,"Adjust":26.3,"PTC":202.5,"pdc0":225.0,"gamma_pdc":-0.004379999999999999,"gamma_r":-0.43799999999999994}