{"Date":"06.09.2010","Version":"MM107","Technology":"Mono-c-Si","BIPV":"N","A_c":1.635,"N_s":60.0,"T_NOCT":46.3,"I_sc_ref":7.86,"V_oc_ref":34.2,"I_mp_ref":7.02,"V_mp_ref":28.5,"alpha_sc":0.002885,"beta_oc":-0.10153999999999999,"a_ref":1.4494,"I_L_ref":7.885,"I_o_ref":4.12e-10,"R_s":0.184,"R_sh_ref":57.71,"Adjust":26.1,"PTC":179.5,"pdc0":200.0,"gamma_pdc":-0.004379999999999999,"gamma_r":-0.43799999999999994}