{"Date":"06.09.2010","Version":"MM107","Technology":"Multi-c-Si","BIPV":"N","A_c":1.635,"N_s":60.0,"T_NOCT":46.7,"I_sc_ref":8.3,"V_oc_ref":34.8,"I_mp_ref":7.41,"V_mp_ref":29.0,"alpha_sc":0.0038439999999999998,"beta_oc":-0.11007,"a_ref":1.5042,"I_L_ref":8.325,"I_o_ref":6.91e-10,"R_s":0.16899999999999998,"R_sh_ref":56.0,"Adjust":22.7,"PTC":192.5,"pdc0":215.0,"gamma_pdc":-0.00445,"gamma_r":-0.445}