{"Vac":560.0,"Paco":1154944.0,"Pdco":1179040.0,"Vdco":913.0,"Pso":2840.92,"C0":-1.1353600000000002e-08,"C1":1.23649e-05,"C2":0.00144494,"C3":0.000382771,"Pnt":279.91,"Vdcmax":1200.0,"Mppt_low":801.0,"Mppt_high":1200.0}