{"Vac":500.0,"Paco":1135968.0,"Pdco":1163230.0,"Vdco":793.0,"Pso":2190.65,"C0":-1.3962700000000001e-08,"C1":1.04566e-05,"C2":0.00184189,"C3":0.0006867860000000001,"Pnt":269.45,"Vdcmax":880.0,"Mppt_low":741.0,"Mppt_high":880.0}