{"Vac":620.0,"Paco":1205298.0,"Pdco":1229370.0,"Vdco":978.0,"Pso":2975.44,"C0":-1.0158e-08,"C1":1.09665e-05,"C2":0.00142541,"C3":0.000411061,"Pnt":263.99,"Vdcmax":1200.0,"Mppt_low":887.0,"Mppt_high":1200.0}