{"Vac":400.0,"Paco":935550.0,"Pdco":961111.0,"Vdco":682.0,"Pso":118.626,"C0":-5.842380000000001e-09,"C1":1.4216900000000001e-05,"C2":0.12648099999999998,"C3":0.0165429,"Pnt":274.29,"Vdcmax":880.0,"Mppt_low":593.0,"Mppt_high":880.0}