{"Vac":0.0,"Paco":500000.0,"Pdco":523403.0,"Vdco":395.0,"Pso":2540.09,"C0":-5.5415300000000007e-08,"C1":2.28503e-05,"C2":0.00198163,"C3":0.000174503,"Pnt":140.4,"Vdcmax":600.0,"Mppt_low":325.0,"Mppt_high":600.0}