{"Vac":240.0,"Paco":600000.0,"Pdco":614786.4415,"Vdco":504.28357139999997,"Pso":155.1625261,"C0":-1.8300000000000002e-08,"C1":2.14e-05,"C2":0.011,"C3":0.000667,"Pnt":154.4,"Vdcmax":1000.0,"Mppt_low":395.0,"Mppt_high":825.0}