{"Vac":360.0,"Paco":890000.0,"Pdco":906988.5477,"Vdco":647.602619,"Pso":293.9756954,"C0":-1.1100000000000002e-08,"C1":1.73e-05,"C2":0.00765,"C3":0.00133,"Pnt":154.1,"Vdcmax":1000.0,"Mppt_low":585.0,"Mppt_high":825.0}