{"Vac":420.0,"Paco":1080000.0,"Pdco":1098134.9209999999,"Vdco":737.282381,"Pso":497.9522097,"C0":-8.9e-09,"C1":1.42e-05,"C2":0.00659,"C3":0.00112,"Pnt":155.7,"Vdcmax":1000.0,"Mppt_low":705.0,"Mppt_high":825.0}