{"Date":"03.03.2014","Version":"NRELv1","Technology":"Mono-c-Si","BIPV":"N","A_c":1.956,"N_s":72.0,"T_NOCT":47.1,"I_sc_ref":9.26,"V_oc_ref":45.9,"I_mp_ref":8.68,"V_mp_ref":37.0,"alpha_sc":0.00463,"beta_oc":-0.14229,"a_ref":1.8635,"I_L_ref":9.27,"I_o_ref":1.8399999999999998e-10,"R_s":0.391,"R_sh_ref":353.71,"Adjust":11.45,"PTC":288.7,"pdc0":320.0,"gamma_pdc":-0.0043,"gamma_r":-0.43}