{"Date":"9/18/2014","Version":"NRELv1","Technology":"Mono-c-Si","BIPV":"N","A_c":1.956,"N_s":72.0,"T_NOCT":45.2,"I_sc_ref":9.0,"V_oc_ref":45.5,"I_mp_ref":8.57,"V_mp_ref":35.6,"alpha_sc":0.0045,"beta_oc":-0.14105,"a_ref":1.8102,"I_L_ref":9.093,"I_o_ref":1.1e-10,"R_s":0.5429999999999999,"R_sh_ref":1793.79,"Adjust":7.077999999999999,"PTC":277.4,"pdc0":305.0,"gamma_pdc":-0.0043,"gamma_r":-0.43}