{"Date":"02.03.2014","Version":"NRELv1","Technology":"Mono-c-Si","BIPV":"N","A_c":1.643,"N_s":72.0,"T_NOCT":46.3,"I_sc_ref":9.1,"V_oc_ref":38.6,"I_mp_ref":8.52,"V_mp_ref":31.7,"alpha_sc":0.00455,"beta_oc":-0.12352,"a_ref":1.6196,"I_L_ref":9.109,"I_o_ref":4e-10,"R_s":0.245,"R_sh_ref":262.68,"Adjust":15.11,"PTC":243.4,"pdc0":270.0,"gamma_pdc":-0.0045000000000000005,"gamma_r":-0.45}