{"Date":"11.01.2013","Version":"NRELv1","Technology":"Mono-c-Si","BIPV":"N","A_c":1.643,"N_s":60.0,"T_NOCT":48.1,"I_sc_ref":8.87,"V_oc_ref":38.4,"I_mp_ref":8.4,"V_mp_ref":31.0,"alpha_sc":0.004435000000000001,"beta_oc":-0.12672,"a_ref":1.5962,"I_L_ref":8.967,"I_o_ref":3.1600000000000005e-10,"R_s":0.32299999999999995,"R_sh_ref":344.86,"Adjust":9.618,"PTC":232.0,"pdc0":260.0,"gamma_pdc":-0.0045000000000000005,"gamma_r":-0.45}