{"Date":"11.04.2014","Version":"NRELv1","Technology":"Mono-c-Si","BIPV":"N","A_c":1.956,"N_s":72.0,"T_NOCT":45.2,"I_sc_ref":9.26,"V_oc_ref":45.86,"I_mp_ref":8.68,"V_mp_ref":37.0,"alpha_sc":0.00463,"beta_oc":-0.14217,"a_ref":1.8628,"I_L_ref":9.27,"I_o_ref":1.8599999999999998e-10,"R_s":0.386,"R_sh_ref":351.02,"Adjust":11.56,"PTC":291.4,"pdc0":320.0,"gamma_pdc":-0.0043,"gamma_r":-0.43}