{"Date":"9/18/2014","Version":"NRELv1","Technology":"Mono-c-Si","BIPV":"N","A_c":1.61,"N_s":60.0,"T_NOCT":46.0,"I_sc_ref":8.87,"V_oc_ref":38.4,"I_mp_ref":8.4,"V_mp_ref":31.0,"alpha_sc":0.004435000000000001,"beta_oc":-0.11904,"a_ref":1.5516,"I_L_ref":8.871,"I_o_ref":1.5800000000000002e-10,"R_s":0.335,"R_sh_ref":3877.07,"Adjust":10.46,"PTC":235.8,"pdc0":260.0,"gamma_pdc":-0.0043,"gamma_r":-0.43}