{"Date":"9/18/2014","Version":"NRELv1","Technology":"Mono-c-Si","BIPV":"N","A_c":1.61,"N_s":60.0,"T_NOCT":45.2,"I_sc_ref":9.2,"V_oc_ref":38.7,"I_mp_ref":8.62,"V_mp_ref":31.9,"alpha_sc":0.0036799999999999997,"beta_oc":-0.1161,"a_ref":1.5577,"I_L_ref":9.21,"I_o_ref":1.4699999999999998e-10,"R_s":0.244,"R_sh_ref":233.51,"Adjust":13.34,"PTC":251.3,"pdc0":275.0,"gamma_pdc":-0.0042,"gamma_r":-0.42}