{"Date":"9/18/2014","Version":"NRELv1","Technology":"Mono-c-Si","BIPV":"N","A_c":1.956,"N_s":72.0,"T_NOCT":45.2,"I_sc_ref":9.18,"V_oc_ref":46.15,"I_mp_ref":8.78,"V_mp_ref":37.6,"alpha_sc":0.0045899999999999995,"beta_oc":-0.14307,"a_ref":1.8734,"I_L_ref":9.273,"I_o_ref":1.8499999999999998e-10,"R_s":0.34,"R_sh_ref":2140.01,"Adjust":11.5,"PTC":300.7,"pdc0":330.0,"gamma_pdc":-0.0043,"gamma_r":-0.43}