{"Date":"11.04.2014","Version":"NRELv1","Technology":"Mono-c-Si","BIPV":"N","A_c":1.956,"N_s":72.0,"T_NOCT":45.2,"I_sc_ref":9.11,"V_oc_ref":45.1,"I_mp_ref":8.51,"V_mp_ref":35.9,"alpha_sc":0.004555,"beta_oc":-0.13981,"a_ref":1.8215,"I_L_ref":9.124,"I_o_ref":1.5800000000000002e-10,"R_s":0.45299999999999996,"R_sh_ref":290.83,"Adjust":10.29,"PTC":277.4,"pdc0":305.0,"gamma_pdc":-0.0043,"gamma_r":-0.43}