{"Date":"9/18/2014","Version":"NRELv1","Technology":"Mono-c-Si","BIPV":"N","A_c":1.61,"N_s":60.0,"T_NOCT":44.8,"I_sc_ref":9.3,"V_oc_ref":39.0,"I_mp_ref":8.72,"V_mp_ref":31.6,"alpha_sc":0.00372,"beta_oc":-0.1131,"a_ref":1.5356,"I_L_ref":9.312000000000001,"I_o_ref":8.55e-11,"R_s":0.321,"R_sh_ref":259.8,"Adjust":12.18,"PTC":252.3,"pdc0":275.0,"gamma_pdc":-0.0040999999999999995,"gamma_r":-0.41}