{"Date":"04.02.2014","Version":"NRELv1","Technology":"Mono-c-Si","BIPV":"N","A_c":1.643,"N_s":60.0,"T_NOCT":44.3,"I_sc_ref":9.2,"V_oc_ref":38.6,"I_mp_ref":8.72,"V_mp_ref":31.6,"alpha_sc":0.0036799999999999997,"beta_oc":-0.11965999999999999,"a_ref":1.5725,"I_L_ref":9.201,"I_o_ref":2.01e-10,"R_s":0.266,"R_sh_ref":2552.35,"Adjust":12.4,"PTC":251.1,"pdc0":275.0,"gamma_pdc":-0.0044,"gamma_r":-0.44}