{"Date":"04.02.2014","Version":"NRELv1","Technology":"Mono-c-Si","BIPV":"N","A_c":1.956,"N_s":72.0,"T_NOCT":45.4,"I_sc_ref":9.16,"V_oc_ref":46.2,"I_mp_ref":8.77,"V_mp_ref":37.1,"alpha_sc":0.003664,"beta_oc":-0.14322000000000001,"a_ref":1.8708,"I_L_ref":9.353,"I_o_ref":1.74e-10,"R_s":0.409,"R_sh_ref":413.81,"Adjust":11.02,"PTC":295.1,"pdc0":325.0,"gamma_pdc":-0.0044,"gamma_r":-0.44}