{"Date":"04.02.2014","Version":"NRELv1","Technology":"Mono-c-Si","BIPV":"N","A_c":1.956,"N_s":72.0,"T_NOCT":45.4,"I_sc_ref":9.4,"V_oc_ref":46.5,"I_mp_ref":9.04,"V_mp_ref":37.6,"alpha_sc":0.0037600000000000003,"beta_oc":-0.14415,"a_ref":1.8856,"I_L_ref":9.594,"I_o_ref":1.8599999999999998e-10,"R_s":0.36700000000000005,"R_sh_ref":687.44,"Adjust":11.36,"PTC":309.2,"pdc0":340.0,"gamma_pdc":-0.0044,"gamma_r":-0.44}