{"Vac":480.0,"Paco":250000.0,"Pdco":264534.0,"Vdco":490.0,"Pso":3142.56,"C0":-1.2678e-07,"C1":-2.65417e-05,"C2":-7.06601e-05,"C3":0.00034361099999999996,"Pnt":138.0,"Vdcmax":580.0,"Mppt_low":417.0,"Mppt_high":580.0}