{"Vac":208.0,"Paco":30000.0,"Pdco":32280.3,"Vdco":650.0,"Pso":305.60200000000003,"C0":-9.71198e-07,"C1":-4.71076e-05,"C2":-0.00171145,"C3":-0.00168629,"Pnt":98.9,"Vdcmax":780.0,"Mppt_low":280.0,"Mppt_high":780.0}