{"Vac":480.0,"Paco":30000.0,"Pdco":31046.3,"Vdco":650.0,"Pso":266.466,"C0":-2.2849599999999998e-07,"C1":-3.75152e-05,"C2":-0.00168877,"C3":-0.00348365,"Pnt":98.9,"Vdcmax":780.0,"Mppt_low":280.0,"Mppt_high":780.0}