{"Vac":480.0,"Paco":100000.0,"Pdco":105516.0,"Vdco":670.0,"Pso":1111.53,"C0":-2.88764e-07,"C1":-4.89145e-05,"C2":-0.00029071,"C3":-0.000722494,"Pnt":69.52,"Vdcmax":800.0,"Mppt_low":280.0,"Mppt_high":800.0}