{"Vac":480.0,"Paco":125000.0,"Pdco":131919.0,"Vdco":670.0,"Pso":1861.37,"C0":-2.73634e-07,"C1":-2.6192e-05,"C2":0.00034866300000000003,"C3":0.00101026,"Pnt":99.7,"Vdcmax":800.0,"Mppt_low":280.0,"Mppt_high":800.0}