{"Vac":480.0,"Paco":30000.0,"Pdco":32393.4,"Vdco":650.0,"Pso":340.978,"C0":-1.1861499999999999e-06,"C1":-4.9765900000000004e-05,"C2":-0.0016157,"C3":-0.00119459,"Pnt":98.9,"Vdcmax":780.0,"Mppt_low":280.0,"Mppt_high":780.0}