{"Date":"06.03.2011","Version":"MM107","Technology":"CdTe","BIPV":"N","A_c":0.72,"N_s":116.0,"T_NOCT":44.9,"I_sc_ref":1.21,"V_oc_ref":93.0,"I_mp_ref":1.09,"V_mp_ref":70.9,"alpha_sc":0.000576,"beta_oc":-0.22096999999999997,"a_ref":2.6973,"I_L_ref":1.226,"I_o_ref":1.2e-15,"R_s":12.487,"R_sh_ref":971.23,"Adjust":-37.0,"PTC":74.6,"pdc0":77.5,"gamma_pdc":-0.00166,"gamma_r":-0.166}