{"Date":"05.01.2014","Version":"NRELv1","Technology":"CdTe","BIPV":"N","A_c":0.72,"N_s":146.0,"T_NOCT":44.6,"I_sc_ref":2.33,"V_oc_ref":58.8,"I_mp_ref":2.14,"V_mp_ref":46.8,"alpha_sc":0.00091,"beta_oc":-0.14694000000000002,"a_ref":1.9067,"I_L_ref":2.343,"I_o_ref":9e-14,"R_s":2.8089999999999997,"R_sh_ref":493.08,"Adjust":-16.72,"PTC":94.8,"pdc0":100.0,"gamma_pdc":-0.00249,"gamma_r":-0.249}