{"Date":"08.03.2011","Version":"MM107","Technology":"CdTe","BIPV":"N","A_c":0.72,"N_s":77.0,"T_NOCT":44.9,"I_sc_ref":1.78,"V_oc_ref":62.0,"I_mp_ref":1.62,"V_mp_ref":51.0,"alpha_sc":2e-05,"beta_oc":-0.10627,"a_ref":1.8442,"I_L_ref":1.791,"I_o_ref":4.19e-15,"R_s":3.0269999999999997,"R_sh_ref":511.31,"Adjust":-4.2,"PTC":78.4,"pdc0":82.5,"gamma_pdc":-0.0022500000000000003,"gamma_r":-0.225}