{"Date":"05.01.2014","Version":"NRELv1","Technology":"CdTe","BIPV":"N","A_c":0.72,"N_s":146.0,"T_NOCT":44.6,"I_sc_ref":2.29,"V_oc_ref":58.6,"I_mp_ref":2.11,"V_mp_ref":46.3,"alpha_sc":0.0009,"beta_oc":-0.14644000000000001,"a_ref":1.8909,"I_L_ref":2.303,"I_o_ref":7.62e-14,"R_s":3.029,"R_sh_ref":548.11,"Adjust":-17.78,"PTC":92.4,"pdc0":97.5,"gamma_pdc":-0.00249,"gamma_r":-0.249}