{"Date":"12/23/2014","Version":"NRELv1","Technology":"CdTe","BIPV":"N","A_c":0.72,"N_s":216.0,"T_NOCT":47.0,"I_sc_ref":1.75,"V_oc_ref":87.7,"I_mp_ref":1.6,"V_mp_ref":70.2,"alpha_sc":0.000753,"beta_oc":-0.23504,"a_ref":3.1149,"I_L_ref":1.7590000000000001,"I_o_ref":9.87e-13,"R_s":4.945,"R_sh_ref":947.94,"Adjust":-3.034,"PTC":104.5,"pdc0":112.5,"gamma_pdc":-0.00312,"gamma_r":-0.312}