{"Date":"12/23/2014","Version":"NRELv1","Technology":"CdTe","BIPV":"N","A_c":0.72,"N_s":216.0,"T_NOCT":47.0,"I_sc_ref":1.74,"V_oc_ref":86.0,"I_mp_ref":1.55,"V_mp_ref":67.8,"alpha_sc":0.0007480000000000001,"beta_oc":-0.23048000000000002,"a_ref":3.0717,"I_L_ref":1.757,"I_o_ref":1.12e-12,"R_s":5.6770000000000005,"R_sh_ref":582.32,"Adjust":-1.929,"PTC":97.4,"pdc0":105.0,"gamma_pdc":-0.00312,"gamma_r":-0.312}