{"Date":"10.05.2010","Version":"MM107","Technology":"Multi-c-Si","BIPV":"N","A_c":1.455,"N_s":54.0,"T_NOCT":46.3,"I_sc_ref":8.06,"V_oc_ref":32.7,"I_mp_ref":7.28,"V_mp_ref":26.8,"alpha_sc":0.0064,"beta_oc":-0.07449,"a_ref":1.3956,"I_L_ref":8.089,"I_o_ref":5.07e-10,"R_s":0.23800000000000002,"R_sh_ref":67.31,"Adjust":66.7,"PTC":174.3,"pdc0":195.0,"gamma_pdc":-0.00461,"gamma_r":-0.461}