{"Date":"06.09.2010","Version":"MM107","Technology":"Multi-c-Si","BIPV":"N","A_c":1.479,"N_s":54.0,"T_NOCT":47.6,"I_sc_ref":8.2,"V_oc_ref":36.4,"I_mp_ref":7.67,"V_mp_ref":28.3,"alpha_sc":0.0037719999999999997,"beta_oc":-0.12303,"a_ref":1.5603,"I_L_ref":8.207,"I_o_ref":6.02e-10,"R_s":0.48200000000000004,"R_sh_ref":607.18,"Adjust":13.4,"PTC":189.0,"pdc0":215.0,"gamma_pdc":-0.00505,"gamma_r":-0.505}