{"Date":"06.09.2010","Version":"MM107","Technology":"Multi-c-Si","BIPV":"N","A_c":1.635,"N_s":60.0,"T_NOCT":48.1,"I_sc_ref":8.3,"V_oc_ref":36.5,"I_mp_ref":7.72,"V_mp_ref":28.5,"alpha_sc":0.002822,"beta_oc":-0.10987000000000001,"a_ref":1.5463,"I_L_ref":8.315,"I_o_ref":4.59e-10,"R_s":0.466,"R_sh_ref":265.03,"Adjust":24.7,"PTC":192.5,"pdc0":220.0,"gamma_pdc":-0.00502,"gamma_r":-0.502}