{"Date":"06.09.2010","Version":"MM107","Technology":"Multi-c-Si","BIPV":"N","A_c":1.635,"N_s":60.0,"T_NOCT":48.1,"I_sc_ref":8.29,"V_oc_ref":36.89,"I_mp_ref":7.79,"V_mp_ref":28.88,"alpha_sc":0.0028190000000000003,"beta_oc":-0.11104000000000001,"a_ref":1.5564,"I_L_ref":8.293,"I_o_ref":4.2000000000000005e-10,"R_s":0.45899999999999996,"R_sh_ref":1296.93,"Adjust":23.8,"PTC":197.0,"pdc0":225.0,"gamma_pdc":-0.00502,"gamma_r":-0.502}