{"Date":"06.09.2010","Version":"MM107","Technology":"Multi-c-Si","BIPV":"N","A_c":1.479,"N_s":54.0,"T_NOCT":47.6,"I_sc_ref":8.25,"V_oc_ref":33.8,"I_mp_ref":7.8,"V_mp_ref":26.92,"alpha_sc":0.003795,"beta_oc":-0.11424000000000001,"a_ref":1.4628,"I_L_ref":8.271,"I_o_ref":7.639999999999999e-10,"R_s":0.345,"R_sh_ref":100000.0,"Adjust":15.5,"PTC":184.5,"pdc0":210.0,"gamma_pdc":-0.00505,"gamma_r":-0.505}