{"Date":"04.01.2010","Version":"MM107","Technology":"Multi-c-Si","BIPV":"N","A_c":1.597,"N_s":60.0,"T_NOCT":48.1,"I_sc_ref":8.24,"V_oc_ref":37.2,"I_mp_ref":7.9,"V_mp_ref":29.9,"alpha_sc":0.004684000000000001,"beta_oc":-0.14549,"a_ref":1.7228,"I_L_ref":8.396,"I_o_ref":3.5200000000000003e-09,"R_s":0.307,"R_sh_ref":100000.0,"Adjust":12.7,"PTC":198.7,"pdc0":230.0,"gamma_pdc":-0.00555,"gamma_r":-0.555}