{"Date":"06.02.2014","Version":"NRELv1","Technology":"Multi-c-Si","BIPV":"N","A_c":1.97,"N_s":72.0,"T_NOCT":47.5,"I_sc_ref":8.98,"V_oc_ref":45.9,"I_mp_ref":8.48,"V_mp_ref":37.3,"alpha_sc":0.006312,"beta_oc":-0.18156,"a_ref":2.2226,"I_L_ref":8.905,"I_o_ref":1.4099999999999999e-09,"R_s":0.344,"R_sh_ref":203.0,"Adjust":12.44,"PTC":285.2,"pdc0":315.0,"gamma_pdc":-0.0047799999999999995,"gamma_r":-0.478}