{"Date":"06.02.2014","Version":"NRELv1","Technology":"Multi-c-Si","BIPV":"N","A_c":1.97,"N_s":72.0,"T_NOCT":47.5,"I_sc_ref":9.06,"V_oc_ref":46.1,"I_mp_ref":8.57,"V_mp_ref":37.5,"alpha_sc":0.0036479999999999998,"beta_oc":-0.11965999999999999,"a_ref":1.5719,"I_L_ref":9.131,"I_o_ref":1.94e-10,"R_s":0.257,"R_sh_ref":205.02,"Adjust":12.22,"PTC":289.8,"pdc0":320.0,"gamma_pdc":-0.0043,"gamma_r":-0.43}