{"Date":"7/13/2012","Version":"NRELv1","Technology":"Multi-c-Si","BIPV":"N","A_c":1.629,"N_s":60.0,"T_NOCT":45.1,"I_sc_ref":8.46,"V_oc_ref":36.5,"I_mp_ref":7.88,"V_mp_ref":28.7,"alpha_sc":0.004822,"beta_oc":-0.1329,"a_ref":1.5723,"I_L_ref":8.472000000000001,"I_o_ref":6.92e-10,"R_s":0.42100000000000004,"R_sh_ref":292.7,"Adjust":6.192,"PTC":201.3,"pdc0":225.0,"gamma_pdc":-0.00487,"gamma_r":-0.48700000000000004}