{"Date":"7/13/2012","Version":"NRELv1","Technology":"Multi-c-Si","BIPV":"N","A_c":1.629,"N_s":60.0,"T_NOCT":45.1,"I_sc_ref":8.64,"V_oc_ref":36.94,"I_mp_ref":8.1,"V_mp_ref":29.04,"alpha_sc":0.004925,"beta_oc":-0.1345,"a_ref":1.5851,"I_L_ref":8.645,"I_o_ref":6.5e-10,"R_s":0.418,"R_sh_ref":689.2,"Adjust":5.462999999999999,"PTC":210.5,"pdc0":235.0,"gamma_pdc":-0.00487,"gamma_r":-0.48700000000000004}