{"Date":"7/13/2012","Version":"NRELv1","Technology":"Multi-c-Si","BIPV":"N","A_c":1.629,"N_s":60.0,"T_NOCT":45.1,"I_sc_ref":8.82,"V_oc_ref":37.38,"I_mp_ref":8.33,"V_mp_ref":29.37,"alpha_sc":0.005027,"beta_oc":-0.1361,"a_ref":1.6051,"I_L_ref":8.917,"I_o_ref":6.79e-10,"R_s":0.413,"R_sh_ref":439.76,"Adjust":5.582999999999999,"PTC":219.7,"pdc0":245.0,"gamma_pdc":-0.00487,"gamma_r":-0.48700000000000004}