{"Date":"7/13/2012","Version":"NRELv1","Technology":"Multi-c-Si","BIPV":"N","A_c":1.945,"N_s":72.0,"T_NOCT":45.4,"I_sc_ref":8.34,"V_oc_ref":44.22,"I_mp_ref":7.23,"V_mp_ref":35.03,"alpha_sc":0.002961,"beta_oc":-0.163,"a_ref":1.9796,"I_L_ref":8.42,"I_o_ref":1.5e-09,"R_s":0.47600000000000003,"R_sh_ref":49.51,"Adjust":12.29,"PTC":245.5,"pdc0":275.0,"gamma_pdc":-0.00493,"gamma_r":-0.493}