{"Date":"7/13/2012","Version":"NRELv1","Technology":"Multi-c-Si","BIPV":"N","A_c":1.945,"N_s":72.0,"T_NOCT":45.4,"I_sc_ref":8.56,"V_oc_ref":44.52,"I_mp_ref":8.0,"V_mp_ref":35.63,"alpha_sc":0.003039,"beta_oc":-0.1641,"a_ref":1.9095,"I_L_ref":8.568999999999999,"I_o_ref":6.33e-10,"R_s":0.42100000000000004,"R_sh_ref":386.94,"Adjust":4.281000000000001,"PTC":254.6,"pdc0":285.0,"gamma_pdc":-0.00493,"gamma_r":-0.493}