{"Date":"7/13/2012","Version":"NRELv1","Technology":"Multi-c-Si","BIPV":"N","A_c":1.945,"N_s":72.0,"T_NOCT":45.4,"I_sc_ref":8.45,"V_oc_ref":44.37,"I_mp_ref":7.93,"V_mp_ref":35.33,"alpha_sc":0.003,"beta_oc":-0.16355,"a_ref":1.8926,"I_L_ref":8.455,"I_o_ref":5.530000000000001e-10,"R_s":0.452,"R_sh_ref":703.22,"Adjust":3.239,"PTC":250.0,"pdc0":280.0,"gamma_pdc":-0.00493,"gamma_r":-0.493}