{"Date":"7/13/2012","Version":"NRELv1","Technology":"Multi-c-Si","BIPV":"N","A_c":1.945,"N_s":72.0,"T_NOCT":45.4,"I_sc_ref":8.67,"V_oc_ref":44.67,"I_mp_ref":8.07,"V_mp_ref":35.93,"alpha_sc":0.003078,"beta_oc":-0.16465,"a_ref":1.9264,"I_L_ref":8.683,"I_o_ref":7.240000000000001e-10,"R_s":0.39,"R_sh_ref":268.45,"Adjust":5.325,"PTC":259.2,"pdc0":290.0,"gamma_pdc":-0.00493,"gamma_r":-0.493}