{"Date":"7/13/2012","Version":"NRELv1","Technology":"Multi-c-Si","BIPV":"N","A_c":1.945,"N_s":72.0,"T_NOCT":45.4,"I_sc_ref":8.78,"V_oc_ref":44.82,"I_mp_ref":8.14,"V_mp_ref":36.23,"alpha_sc":0.003117,"beta_oc":-0.16521,"a_ref":1.9434,"I_L_ref":8.795,"I_o_ref":8.269999999999999e-10,"R_s":0.36,"R_sh_ref":206.43,"Adjust":6.371,"PTC":263.8,"pdc0":295.0,"gamma_pdc":-0.00493,"gamma_r":-0.493}