{"Vac":0.0,"Paco":29990.0,"Pdco":31500.6,"Vdco":700.0,"Pso":205.764,"C0":-2.86492e-07,"C1":-2.32316e-05,"C2":0.00167584,"C3":-0.00765394,"Pnt":51.2,"Vdcmax":850.0,"Mppt_low":550.0,"Mppt_high":850.0}