{"Date":"7/13/2012","Version":"NRELv1","Technology":"Multi-c-Si","BIPV":"N","A_c":1.6269999999999998,"N_s":60.0,"T_NOCT":48.7,"I_sc_ref":8.24,"V_oc_ref":36.03,"I_mp_ref":7.75,"V_mp_ref":28.39,"alpha_sc":0.004987,"beta_oc":-0.13025,"a_ref":1.5646,"I_L_ref":8.241,"I_o_ref":8.210000000000001e-10,"R_s":0.41200000000000003,"R_sh_ref":3062.33,"Adjust":8.618,"PTC":192.1,"pdc0":220.0,"gamma_pdc":-0.00498,"gamma_r":-0.498}