{"Date":"8/31/2010","Version":"MM107","Technology":"Multi-c-Si","BIPV":"N","A_c":1.921,"N_s":72.0,"T_NOCT":48.5,"I_sc_ref":8.11,"V_oc_ref":42.0,"I_mp_ref":7.04,"V_mp_ref":35.5,"alpha_sc":0.003244,"beta_oc":-0.1344,"a_ref":1.8691,"I_L_ref":8.129,"I_o_ref":1.26e-09,"R_s":0.111,"R_sh_ref":48.5,"Adjust":27.8,"PTC":221.3,"pdc0":250.0,"gamma_pdc":-0.0045000000000000005,"gamma_r":-0.45}