{"Date":"7/13/2012","Version":"NRELv1","Technology":"Multi-c-Si","BIPV":"N","A_c":1.6269999999999998,"N_s":60.0,"T_NOCT":48.7,"I_sc_ref":8.75,"V_oc_ref":37.93,"I_mp_ref":8.27,"V_mp_ref":30.23,"alpha_sc":0.005296,"beta_oc":-0.13712,"a_ref":1.6626,"I_L_ref":8.845,"I_o_ref":1.0800000000000002e-09,"R_s":0.355,"R_sh_ref":445.56,"Adjust":10.49,"PTC":219.2,"pdc0":250.0,"gamma_pdc":-0.00498,"gamma_r":-0.498}