{"Date":"10.04.2010","Version":"MM107","Technology":"Multi-c-Si","BIPV":"N","A_c":1.609,"N_s":60.0,"T_NOCT":48.5,"I_sc_ref":8.05,"V_oc_ref":34.2,"I_mp_ref":7.19,"V_mp_ref":28.5,"alpha_sc":0.00322,"beta_oc":-0.10944000000000001,"a_ref":1.4786,"I_L_ref":8.074,"I_o_ref":6.74e-10,"R_s":0.171,"R_sh_ref":57.16,"Adjust":21.4,"PTC":181.4,"pdc0":205.0,"gamma_pdc":-0.0045000000000000005,"gamma_r":-0.45}