{"Date":"7/13/2012","Version":"NRELv1","Technology":"Multi-c-Si","BIPV":"N","A_c":1.6269999999999998,"N_s":60.0,"T_NOCT":48.7,"I_sc_ref":8.48,"V_oc_ref":37.0,"I_mp_ref":8.01,"V_mp_ref":29.34,"alpha_sc":0.005132,"beta_oc":-0.13376,"a_ref":1.6175,"I_L_ref":8.572000000000001,"I_o_ref":9.87e-10,"R_s":0.38,"R_sh_ref":442.91,"Adjust":9.93,"PTC":205.6,"pdc0":235.0,"gamma_pdc":-0.00498,"gamma_r":-0.498}