{"Date":"7/13/2012","Version":"NRELv1","Technology":"Multi-c-Si","BIPV":"N","A_c":1.94,"N_s":72.0,"T_NOCT":48.7,"I_sc_ref":8.16,"V_oc_ref":43.0,"I_mp_ref":7.6,"V_mp_ref":34.21,"alpha_sc":0.004939,"beta_oc":-0.15545,"a_ref":1.8891,"I_L_ref":8.171,"I_o_ref":1.0499999999999999e-09,"R_s":0.445,"R_sh_ref":340.32,"Adjust":10.9,"PTC":226.9,"pdc0":260.0,"gamma_pdc":-0.00498,"gamma_r":-0.498}