{"Date":"04.02.2013","Version":"NRELv1","Technology":"Multi-c-Si","BIPV":"N","A_c":1.6269999999999998,"N_s":60.0,"T_NOCT":48.2,"I_sc_ref":8.65,"V_oc_ref":37.14,"I_mp_ref":8.12,"V_mp_ref":29.57,"alpha_sc":0.004325,"beta_oc":-0.12255999999999999,"a_ref":1.5162,"I_L_ref":8.658,"I_o_ref":1.97e-10,"R_s":0.387,"R_sh_ref":434.22,"Adjust":5.8260000000000005,"PTC":214.2,"pdc0":240.0,"gamma_pdc":-0.0044,"gamma_r":-0.44}