{"Date":"04.02.2013","Version":"NRELv1","Technology":"Multi-c-Si","BIPV":"N","A_c":1.94,"N_s":72.0,"T_NOCT":47.8,"I_sc_ref":8.83,"V_oc_ref":45.19,"I_mp_ref":8.34,"V_mp_ref":35.97,"alpha_sc":0.005298,"beta_oc":-0.15366,"a_ref":1.8408,"I_L_ref":8.831,"I_o_ref":1.9199999999999998e-10,"R_s":0.462,"R_sh_ref":2823.27,"Adjust":2.16,"PTC":269.3,"pdc0":300.0,"gamma_pdc":-0.0043,"gamma_r":-0.43}