{"Date":"8/31/2010","Version":"MM107","Technology":"Multi-c-Si","BIPV":"N","A_c":1.921,"N_s":72.0,"T_NOCT":48.5,"I_sc_ref":8.36,"V_oc_ref":43.2,"I_mp_ref":7.64,"V_mp_ref":36.0,"alpha_sc":0.0033439999999999998,"beta_oc":-0.13824,"a_ref":1.8391,"I_L_ref":8.377,"I_o_ref":5.02e-10,"R_s":0.217,"R_sh_ref":109.4,"Adjust":18.1,"PTC":244.1,"pdc0":275.0,"gamma_pdc":-0.0045000000000000005,"gamma_r":-0.45}