{"Date":"04.02.2013","Version":"NRELv1","Technology":"Multi-c-Si","BIPV":"N","A_c":1.94,"N_s":72.0,"T_NOCT":47.8,"I_sc_ref":8.52,"V_oc_ref":44.0,"I_mp_ref":7.98,"V_mp_ref":35.09,"alpha_sc":0.005111999999999999,"beta_oc":-0.14961,"a_ref":1.8027,"I_L_ref":8.53,"I_o_ref":2.11e-10,"R_s":0.456,"R_sh_ref":400.13,"Adjust":3.279,"PTC":250.9,"pdc0":280.0,"gamma_pdc":-0.0043,"gamma_r":-0.43}