{"Date":"8/31/2010","Version":"MM107","Technology":"Multi-c-Si","BIPV":"N","A_c":1.609,"N_s":60.0,"T_NOCT":48.5,"I_sc_ref":8.11,"V_oc_ref":34.8,"I_mp_ref":7.24,"V_mp_ref":29.0,"alpha_sc":0.003244,"beta_oc":-0.11135999999999999,"a_ref":1.5046,"I_L_ref":8.134,"I_o_ref":6.79e-10,"R_s":0.17300000000000001,"R_sh_ref":57.28,"Adjust":21.4,"PTC":185.9,"pdc0":210.0,"gamma_pdc":-0.0045000000000000005,"gamma_r":-0.45}