{"Date":"04.02.2013","Version":"NRELv1","Technology":"Multi-c-Si","BIPV":"N","A_c":1.6269999999999998,"N_s":60.0,"T_NOCT":48.2,"I_sc_ref":8.81,"V_oc_ref":37.76,"I_mp_ref":8.3,"V_mp_ref":30.13,"alpha_sc":0.004405,"beta_oc":-0.12460999999999998,"a_ref":1.5404,"I_L_ref":8.814,"I_o_ref":1.9800000000000001e-10,"R_s":0.377,"R_sh_ref":777.8,"Adjust":5.697,"PTC":223.4,"pdc0":250.0,"gamma_pdc":-0.0044,"gamma_r":-0.44}