{"Date":"7/13/2012","Version":"NRELv1","Technology":"Multi-c-Si","BIPV":"N","A_c":1.94,"N_s":72.0,"T_NOCT":48.7,"I_sc_ref":8.74,"V_oc_ref":45.39,"I_mp_ref":8.32,"V_mp_ref":36.06,"alpha_sc":0.0052899999999999996,"beta_oc":-0.16409,"a_ref":1.9880000000000002,"I_L_ref":8.926,"I_o_ref":1.07e-09,"R_s":0.43799999999999994,"R_sh_ref":396.04,"Adjust":10.31,"PTC":263.1,"pdc0":300.0,"gamma_pdc":-0.00498,"gamma_r":-0.498}