{"Date":"04.02.2013","Version":"NRELv1","Technology":"Multi-c-Si","BIPV":"N","A_c":1.6269999999999998,"N_s":60.0,"T_NOCT":48.2,"I_sc_ref":8.57,"V_oc_ref":36.83,"I_mp_ref":8.03,"V_mp_ref":29.27,"alpha_sc":0.004285,"beta_oc":-0.12154000000000001,"a_ref":1.5035,"I_L_ref":8.58,"I_o_ref":1.95e-10,"R_s":0.395,"R_sh_ref":356.19,"Adjust":5.812,"PTC":209.6,"pdc0":235.0,"gamma_pdc":-0.0044,"gamma_r":-0.44}