{"Date":"10.04.2010","Version":"MM107","Technology":"Multi-c-Si","BIPV":"N","A_c":1.609,"N_s":60.0,"T_NOCT":48.5,"I_sc_ref":7.86,"V_oc_ref":34.2,"I_mp_ref":7.02,"V_mp_ref":28.5,"alpha_sc":0.003144,"beta_oc":-0.10944000000000001,"a_ref":1.4786,"I_L_ref":7.8839999999999995,"I_o_ref":6.58e-10,"R_s":0.175,"R_sh_ref":58.5,"Adjust":21.4,"PTC":176.9,"pdc0":200.0,"gamma_pdc":-0.0045000000000000005,"gamma_r":-0.45}