{"Date":"10.04.2010","Version":"MM107","Technology":"Multi-c-Si","BIPV":"N","A_c":0.9890000000000001,"N_s":36.0,"T_NOCT":48.5,"I_sc_ref":8.56,"V_oc_ref":22.7,"I_mp_ref":7.43,"V_mp_ref":17.5,"alpha_sc":0.0034240000000000004,"beta_oc":-0.07264,"a_ref":0.9525,"I_L_ref":8.675,"I_o_ref":3.46e-10,"R_s":0.33,"R_sh_ref":24.51,"Adjust":14.5,"PTC":115.1,"pdc0":130.0,"gamma_pdc":-0.0045000000000000005,"gamma_r":-0.45}