{"Date":"8/31/2010","Version":"MM107","Technology":"Multi-c-Si","BIPV":"N","A_c":0.9890000000000001,"N_s":36.0,"T_NOCT":48.5,"I_sc_ref":8.21,"V_oc_ref":21.1,"I_mp_ref":7.14,"V_mp_ref":17.5,"alpha_sc":0.0032840000000000005,"beta_oc":-0.06752000000000001,"a_ref":0.9264,"I_L_ref":8.248,"I_o_ref":9.48e-10,"R_s":0.11199999999999999,"R_sh_ref":24.41,"Adjust":24.7,"PTC":110.6,"pdc0":125.0,"gamma_pdc":-0.0045000000000000005,"gamma_r":-0.45}