{"Date":"10.04.2010","Version":"MM107","Technology":"Multi-c-Si","BIPV":"N","A_c":1.921,"N_s":72.0,"T_NOCT":48.5,"I_sc_ref":8.16,"V_oc_ref":42.0,"I_mp_ref":7.18,"V_mp_ref":35.5,"alpha_sc":0.003264,"beta_oc":-0.1344,"a_ref":1.8505,"I_L_ref":8.177,"I_o_ref":1.0300000000000002e-09,"R_s":0.11800000000000001,"R_sh_ref":56.21,"Adjust":25.6,"PTC":225.9,"pdc0":255.0,"gamma_pdc":-0.0045000000000000005,"gamma_r":-0.45}