{"Date":"04.02.2013","Version":"NRELv1","Technology":"Multi-c-Si","BIPV":"N","A_c":1.94,"N_s":72.0,"T_NOCT":47.8,"I_sc_ref":8.6,"V_oc_ref":44.3,"I_mp_ref":8.07,"V_mp_ref":35.4,"alpha_sc":0.0051600000000000005,"beta_oc":-0.15062,"a_ref":1.8152,"I_L_ref":8.607999999999999,"I_o_ref":2.1399999999999998e-10,"R_s":0.445,"R_sh_ref":479.75,"Adjust":3.3169999999999997,"PTC":255.5,"pdc0":285.0,"gamma_pdc":-0.0043,"gamma_r":-0.43}