{"Date":"7/13/2012","Version":"NRELv1","Technology":"Multi-c-Si","BIPV":"N","A_c":1.6269999999999998,"N_s":60.0,"T_NOCT":48.7,"I_sc_ref":8.4,"V_oc_ref":36.65,"I_mp_ref":7.93,"V_mp_ref":29.01,"alpha_sc":0.005084,"beta_oc":-0.13249,"a_ref":1.6009,"I_L_ref":8.492,"I_o_ref":9.6e-10,"R_s":0.38799999999999996,"R_sh_ref":421.75,"Adjust":9.771,"PTC":201.1,"pdc0":230.0,"gamma_pdc":-0.00498,"gamma_r":-0.498}