{"Date":"04.02.2013","Version":"NRELv1","Technology":"Multi-c-Si","BIPV":"N","A_c":1.94,"N_s":72.0,"T_NOCT":47.8,"I_sc_ref":8.67,"V_oc_ref":44.6,"I_mp_ref":8.16,"V_mp_ref":35.65,"alpha_sc":0.005202,"beta_oc":-0.15164,"a_ref":1.8247,"I_L_ref":8.675,"I_o_ref":2.0899999999999998e-10,"R_s":0.44299999999999995,"R_sh_ref":742.63,"Adjust":3.03,"PTC":260.1,"pdc0":290.0,"gamma_pdc":-0.0043,"gamma_r":-0.43}