{"Date":"9/16/2012","Version":"NRELv1","Technology":"CIGS","BIPV":"N","A_c":1.094,"N_s":104.0,"T_NOCT":52.6,"I_sc_ref":3.2,"V_oc_ref":57.7,"I_mp_ref":2.76,"V_mp_ref":41.6,"alpha_sc":0.00024300000000000002,"beta_oc":-0.30194,"a_ref":2.0455,"I_L_ref":3.282,"I_o_ref":1.6200000000000002e-12,"R_s":3.717,"R_sh_ref":145.92,"Adjust":-50.47,"PTC":102.0,"pdc0":115.0,"gamma_pdc":-0.00365,"gamma_r":-0.365}