{"Date":"9/17/2012","Version":"NRELv1","Technology":"CIGS","BIPV":"N","A_c":1.094,"N_s":104.0,"T_NOCT":52.6,"I_sc_ref":3.21,"V_oc_ref":58.5,"I_mp_ref":2.8,"V_mp_ref":42.8,"alpha_sc":0.000244,"beta_oc":-0.30613,"a_ref":2.0791,"I_L_ref":3.2760000000000002,"I_o_ref":1.77e-12,"R_s":3.465,"R_sh_ref":167.87,"Adjust":-50.15,"PTC":106.5,"pdc0":120.0,"gamma_pdc":-0.00365,"gamma_r":-0.365}