{"Date":"9/15/2011","Version":"MM107","Technology":"CIGS","BIPV":"N","A_c":1.094,"N_s":104.0,"T_NOCT":52.6,"I_sc_ref":3.18,"V_oc_ref":59.7,"I_mp_ref":2.79,"V_mp_ref":43.1,"alpha_sc":0.000242,"beta_oc":-0.31240999999999997,"a_ref":2.1014,"I_L_ref":3.2439999999999998,"I_o_ref":1.34e-12,"R_s":3.803,"R_sh_ref":188.58,"Adjust":-51.3,"PTC":106.5,"pdc0":120.0,"gamma_pdc":-0.00365,"gamma_r":-0.365}