{"Date":"9/19/2012","Version":"NRELv1","Technology":"CIGS","BIPV":"N","A_c":1.094,"N_s":104.0,"T_NOCT":52.6,"I_sc_ref":3.23,"V_oc_ref":60.2,"I_mp_ref":2.87,"V_mp_ref":45.3,"alpha_sc":0.000245,"beta_oc":-0.31503000000000003,"a_ref":2.1526,"I_L_ref":3.2739999999999996,"I_o_ref":2.15e-12,"R_s":2.986,"R_sh_ref":219.35,"Adjust":-49.4,"PTC":115.6,"pdc0":130.0,"gamma_pdc":-0.00365,"gamma_r":-0.365}