{"Technology":"Mono-c-Si","BIPV":"N","A_c":1.9509999999999998,"N_s":72.0,"T_NOCT":47.9,"PTC":272.4,"pdc0":305.0,"gamma_pdc":-0.004485}