{"Date":"02.11.2010","Version":"MM107","Technology":"Mono-c-Si","BIPV":"N","A_c":1.2670000000000001,"N_s":72.0,"T_NOCT":46.2,"I_sc_ref":5.38,"V_oc_ref":44.6,"I_mp_ref":5.07,"V_mp_ref":35.5,"alpha_sc":0.001991,"beta_oc":-0.14762999999999998,"a_ref":1.8284,"I_L_ref":5.382000000000001,"I_o_ref":1.37e-10,"R_s":0.745,"R_sh_ref":1878.02,"Adjust":6.4,"PTC":161.4,"pdc0":180.0,"gamma_pdc":-0.00458,"gamma_r":-0.45799999999999996}