{"Date":"2/14/2011","Version":"MM107","Technology":"Mono-c-Si","BIPV":"N","A_c":1.2770000000000001,"N_s":72.0,"T_NOCT":46.4,"I_sc_ref":5.32,"V_oc_ref":44.2,"I_mp_ref":4.9,"V_mp_ref":35.7,"alpha_sc":0.002128,"beta_oc":-0.16796,"a_ref":1.9851,"I_L_ref":5.331,"I_o_ref":1.11e-09,"R_s":0.565,"R_sh_ref":268.63,"Adjust":9.8,"PTC":154.1,"pdc0":175.0,"gamma_pdc":-0.0052,"gamma_r":-0.52}