{"Date":"2/14/2011","Version":"MM107","Technology":"Mono-c-Si","BIPV":"N","A_c":1.2770000000000001,"N_s":72.0,"T_NOCT":46.4,"I_sc_ref":5.19,"V_oc_ref":44.1,"I_mp_ref":4.79,"V_mp_ref":35.5,"alpha_sc":0.002076,"beta_oc":-0.16758,"a_ref":1.9745,"I_L_ref":5.2,"I_o_ref":1.01e-09,"R_s":0.608,"R_sh_ref":303.21,"Adjust":9.2,"PTC":149.6,"pdc0":170.0,"gamma_pdc":-0.0052,"gamma_r":-0.52}