{"Date":"2/14/2011","Version":"MM107","Technology":"Multi-c-Si","BIPV":"N","A_c":1.6369999999999998,"N_s":60.0,"T_NOCT":45.9,"I_sc_ref":8.34,"V_oc_ref":36.8,"I_mp_ref":7.71,"V_mp_ref":29.8,"alpha_sc":0.005004,"beta_oc":-0.15088,"a_ref":1.7652,"I_L_ref":8.351,"I_o_ref":7.21e-09,"R_s":0.259,"R_sh_ref":198.46,"Adjust":14.1,"PTC":200.7,"pdc0":230.0,"gamma_pdc":-0.005699999999999999,"gamma_r":-0.57}