{"Date":"2/14/2011","Version":"MM107","Technology":"Multi-c-Si","BIPV":"N","A_c":1.6369999999999998,"N_s":60.0,"T_NOCT":45.9,"I_sc_ref":8.48,"V_oc_ref":36.9,"I_mp_ref":7.81,"V_mp_ref":30.1,"alpha_sc":0.0050880000000000005,"beta_oc":-0.15129,"a_ref":1.7829,"I_L_ref":8.492,"I_o_ref":8.48e-09,"R_s":0.221,"R_sh_ref":157.14,"Adjust":15.5,"PTC":205.2,"pdc0":235.0,"gamma_pdc":-0.005699999999999999,"gamma_r":-0.57}