{"Date":"2/14/2011","Version":"MM107","Technology":"Multi-c-Si","BIPV":"N","A_c":1.6369999999999998,"N_s":60.0,"T_NOCT":45.9,"I_sc_ref":8.03,"V_oc_ref":36.5,"I_mp_ref":7.38,"V_mp_ref":29.1,"alpha_sc":0.004818,"beta_oc":-0.14965,"a_ref":1.7396,"I_L_ref":8.047,"I_o_ref":6.04e-09,"R_s":0.341,"R_sh_ref":162.45,"Adjust":12.8,"PTC":187.2,"pdc0":215.0,"gamma_pdc":-0.005699999999999999,"gamma_r":-0.57}