{"Date":"2/14/2011","Version":"MM107","Technology":"Multi-c-Si","BIPV":"N","A_c":1.6369999999999998,"N_s":60.0,"T_NOCT":45.9,"I_sc_ref":8.29,"V_oc_ref":36.7,"I_mp_ref":7.62,"V_mp_ref":29.5,"alpha_sc":0.004974,"beta_oc":-0.15047,"a_ref":1.7581,"I_L_ref":8.306000000000001,"I_o_ref":6.93e-09,"R_s":0.294,"R_sh_ref":154.25,"Adjust":13.8,"PTC":196.2,"pdc0":225.0,"gamma_pdc":-0.005699999999999999,"gamma_r":-0.57}