{"Date":"2/14/2011","Version":"MM107","Technology":"Multi-c-Si","BIPV":"N","A_c":1.6369999999999998,"N_s":60.0,"T_NOCT":45.9,"I_sc_ref":8.09,"V_oc_ref":36.6,"I_mp_ref":7.52,"V_mp_ref":29.3,"alpha_sc":0.004854,"beta_oc":-0.15006,"a_ref":1.7356,"I_L_ref":8.097999999999999,"I_o_ref":5.5399999999999995e-09,"R_s":0.322,"R_sh_ref":324.28,"Adjust":11.9,"PTC":191.7,"pdc0":220.0,"gamma_pdc":-0.005699999999999999,"gamma_r":-0.57}