{"Date":"10/20/2011","Version":"NRELv1","Technology":"Multi-c-Si","BIPV":"N","A_c":1.6369999999999998,"N_s":60.0,"T_NOCT":48.1,"I_sc_ref":8.55,"V_oc_ref":35.4,"I_mp_ref":7.63,"V_mp_ref":29.5,"alpha_sc":0.004275,"beta_oc":-0.12744,"a_ref":1.6663,"I_L_ref":8.568999999999999,"I_o_ref":4.73e-09,"R_s":0.129,"R_sh_ref":58.46,"Adjust":25.8,"PTC":196.0,"pdc0":225.0,"gamma_pdc":-0.0052,"gamma_r":-0.52}