{"Date":"10/20/2011","Version":"NRELv1","Technology":"Multi-c-Si","BIPV":"N","A_c":1.9409999999999998,"N_s":72.0,"T_NOCT":47.8,"I_sc_ref":8.36,"V_oc_ref":43.2,"I_mp_ref":7.64,"V_mp_ref":36.0,"alpha_sc":0.0033439999999999998,"beta_oc":-0.16416,"a_ref":2.046,"I_L_ref":8.371,"I_o_ref":5.43e-09,"R_s":0.161,"R_sh_ref":125.11,"Adjust":20.74,"PTC":238.3,"pdc0":275.0,"gamma_pdc":-0.0055000000000000005,"gamma_r":-0.55}