{"Technology":"Multi-c-Si","BIPV":"N","A_c":1.9340000000000002,"N_s":72.0,"T_NOCT":46.0,"PTC":285.6,"pdc0":315.0,"gamma_pdc":-0.00431}