{"Vac":0.0,"Paco":500000.0,"Pdco":523601.0,"Vdco":600.0,"Pso":2419.53,"C0":-5.07146e-08,"C1":2.70758e-05,"C2":0.00060498,"C3":-0.00022685099999999997,"Pnt":33.4,"Vdcmax":800.0,"Mppt_low":495.0,"Mppt_high":800.0}