{"Vac":0.0,"Paco":600000.0,"Pdco":625829.0,"Vdco":700.0,"Pso":2840.61,"C0":-3.61426e-08,"C1":2.0122100000000002e-05,"C2":5.7828e-05,"C3":-0.00113258,"Pnt":47.0,"Vdcmax":800.0,"Mppt_low":595.0,"Mppt_high":800.0}