{"Vac":480.0,"Paco":100000.0,"Pdco":105325.9195,"Vdco":340.06575899999996,"Pso":979.3571881000001,"C0":-2.8300000000000003e-07,"C1":4e-05,"C2":0.0035600000000000002,"C3":-0.000784,"Pnt":20.5,"Vdcmax":0.0,"Mppt_low":0.0,"Mppt_high":0.0}