{"Vac":480.0,"Paco":100000.0,"Pdco":105017.9099,"Vdco":340.0571184,"Pso":837.2813671,"C0":-2.75e-07,"C1":4.34e-05,"C2":0.00433,"C3":0.00023799999999999998,"Pnt":20.5,"Vdcmax":0.0,"Mppt_low":0.0,"Mppt_high":0.0}