{"Date":"02.03.2014","Version":"NRELv1","Technology":"Multi-c-Si","BIPV":"N","A_c":1.629,"N_s":60.0,"T_NOCT":46.6,"I_sc_ref":8.85,"V_oc_ref":39.18,"I_mp_ref":8.42,"V_mp_ref":30.88,"alpha_sc":0.005085,"beta_oc":-0.12855,"a_ref":1.6484,"I_L_ref":8.94,"I_o_ref":4.2500000000000003e-10,"R_s":0.425,"R_sh_ref":2848.3,"Adjust":12.84,"PTC":232.5,"pdc0":260.0,"gamma_pdc":-0.004739999999999999,"gamma_r":-0.474}