{"Date":"02.03.2014","Version":"NRELv1","Technology":"Mono-c-Si","BIPV":"N","A_c":1.629,"N_s":60.0,"T_NOCT":46.6,"I_sc_ref":8.41,"V_oc_ref":37.24,"I_mp_ref":8.0,"V_mp_ref":29.36,"alpha_sc":0.004832,"beta_oc":-0.12218,"a_ref":1.5673,"I_L_ref":8.496,"I_o_ref":4.06e-10,"R_s":0.423,"R_sh_ref":2422.61,"Adjust":12.9,"PTC":209.5,"pdc0":235.0,"gamma_pdc":-0.004739999999999999,"gamma_r":-0.474}