{"Date":"02.03.2014","Version":"NRELv1","Technology":"Multi-c-Si","BIPV":"N","A_c":1.94,"N_s":72.0,"T_NOCT":46.6,"I_sc_ref":8.75,"V_oc_ref":46.48,"I_mp_ref":8.32,"V_mp_ref":36.64,"alpha_sc":0.005028,"beta_oc":-0.1525,"a_ref":1.9564,"I_L_ref":8.839,"I_o_ref":4.24e-10,"R_s":0.508,"R_sh_ref":2255.23,"Adjust":12.93,"PTC":272.6,"pdc0":305.0,"gamma_pdc":-0.004739999999999999,"gamma_r":-0.474}