{"Date":"02.03.2014","Version":"NRELv1","Technology":"Multi-c-Si","BIPV":"N","A_c":1.94,"N_s":72.0,"T_NOCT":46.6,"I_sc_ref":8.6,"V_oc_ref":45.71,"I_mp_ref":8.19,"V_mp_ref":36.04,"alpha_sc":0.004942,"beta_oc":-0.14998,"a_ref":1.9226,"I_L_ref":8.686,"I_o_ref":4.1000000000000003e-10,"R_s":0.508,"R_sh_ref":15951.7,"Adjust":12.78,"PTC":263.4,"pdc0":295.0,"gamma_pdc":-0.004739999999999999,"gamma_r":-0.474}