{"Date":"02.03.2014","Version":"NRELv1","Technology":"Multi-c-Si","BIPV":"N","A_c":1.94,"N_s":72.0,"T_NOCT":46.6,"I_sc_ref":8.68,"V_oc_ref":46.1,"I_mp_ref":8.26,"V_mp_ref":36.34,"alpha_sc":0.004988,"beta_oc":-0.15125,"a_ref":1.9396,"I_L_ref":8.767999999999999,"I_o_ref":4.17e-10,"R_s":0.508,"R_sh_ref":4091.33,"Adjust":12.84,"PTC":268.0,"pdc0":300.0,"gamma_pdc":-0.004739999999999999,"gamma_r":-0.474}