{"Date":"02.03.2014","Version":"NRELv1","Technology":"Multi-c-Si","BIPV":"N","A_c":1.629,"N_s":60.0,"T_NOCT":46.6,"I_sc_ref":8.76,"V_oc_ref":38.8,"I_mp_ref":8.34,"V_mp_ref":30.59,"alpha_sc":0.005034,"beta_oc":-0.1273,"a_ref":1.6321,"I_L_ref":8.847999999999999,"I_o_ref":4.19e-10,"R_s":0.423,"R_sh_ref":6304.79,"Adjust":12.8,"PTC":227.9,"pdc0":255.0,"gamma_pdc":-0.004739999999999999,"gamma_r":-0.474}