{"Date":"02.03.2014","Version":"NRELv1","Technology":"Multi-c-Si","BIPV":"N","A_c":1.94,"N_s":72.0,"T_NOCT":46.6,"I_sc_ref":8.53,"V_oc_ref":45.32,"I_mp_ref":8.12,"V_mp_ref":35.73,"alpha_sc":0.004901,"beta_oc":-0.1487,"a_ref":1.9065,"I_L_ref":8.616,"I_o_ref":4.09e-10,"R_s":0.508,"R_sh_ref":6113.15,"Adjust":12.82,"PTC":258.8,"pdc0":290.0,"gamma_pdc":-0.004739999999999999,"gamma_r":-0.474}