{"Date":"02.03.2014","Version":"NRELv1","Technology":"Multi-c-Si","BIPV":"N","A_c":1.629,"N_s":60.0,"T_NOCT":46.6,"I_sc_ref":8.59,"V_oc_ref":38.03,"I_mp_ref":8.17,"V_mp_ref":29.98,"alpha_sc":0.004936,"beta_oc":-0.12478,"a_ref":1.6005,"I_L_ref":8.677999999999999,"I_o_ref":4.15e-10,"R_s":0.424,"R_sh_ref":2199.07,"Adjust":12.9,"PTC":218.7,"pdc0":245.0,"gamma_pdc":-0.004739999999999999,"gamma_r":-0.474}