{"Date":"12/23/2014","Version":"NRELv1","Technology":"Multi-c-Si","BIPV":"N","A_c":1.6380000000000001,"N_s":60.0,"T_NOCT":47.6,"I_sc_ref":8.52,"V_oc_ref":37.2,"I_mp_ref":8.03,"V_mp_ref":31.2,"alpha_sc":0.004906000000000001,"beta_oc":-0.12432,"a_ref":1.5889,"I_L_ref":8.523,"I_o_ref":5.73e-10,"R_s":0.155,"R_sh_ref":460.62,"Adjust":13.94,"PTC":223.4,"pdc0":250.0,"gamma_pdc":-0.0045000000000000005,"gamma_r":-0.45}