{"Technology":"Thin Film","BIPV":"Y","A_c":3.3360000000000003,"N_s":112.0,"T_NOCT":47.9,"PTC":410.8,"pdc0":445.4,"gamma_pdc":-0.0031490000000000003}