{"Date":"01.05.2010","Version":"MM106","Technology":"Multi-c-Si","BIPV":"N","A_c":1.284,"N_s":48.0,"T_NOCT":44.1,"I_sc_ref":8.3,"V_oc_ref":29.5,"I_mp_ref":7.83,"V_mp_ref":23.0,"alpha_sc":0.0037,"beta_oc":-0.09723,"a_ref":1.1916,"I_L_ref":8.3,"I_o_ref":1.4699999999999998e-10,"R_s":0.39299999999999996,"R_sh_ref":12243.46,"Adjust":3.7,"PTC":163.5,"pdc0":180.0,"gamma_pdc":-0.00449,"gamma_r":-0.449}