{"Date":"01.05.2010","Version":"MM106","Technology":"Multi-c-Si","BIPV":"N","A_c":1.465,"N_s":54.0,"T_NOCT":46.5,"I_sc_ref":8.45,"V_oc_ref":33.6,"I_mp_ref":7.5,"V_mp_ref":26.0,"alpha_sc":0.004242,"beta_oc":-0.11333,"a_ref":1.4607,"I_L_ref":8.525,"I_o_ref":8.069999999999999e-10,"R_s":0.45899999999999996,"R_sh_ref":51.91,"Adjust":16.2,"PTC":173.0,"pdc0":195.0,"gamma_pdc":-0.00486,"gamma_r":-0.486}