{"Date":"01.05.2010","Version":"MM106","Technology":"Multi-c-Si","BIPV":"N","A_c":1.6340000000000001,"N_s":60.0,"T_NOCT":45.3,"I_sc_ref":8.4,"V_oc_ref":37.0,"I_mp_ref":7.8,"V_mp_ref":29.5,"alpha_sc":0.004771,"beta_oc":-0.12913,"a_ref":1.5799,"I_L_ref":8.416,"I_o_ref":5.559999999999999e-10,"R_s":0.375,"R_sh_ref":203.32,"Adjust":8.8,"PTC":206.6,"pdc0":230.0,"gamma_pdc":-0.00469,"gamma_r":-0.469}