{"Date":"01.05.2010","Version":"MM106","Technology":"Multi-c-Si","BIPV":"N","A_c":1.774,"N_s":66.0,"T_NOCT":48.6,"I_sc_ref":8.33,"V_oc_ref":40.9,"I_mp_ref":7.74,"V_mp_ref":32.3,"alpha_sc":0.003357,"beta_oc":-0.13865,"a_ref":1.7059,"I_L_ref":8.347000000000001,"I_o_ref":3.1600000000000005e-10,"R_s":0.474,"R_sh_ref":235.28,"Adjust":7.3,"PTC":220.6,"pdc0":250.0,"gamma_pdc":-0.00468,"gamma_r":-0.46799999999999997}