{"Date":"01.05.2010","Version":"MM106","Technology":"Multi-c-Si","BIPV":"N","A_c":1.931,"N_s":72.0,"T_NOCT":45.9,"I_sc_ref":8.35,"V_oc_ref":45.0,"I_mp_ref":7.89,"V_mp_ref":35.5,"alpha_sc":0.003607,"beta_oc":-0.15435,"a_ref":1.8685,"I_L_ref":8.36,"I_o_ref":2.9000000000000003e-10,"R_s":0.522,"R_sh_ref":100000.0,"Adjust":5.2,"PTC":250.8,"pdc0":280.0,"gamma_pdc":-0.004699999999999999,"gamma_r":-0.47}