{"Date":"07.01.2013","Version":"NRELv1","Technology":"Multi-c-Si","BIPV":"N","A_c":1.95,"N_s":72.0,"T_NOCT":45.3,"I_sc_ref":8.62,"V_oc_ref":45.3,"I_mp_ref":8.1,"V_mp_ref":35.8,"alpha_sc":0.004051,"beta_oc":-0.1667,"a_ref":1.8814,"I_L_ref":8.625,"I_o_ref":2.99e-10,"R_s":0.502,"R_sh_ref":847.17,"Adjust":-1.8659999999999999,"PTC":261.4,"pdc0":290.0,"gamma_pdc":-0.0046,"gamma_r":-0.46}