{"Date":"07.01.2013","Version":"NRELv1","Technology":"Multi-c-Si","BIPV":"N","A_c":1.95,"N_s":72.0,"T_NOCT":45.3,"I_sc_ref":8.77,"V_oc_ref":46.3,"I_mp_ref":8.17,"V_mp_ref":36.7,"alpha_sc":0.004122,"beta_oc":-0.17038,"a_ref":1.9359,"I_L_ref":8.783999999999999,"I_o_ref":3.54e-10,"R_s":0.489,"R_sh_ref":296.18,"Adjust":-0.6356,"PTC":270.7,"pdc0":300.0,"gamma_pdc":-0.0046,"gamma_r":-0.46}