{"Date":"07.01.2013","Version":"NRELv1","Technology":"Multi-c-Si","BIPV":"N","A_c":1.95,"N_s":72.0,"T_NOCT":45.3,"I_sc_ref":8.87,"V_oc_ref":46.3,"I_mp_ref":8.25,"V_mp_ref":37.0,"alpha_sc":0.004169,"beta_oc":-0.17038,"a_ref":1.9473,"I_L_ref":8.886000000000001,"I_o_ref":4.11e-10,"R_s":0.44,"R_sh_ref":251.02,"Adjust":0.4684,"PTC":275.4,"pdc0":305.0,"gamma_pdc":-0.0046,"gamma_r":-0.46}