{"Technology":"Multi-c-Si","BIPV":"N","A_c":1.6269999999999998,"N_s":60.0,"T_NOCT":46.3,"PTC":237.7,"pdc0":265.0,"gamma_pdc":-0.004699999999999999}