{"Date":"04.02.2013","Version":"NRELv1","Technology":"Multi-c-Si","BIPV":"N","A_c":1.6,"N_s":60.0,"T_NOCT":46.8,"I_sc_ref":8.45,"V_oc_ref":36.58,"I_mp_ref":7.71,"V_mp_ref":29.2,"alpha_sc":0.0038619999999999995,"beta_oc":-0.12935,"a_ref":1.5437,"I_L_ref":8.482999999999999,"I_o_ref":4.14e-10,"R_s":0.37200000000000005,"R_sh_ref":95.07,"Adjust":5.146,"PTC":201.1,"pdc0":225.0,"gamma_pdc":-0.00456,"gamma_r":-0.456}