{"Date":"04.02.2013","Version":"NRELv1","Technology":"Mono-c-Si","BIPV":"N","A_c":1.6,"N_s":60.0,"T_NOCT":44.5,"I_sc_ref":8.86,"V_oc_ref":38.26,"I_mp_ref":8.55,"V_mp_ref":31.03,"alpha_sc":0.003048,"beta_oc":-0.12900999999999999,"a_ref":1.5731,"I_L_ref":9.04,"I_o_ref":2.47e-10,"R_s":0.303,"R_sh_ref":1932.19,"Adjust":5.247000000000001,"PTC":240.8,"pdc0":265.0,"gamma_pdc":-0.00456,"gamma_r":-0.456}