{"Date":"04.02.2013","Version":"NRELv1","Technology":"Multi-c-Si","BIPV":"N","A_c":1.6,"N_s":60.0,"T_NOCT":46.8,"I_sc_ref":8.63,"V_oc_ref":37.27,"I_mp_ref":8.02,"V_mp_ref":29.95,"alpha_sc":0.003944,"beta_oc":-0.13179000000000002,"a_ref":1.5618,"I_L_ref":8.646,"I_o_ref":3.65e-10,"R_s":0.34299999999999997,"R_sh_ref":188.43,"Adjust":3.858,"PTC":214.9,"pdc0":240.0,"gamma_pdc":-0.00456,"gamma_r":-0.456}