{"Date":"04.02.2013","Version":"NRELv1","Technology":"Mono-c-Si","BIPV":"N","A_c":1.681,"N_s":96.0,"T_NOCT":47.3,"I_sc_ref":5.61,"V_oc_ref":59.9,"I_mp_ref":5.05,"V_mp_ref":49.5,"alpha_sc":0.0035740000000000004,"beta_oc":-0.23062,"a_ref":2.6089,"I_L_ref":5.627000000000001,"I_o_ref":5.63e-10,"R_s":0.515,"R_sh_ref":166.99,"Adjust":2.121,"PTC":224.6,"pdc0":250.0,"gamma_pdc":-0.00433,"gamma_r":-0.433}