{"Date":"04.02.2013","Version":"NRELv1","Technology":"Mono-c-Si","BIPV":"N","A_c":1.6269999999999998,"N_s":60.0,"T_NOCT":47.1,"I_sc_ref":8.7,"V_oc_ref":37.6,"I_mp_ref":8.17,"V_mp_ref":30.6,"alpha_sc":0.006325,"beta_oc":-0.15585,"a_ref":1.6105,"I_L_ref":8.706,"I_o_ref":6.26e-10,"R_s":0.28,"R_sh_ref":441.54,"Adjust":-7.95,"PTC":224.7,"pdc0":250.0,"gamma_pdc":-0.00439,"gamma_r":-0.439}