{"Date":"04.02.2013","Version":"NRELv1","Technology":"Mono-c-Si","BIPV":"N","A_c":1.6269999999999998,"N_s":60.0,"T_NOCT":47.1,"I_sc_ref":8.31,"V_oc_ref":37.2,"I_mp_ref":7.83,"V_mp_ref":30.0,"alpha_sc":0.0060409999999999995,"beta_oc":-0.15419000000000002,"a_ref":1.5812,"I_L_ref":8.312999999999999,"I_o_ref":5.02e-10,"R_s":0.332,"R_sh_ref":1002.02,"Adjust":-9.258,"PTC":210.8,"pdc0":235.0,"gamma_pdc":-0.00439,"gamma_r":-0.439}