{"Date":"04.02.2013","Version":"NRELv1","Technology":"Multi-c-Si","BIPV":"N","A_c":1.6269999999999998,"N_s":60.0,"T_NOCT":47.0,"I_sc_ref":8.81,"V_oc_ref":37.6,"I_mp_ref":8.23,"V_mp_ref":30.4,"alpha_sc":0.007762000000000001,"beta_oc":-0.16409,"a_ref":1.6394,"I_L_ref":8.818999999999999,"I_o_ref":9.510000000000001e-10,"R_s":0.297,"R_sh_ref":293.45,"Adjust":-9.838,"PTC":224.9,"pdc0":250.0,"gamma_pdc":-0.004370000000000001,"gamma_r":-0.43700000000000006}