{"Date":"04.02.2013","Version":"NRELv1","Technology":"Multi-c-Si","BIPV":"N","A_c":1.94,"N_s":72.0,"T_NOCT":45.6,"I_sc_ref":8.98,"V_oc_ref":45.4,"I_mp_ref":8.07,"V_mp_ref":37.2,"alpha_sc":0.00828,"beta_oc":-0.19999,"a_ref":2.051,"I_L_ref":9.01,"I_o_ref":2.0600000000000003e-09,"R_s":0.26899999999999996,"R_sh_ref":79.79,"Adjust":-4.982,"PTC":272.1,"pdc0":300.0,"gamma_pdc":-0.004320000000000001,"gamma_r":-0.43200000000000005}