{"Date":"04.02.2013","Version":"NRELv1","Technology":"Mono-c-Si","BIPV":"N","A_c":1.6269999999999998,"N_s":60.0,"T_NOCT":47.1,"I_sc_ref":8.45,"V_oc_ref":37.3,"I_mp_ref":7.95,"V_mp_ref":30.2,"alpha_sc":0.006143,"beta_oc":-0.15461,"a_ref":1.5908,"I_L_ref":8.454,"I_o_ref":5.510000000000001e-10,"R_s":0.309,"R_sh_ref":644.48,"Adjust":-8.687999999999999,"PTC":215.4,"pdc0":240.0,"gamma_pdc":-0.00439,"gamma_r":-0.439}