{"Date":"04.02.2013","Version":"NRELv1","Technology":"Multi-c-Si","BIPV":"N","A_c":1.94,"N_s":72.0,"T_NOCT":45.6,"I_sc_ref":8.81,"V_oc_ref":44.5,"I_mp_ref":7.89,"V_mp_ref":35.5,"alpha_sc":0.008123,"beta_oc":-0.19602,"a_ref":1.9789,"I_L_ref":8.857999999999999,"I_o_ref":1.4199999999999999e-09,"R_s":0.415,"R_sh_ref":76.1,"Adjust":-7.69,"PTC":253.5,"pdc0":280.0,"gamma_pdc":-0.004320000000000001,"gamma_r":-0.43200000000000005}