{"Date":"12/27/2012","Version":"NRELv1","Technology":"Mono-c-Si","BIPV":"Y","A_c":2.204,"N_s":90.0,"T_NOCT":47.0,"I_sc_ref":6.0,"V_oc_ref":58.2,"I_mp_ref":5.6,"V_mp_ref":48.4,"alpha_sc":-0.0084,"beta_oc":-0.1874,"a_ref":2.3898,"I_L_ref":6.007000000000001,"I_o_ref":1.56e-10,"R_s":0.461,"R_sh_ref":424.67,"Adjust":11.88,"PTC":230.6,"pdc0":269.6,"gamma_pdc":-0.00598,"gamma_r":-0.598}