{"Date":"11.09.2009","Version":"MM106","Technology":"Mono-c-Si","BIPV":"N","A_c":1.278,"N_s":96.0,"T_NOCT":42.4,"I_sc_ref":5.4,"V_oc_ref":59.3,"I_mp_ref":4.99,"V_mp_ref":48.8,"alpha_sc":0.004806,"beta_oc":-0.22178,"a_ref":2.6931,"I_L_ref":5.407,"I_o_ref":1.4400000000000002e-09,"R_s":0.53,"R_sh_ref":386.13,"Adjust":13.3,"PTC":218.7,"pdc0":240.0,"gamma_pdc":-0.00476,"gamma_r":-0.47600000000000003}