{"Date":"11.09.2009","Version":"MM106","Technology":"Mono-c-Si","BIPV":"N","A_c":1.272,"N_s":72.0,"T_NOCT":42.4,"I_sc_ref":4.97,"V_oc_ref":43.6,"I_mp_ref":4.58,"V_mp_ref":34.9,"alpha_sc":0.004423,"beta_oc":-0.16305999999999998,"a_ref":1.9502,"I_L_ref":4.981,"I_o_ref":9.44e-10,"R_s":0.6779999999999999,"R_sh_ref":299.64,"Adjust":10.2,"PTC":145.4,"pdc0":160.0,"gamma_pdc":-0.00476,"gamma_r":-0.47600000000000003}