{"Date":"07.08.2010","Version":"MM107","Technology":"Multi-c-Si","BIPV":"N","A_c":1.6269999999999998,"N_s":72.0,"T_NOCT":46.3,"I_sc_ref":8.2,"V_oc_ref":37.0,"I_mp_ref":7.6,"V_mp_ref":30.3,"alpha_sc":0.003747,"beta_oc":-0.11433,"a_ref":1.5157,"I_L_ref":8.216000000000001,"I_o_ref":1.99e-10,"R_s":0.285,"R_sh_ref":150.11,"Adjust":13.6,"PTC":207.7,"pdc0":230.0,"gamma_pdc":-0.00427,"gamma_r":-0.42700000000000005}