{"Vac":240.0,"Paco":225.0,"Pdco":236.31900000000002,"Vdco":43.0,"Pso":3.0393,"C0":-6.0668900000000005e-05,"C1":-0.000509943,"C2":0.00356761,"C3":-0.035431800000000006,"Pnt":0.03,"Vdcmax":50.0,"Mppt_low":30.0,"Mppt_high":50.0}