{"Vac":0.0,"Paco":240.0,"Pdco":252.015,"Vdco":31.5,"Pso":3.3330699999999998,"C0":-8.40767e-05,"C1":-0.00116492,"C2":0.014473500000000002,"C3":-0.042763499999999996,"Pnt":0.02,"Vdcmax":35.0,"Mppt_low":21.0,"Mppt_high":35.0}