{"Date":"03.09.2010","Version":"MM107","Technology":"Mono-c-Si","BIPV":"N","A_c":0.966,"N_s":54.0,"T_NOCT":45.4,"I_sc_ref":5.09,"V_oc_ref":30.2,"I_mp_ref":4.44,"V_mp_ref":25.9,"alpha_sc":0.002698,"beta_oc":-0.09996000000000001,"a_ref":1.3778,"I_L_ref":5.091,"I_o_ref":1.3900000000000002e-09,"R_s":0.017,"R_sh_ref":59.33,"Adjust":29.1,"PTC":103.2,"pdc0":115.0,"gamma_pdc":-0.00455,"gamma_r":-0.455}