{"Date":"03.09.2010","Version":"MM107","Technology":"Mono-c-Si","BIPV":"N","A_c":0.966,"N_s":54.0,"T_NOCT":45.4,"I_sc_ref":5.15,"V_oc_ref":30.2,"I_mp_ref":4.63,"V_mp_ref":25.9,"alpha_sc":0.0027300000000000002,"beta_oc":-0.09996000000000001,"a_ref":1.3483,"I_L_ref":5.152,"I_o_ref":9e-10,"R_s":0.04,"R_sh_ref":88.48,"Adjust":24.4,"PTC":107.8,"pdc0":120.0,"gamma_pdc":-0.00455,"gamma_r":-0.455}