{"Date":"12.01.2009","Version":"MM106","Technology":"Mono-c-Si","BIPV":"N","A_c":1.28,"N_s":72.0,"T_NOCT":47.0,"I_sc_ref":5.26,"V_oc_ref":42.9,"I_mp_ref":4.94,"V_mp_ref":35.4,"alpha_sc":0.0020039999999999997,"beta_oc":-0.16409,"a_ref":1.9294,"I_L_ref":5.2620000000000005,"I_o_ref":1.15e-09,"R_s":0.379,"R_sh_ref":933.6,"Adjust":9.5,"PTC":153.4,"pdc0":175.0,"gamma_pdc":-0.00522,"gamma_r":-0.522}