{"Date":"5/22/2012","Version":"NRELv1","Technology":"Multi-c-Si","BIPV":"N","A_c":1.642,"N_s":60.0,"T_NOCT":47.1,"I_sc_ref":8.31,"V_oc_ref":36.9,"I_mp_ref":7.62,"V_mp_ref":30.2,"alpha_sc":0.007287999999999999,"beta_oc":-0.12996,"a_ref":1.6165,"I_L_ref":8.329,"I_o_ref":9.760000000000001e-10,"R_s":0.255,"R_sh_ref":111.8,"Adjust":12.8,"PTC":206.0,"pdc0":230.0,"gamma_pdc":-0.00442,"gamma_r":-0.442}