{"Date":"5/22/2012","Version":"NRELv1","Technology":"Mono-c-Si","BIPV":"N","A_c":1.2770000000000001,"N_s":72.0,"T_NOCT":45.8,"I_sc_ref":5.79,"V_oc_ref":45.5,"I_mp_ref":5.35,"V_mp_ref":37.39,"alpha_sc":0.002895,"beta_oc":-0.15015,"a_ref":1.9475,"I_L_ref":5.8,"I_o_ref":4.0099999999999996e-10,"R_s":0.436,"R_sh_ref":246.89,"Adjust":15.82,"PTC":180.1,"pdc0":200.0,"gamma_pdc":-0.0046,"gamma_r":-0.46}