{"Date":"5/22/2012","Version":"NRELv1","Technology":"Multi-c-Si","BIPV":"N","A_c":1.6230000000000002,"N_s":60.0,"T_NOCT":46.1,"I_sc_ref":8.3,"V_oc_ref":36.4,"I_mp_ref":7.85,"V_mp_ref":29.38,"alpha_sc":0.00498,"beta_oc":-0.12376,"a_ref":1.537,"I_L_ref":8.3,"I_o_ref":4.31e-10,"R_s":0.32299999999999995,"R_sh_ref":56934.6,"Adjust":9.592,"PTC":206.2,"pdc0":230.0,"gamma_pdc":-0.0046,"gamma_r":-0.46}