{"Date":"5/22/2012","Version":"NRELv1","Technology":"Mono-c-Si","BIPV":"N","A_c":1.689,"N_s":96.0,"T_NOCT":46.6,"I_sc_ref":5.35,"V_oc_ref":61.0,"I_mp_ref":4.85,"V_mp_ref":50.5,"alpha_sc":0.003713,"beta_oc":-0.23101,"a_ref":2.7479,"I_L_ref":5.362,"I_o_ref":1.16e-09,"R_s":0.49,"R_sh_ref":212.98,"Adjust":10.47,"PTC":218.8,"pdc0":245.0,"gamma_pdc":-0.0046700000000000005,"gamma_r":-0.467}