{"Date":"5/22/2012","Version":"NRELv1","Technology":"Multi-c-Si","BIPV":"N","A_c":1.6230000000000002,"N_s":60.0,"T_NOCT":46.1,"I_sc_ref":8.44,"V_oc_ref":36.5,"I_mp_ref":8.09,"V_mp_ref":29.7,"alpha_sc":0.005064,"beta_oc":-0.1241,"a_ref":1.5527,"I_L_ref":8.615,"I_o_ref":5.269999999999999e-10,"R_s":0.278,"R_sh_ref":450.87,"Adjust":11.12,"PTC":215.4,"pdc0":240.0,"gamma_pdc":-0.0046,"gamma_r":-0.46}