{"Date":"5/22/2012","Version":"NRELv1","Technology":"Multi-c-Si","BIPV":"N","A_c":1.642,"N_s":60.0,"T_NOCT":47.1,"I_sc_ref":8.2,"V_oc_ref":36.8,"I_mp_ref":7.48,"V_mp_ref":30.1,"alpha_sc":0.0071909999999999995,"beta_oc":-0.12961,"a_ref":1.6169,"I_L_ref":8.222000000000001,"I_o_ref":1.02e-09,"R_s":0.259,"R_sh_ref":97.4,"Adjust":13.38,"PTC":201.4,"pdc0":225.0,"gamma_pdc":-0.00442,"gamma_r":-0.442}