{"Date":"08.01.2012","Version":"NRELv1","Technology":"Multi-c-Si","BIPV":"N","A_c":1.794,"N_s":66.0,"T_NOCT":47.6,"I_sc_ref":8.52,"V_oc_ref":40.92,"I_mp_ref":8.03,"V_mp_ref":34.32,"alpha_sc":0.004906000000000001,"beta_oc":-0.13676,"a_ref":1.7478,"I_L_ref":8.523,"I_o_ref":5.73e-10,"R_s":0.17,"R_sh_ref":506.69,"Adjust":13.94,"PTC":245.8,"pdc0":275.0,"gamma_pdc":-0.0045000000000000005,"gamma_r":-0.45}