{"Date":"08.01.2012","Version":"NRELv1","Technology":"Multi-c-Si","BIPV":"N","A_c":1.9509999999999998,"N_s":72.0,"T_NOCT":46.2,"I_sc_ref":8.46,"V_oc_ref":44.28,"I_mp_ref":7.96,"V_mp_ref":36.79,"alpha_sc":0.005077,"beta_oc":-0.14545999999999998,"a_ref":1.8669,"I_L_ref":8.464,"I_o_ref":4.19e-10,"R_s":0.24,"R_sh_ref":470.85,"Adjust":13.06,"PTC":261.5,"pdc0":290.0,"gamma_pdc":-0.0044,"gamma_r":-0.44}