{"Date":"08.01.2012","Version":"NRELv1","Technology":"Multi-c-Si","BIPV":"N","A_c":1.794,"N_s":66.0,"T_NOCT":47.6,"I_sc_ref":8.56,"V_oc_ref":41.25,"I_mp_ref":8.08,"V_mp_ref":34.72,"alpha_sc":0.004929,"beta_oc":-0.13785999999999998,"a_ref":1.7639,"I_L_ref":8.562000000000001,"I_o_ref":5.92e-10,"R_s":0.153,"R_sh_ref":605.13,"Adjust":14.19,"PTC":250.4,"pdc0":280.0,"gamma_pdc":-0.0045000000000000005,"gamma_r":-0.45}