{"Date":"08.01.2012","Version":"NRELv1","Technology":"Multi-c-Si","BIPV":"N","A_c":1.794,"N_s":66.0,"T_NOCT":47.6,"I_sc_ref":8.1,"V_oc_ref":40.06,"I_mp_ref":7.49,"V_mp_ref":33.4,"alpha_sc":0.004664,"beta_oc":-0.13388,"a_ref":1.7251,"I_L_ref":8.111,"I_o_ref":6.45e-10,"R_s":0.2,"R_sh_ref":153.93,"Adjust":15.57,"PTC":213.7,"pdc0":240.0,"gamma_pdc":-0.0045000000000000005,"gamma_r":-0.45}