{"Date":"08.01.2012","Version":"NRELv1","Technology":"Multi-c-Si","BIPV":"N","A_c":1.9509999999999998,"N_s":72.0,"T_NOCT":47.6,"I_sc_ref":8.67,"V_oc_ref":45.58,"I_mp_ref":8.24,"V_mp_ref":38.45,"alpha_sc":0.004992,"beta_oc":-0.15233,"a_ref":1.9542,"I_L_ref":8.76,"I_o_ref":6.42e-10,"R_s":0.152,"R_sh_ref":434.72,"Adjust":14.75,"PTC":281.9,"pdc0":315.0,"gamma_pdc":-0.0045000000000000005,"gamma_r":-0.45}