{"Date":"08.01.2012","Version":"NRELv1","Technology":"Mono-c-Si","BIPV":"N","A_c":0.98,"N_s":36.0,"T_NOCT":46.0,"I_sc_ref":8.23,"V_oc_ref":22.03,"I_mp_ref":7.63,"V_mp_ref":18.36,"alpha_sc":0.004422,"beta_oc":-0.07852,"a_ref":0.975,"I_L_ref":8.238999999999999,"I_o_ref":1.23e-09,"R_s":0.102,"R_sh_ref":97.96,"Adjust":14.06,"PTC":125.0,"pdc0":140.0,"gamma_pdc":-0.0048,"gamma_r":-0.48}