{"Date":"08.01.2012","Version":"NRELv1","Technology":"Mono-c-Si","BIPV":"N","A_c":1.165,"N_s":42.0,"T_NOCT":46.0,"I_sc_ref":8.35,"V_oc_ref":26.04,"I_mp_ref":7.56,"V_mp_ref":21.21,"alpha_sc":0.0044859999999999995,"beta_oc":-0.09281,"a_ref":1.1539,"I_L_ref":8.378,"I_o_ref":1.25e-09,"R_s":0.191,"R_sh_ref":57.09,"Adjust":14.15,"PTC":142.7,"pdc0":160.0,"gamma_pdc":-0.0048,"gamma_r":-0.48}