{"Date":"08.01.2012","Version":"NRELv1","Technology":"Mono-c-Si","BIPV":"N","A_c":1.476,"N_s":54.0,"T_NOCT":46.0,"I_sc_ref":8.18,"V_oc_ref":33.59,"I_mp_ref":7.47,"V_mp_ref":27.43,"alpha_sc":0.0043950000000000005,"beta_oc":-0.11972000000000001,"a_ref":1.4825,"I_L_ref":8.201,"I_o_ref":1.13e-09,"R_s":0.242,"R_sh_ref":92.79,"Adjust":13.37,"PTC":182.9,"pdc0":205.0,"gamma_pdc":-0.0048,"gamma_r":-0.48}