{"Date":"08.01.2012","Version":"NRELv1","Technology":"Mono-c-Si","BIPV":"N","A_c":0.98,"N_s":36.0,"T_NOCT":46.0,"I_sc_ref":8.42,"V_oc_ref":22.46,"I_mp_ref":7.9,"V_mp_ref":18.36,"alpha_sc":0.004524,"beta_oc":-0.08005,"a_ref":0.9753,"I_L_ref":8.425,"I_o_ref":8.319999999999999e-10,"R_s":0.158,"R_sh_ref":247.87,"Adjust":10.21,"PTC":129.6,"pdc0":145.0,"gamma_pdc":-0.0048,"gamma_r":-0.48}