{"Date":"08.01.2012","Version":"NRELv1","Technology":"Mono-c-Si","BIPV":"N","A_c":1.3090000000000002,"N_s":48.0,"T_NOCT":46.0,"I_sc_ref":8.42,"V_oc_ref":29.95,"I_mp_ref":7.85,"V_mp_ref":24.86,"alpha_sc":0.004524,"beta_oc":-0.10674000000000002,"a_ref":1.3177,"I_L_ref":8.427,"I_o_ref":1.11e-09,"R_s":0.152,"R_sh_ref":176.47,"Adjust":12.85,"PTC":174.3,"pdc0":195.0,"gamma_pdc":-0.0048,"gamma_r":-0.48}