{"Date":"08.01.2012","Version":"NRELv1","Technology":"Mono-c-Si","BIPV":"N","A_c":1.3090000000000002,"N_s":48.0,"T_NOCT":46.0,"I_sc_ref":8.18,"V_oc_ref":29.86,"I_mp_ref":7.59,"V_mp_ref":24.38,"alpha_sc":0.0043950000000000005,"beta_oc":-0.10642,"a_ref":1.3046,"I_L_ref":8.192,"I_o_ref":9.16e-10,"R_s":0.21899999999999997,"R_sh_ref":148.79,"Adjust":11.38,"PTC":165.1,"pdc0":185.0,"gamma_pdc":-0.0048,"gamma_r":-0.48}