{"Date":"08.01.2012","Version":"NRELv1","Technology":"Mono-c-Si","BIPV":"N","A_c":1.9509999999999998,"N_s":72.0,"T_NOCT":47.9,"I_sc_ref":8.18,"V_oc_ref":44.78,"I_mp_ref":7.52,"V_mp_ref":36.58,"alpha_sc":0.0043619999999999996,"beta_oc":-0.14527,"a_ref":1.8980000000000001,"I_L_ref":8.2,"I_o_ref":4.4699999999999996e-10,"R_s":0.342,"R_sh_ref":143.38,"Adjust":15.59,"PTC":244.9,"pdc0":275.0,"gamma_pdc":-0.00449,"gamma_r":-0.449}