{"Date":"08.01.2012","Version":"NRELv1","Technology":"Mono-c-Si","BIPV":"N","A_c":0.98,"N_s":36.0,"T_NOCT":46.0,"I_sc_ref":8.1,"V_oc_ref":21.58,"I_mp_ref":7.41,"V_mp_ref":18.22,"alpha_sc":0.004352,"beta_oc":-0.07691,"a_ref":0.9711,"I_L_ref":8.107999999999999,"I_o_ref":1.7300000000000002e-09,"R_s":0.061,"R_sh_ref":60.39,"Adjust":17.47,"PTC":120.4,"pdc0":135.0,"gamma_pdc":-0.0048,"gamma_r":-0.48}