{"Date":"08.01.2012","Version":"NRELv1","Technology":"Mono-c-Si","BIPV":"N","A_c":1.3090000000000002,"N_s":48.0,"T_NOCT":46.0,"I_sc_ref":7.98,"V_oc_ref":29.09,"I_mp_ref":7.07,"V_mp_ref":23.33,"alpha_sc":0.004288,"beta_oc":-0.10368,"a_ref":1.2952,"I_L_ref":8.029,"I_o_ref":1.3e-09,"R_s":0.281,"R_sh_ref":45.28,"Adjust":14.96,"PTC":146.8,"pdc0":165.0,"gamma_pdc":-0.0048,"gamma_r":-0.48}