{"Date":"08.01.2012","Version":"NRELv1","Technology":"Mono-c-Si","BIPV":"N","A_c":1.794,"N_s":66.0,"T_NOCT":47.9,"I_sc_ref":8.8,"V_oc_ref":41.58,"I_mp_ref":8.49,"V_mp_ref":33.66,"alpha_sc":0.004692,"beta_oc":-0.13489,"a_ref":1.7228,"I_L_ref":8.978,"I_o_ref":2.9499999999999996e-10,"R_s":0.336,"R_sh_ref":2635.76,"Adjust":10.85,"PTC":254.7,"pdc0":285.0,"gamma_pdc":-0.00449,"gamma_r":-0.449}