{"Date":"08.01.2012","Version":"NRELv1","Technology":"Mono-c-Si","BIPV":"N","A_c":1.008,"N_s":36.0,"T_NOCT":46.0,"I_sc_ref":8.1,"V_oc_ref":21.85,"I_mp_ref":7.41,"V_mp_ref":18.22,"alpha_sc":0.004352,"beta_oc":-0.07787000000000001,"a_ref":0.9758,"I_L_ref":8.113,"I_o_ref":1.46e-09,"R_s":0.099,"R_sh_ref":62.11,"Adjust":15.85,"PTC":120.3,"pdc0":135.0,"gamma_pdc":-0.0048,"gamma_r":-0.48}