{"Vac":240.0,"Paco":4600.0,"Pdco":4722.92,"Vdco":380.0,"Pso":22.3464,"C0":-3.1989599999999995e-06,"C1":-1.72013e-05,"C2":-0.00124716,"C3":-0.000884233,"Pnt":0.1,"Vdcmax":440.0,"Mppt_low":100.0,"Mppt_high":440.0}