{"Vac":240.0,"Paco":4000.0,"Pdco":4105.7,"Vdco":380.0,"Pso":18.912,"C0":-3.61912e-06,"C1":-7.24919e-06,"C2":-0.0014962999999999999,"C3":-4.96271e-06,"Pnt":0.11,"Vdcmax":440.0,"Mppt_low":100.0,"Mppt_high":440.0}