{"Date":"5/22/2012","Version":"NRELv1","Technology":"Multi-c-Si","BIPV":"N","A_c":1.6269999999999998,"N_s":60.0,"T_NOCT":46.1,"I_sc_ref":8.29,"V_oc_ref":37.6,"I_mp_ref":7.89,"V_mp_ref":29.8,"alpha_sc":0.007892,"beta_oc":-0.15657000000000001,"a_ref":1.6072,"I_L_ref":8.374,"I_o_ref":5.78e-10,"R_s":0.405,"R_sh_ref":4452.47,"Adjust":-8.936,"PTC":212.3,"pdc0":235.0,"gamma_pdc":-0.004320000000000001,"gamma_r":-0.43200000000000005}