{"Date":"5/22/2012","Version":"NRELv1","Technology":"Multi-c-Si","BIPV":"N","A_c":1.6269999999999998,"N_s":60.0,"T_NOCT":46.1,"I_sc_ref":8.38,"V_oc_ref":37.6,"I_mp_ref":8.0,"V_mp_ref":30.0,"alpha_sc":0.007978,"beta_oc":-0.15657000000000001,"a_ref":1.6193,"I_L_ref":8.556000000000001,"I_o_ref":6.97e-10,"R_s":0.36700000000000005,"R_sh_ref":403.71,"Adjust":-7.671,"PTC":216.9,"pdc0":240.0,"gamma_pdc":-0.004320000000000001,"gamma_r":-0.43200000000000005}