{"Vac":120.0,"Paco":241.0,"Pdco":251.662,"Vdco":35.0,"Pso":1.04406,"C0":-5.967810000000001e-05,"C1":-5.91649e-05,"C2":0.046665,"C3":0.018439700000000003,"Pnt":0.05,"Vdcmax":40.0,"Mppt_low":30.0,"Mppt_high":40.0}