{"Vac":240.0,"Paco":240.0,"Pdco":249.335,"Vdco":35.0,"Pso":1.53027,"C0":-4.77588e-05,"C1":-7.123439999999999e-05,"C2":0.0354858,"C3":0.00504587,"Pnt":0.14,"Vdcmax":40.0,"Mppt_low":30.0,"Mppt_high":40.0}