{"Vac":240.0,"Paco":2500.0,"Pdco":2632.84,"Vdco":218.0,"Pso":42.7765,"C0":-1.36405e-05,"C1":6.136979999999999e-05,"C2":0.00205292,"C3":0.00153033,"Pnt":3.9,"Vdcmax":400.0,"Mppt_low":100.0,"Mppt_high":400.0}