{"Technology":"Multi-c-Si","BIPV":"N","A_c":1.9340000000000002,"N_s":72.0,"T_NOCT":46.8,"PTC":263.6,"pdc0":295.0,"gamma_pdc":-0.00466}