{"Technology":"Multi-c-Si","BIPV":"N","A_c":1.6340000000000001,"N_s":60.0,"T_NOCT":45.9,"PTC":193.1,"pdc0":215.0,"gamma_pdc":-0.0045000000000000005}