{"Technology":"Mono-c-Si","BIPV":"N","A_c":1.9340000000000002,"N_s":72.0,"T_NOCT":46.7,"PTC":248.3,"pdc0":280.0,"gamma_pdc":-0.004920000000000001}