{"Technology":"Mono-c-Si","BIPV":"N","A_c":1.6340000000000001,"N_s":60.0,"T_NOCT":46.7,"PTC":212.9,"pdc0":240.0,"gamma_pdc":-0.004920000000000001}