{"Date":"02.03.2014","Version":"NRELv1","Technology":"Mono-c-Si","BIPV":"N","A_c":1.675,"N_s":96.0,"T_NOCT":49.4,"I_sc_ref":5.45,"V_oc_ref":69.5,"I_mp_ref":5.08,"V_mp_ref":57.0,"alpha_sc":0.002725,"beta_oc":-0.20155,"a_ref":2.5016,"I_L_ref":5.462000000000001,"I_o_ref":4.55e-12,"R_s":0.9309999999999999,"R_sh_ref":426.82,"Adjust":-7.672999999999999,"PTC":267.8,"pdc0":290.0,"gamma_pdc":-0.0031,"gamma_r":-0.31}