{"Technology":"Mono-c-Si","BIPV":"N","A_c":1.6269999999999998,"N_s":60.0,"T_NOCT":47.0,"PTC":265.8,"pdc0":280.0,"gamma_pdc":-0.00227}