{"Date":"04.02.2013","Version":"NRELv1","Technology":"Mono-c-Si","BIPV":"N","A_c":1.69,"N_s":96.0,"T_NOCT":46.3,"I_sc_ref":5.65,"V_oc_ref":70.4,"I_mp_ref":5.32,"V_mp_ref":58.3,"alpha_sc":0.002147,"beta_oc":-0.18656,"a_ref":2.4627,"I_L_ref":5.657,"I_o_ref":2.13e-12,"R_s":0.8190000000000001,"R_sh_ref":637.75,"Adjust":-5.13,"PTC":290.1,"pdc0":310.0,"gamma_pdc":-0.0030299999999999997,"gamma_r":-0.303}