{"Date":"04.02.2013","Version":"NRELv1","Technology":"Mono-c-Si","BIPV":"N","A_c":1.278,"N_s":72.0,"T_NOCT":46.3,"I_sc_ref":5.59,"V_oc_ref":52.4,"I_mp_ref":5.19,"V_mp_ref":42.7,"alpha_sc":0.002404,"beta_oc":-0.14148,"a_ref":1.8424,"I_L_ref":5.606,"I_o_ref":2.41e-12,"R_s":0.763,"R_sh_ref":264.75,"Adjust":-5.9110000000000005,"PTC":210.4,"pdc0":225.0,"gamma_pdc":-0.00302,"gamma_r":-0.302}