{"Date":"04.02.2013","Version":"NRELv1","Technology":"Mono-c-Si","BIPV":"N","A_c":1.278,"N_s":72.0,"T_NOCT":46.3,"I_sc_ref":5.62,"V_oc_ref":52.7,"I_mp_ref":5.28,"V_mp_ref":43.6,"alpha_sc":0.0024170000000000003,"beta_oc":-0.14229,"a_ref":1.8561,"I_L_ref":5.627999999999999,"I_o_ref":2.5699999999999998e-12,"R_s":0.62,"R_sh_ref":428.31,"Adjust":-5.485,"PTC":215.2,"pdc0":230.0,"gamma_pdc":-0.00302,"gamma_r":-0.302}