{"Date":"10/26/2011","Version":"NRELv1","Technology":"CIGS","BIPV":"Y","A_c":2.85,"N_s":108.0,"T_NOCT":54.2,"I_sc_ref":6.4,"V_oc_ref":69.7,"I_mp_ref":5.5,"V_mp_ref":54.3,"alpha_sc":0.000256,"beta_oc":-0.25440999999999997,"a_ref":2.9575,"I_L_ref":6.4879999999999995,"I_o_ref":3.32e-10,"R_s":1.232,"R_sh_ref":90.07,"Adjust":3.017,"PTC":252.8,"pdc0":300.0,"gamma_pdc":-0.0048,"gamma_r":-0.48}