{"Date":"10/26/2011","Version":"NRELv1","Technology":"CIGS","BIPV":"Y","A_c":2.8819999999999997,"N_s":108.0,"T_NOCT":54.2,"I_sc_ref":6.1,"V_oc_ref":63.2,"I_mp_ref":5.0,"V_mp_ref":45.3,"alpha_sc":0.000244,"beta_oc":-0.23068000000000002,"a_ref":2.6177,"I_L_ref":6.332999999999999,"I_o_ref":1.7e-10,"R_s":2.138,"R_sh_ref":55.87,"Adjust":-1.9469999999999998,"PTC":188.2,"pdc0":225.0,"gamma_pdc":-0.0048,"gamma_r":-0.48}