{"Date":"10/26/2011","Version":"NRELv1","Technology":"CIGS","BIPV":"Y","A_c":1.0,"N_s":36.0,"T_NOCT":52.2,"I_sc_ref":6.2,"V_oc_ref":20.9,"I_mp_ref":5.3,"V_mp_ref":15.5,"alpha_sc":0.00037200000000000004,"beta_oc":-0.06813,"a_ref":0.8607,"I_L_ref":6.332000000000001,"I_o_ref":1.5800000000000002e-10,"R_s":0.562,"R_sh_ref":26.38,"Adjust":8.89,"PTC":69.6,"pdc0":82.0,"gamma_pdc":-0.0047799999999999995,"gamma_r":-0.478}