{"Technology":"Thin Film","BIPV":"Y","A_c":1.5859999999999999,"N_s":72.0,"T_NOCT":52.3,"PTC":159.8,"pdc0":185.0,"gamma_pdc":-0.00452}