{"Technology":"Multi-c-Si","BIPV":"N","A_c":1.6130000000000002,"N_s":60.0,"T_NOCT":45.7,"PTC":226.7,"pdc0":250.0,"gamma_pdc":-0.004320000000000001}