{"Date":"02.01.2012","Version":"NRELv1","Technology":"Mono-c-Si","BIPV":"N","A_c":1.2770000000000001,"N_s":72.0,"T_NOCT":46.1,"I_sc_ref":5.43,"V_oc_ref":45.0,"I_mp_ref":5.09,"V_mp_ref":36.4,"alpha_sc":0.002009,"beta_oc":-0.16425,"a_ref":1.9118,"I_L_ref":5.435,"I_o_ref":3.2199999999999997e-10,"R_s":0.5920000000000001,"R_sh_ref":706.14,"Adjust":3.43,"PTC":165.2,"pdc0":185.0,"gamma_pdc":-0.0047799999999999995,"gamma_r":-0.478}