{"Date":"02.01.2012","Version":"NRELv1","Technology":"Mono-c-Si","BIPV":"N","A_c":1.2770000000000001,"N_s":72.0,"T_NOCT":46.1,"I_sc_ref":5.29,"V_oc_ref":44.8,"I_mp_ref":5.0,"V_mp_ref":36.0,"alpha_sc":0.001957,"beta_oc":-0.16352,"a_ref":1.8868,"I_L_ref":5.29,"I_o_ref":2.58e-10,"R_s":0.662,"R_sh_ref":24309.8,"Adjust":1.784,"PTC":160.6,"pdc0":180.0,"gamma_pdc":-0.0047799999999999995,"gamma_r":-0.478}