{"Date":"8/13/2010","Version":"MM107","Technology":"Multi-c-Si","BIPV":"N","A_c":1.9369999999999998,"N_s":72.0,"T_NOCT":47.5,"I_sc_ref":8.32,"V_oc_ref":39.64,"I_mp_ref":7.18,"V_mp_ref":33.87,"alpha_sc":0.0043950000000000005,"beta_oc":-0.14286,"a_ref":1.8749,"I_L_ref":8.322000000000001,"I_o_ref":4.870000000000001e-09,"R_s":0.01,"R_sh_ref":43.12,"Adjust":26.2,"PTC":211.7,"pdc0":240.0,"gamma_pdc":-0.00479,"gamma_r":-0.479}