{"Date":"04.02.2013","Version":"NRELv1","Technology":"Mono-c-Si","BIPV":"N","A_c":1.69,"N_s":96.0,"T_NOCT":46.3,"I_sc_ref":5.56,"V_oc_ref":69.5,"I_mp_ref":5.19,"V_mp_ref":57.5,"alpha_sc":0.002113,"beta_oc":-0.18417999999999998,"a_ref":2.4406,"I_L_ref":5.571000000000001,"I_o_ref":2.32e-12,"R_s":0.8320000000000001,"R_sh_ref":415.36,"Adjust":-4.315,"PTC":280.5,"pdc0":300.0,"gamma_pdc":-0.0030299999999999997,"gamma_r":-0.303}