{"Date":"02.03.2014","Version":"NRELv1","Technology":"Mono-c-Si","BIPV":"N","A_c":1.675,"N_s":96.0,"T_NOCT":49.4,"I_sc_ref":5.48,"V_oc_ref":69.8,"I_mp_ref":5.13,"V_mp_ref":57.5,"alpha_sc":0.00274,"beta_oc":-0.20242000000000002,"a_ref":2.5125,"I_L_ref":5.489,"I_o_ref":4.610000000000001e-12,"R_s":0.873,"R_sh_ref":511.54,"Adjust":-7.638,"PTC":272.5,"pdc0":295.0,"gamma_pdc":-0.0031,"gamma_r":-0.31}