{"Date":"04.02.2013","Version":"NRELv1","Technology":"Mono-c-Si","BIPV":"N","A_c":1.278,"N_s":72.0,"T_NOCT":46.3,"I_sc_ref":5.56,"V_oc_ref":52.2,"I_mp_ref":5.19,"V_mp_ref":42.7,"alpha_sc":0.002391,"beta_oc":-0.14094,"a_ref":1.834,"I_L_ref":5.5729999999999995,"I_o_ref":2.36e-12,"R_s":0.728,"R_sh_ref":323.6,"Adjust":-6.053,"PTC":205.6,"pdc0":220.0,"gamma_pdc":-0.00302,"gamma_r":-0.302}