{"Date":"02.03.2014","Version":"NRELv1","Technology":"Mono-c-Si","BIPV":"N","A_c":1.675,"N_s":96.0,"T_NOCT":49.4,"I_sc_ref":5.42,"V_oc_ref":69.2,"I_mp_ref":5.04,"V_mp_ref":56.6,"alpha_sc":0.00271,"beta_oc":-0.20068,"a_ref":2.4903,"I_L_ref":5.433,"I_o_ref":4.5e-12,"R_s":0.9670000000000001,"R_sh_ref":391.28,"Adjust":-7.722,"PTC":263.1,"pdc0":285.0,"gamma_pdc":-0.0031,"gamma_r":-0.31}