{"Vac":480.0,"Paco":700000.0,"Pdco":727588.0,"Vdco":400.0,"Pso":7182.54,"C0":-3.39224e-08,"C1":7.59755e-06,"C2":0.00478207,"C3":0.0101658,"Pnt":50.0,"Vdcmax":480.0,"Mppt_low":330.0,"Mppt_high":480.0}