{"Vac":480.0,"Paco":1050000.0,"Pdco":1091380.0,"Vdco":400.0,"Pso":10773.7,"C0":-2.2614999999999998e-08,"C1":7.59643e-06,"C2":0.00478206,"C3":0.010165899999999999,"Pnt":75.0,"Vdcmax":480.0,"Mppt_low":330.0,"Mppt_high":480.0}