{"Vac":480.0,"Paco":350000.0,"Pdco":363794.0,"Vdco":400.0,"Pso":3591.27,"C0":-6.78448e-08,"C1":7.59696e-06,"C2":0.00478207,"C3":0.0101658,"Pnt":25.0,"Vdcmax":480.0,"Mppt_low":330.0,"Mppt_high":480.0}