{"Vac":208.0,"Paco":215.0,"Pdco":222.83599999999998,"Vdco":33.0,"Pso":0.492075,"C0":-2.7838499999999998e-05,"C1":-0.000246367,"C2":-0.027302499999999997,"C3":-0.13533399999999998,"Pnt":0.054000000000000006,"Vdcmax":38.7,"Mppt_low":27.5,"Mppt_high":38.7}