{"Vac":240.0,"Paco":215.0,"Pdco":224.653,"Vdco":29.0,"Pso":0.65018,"C0":-6.19143e-05,"C1":-0.000714985,"C2":-0.029599900000000002,"C3":-0.10251700000000001,"Pnt":0.05,"Vdcmax":36.0,"Mppt_low":22.0,"Mppt_high":36.0}