{"Vac":240.0,"Paco":240.0,"Pdco":249.11,"Vdco":32.0,"Pso":0.509534,"C0":-2.57106e-05,"C1":-0.00035737599999999996,"C2":-0.0145412,"C3":-0.145047,"Pnt":0.046,"Vdcmax":38.0,"Mppt_low":27.0,"Mppt_high":38.0}