{"Date":"01.05.2012","Version":"NRELv1","Technology":"Multi-c-Si","BIPV":"N","A_c":1.682,"N_s":60.0,"T_NOCT":43.1,"I_sc_ref":8.46,"V_oc_ref":37.5,"I_mp_ref":7.97,"V_mp_ref":30.72,"alpha_sc":0.0035700000000000003,"beta_oc":-0.13879,"a_ref":1.7099,"I_L_ref":8.461,"I_o_ref":2.52e-09,"R_s":0.23199999999999998,"R_sh_ref":1603.43,"Adjust":16.18,"PTC":214.9,"pdc0":240.0,"gamma_pdc":-0.00542,"gamma_r":-0.542}