{"Date":"01.05.2012","Version":"NRELv1","Technology":"Multi-c-Si","BIPV":"N","A_c":1.682,"N_s":60.0,"T_NOCT":43.1,"I_sc_ref":8.25,"V_oc_ref":36.66,"I_mp_ref":7.66,"V_mp_ref":30.0,"alpha_sc":0.003482,"beta_oc":-0.13568,"a_ref":1.686,"I_L_ref":8.259,"I_o_ref":2.9100000000000005e-09,"R_s":0.23399999999999999,"R_sh_ref":213.11,"Adjust":17.85,"PTC":201.1,"pdc0":225.0,"gamma_pdc":-0.00542,"gamma_r":-0.542}