{"Date":"01.05.2012","Version":"NRELv1","Technology":"Multi-c-Si","BIPV":"N","A_c":1.682,"N_s":60.0,"T_NOCT":43.1,"I_sc_ref":8.08,"V_oc_ref":36.06,"I_mp_ref":7.58,"V_mp_ref":29.58,"alpha_sc":0.0034100000000000003,"beta_oc":-0.13346,"a_ref":1.65,"I_L_ref":8.083,"I_o_ref":2.59e-09,"R_s":0.226,"R_sh_ref":543.21,"Adjust":16.87,"PTC":196.5,"pdc0":220.0,"gamma_pdc":-0.00542,"gamma_r":-0.542}