{"Date":"01.05.2012","Version":"NRELv1","Technology":"Multi-c-Si","BIPV":"N","A_c":1.682,"N_s":60.0,"T_NOCT":43.1,"I_sc_ref":8.31,"V_oc_ref":36.9,"I_mp_ref":7.77,"V_mp_ref":30.3,"alpha_sc":0.003507,"beta_oc":-0.13657,"a_ref":1.693,"I_L_ref":8.315,"I_o_ref":2.8100000000000004e-09,"R_s":0.21899999999999997,"R_sh_ref":356.12,"Adjust":17.41,"PTC":205.7,"pdc0":230.0,"gamma_pdc":-0.00542,"gamma_r":-0.542}