{"Date":"02.01.2012","Version":"NRELv1","Technology":"Mono-c-Si","BIPV":"N","A_c":1.567,"N_s":60.0,"T_NOCT":48.4,"I_sc_ref":8.41,"V_oc_ref":37.3,"I_mp_ref":7.82,"V_mp_ref":31.4,"alpha_sc":0.009167,"beta_oc":-0.14099,"a_ref":1.7335,"I_L_ref":8.414,"I_o_ref":3.7200000000000004e-09,"R_s":0.102,"R_sh_ref":201.42,"Adjust":16.82,"PTC":216.9,"pdc0":245.0,"gamma_pdc":-0.00472,"gamma_r":-0.47200000000000003}