{"Date":"03.02.2011","Version":"MM107","Technology":"Mono-c-Si","BIPV":"N","A_c":1.5919999999999999,"N_s":60.0,"T_NOCT":50.6,"I_sc_ref":8.8,"V_oc_ref":37.4,"I_mp_ref":7.94,"V_mp_ref":31.5,"alpha_sc":0.0034409999999999996,"beta_oc":-0.13785999999999998,"a_ref":1.7114,"I_L_ref":8.812000000000001,"I_o_ref":2.6800000000000003e-09,"R_s":0.099,"R_sh_ref":71.14,"Adjust":16.9,"PTC":216.8,"pdc0":250.0,"gamma_pdc":-0.005,"gamma_r":-0.5}