{"Date":"03.02.2011","Version":"MM107","Technology":"Mono-c-Si","BIPV":"N","A_c":1.5919999999999999,"N_s":60.0,"T_NOCT":50.6,"I_sc_ref":8.37,"V_oc_ref":37.2,"I_mp_ref":7.72,"V_mp_ref":31.2,"alpha_sc":0.003273,"beta_oc":-0.13712,"a_ref":1.6723,"I_L_ref":8.378,"I_o_ref":1.7699999999999999e-09,"R_s":0.134,"R_sh_ref":132.59,"Adjust":13.4,"PTC":207.8,"pdc0":240.0,"gamma_pdc":-0.005,"gamma_r":-0.5}