{"Date":"04.02.2014","Version":"NRELv1","Technology":"Multi-c-Si","BIPV":"N","A_c":1.5759999999999998,"N_s":60.0,"T_NOCT":52.2,"I_sc_ref":9.2,"V_oc_ref":38.0,"I_mp_ref":8.31,"V_mp_ref":32.0,"alpha_sc":0.002944,"beta_oc":-0.12007999999999999,"a_ref":1.5917,"I_L_ref":9.219,"I_o_ref":3.6999999999999996e-10,"R_s":0.135,"R_sh_ref":65.62,"Adjust":16.12,"PTC":233.4,"pdc0":265.0,"gamma_pdc":-0.0043,"gamma_r":-0.43}