{"Date":"06.01.2013","Version":"NRELv1","Technology":"Multi-c-Si","BIPV":"N","A_c":1.94,"N_s":72.0,"T_NOCT":44.3,"I_sc_ref":8.73,"V_oc_ref":44.9,"I_mp_ref":8.33,"V_mp_ref":36.6,"alpha_sc":0.007595,"beta_oc":-0.1831,"a_ref":1.9084,"I_L_ref":8.818999999999999,"I_o_ref":5.32e-10,"R_s":0.324,"R_sh_ref":1882.02,"Adjust":-7.914,"PTC":279.3,"pdc0":305.0,"gamma_pdc":-0.00419,"gamma_r":-0.419}