{"Date":"02.01.2012","Version":"NRELv1","Technology":"Mono-c-Si","BIPV":"N","A_c":1.567,"N_s":60.0,"T_NOCT":47.2,"I_sc_ref":8.73,"V_oc_ref":37.1,"I_mp_ref":8.18,"V_mp_ref":28.7,"alpha_sc":0.010476000000000001,"beta_oc":-0.1369,"a_ref":1.632,"I_L_ref":8.732000000000001,"I_o_ref":1.1699999999999999e-09,"R_s":0.47100000000000003,"R_sh_ref":2099.49,"Adjust":8.311,"PTC":209.4,"pdc0":235.0,"gamma_pdc":-0.0046700000000000005,"gamma_r":-0.467}