{"Date":"12/27/2012","Version":"NRELv1","Technology":"Mono-c-Si","BIPV":"N","A_c":1.5759999999999998,"N_s":60.0,"T_NOCT":48.1,"I_sc_ref":9.12,"V_oc_ref":38.3,"I_mp_ref":8.64,"V_mp_ref":30.7,"alpha_sc":0.009941,"beta_oc":-0.13635,"a_ref":1.6638,"I_L_ref":9.217,"I_o_ref":9.189999999999999e-10,"R_s":0.325,"R_sh_ref":516.23,"Adjust":9.804,"PTC":237.4,"pdc0":265.0,"gamma_pdc":-0.00442,"gamma_r":-0.442}