{"Date":"02.01.2012","Version":"NRELv1","Technology":"Mono-c-Si","BIPV":"N","A_c":1.567,"N_s":60.0,"T_NOCT":47.2,"I_sc_ref":8.7,"V_oc_ref":37.37,"I_mp_ref":8.12,"V_mp_ref":30.09,"alpha_sc":0.010440999999999999,"beta_oc":-0.1379,"a_ref":1.6888,"I_L_ref":8.708,"I_o_ref":2.1100000000000004e-09,"R_s":0.301,"R_sh_ref":336.24,"Adjust":13.76,"PTC":218.6,"pdc0":245.0,"gamma_pdc":-0.0046700000000000005,"gamma_r":-0.467}