{"Date":"12/27/2012","Version":"NRELv1","Technology":"Mono-c-Si","BIPV":"N","A_c":1.5759999999999998,"N_s":60.0,"T_NOCT":49.2,"I_sc_ref":9.15,"V_oc_ref":38.5,"I_mp_ref":8.68,"V_mp_ref":31.2,"alpha_sc":0.008784,"beta_oc":-0.13591,"a_ref":1.6719,"I_L_ref":9.247,"I_o_ref":9.16e-10,"R_s":0.281,"R_sh_ref":516.28,"Adjust":10.83,"PTC":240.3,"pdc0":270.0,"gamma_pdc":-0.00448,"gamma_r":-0.44799999999999995}