{"Date":"10/30/2012","Version":"NRELv1","Technology":"Mono-c-Si","BIPV":"N","A_c":1.883,"N_s":72.0,"T_NOCT":47.7,"I_sc_ref":8.76,"V_oc_ref":45.0,"I_mp_ref":8.23,"V_mp_ref":35.22,"alpha_sc":0.0032409999999999995,"beta_oc":-0.16155,"a_ref":1.8474,"I_L_ref":8.765,"I_o_ref":2.3e-10,"R_s":0.5429999999999999,"R_sh_ref":930.78,"Adjust":-1.5230000000000001,"PTC":258.0,"pdc0":290.0,"gamma_pdc":-0.0046500000000000005,"gamma_r":-0.465}