{"Technology":"Mono-c-Si","BIPV":"N","A_c":1.2770000000000001,"N_s":72.0,"T_NOCT":49.9,"PTC":138.3,"pdc0":160.0,"gamma_pdc":-0.004987}