{"Technology":"Mono-c-Si","BIPV":"N","A_c":1.9380000000000002,"N_s":72.0,"T_NOCT":45.4,"PTC":315.9,"pdc0":345.0,"gamma_pdc":-0.00411}