{"Date":"10/20/2011","Version":"NRELv1","Technology":"Mono-c-Si","BIPV":"N","A_c":2.5639999999999996,"N_s":96.0,"T_NOCT":47.7,"I_sc_ref":8.56,"V_oc_ref":60.0,"I_mp_ref":8.04,"V_mp_ref":49.78,"alpha_sc":0.003766,"beta_oc":-0.22066999999999998,"a_ref":2.7337,"I_L_ref":8.562999999999999,"I_o_ref":2.49e-09,"R_s":0.27899999999999997,"R_sh_ref":813.8,"Adjust":16.69,"PTC":350.0,"pdc0":400.0,"gamma_pdc":-0.00529,"gamma_r":-0.529}