{"Date":"10/20/2011","Version":"NRELv1","Technology":"Mono-c-Si","BIPV":"N","A_c":2.5639999999999996,"N_s":96.0,"T_NOCT":47.7,"I_sc_ref":8.42,"V_oc_ref":59.62,"I_mp_ref":7.92,"V_mp_ref":49.25,"alpha_sc":0.003711,"beta_oc":-0.21893,"a_ref":2.7067,"I_L_ref":8.422,"I_o_ref":2.27e-09,"R_s":0.315,"R_sh_ref":1117.37,"Adjust":16.14,"PTC":341.0,"pdc0":390.0,"gamma_pdc":-0.00529,"gamma_r":-0.529}