{"Date":"10/20/2011","Version":"NRELv1","Technology":"Mono-c-Si","BIPV":"N","A_c":2.5639999999999996,"N_s":96.0,"T_NOCT":47.7,"I_sc_ref":8.66,"V_oc_ref":60.38,"I_mp_ref":8.1,"V_mp_ref":50.06,"alpha_sc":0.00381,"beta_oc":-0.22207,"a_ref":2.7571,"I_L_ref":8.665,"I_o_ref":2.64e-09,"R_s":0.281,"R_sh_ref":508.92,"Adjust":17.13,"PTC":354.6,"pdc0":405.0,"gamma_pdc":-0.00529,"gamma_r":-0.529}