{"Date":"03.01.2011","Version":"MM107","Technology":"Mono-c-Si","BIPV":"N","A_c":1.2770000000000001,"N_s":72.0,"T_NOCT":46.1,"I_sc_ref":5.28,"V_oc_ref":45.3,"I_mp_ref":4.89,"V_mp_ref":36.8,"alpha_sc":0.00264,"beta_oc":-0.14495999999999998,"a_ref":1.9019,"I_L_ref":5.29,"I_o_ref":2.33e-10,"R_s":0.589,"R_sh_ref":299.36,"Adjust":15.0,"PTC":161.8,"pdc0":180.0,"gamma_pdc":-0.0045000000000000005,"gamma_r":-0.45}