{"Date":"03.01.2011","Version":"MM107","Technology":"Mono-c-Si","BIPV":"N","A_c":1.2770000000000001,"N_s":72.0,"T_NOCT":46.1,"I_sc_ref":5.11,"V_oc_ref":44.96,"I_mp_ref":4.67,"V_mp_ref":36.4,"alpha_sc":0.002555,"beta_oc":-0.14387,"a_ref":1.8987,"I_L_ref":5.127000000000001,"I_o_ref":2.55e-10,"R_s":0.632,"R_sh_ref":195.67,"Adjust":16.2,"PTC":152.6,"pdc0":170.0,"gamma_pdc":-0.0045000000000000005,"gamma_r":-0.45}