{"Date":"02.01.2012","Version":"NRELv1","Technology":"Mono-c-Si","BIPV":"N","A_c":1.2770000000000001,"N_s":72.0,"T_NOCT":47.6,"I_sc_ref":5.52,"V_oc_ref":45.18,"I_mp_ref":5.06,"V_mp_ref":36.54,"alpha_sc":0.0033950000000000004,"beta_oc":-0.15930999999999998,"a_ref":1.9471,"I_L_ref":5.5360000000000005,"I_o_ref":4.4499999999999996e-10,"R_s":0.58,"R_sh_ref":205.76,"Adjust":9.577,"PTC":164.8,"pdc0":185.0,"gamma_pdc":-0.00457,"gamma_r":-0.457}