{"Date":"03.01.2011","Version":"MM107","Technology":"Mono-c-Si","BIPV":"N","A_c":1.2770000000000001,"N_s":72.0,"T_NOCT":46.1,"I_sc_ref":5.54,"V_oc_ref":45.81,"I_mp_ref":5.21,"V_mp_ref":37.4,"alpha_sc":0.00277,"beta_oc":-0.14659,"a_ref":1.9119,"I_L_ref":5.544,"I_o_ref":2.16e-10,"R_s":0.529,"R_sh_ref":831.54,"Adjust":13.8,"PTC":175.6,"pdc0":195.0,"gamma_pdc":-0.0045000000000000005,"gamma_r":-0.45}