{"Date":"03.01.2011","Version":"MM107","Technology":"Mono-c-Si","BIPV":"N","A_c":1.2770000000000001,"N_s":72.0,"T_NOCT":46.1,"I_sc_ref":5.45,"V_oc_ref":45.64,"I_mp_ref":5.11,"V_mp_ref":37.2,"alpha_sc":0.002725,"beta_oc":-0.14605,"a_ref":1.9059,"I_L_ref":5.455,"I_o_ref":2.1399999999999998e-10,"R_s":0.5489999999999999,"R_sh_ref":617.78,"Adjust":13.9,"PTC":171.0,"pdc0":190.0,"gamma_pdc":-0.0045000000000000005,"gamma_r":-0.45}