{"Date":"02.01.2012","Version":"NRELv1","Technology":"Mono-c-Si","BIPV":"N","A_c":1.2770000000000001,"N_s":72.0,"T_NOCT":47.6,"I_sc_ref":5.63,"V_oc_ref":45.5,"I_mp_ref":5.28,"V_mp_ref":36.96,"alpha_sc":0.003462,"beta_oc":-0.16043,"a_ref":1.939,"I_L_ref":5.6339999999999995,"I_o_ref":3.59e-10,"R_s":0.542,"R_sh_ref":699.81,"Adjust":7.434,"PTC":173.9,"pdc0":195.0,"gamma_pdc":-0.00457,"gamma_r":-0.457}