{"Date":"03.01.2011","Version":"MM107","Technology":"Mono-c-Si","BIPV":"N","A_c":1.952,"N_s":72.0,"T_NOCT":46.6,"I_sc_ref":8.4,"V_oc_ref":44.8,"I_mp_ref":7.7,"V_mp_ref":35.71,"alpha_sc":0.0042,"beta_oc":-0.14336,"a_ref":1.8712,"I_L_ref":8.43,"I_o_ref":3.2399999999999997e-10,"R_s":0.47,"R_sh_ref":133.5,"Adjust":13.8,"PTC":246.5,"pdc0":275.0,"gamma_pdc":-0.0045000000000000005,"gamma_r":-0.45}