{"Date":"03.01.2011","Version":"MM107","Technology":"Mono-c-Si","BIPV":"N","A_c":1.952,"N_s":72.0,"T_NOCT":46.6,"I_sc_ref":8.5,"V_oc_ref":44.8,"I_mp_ref":7.8,"V_mp_ref":35.9,"alpha_sc":0.00425,"beta_oc":-0.14336,"a_ref":1.8763,"I_L_ref":8.527000000000001,"I_o_ref":3.5000000000000003e-10,"R_s":0.436,"R_sh_ref":135.02,"Adjust":14.4,"PTC":251.1,"pdc0":280.0,"gamma_pdc":-0.0045000000000000005,"gamma_r":-0.45}