{"Date":"03.01.2011","Version":"MM107","Technology":"Mono-c-Si","BIPV":"N","A_c":1.635,"N_s":60.0,"T_NOCT":46.6,"I_sc_ref":7.83,"V_oc_ref":36.12,"I_mp_ref":7.17,"V_mp_ref":27.88,"alpha_sc":0.003915,"beta_oc":-0.11558,"a_ref":1.4811,"I_L_ref":7.8660000000000005,"I_o_ref":1.94e-10,"R_s":0.5579999999999999,"R_sh_ref":120.92,"Adjust":9.8,"PTC":178.6,"pdc0":200.0,"gamma_pdc":-0.0045000000000000005,"gamma_r":-0.45}