{"Date":"03.07.2011","Version":"MM107","Technology":"Mono-c-Si","BIPV":"N","A_c":1.635,"N_s":60.0,"T_NOCT":46.6,"I_sc_ref":8.43,"V_oc_ref":37.31,"I_mp_ref":8.03,"V_mp_ref":29.28,"alpha_sc":0.004215,"beta_oc":-0.11939000000000001,"a_ref":1.5186,"I_L_ref":8.506,"I_o_ref":1.8200000000000002e-10,"R_s":0.455,"R_sh_ref":100000.0,"Adjust":8.4,"PTC":210.7,"pdc0":235.0,"gamma_pdc":-0.0045000000000000005,"gamma_r":-0.45}