{"Date":"02.01.2012","Version":"NRELv1","Technology":"Mono-c-Si","BIPV":"N","A_c":1.9380000000000002,"N_s":72.0,"T_NOCT":48.0,"I_sc_ref":8.6,"V_oc_ref":45.72,"I_mp_ref":7.89,"V_mp_ref":36.76,"alpha_sc":0.005478,"beta_oc":-0.15531,"a_ref":1.9755,"I_L_ref":8.625,"I_o_ref":7.38e-10,"R_s":0.406,"R_sh_ref":140.51,"Adjust":14.31,"PTC":257.4,"pdc0":290.0,"gamma_pdc":-0.0046500000000000005,"gamma_r":-0.465}