{"Date":"03.01.2011","Version":"MM107","Technology":"Mono-c-Si","BIPV":"N","A_c":1.952,"N_s":72.0,"T_NOCT":46.6,"I_sc_ref":8.1,"V_oc_ref":44.6,"I_mp_ref":7.4,"V_mp_ref":35.14,"alpha_sc":0.00405,"beta_oc":-0.14272,"a_ref":1.8537,"I_L_ref":8.135,"I_o_ref":2.7699999999999997e-10,"R_s":0.551,"R_sh_ref":127.34,"Adjust":12.7,"PTC":232.7,"pdc0":260.0,"gamma_pdc":-0.0045000000000000005,"gamma_r":-0.45}