{"Date":"03.01.2011","Version":"MM107","Technology":"Mono-c-Si","BIPV":"N","A_c":1.635,"N_s":60.0,"T_NOCT":46.6,"I_sc_ref":8.17,"V_oc_ref":36.8,"I_mp_ref":7.67,"V_mp_ref":28.68,"alpha_sc":0.004085,"beta_oc":-0.11775999999999999,"a_ref":1.4967,"I_L_ref":8.176,"I_o_ref":1.7e-10,"R_s":0.498,"R_sh_ref":704.94,"Adjust":8.2,"PTC":197.0,"pdc0":220.0,"gamma_pdc":-0.0045000000000000005,"gamma_r":-0.45}