{"Date":"03.01.2011","Version":"MM107","Technology":"Mono-c-Si","BIPV":"N","A_c":1.952,"N_s":72.0,"T_NOCT":46.6,"I_sc_ref":8.7,"V_oc_ref":44.9,"I_mp_ref":7.98,"V_mp_ref":36.97,"alpha_sc":0.00435,"beta_oc":-0.14368,"a_ref":1.9114,"I_L_ref":8.72,"I_o_ref":5.249999999999999e-10,"R_s":0.27899999999999997,"R_sh_ref":124.07,"Adjust":18.0,"PTC":264.9,"pdc0":295.0,"gamma_pdc":-0.0045000000000000005,"gamma_r":-0.45}