{"Date":"03.01.2011","Version":"MM107","Technology":"Mono-c-Si","BIPV":"N","A_c":1.635,"N_s":60.0,"T_NOCT":46.6,"I_sc_ref":7.92,"V_oc_ref":36.29,"I_mp_ref":7.3,"V_mp_ref":28.08,"alpha_sc":0.00396,"beta_oc":-0.11613,"a_ref":1.485,"I_L_ref":7.9479999999999995,"I_o_ref":1.88e-10,"R_s":0.542,"R_sh_ref":153.91,"Adjust":9.4,"PTC":183.2,"pdc0":205.0,"gamma_pdc":-0.0045000000000000005,"gamma_r":-0.45}