{"Date":"03.01.2011","Version":"MM107","Technology":"Mono-c-Si","BIPV":"N","A_c":1.635,"N_s":60.0,"T_NOCT":46.6,"I_sc_ref":8.51,"V_oc_ref":37.48,"I_mp_ref":8.14,"V_mp_ref":29.48,"alpha_sc":0.004255,"beta_oc":-0.11994,"a_ref":1.5269,"I_L_ref":8.62,"I_o_ref":1.88e-10,"R_s":0.441,"R_sh_ref":100000.0,"Adjust":8.6,"PTC":215.3,"pdc0":240.0,"gamma_pdc":-0.0045000000000000005,"gamma_r":-0.45}