{"Date":"02.01.2012","Version":"NRELv1","Technology":"Mono-c-Si","BIPV":"N","A_c":1.635,"N_s":60.0,"T_NOCT":48.0,"I_sc_ref":8.49,"V_oc_ref":37.19,"I_mp_ref":7.74,"V_mp_ref":30.36,"alpha_sc":0.005408,"beta_oc":-0.12633,"a_ref":1.6283,"I_L_ref":8.514,"I_o_ref":9.77e-10,"R_s":0.263,"R_sh_ref":93.54,"Adjust":17.1,"PTC":208.4,"pdc0":235.0,"gamma_pdc":-0.0046500000000000005,"gamma_r":-0.465}