{"Date":"03.01.2011","Version":"MM107","Technology":"Mono-c-Si","BIPV":"N","A_c":1.635,"N_s":60.0,"T_NOCT":46.6,"I_sc_ref":8.09,"V_oc_ref":36.63,"I_mp_ref":7.55,"V_mp_ref":28.48,"alpha_sc":0.004045,"beta_oc":-0.11722,"a_ref":1.4928,"I_L_ref":8.103,"I_o_ref":1.76e-10,"R_s":0.512,"R_sh_ref":325.37,"Adjust":8.6,"PTC":192.4,"pdc0":215.0,"gamma_pdc":-0.0045000000000000005,"gamma_r":-0.45}