{"Date":"02.01.2012","Version":"NRELv1","Technology":"Mono-c-Si","BIPV":"N","A_c":1.9380000000000002,"N_s":72.0,"T_NOCT":48.0,"I_sc_ref":8.83,"V_oc_ref":46.61,"I_mp_ref":8.23,"V_mp_ref":38.27,"alpha_sc":0.005625,"beta_oc":-0.15833,"a_ref":2.0199,"I_L_ref":8.84,"I_o_ref":8.24e-10,"R_s":0.29100000000000004,"R_sh_ref":263.96,"Adjust":15.05,"PTC":280.3,"pdc0":315.0,"gamma_pdc":-0.0046500000000000005,"gamma_r":-0.465}