{"Date":"03.01.2011","Version":"MM107","Technology":"Mono-c-Si","BIPV":"N","A_c":1.952,"N_s":72.0,"T_NOCT":46.6,"I_sc_ref":8.75,"V_oc_ref":44.9,"I_mp_ref":8.03,"V_mp_ref":37.36,"alpha_sc":0.004375,"beta_oc":-0.14368,"a_ref":1.9225,"I_L_ref":8.766,"I_o_ref":6.04e-10,"R_s":0.221,"R_sh_ref":123.26,"Adjust":19.3,"PTC":269.5,"pdc0":300.0,"gamma_pdc":-0.0045000000000000005,"gamma_r":-0.45}