{"Date":"02.01.2012","Version":"NRELv1","Technology":"Multi-c-Si","BIPV":"N","A_c":1.635,"N_s":60.0,"T_NOCT":48.5,"I_sc_ref":8.66,"V_oc_ref":37.37,"I_mp_ref":7.88,"V_mp_ref":29.18,"alpha_sc":0.007344,"beta_oc":-0.1287,"a_ref":1.6342,"I_L_ref":8.7,"I_o_ref":9.75e-10,"R_s":0.45,"R_sh_ref":97.96,"Adjust":15.02,"PTC":202.8,"pdc0":230.0,"gamma_pdc":-0.00472,"gamma_r":-0.47200000000000003}