{"Date":"02.01.2012","Version":"NRELv1","Technology":"Multi-c-Si","BIPV":"N","A_c":1.635,"N_s":60.0,"T_NOCT":48.5,"I_sc_ref":8.91,"V_oc_ref":37.78,"I_mp_ref":8.4,"V_mp_ref":30.36,"alpha_sc":0.007556,"beta_oc":-0.13011,"a_ref":1.6462,"I_L_ref":8.911,"I_o_ref":9.6e-10,"R_s":0.319,"R_sh_ref":2724.88,"Adjust":14.51,"PTC":225.6,"pdc0":255.0,"gamma_pdc":-0.00472,"gamma_r":-0.47200000000000003}