{"Date":"10/30/2012","Version":"NRELv1","Technology":"Multi-c-Si","BIPV":"N","A_c":1.9380000000000002,"N_s":72.0,"T_NOCT":47.2,"I_sc_ref":8.6,"V_oc_ref":46.2,"I_mp_ref":8.25,"V_mp_ref":36.97,"alpha_sc":0.00344,"beta_oc":-0.1386,"a_ref":1.8813,"I_L_ref":8.779,"I_o_ref":1.88e-10,"R_s":0.45,"R_sh_ref":620.43,"Adjust":16.03,"PTC":273.4,"pdc0":305.0,"gamma_pdc":-0.0045000000000000005,"gamma_r":-0.45}