{"Date":"02.01.2012","Version":"NRELv1","Technology":"Multi-c-Si","BIPV":"N","A_c":1.9380000000000002,"N_s":72.0,"T_NOCT":47.9,"I_sc_ref":8.1,"V_oc_ref":44.0,"I_mp_ref":7.37,"V_mp_ref":35.96,"alpha_sc":0.005215999999999999,"beta_oc":-0.16025,"a_ref":1.9206,"I_L_ref":8.124,"I_o_ref":8.67e-10,"R_s":0.322,"R_sh_ref":109.55,"Adjust":8.524,"PTC":235.5,"pdc0":265.0,"gamma_pdc":-0.004529999999999999,"gamma_r":-0.45299999999999996}