{"Date":"02.01.2012","Version":"NRELv1","Technology":"Multi-c-Si","BIPV":"N","A_c":1.9380000000000002,"N_s":72.0,"T_NOCT":47.9,"I_sc_ref":8.38,"V_oc_ref":44.4,"I_mp_ref":7.7,"V_mp_ref":37.01,"alpha_sc":0.005397,"beta_oc":-0.16171,"a_ref":1.9493,"I_L_ref":8.392999999999999,"I_o_ref":1.0300000000000002e-09,"R_s":0.205,"R_sh_ref":136.21,"Adjust":9.76,"PTC":253.8,"pdc0":285.0,"gamma_pdc":-0.004529999999999999,"gamma_r":-0.45299999999999996}