{"Date":"02.01.2012","Version":"NRELv1","Technology":"Multi-c-Si","BIPV":"N","A_c":1.635,"N_s":60.0,"T_NOCT":47.9,"I_sc_ref":8.48,"V_oc_ref":37.51,"I_mp_ref":8.08,"V_mp_ref":29.72,"alpha_sc":0.005461,"beta_oc":-0.13660999999999998,"a_ref":1.5709,"I_L_ref":8.565,"I_o_ref":3.65e-10,"R_s":0.40399999999999997,"R_sh_ref":5526.33,"Adjust":0.6008,"PTC":213.7,"pdc0":240.0,"gamma_pdc":-0.004529999999999999,"gamma_r":-0.45299999999999996}