{"Date":"02.01.2012","Version":"NRELv1","Technology":"Multi-c-Si","BIPV":"N","A_c":1.635,"N_s":60.0,"T_NOCT":47.9,"I_sc_ref":8.65,"V_oc_ref":37.85,"I_mp_ref":8.3,"V_mp_ref":30.12,"alpha_sc":0.005571,"beta_oc":-0.13785,"a_ref":1.5909,"I_L_ref":8.828,"I_o_ref":4.09e-10,"R_s":0.377,"R_sh_ref":818.32,"Adjust":1.2990000000000002,"PTC":222.9,"pdc0":250.0,"gamma_pdc":-0.004529999999999999,"gamma_r":-0.45299999999999996}