{"Date":"04.02.2013","Version":"NRELv1","Technology":"Multi-c-Si","BIPV":"N","A_c":1.635,"N_s":60.0,"T_NOCT":46.3,"I_sc_ref":8.88,"V_oc_ref":37.62,"I_mp_ref":8.4,"V_mp_ref":30.36,"alpha_sc":0.005328,"beta_oc":-0.13543,"a_ref":1.6433,"I_L_ref":8.976,"I_o_ref":1.01e-09,"R_s":0.298,"R_sh_ref":389.64,"Adjust":10.24,"PTC":227.5,"pdc0":255.0,"gamma_pdc":-0.00487,"gamma_r":-0.48700000000000004}