{"Date":"10/30/2012","Version":"NRELv1","Technology":"Multi-c-Si","BIPV":"N","A_c":1.9380000000000002,"N_s":72.0,"T_NOCT":47.2,"I_sc_ref":8.27,"V_oc_ref":44.53,"I_mp_ref":7.54,"V_mp_ref":36.45,"alpha_sc":0.0033079999999999997,"beta_oc":-0.13359000000000001,"a_ref":1.8714,"I_L_ref":8.295,"I_o_ref":3.6600000000000003e-10,"R_s":0.331,"R_sh_ref":109.19,"Adjust":23.13,"PTC":245.7,"pdc0":275.0,"gamma_pdc":-0.0045000000000000005,"gamma_r":-0.45}