{"Date":"02.01.2012","Version":"NRELv1","Technology":"Multi-c-Si","BIPV":"N","A_c":1.9380000000000002,"N_s":72.0,"T_NOCT":48.5,"I_sc_ref":8.73,"V_oc_ref":45.67,"I_mp_ref":8.13,"V_mp_ref":36.9,"alpha_sc":0.007403,"beta_oc":-0.15729,"a_ref":2.0108,"I_L_ref":8.741,"I_o_ref":1.1699999999999999e-09,"R_s":0.363,"R_sh_ref":292.61,"Adjust":16.65,"PTC":265.3,"pdc0":300.0,"gamma_pdc":-0.00472,"gamma_r":-0.47200000000000003}