{"Date":"02.01.2012","Version":"NRELv1","Technology":"Multi-c-Si","BIPV":"N","A_c":1.9380000000000002,"N_s":72.0,"T_NOCT":48.5,"I_sc_ref":8.77,"V_oc_ref":45.74,"I_mp_ref":8.19,"V_mp_ref":37.24,"alpha_sc":0.007437,"beta_oc":-0.15753,"a_ref":2.0197,"I_L_ref":8.777999999999999,"I_o_ref":1.26e-09,"R_s":0.321,"R_sh_ref":343.14,"Adjust":17.29,"PTC":269.9,"pdc0":305.0,"gamma_pdc":-0.00472,"gamma_r":-0.47200000000000003}