{"Date":"04.02.2013","Version":"NRELv1","Technology":"Multi-c-Si","BIPV":"N","A_c":1.635,"N_s":60.0,"T_NOCT":46.3,"I_sc_ref":8.91,"V_oc_ref":37.73,"I_mp_ref":8.45,"V_mp_ref":30.77,"alpha_sc":0.005346,"beta_oc":-0.13583,"a_ref":1.656,"I_L_ref":9.004,"I_o_ref":1.14e-09,"R_s":0.253,"R_sh_ref":479.87,"Adjust":11.23,"PTC":232.1,"pdc0":260.0,"gamma_pdc":-0.00487,"gamma_r":-0.48700000000000004}