{"Date":"02.01.2012","Version":"NRELv1","Technology":"Multi-c-Si","BIPV":"N","A_c":1.635,"N_s":60.0,"T_NOCT":48.5,"I_sc_ref":8.81,"V_oc_ref":37.64,"I_mp_ref":8.19,"V_mp_ref":29.9,"alpha_sc":0.007470999999999999,"beta_oc":-0.12963,"a_ref":1.6422,"I_L_ref":8.824,"I_o_ref":9.629999999999999e-10,"R_s":0.371,"R_sh_ref":234.83,"Adjust":14.69,"PTC":216.4,"pdc0":245.0,"gamma_pdc":-0.00472,"gamma_r":-0.47200000000000003}