{"Date":"02.01.2012","Version":"NRELv1","Technology":"Multi-c-Si","BIPV":"N","A_c":1.635,"N_s":60.0,"T_NOCT":48.5,"I_sc_ref":8.57,"V_oc_ref":37.32,"I_mp_ref":7.77,"V_mp_ref":28.94,"alpha_sc":0.007267,"beta_oc":-0.12853,"a_ref":1.6285,"I_L_ref":8.616,"I_o_ref":9.149999999999999e-10,"R_s":0.486,"R_sh_ref":90.59,"Adjust":14.53,"PTC":198.3,"pdc0":225.0,"gamma_pdc":-0.00472,"gamma_r":-0.47200000000000003}