{"Date":"04.02.2013","Version":"NRELv1","Technology":"Multi-c-Si","BIPV":"N","A_c":1.635,"N_s":60.0,"T_NOCT":46.3,"I_sc_ref":8.78,"V_oc_ref":37.45,"I_mp_ref":8.27,"V_mp_ref":29.63,"alpha_sc":0.005268,"beta_oc":-0.13482,"a_ref":1.6119999999999999,"I_L_ref":8.781,"I_o_ref":7.14e-10,"R_s":0.389,"R_sh_ref":5249.14,"Adjust":7.292000000000001,"PTC":218.3,"pdc0":245.0,"gamma_pdc":-0.00487,"gamma_r":-0.48700000000000004}