{"Date":"02.01.2012","Version":"NRELv1","Technology":"Multi-c-Si","BIPV":"N","A_c":1.9380000000000002,"N_s":72.0,"T_NOCT":48.5,"I_sc_ref":8.64,"V_oc_ref":45.5,"I_mp_ref":7.98,"V_mp_ref":36.34,"alpha_sc":0.007326999999999999,"beta_oc":-0.1567,"a_ref":1.9994,"I_L_ref":8.658999999999999,"I_o_ref":1.1e-09,"R_s":0.42700000000000005,"R_sh_ref":194.03,"Adjust":16.16,"PTC":256.2,"pdc0":290.0,"gamma_pdc":-0.00472,"gamma_r":-0.47200000000000003}