{"Date":"02.01.2012","Version":"NRELv1","Technology":"Multi-c-Si","BIPV":"N","A_c":1.9380000000000002,"N_s":72.0,"T_NOCT":48.5,"I_sc_ref":8.68,"V_oc_ref":45.59,"I_mp_ref":8.07,"V_mp_ref":36.56,"alpha_sc":0.007361,"beta_oc":-0.15700999999999998,"a_ref":2.0003,"I_L_ref":8.693,"I_o_ref":1.0800000000000002e-09,"R_s":0.405,"R_sh_ref":274.12,"Adjust":15.89,"PTC":260.7,"pdc0":295.0,"gamma_pdc":-0.00472,"gamma_r":-0.47200000000000003}