{"Date":"02.01.2012","Version":"NRELv1","Technology":"Multi-c-Si","BIPV":"N","A_c":1.9380000000000002,"N_s":72.0,"T_NOCT":48.5,"I_sc_ref":8.8,"V_oc_ref":45.81,"I_mp_ref":8.25,"V_mp_ref":37.58,"alpha_sc":0.007462000000000001,"beta_oc":-0.15777,"a_ref":2.0271,"I_L_ref":8.805,"I_o_ref":1.3300000000000002e-09,"R_s":0.28,"R_sh_ref":466.93,"Adjust":17.78,"PTC":274.4,"pdc0":310.0,"gamma_pdc":-0.00472,"gamma_r":-0.47200000000000003}