{"Date":"02.01.2012","Version":"NRELv1","Technology":"Multi-c-Si","BIPV":"N","A_c":1.9380000000000002,"N_s":72.0,"T_NOCT":47.9,"I_sc_ref":8.25,"V_oc_ref":44.2,"I_mp_ref":7.53,"V_mp_ref":36.52,"alpha_sc":0.005313,"beta_oc":-0.16097999999999998,"a_ref":1.9385,"I_L_ref":8.267999999999999,"I_o_ref":9.87e-10,"R_s":0.256,"R_sh_ref":115.4,"Adjust":9.5,"PTC":244.6,"pdc0":275.0,"gamma_pdc":-0.004529999999999999,"gamma_r":-0.45299999999999996}