{"Date":"02.01.2012","Version":"NRELv1","Technology":"Multi-c-Si","BIPV":"N","A_c":1.635,"N_s":60.0,"T_NOCT":47.9,"I_sc_ref":8.06,"V_oc_ref":36.66,"I_mp_ref":7.49,"V_mp_ref":28.72,"alpha_sc":0.0051909999999999994,"beta_oc":-0.13352,"a_ref":1.5390000000000001,"I_L_ref":8.076,"I_o_ref":3.58e-10,"R_s":0.47100000000000003,"R_sh_ref":239.45,"Adjust":0.9739,"PTC":190.9,"pdc0":215.0,"gamma_pdc":-0.004529999999999999,"gamma_r":-0.45299999999999996}