{"Date":"03.01.2011","Version":"MM107","Technology":"Multi-c-Si","BIPV":"N","A_c":1.952,"N_s":72.0,"T_NOCT":46.7,"I_sc_ref":8.48,"V_oc_ref":44.6,"I_mp_ref":7.8,"V_mp_ref":37.82,"alpha_sc":0.0050880000000000005,"beta_oc":-0.14718,"a_ref":1.9685,"I_L_ref":8.487,"I_o_ref":1.18e-09,"R_s":0.109,"R_sh_ref":135.16,"Adjust":22.3,"PTC":264.1,"pdc0":295.0,"gamma_pdc":-0.0046,"gamma_r":-0.46}