{"Date":"10/30/2012","Version":"NRELv1","Technology":"Multi-c-Si","BIPV":"N","A_c":1.9380000000000002,"N_s":72.0,"T_NOCT":47.2,"I_sc_ref":8.42,"V_oc_ref":45.72,"I_mp_ref":7.97,"V_mp_ref":36.39,"alpha_sc":0.003368,"beta_oc":-0.13716,"a_ref":1.8602,"I_L_ref":8.514,"I_o_ref":1.78e-10,"R_s":0.488,"R_sh_ref":439.36,"Adjust":15.82,"PTC":259.5,"pdc0":290.0,"gamma_pdc":-0.0045000000000000005,"gamma_r":-0.45}