{"Date":"02.01.2012","Version":"NRELv1","Technology":"Multi-c-Si","BIPV":"N","A_c":1.9380000000000002,"N_s":72.0,"T_NOCT":47.9,"I_sc_ref":8.42,"V_oc_ref":44.4,"I_mp_ref":7.74,"V_mp_ref":37.47,"alpha_sc":0.005422,"beta_oc":-0.16171,"a_ref":1.9635,"I_L_ref":8.427999999999999,"I_o_ref":1.22e-09,"R_s":0.134,"R_sh_ref":134.72,"Adjust":11.24,"PTC":258.4,"pdc0":290.0,"gamma_pdc":-0.004529999999999999,"gamma_r":-0.45299999999999996}