{"Date":"03.01.2011","Version":"MM107","Technology":"Multi-c-Si","BIPV":"N","A_c":1.635,"N_s":60.0,"T_NOCT":46.7,"I_sc_ref":7.8,"V_oc_ref":36.15,"I_mp_ref":7.11,"V_mp_ref":28.12,"alpha_sc":0.00468,"beta_oc":-0.1193,"a_ref":1.5235,"I_L_ref":7.837999999999999,"I_o_ref":3.71e-10,"R_s":0.516,"R_sh_ref":106.25,"Adjust":12.1,"PTC":178.1,"pdc0":200.0,"gamma_pdc":-0.0046,"gamma_r":-0.46}