{"Date":"02.01.2012","Version":"NRELv1","Technology":"Multi-c-Si","BIPV":"N","A_c":1.635,"N_s":60.0,"T_NOCT":47.9,"I_sc_ref":8.56,"V_oc_ref":37.68,"I_mp_ref":8.19,"V_mp_ref":29.92,"alpha_sc":0.0055130000000000005,"beta_oc":-0.13723,"a_ref":1.5844,"I_L_ref":8.738999999999999,"I_o_ref":4.07e-10,"R_s":0.389,"R_sh_ref":495.79,"Adjust":1.3530000000000002,"PTC":218.3,"pdc0":245.0,"gamma_pdc":-0.004529999999999999,"gamma_r":-0.45299999999999996}