{"Vac":117.0,"Paco":1970.0,"Pdco":2271.982561,"Vdco":30.04713333,"Pso":17.90968296,"C0":-3.5600000000000005e-05,"C1":-0.00135,"C2":0.00688,"C3":-0.011,"Pnt":15.7,"Vdcmax":50.0,"Mppt_low":10.0,"Mppt_high":50.0}