{"Vac":240.0,"Paco":2900.0,"Pdco":3025.99,"Vdco":250.0,"Pso":27.5653,"C0":-9.11968e-06,"C1":2.37706e-05,"C2":0.00114803,"C3":0.000153075,"Pnt":0.5,"Vdcmax":400.0,"Mppt_low":100.0,"Mppt_high":400.0}