{"Vac":240.0,"Paco":4900.0,"Pdco":5137.21,"Vdco":275.0,"Pso":30.9236,"C0":-6.017469999999999e-06,"C1":1.34723e-05,"C2":0.00107819,"C3":6.803399999999999e-05,"Pnt":0.5,"Vdcmax":400.0,"Mppt_low":100.0,"Mppt_high":400.0}