{"Vac":240.0,"Paco":3530.0,"Pdco":3712.76,"Vdco":300.0,"Pso":47.8469,"C0":-4.37751e-06,"C1":-5.6907700000000004e-05,"C2":-0.00045052,"C3":-0.00331535,"Pnt":1.42,"Vdcmax":420.0,"Mppt_low":100.0,"Mppt_high":420.0}