{"Vac":240.0,"Paco":3504.0,"Pdco":3677.48,"Vdco":300.0,"Pso":49.8258,"C0":-5.6047e-06,"C1":-2.77305e-05,"C2":0.0007108230000000001,"C3":0.000900973,"Pnt":1.39,"Vdcmax":420.0,"Mppt_low":100.0,"Mppt_high":420.0}