{"Vac":240.0,"Paco":3540.0,"Pdco":3729.98,"Vdco":300.0,"Pso":48.4949,"C0":-4.13454e-06,"C1":-4.04593e-05,"C2":-0.0007992219999999999,"C3":-0.00224686,"Pnt":1.14,"Vdcmax":420.0,"Mppt_low":100.0,"Mppt_high":420.0}