{"Date":"02.01.2012","Version":"NRELv1","Technology":"Mono-c-Si","BIPV":"N","A_c":1.2770000000000001,"N_s":72.0,"T_NOCT":47.6,"I_sc_ref":5.69,"V_oc_ref":45.74,"I_mp_ref":5.46,"V_mp_ref":37.56,"alpha_sc":0.0034990000000000004,"beta_oc":-0.16128,"a_ref":1.9561,"I_L_ref":5.807,"I_o_ref":4.02e-10,"R_s":0.442,"R_sh_ref":875.23,"Adjust":8.176,"PTC":183.1,"pdc0":205.0,"gamma_pdc":-0.00457,"gamma_r":-0.457}