{"Date":"03.01.2011","Version":"MM107","Technology":"Mono-c-Si","BIPV":"N","A_c":1.2770000000000001,"N_s":72.0,"T_NOCT":46.1,"I_sc_ref":5.2,"V_oc_ref":45.13,"I_mp_ref":4.78,"V_mp_ref":36.6,"alpha_sc":0.0026,"beta_oc":-0.14442,"a_ref":1.9012,"I_L_ref":5.2139999999999995,"I_o_ref":2.46e-10,"R_s":0.609,"R_sh_ref":229.28,"Adjust":15.7,"PTC":157.2,"pdc0":175.0,"gamma_pdc":-0.0045000000000000005,"gamma_r":-0.45}