{"Date":"03.01.2011","Version":"MM107","Technology":"Mono-c-Si","BIPV":"N","A_c":1.635,"N_s":60.0,"T_NOCT":46.6,"I_sc_ref":8.0,"V_oc_ref":36.46,"I_mp_ref":7.43,"V_mp_ref":28.28,"alpha_sc":0.004,"beta_oc":-0.11667000000000001,"a_ref":1.4875,"I_L_ref":8.019,"I_o_ref":1.78e-10,"R_s":0.527,"R_sh_ref":227.64,"Adjust":8.8,"PTC":187.8,"pdc0":210.0,"gamma_pdc":-0.0045000000000000005,"gamma_r":-0.45}