{"Date":"03.01.2011","Version":"MM107","Technology":"Mono-c-Si","BIPV":"N","A_c":1.952,"N_s":72.0,"T_NOCT":46.6,"I_sc_ref":8.6,"V_oc_ref":44.8,"I_mp_ref":7.87,"V_mp_ref":36.21,"alpha_sc":0.0043,"beta_oc":-0.14336,"a_ref":1.8884,"I_L_ref":8.627,"I_o_ref":4.11e-10,"R_s":0.384,"R_sh_ref":120.62,"Adjust":15.8,"PTC":255.7,"pdc0":285.0,"gamma_pdc":-0.0045000000000000005,"gamma_r":-0.45}