{"Date":"02.01.2012","Version":"NRELv1","Technology":"Multi-c-Si","BIPV":"N","A_c":1.9380000000000002,"N_s":72.0,"T_NOCT":47.9,"I_sc_ref":8.32,"V_oc_ref":44.2,"I_mp_ref":7.62,"V_mp_ref":36.75,"alpha_sc":0.005358,"beta_oc":-0.16097999999999998,"a_ref":1.9416,"I_L_ref":8.335,"I_o_ref":1.0400000000000001e-09,"R_s":0.21899999999999997,"R_sh_ref":124.54,"Adjust":9.852,"PTC":249.2,"pdc0":280.0,"gamma_pdc":-0.004529999999999999,"gamma_r":-0.45299999999999996}