{"Date":"10/30/2012","Version":"NRELv1","Technology":"Multi-c-Si","BIPV":"N","A_c":1.9380000000000002,"N_s":72.0,"T_NOCT":47.2,"I_sc_ref":8.38,"V_oc_ref":45.41,"I_mp_ref":7.9,"V_mp_ref":36.08,"alpha_sc":0.0033520000000000004,"beta_oc":-0.13623,"a_ref":1.8405,"I_L_ref":8.383,"I_o_ref":1.6099999999999999e-10,"R_s":0.501,"R_sh_ref":1244.58,"Adjust":14.99,"PTC":254.9,"pdc0":285.0,"gamma_pdc":-0.0045000000000000005,"gamma_r":-0.45}