{"Date":"02.01.2012","Version":"NRELv1","Technology":"Multi-c-Si","BIPV":"N","A_c":1.635,"N_s":60.0,"T_NOCT":47.9,"I_sc_ref":8.14,"V_oc_ref":36.83,"I_mp_ref":7.61,"V_mp_ref":28.92,"alpha_sc":0.005242,"beta_oc":-0.13414,"a_ref":1.5430000000000001,"I_L_ref":8.149,"I_o_ref":3.4700000000000004e-10,"R_s":0.45799999999999996,"R_sh_ref":396.97,"Adjust":0.6114,"PTC":195.4,"pdc0":220.0,"gamma_pdc":-0.004529999999999999,"gamma_r":-0.45299999999999996}