{"Date":"02.01.2012","Version":"NRELv1","Technology":"Multi-c-Si","BIPV":"N","A_c":1.635,"N_s":60.0,"T_NOCT":48.5,"I_sc_ref":8.86,"V_oc_ref":37.71,"I_mp_ref":8.29,"V_mp_ref":30.14,"alpha_sc":0.007513,"beta_oc":-0.12987,"a_ref":1.6451,"I_L_ref":8.868,"I_o_ref":9.73e-10,"R_s":0.34299999999999997,"R_sh_ref":401.92,"Adjust":14.71,"PTC":221.0,"pdc0":250.0,"gamma_pdc":-0.00472,"gamma_r":-0.47200000000000003}