{"Date":"02.01.2012","Version":"NRELv1","Technology":"Multi-c-Si","BIPV":"N","A_c":1.9380000000000002,"N_s":72.0,"T_NOCT":48.5,"I_sc_ref":8.56,"V_oc_ref":45.33,"I_mp_ref":7.82,"V_mp_ref":35.81,"alpha_sc":0.007259000000000001,"beta_oc":-0.15612,"a_ref":1.9918,"I_L_ref":8.592,"I_o_ref":1.0800000000000002e-09,"R_s":0.489,"R_sh_ref":132.2,"Adjust":16.07,"PTC":247.1,"pdc0":280.0,"gamma_pdc":-0.00472,"gamma_r":-0.47200000000000003}