{"Date":"02.01.2012","Version":"NRELv1","Technology":"Multi-c-Si","BIPV":"N","A_c":1.9380000000000002,"N_s":72.0,"T_NOCT":48.5,"I_sc_ref":8.84,"V_oc_ref":45.9,"I_mp_ref":8.31,"V_mp_ref":37.91,"alpha_sc":0.007495999999999999,"beta_oc":-0.15808,"a_ref":2.0359,"I_L_ref":8.844,"I_o_ref":1.4199999999999999e-09,"R_s":0.244,"R_sh_ref":610.5,"Adjust":18.31,"PTC":279.0,"pdc0":315.0,"gamma_pdc":-0.00472,"gamma_r":-0.47200000000000003}