{"Date":"02.01.2012","Version":"NRELv1","Technology":"Multi-c-Si","BIPV":"N","A_c":1.635,"N_s":60.0,"T_NOCT":47.9,"I_sc_ref":8.39,"V_oc_ref":37.34,"I_mp_ref":7.96,"V_mp_ref":29.52,"alpha_sc":0.005403,"beta_oc":-0.13599,"a_ref":1.5655,"I_L_ref":8.479,"I_o_ref":3.69e-10,"R_s":0.41600000000000004,"R_sh_ref":722.18,"Adjust":0.792,"PTC":209.1,"pdc0":235.0,"gamma_pdc":-0.004529999999999999,"gamma_r":-0.45299999999999996}