{"Date":"02.01.2012","Version":"NRELv1","Technology":"Multi-c-Si","BIPV":"N","A_c":1.9380000000000002,"N_s":72.0,"T_NOCT":48.5,"I_sc_ref":8.6,"V_oc_ref":45.42,"I_mp_ref":7.9,"V_mp_ref":36.08,"alpha_sc":0.007293000000000001,"beta_oc":-0.15642999999999999,"a_ref":1.9958,"I_L_ref":8.625,"I_o_ref":1.09e-09,"R_s":0.457,"R_sh_ref":157.51,"Adjust":16.12,"PTC":251.6,"pdc0":285.0,"gamma_pdc":-0.00472,"gamma_r":-0.47200000000000003}