{"Vac":240.0,"Paco":3680.0,"Pdco":3912.23,"Vdco":298.0,"Pso":28.631,"C0":-8.89414e-06,"C1":8.3299e-06,"C2":0.00071819,"C3":-0.00027407,"Pnt":2.22,"Vdcmax":440.0,"Mppt_low":100.0,"Mppt_high":440.0}