{"Vac":208.0,"Paco":100000.0,"Pdco":106611.0,"Vdco":350.0,"Pso":1068.37,"C0":-4.6299900000000003e-07,"C1":3.54461e-05,"C2":0.000713015,"C3":-0.000153148,"Pnt":1.0,"Vdcmax":480.0,"Mppt_low":300.0,"Mppt_high":480.0}