{"Vac":480.0,"Paco":100000.0,"Pdco":105544.0,"Vdco":350.0,"Pso":900.887,"C0":-3.92407e-07,"C1":2.95175e-05,"C2":0.00116386,"C3":0.00022287400000000002,"Pnt":2.0,"Vdcmax":480.0,"Mppt_low":300.0,"Mppt_high":480.0}