{"Vac":480.0,"Paco":100000.0,"Pdco":106478.0,"Vdco":350.0,"Pso":990.068,"C0":-4.1454500000000004e-07,"C1":2.8169299999999998e-05,"C2":0.000863762,"C3":-0.000286102,"Pnt":3.0,"Vdcmax":480.0,"Mppt_low":300.0,"Mppt_high":480.0}