{"Vac":208.0,"Paco":100000.0,"Pdco":105677.0,"Vdco":350.0,"Pso":923.495,"C0":-3.8382599999999996e-07,"C1":1.38331e-05,"C2":0.000616643,"C3":-0.000960342,"Pnt":1.0,"Vdcmax":480.0,"Mppt_low":300.0,"Mppt_high":480.0}