{"Technology":"Thin Film","BIPV":"N","A_c":1.6480000000000001,"N_s":60.0,"T_NOCT":44.5,"PTC":274.1,"pdc0":290.0,"gamma_pdc":-0.0028000000000000004}