{"Date":"02.01.2012","Version":"NRELv1","Technology":"Multi-c-Si","BIPV":"N","A_c":1.902,"N_s":72.0,"T_NOCT":44.6,"I_sc_ref":7.81,"V_oc_ref":43.06,"I_mp_ref":7.1,"V_mp_ref":35.1,"alpha_sc":0.003936,"beta_oc":-0.19037,"a_ref":2.2534,"I_L_ref":7.8229999999999995,"I_o_ref":3.78e-08,"R_s":0.23600000000000002,"R_sh_ref":141.29,"Adjust":22.52,"PTC":214.9,"pdc0":250.0,"gamma_pdc":-0.00659,"gamma_r":-0.659}