{"Date":"02.01.2012","Version":"NRELv1","Technology":"Multi-c-Si","BIPV":"N","A_c":1.594,"N_s":60.0,"T_NOCT":44.1,"I_sc_ref":7.67,"V_oc_ref":36.0,"I_mp_ref":6.87,"V_mp_ref":29.0,"alpha_sc":0.005645000000000001,"beta_oc":-0.14656,"a_ref":1.8161,"I_L_ref":7.697,"I_o_ref":1.78e-08,"R_s":0.27699999999999997,"R_sh_ref":79.4,"Adjust":24.94,"PTC":175.1,"pdc0":200.0,"gamma_pdc":-0.00598,"gamma_r":-0.598}