{"Date":"02.01.2012","Version":"NRELv1","Technology":"Multi-c-Si","BIPV":"N","A_c":1.594,"N_s":60.0,"T_NOCT":44.1,"I_sc_ref":7.81,"V_oc_ref":36.36,"I_mp_ref":7.15,"V_mp_ref":29.6,"alpha_sc":0.005748,"beta_oc":-0.14802,"a_ref":1.8188,"I_L_ref":7.8229999999999995,"I_o_ref":1.57e-08,"R_s":0.22899999999999998,"R_sh_ref":141.72,"Adjust":23.38,"PTC":184.1,"pdc0":210.0,"gamma_pdc":-0.00598,"gamma_r":-0.598}