{"Date":"07.12.2010","Version":"MM107","Technology":"Multi-c-Si","BIPV":"N","A_c":1.9340000000000002,"N_s":72.0,"T_NOCT":43.5,"I_sc_ref":8.08,"V_oc_ref":43.63,"I_mp_ref":7.38,"V_mp_ref":36.58,"alpha_sc":0.00285,"beta_oc":-0.13210999999999998,"a_ref":1.8347,"I_L_ref":8.095,"I_o_ref":3.6200000000000004e-10,"R_s":0.2,"R_sh_ref":110.11,"Adjust":22.0,"PTC":246.4,"pdc0":270.0,"gamma_pdc":-0.00441,"gamma_r":-0.441}