{"Technology":"Mono-c-Si","BIPV":"N","A_c":1.6269999999999998,"N_s":60.0,"T_NOCT":43.5,"PTC":221.6,"pdc0":245.0,"gamma_pdc":-0.004902}