{"Technology":"Mono-c-Si","BIPV":"N","A_c":1.6269999999999998,"N_s":60.0,"T_NOCT":45.6,"PTC":193.9,"pdc0":220.0,"gamma_pdc":-0.00534}