{"Date":"05.09.2011","Version":"MM107","Technology":"Mono-c-Si","BIPV":"N","A_c":1.2770000000000001,"N_s":72.0,"T_NOCT":46.8,"I_sc_ref":5.21,"V_oc_ref":44.71,"I_mp_ref":4.79,"V_mp_ref":37.58,"alpha_sc":0.005314,"beta_oc":-0.16274,"a_ref":2.0685,"I_L_ref":5.215,"I_o_ref":2.0600000000000003e-09,"R_s":0.213,"R_sh_ref":237.77,"Adjust":20.2,"PTC":160.3,"pdc0":180.0,"gamma_pdc":-0.004699999999999999,"gamma_r":-0.47}