{"Date":"03.07.2011","Version":"MM107","Technology":"Mono-c-Si","BIPV":"N","A_c":1.4580000000000002,"N_s":54.0,"T_NOCT":49.0,"I_sc_ref":8.74,"V_oc_ref":32.9,"I_mp_ref":8.14,"V_mp_ref":25.8,"alpha_sc":0.003199,"beta_oc":-0.1241,"a_ref":1.4491,"I_L_ref":8.751,"I_o_ref":1.19e-09,"R_s":0.369,"R_sh_ref":292.56,"Adjust":6.9,"PTC":181.7,"pdc0":210.0,"gamma_pdc":-0.0053,"gamma_r":-0.53}