{"Date":"03.07.2011","Version":"MM107","Technology":"Multi-c-Si","BIPV":"N","A_c":1.4580000000000002,"N_s":54.0,"T_NOCT":48.3,"I_sc_ref":8.45,"V_oc_ref":32.9,"I_mp_ref":7.77,"V_mp_ref":26.4,"alpha_sc":0.004817,"beta_oc":-0.17232999999999998,"a_ref":1.4863,"I_L_ref":8.47,"I_o_ref":2e-09,"R_s":0.28800000000000003,"R_sh_ref":122.33,"Adjust":-19.8,"PTC":179.8,"pdc0":205.0,"gamma_pdc":-0.0049499999999999995,"gamma_r":-0.495}