{"Vac":240.0,"Paco":300.0,"Pdco":311.58099999999996,"Vdco":40.0,"Pso":1.9505400000000002,"C0":-3.37768e-05,"C1":-0.000256139,"C2":0.00245327,"C3":-0.0282233,"Pnt":0.05,"Vdcmax":50.0,"Mppt_low":30.0,"Mppt_high":50.0}