{"Vac":240.0,"Paco":300.0,"Pdco":312.002,"Vdco":45.0,"Pso":1.8421299999999998,"C0":-3.45487e-05,"C1":-0.00022997599999999998,"C2":-0.000220339,"C3":-0.041033999999999994,"Pnt":0.06,"Vdcmax":60.0,"Mppt_low":30.0,"Mppt_high":60.0}