{"Vac":208.0,"Paco":300.0,"Pdco":311.66900000000004,"Vdco":40.0,"Pso":1.8465099999999999,"C0":-3.32498e-05,"C1":-0.000191995,"C2":0.000907295,"C3":-0.031741700000000005,"Pnt":0.02,"Vdcmax":50.0,"Mppt_low":30.0,"Mppt_high":50.0}