{"Vac":208.0,"Paco":300.0,"Pdco":312.423,"Vdco":45.0,"Pso":1.7621,"C0":-4.4637299999999994e-05,"C1":-0.00019792,"C2":0.00220774,"C3":-0.0236806,"Pnt":0.06,"Vdcmax":60.0,"Mppt_low":30.0,"Mppt_high":60.0}