{"Vac":208.0,"Paco":250.0,"Pdco":259.589,"Vdco":40.0,"Pso":2.08961,"C0":-4.11634e-05,"C1":-9.06633e-05,"C2":0.000494304,"C3":-0.013170900000000001,"Pnt":0.02,"Vdcmax":50.0,"Mppt_low":30.0,"Mppt_high":50.0}