{"Vac":480.0,"Paco":10000.0,"Pdco":10296.0,"Vdco":362.0,"Pso":67.7909,"C0":-1.38839e-06,"C1":-4.875060000000001e-05,"C2":-0.000519934,"C3":-0.00385451,"Pnt":0.4,"Vdcmax":416.0,"Mppt_low":220.0,"Mppt_high":416.0}