{"Vac":277.0,"Paco":6000.0,"Pdco":6196.81,"Vdco":400.0,"Pso":35.3564,"C0":-2.0293599999999997e-06,"C1":-2.40152e-05,"C2":-4.4746099999999995e-05,"C3":-0.00174891,"Pnt":0.32,"Vdcmax":480.0,"Mppt_low":100.0,"Mppt_high":480.0}