{"Vac":208.0,"Paco":4200.0,"Pdco":4393.08,"Vdco":310.0,"Pso":24.6481,"C0":-4.83328e-06,"C1":-2.92541e-06,"C2":0.000630468,"C3":0.000205794,"Pnt":0.1,"Vdcmax":480.0,"Mppt_low":100.0,"Mppt_high":480.0}