{"Vac":208.0,"Paco":50000.0,"Pdco":52854.5,"Vdco":370.0,"Pso":435.56,"C0":-6.725e-07,"C1":2.12873e-05,"C2":0.00042522800000000004,"C3":-0.00044688,"Pnt":33.0,"Vdcmax":480.0,"Mppt_low":330.0,"Mppt_high":480.0}