{"Vac":208.0,"Paco":3800.0,"Pdco":3972.82,"Vdco":310.0,"Pso":25.7846,"C0":-4.86718e-06,"C1":-1.22625e-05,"C2":0.00104678,"C3":0.000260396,"Pnt":0.12,"Vdcmax":480.0,"Mppt_low":100.0,"Mppt_high":480.0}