{"Vac":480.0,"Paco":300000.0,"Pdco":311353.0,"Vdco":360.0,"Pso":1000.16,"C0":-8.316599999999999e-08,"C1":4.59182e-05,"C2":0.00125909,"C3":-0.00124165,"Pnt":119.0,"Vdcmax":480.0,"Mppt_low":320.0,"Mppt_high":480.0}