{"Vac":240.0,"Paco":6000.0,"Pdco":6236.59,"Vdco":345.0,"Pso":29.6911,"C0":-2.90335e-06,"C1":-1.30327e-05,"C2":0.00034688,"C3":-0.000752886,"Pnt":0.24,"Vdcmax":480.0,"Mppt_low":100.0,"Mppt_high":480.0}