{"Vac":277.0,"Paco":4200.0,"Pdco":4347.12,"Vdco":395.0,"Pso":29.0729,"C0":-3.3483099999999996e-06,"C1":-3.38494e-05,"C2":-0.00028294400000000003,"C3":0.000288564,"Pnt":0.2,"Vdcmax":480.0,"Mppt_low":100.0,"Mppt_high":480.0}