{"Vac":208.0,"Paco":5000.0,"Pdco":5208.4,"Vdco":310.0,"Pso":30.8597,"C0":-3.84084e-06,"C1":-3.23529e-06,"C2":0.00112991,"C3":-0.000327038,"Pnt":0.18,"Vdcmax":480.0,"Mppt_low":100.0,"Mppt_high":480.0}