{"Vac":208.0,"Paco":6000.0,"Pdco":6267.34,"Vdco":310.0,"Pso":30.1775,"C0":-3.6045999999999998e-06,"C1":-6.05239e-06,"C2":0.00107536,"C3":-0.00045287699999999997,"Pnt":0.18,"Vdcmax":480.0,"Mppt_low":100.0,"Mppt_high":480.0}