{"Vac":480.0,"Paco":100000.0,"Pdco":105670.0,"Vdco":370.0,"Pso":830.712,"C0":-3.49392e-07,"C1":2.18292e-05,"C2":0.0007189960000000001,"C3":-0.000141767,"Pnt":50.0,"Vdcmax":480.0,"Mppt_low":330.0,"Mppt_high":480.0}