{"Vac":240.0,"Paco":3000.0,"Pdco":3121.67,"Vdco":340.0,"Pso":16.8808,"C0":-5.7019e-06,"C1":-2.11913e-05,"C2":0.0005823159999999999,"C3":-0.000712325,"Pnt":0.1,"Vdcmax":480.0,"Mppt_low":100.0,"Mppt_high":480.0}