{"Vac":240.0,"Paco":4200.0,"Pdco":4369.96,"Vdco":340.0,"Pso":27.7345,"C0":-4.05955e-06,"C1":-2.39711e-05,"C2":-6.33647e-05,"C3":-0.000597573,"Pnt":0.2,"Vdcmax":480.0,"Mppt_low":100.0,"Mppt_high":480.0}