{"Vac":480.0,"Paco":250000.0,"Pdco":259211.0,"Vdco":360.0,"Pso":868.13,"C0":-9.003019999999999e-08,"C1":3.65965e-05,"C2":0.0036296999999999996,"C3":-0.00025045,"Pnt":105.3,"Vdcmax":480.0,"Mppt_low":320.0,"Mppt_high":480.0}