{"Vac":208.0,"Paco":3600.0,"Pdco":3757.45,"Vdco":310.0,"Pso":25.5953,"C0":-5.21315e-06,"C1":-3.3356199999999996e-06,"C2":0.0008592439999999999,"C3":0.0005360019999999999,"Pnt":0.1,"Vdcmax":480.0,"Mppt_low":100.0,"Mppt_high":480.0}