{"Vac":240.0,"Paco":3800.0,"Pdco":3936.68,"Vdco":340.0,"Pso":25.4605,"C0":-3.77086e-06,"C1":-1.5922e-05,"C2":0.0014203,"C3":-0.00044648400000000003,"Pnt":0.1,"Vdcmax":416.0,"Mppt_low":100.0,"Mppt_high":416.0}