{"Vac":277.0,"Paco":3600.0,"Pdco":3724.19,"Vdco":395.0,"Pso":29.8112,"C0":-3.7528e-06,"C1":-3.53224e-05,"C2":-0.000141316,"C3":0.000468461,"Pnt":0.2,"Vdcmax":480.0,"Mppt_low":100.0,"Mppt_high":480.0}