{"Vac":208.0,"Paco":3300.0,"Pdco":3429.63,"Vdco":310.0,"Pso":25.3554,"C0":-5.3000900000000004e-06,"C1":-6.25795e-06,"C2":0.00217104,"C3":0.00045583900000000004,"Pnt":0.1,"Vdcmax":416.0,"Mppt_low":100.0,"Mppt_high":416.0}