{"Vac":480.0,"Paco":20000.0,"Pdco":20460.7,"Vdco":700.0,"Pso":88.916,"C0":-3.98611e-07,"C1":-3.15854e-05,"C2":-0.000800185,"C3":0.000520041,"Pnt":0.61,"Vdcmax":800.0,"Mppt_low":450.0,"Mppt_high":800.0}