{"Vac":480.0,"Paco":50000.0,"Pdco":50880.3,"Vdco":720.0,"Pso":143.22299999999998,"C0":-1.27368e-07,"C1":-2.38714e-05,"C2":0.000984247,"C3":-0.00048005,"Pnt":1.0,"Vdcmax":800.0,"Mppt_low":520.0,"Mppt_high":800.0}