{"Vac":480.0,"Paco":60000.0,"Pdco":61110.5,"Vdco":720.0,"Pso":144.162,"C0":-1.22201e-07,"C1":-2.02261e-05,"C2":0.0007590060000000001,"C3":-0.00095287,"Pnt":0.8,"Vdcmax":800.0,"Mppt_low":570.0,"Mppt_high":800.0}