{"Vac":690.0,"Paco":1500000.0,"Pdco":1557690.0,"Vdco":746.0,"Pso":6264.39,"C0":-1.6583400000000002e-08,"C1":-4.3324799999999996e-05,"C2":-0.000356908,"C3":-0.000838036,"Pnt":373.9,"Vdcmax":800.0,"Mppt_low":585.0,"Mppt_high":800.0}