{"Vac":690.0,"Paco":780000.0,"Pdco":811467.0,"Vdco":746.0,"Pso":3567.96,"C0":-3.37287e-08,"C1":-5.102520000000001e-05,"C2":0.000101549,"C3":-0.0006314269999999999,"Pnt":346.8,"Vdcmax":800.0,"Mppt_low":585.0,"Mppt_high":800.0}