{"Vac":690.0,"Paco":1000000.0,"Pdco":1036900.0,"Vdco":746.0,"Pso":4451.37,"C0":-2.43682e-08,"C1":-3.98903e-05,"C2":-0.000528198,"C3":-0.00067671,"Pnt":381.6,"Vdcmax":800.0,"Mppt_low":585.0,"Mppt_high":800.0}