{"Vac":240.0,"Paco":3800.0,"Pdco":3942.18,"Vdco":355.0,"Pso":23.6465,"C0":-3.81281e-06,"C1":-2.78883e-05,"C2":0.0008802739999999999,"C3":0.000439179,"Pnt":1.0,"Vdcmax":480.0,"Mppt_low":200.0,"Mppt_high":480.0}