{"Vac":240.0,"Paco":3000.0,"Pdco":3097.8,"Vdco":400.0,"Pso":13.5599,"C0":-3.9841000000000005e-06,"C1":-6.34163e-05,"C2":-0.000210817,"C3":-0.00292524,"Pnt":0.15,"Vdcmax":480.0,"Mppt_low":180.0,"Mppt_high":480.0}