{"Vac":277.0,"Paco":2000.0,"Pdco":2059.01,"Vdco":400.0,"Pso":15.9112,"C0":-4.774869999999999e-06,"C1":-5.56782e-05,"C2":-0.000143766,"C3":-0.0011637000000000002,"Pnt":0.15,"Vdcmax":480.0,"Mppt_low":180.0,"Mppt_high":480.0}