{"Vac":240.0,"Paco":5000.0,"Pdco":5173.04,"Vdco":355.0,"Pso":30.7994,"C0":-3.03893e-06,"C1":-2.64785e-05,"C2":0.00125494,"C3":-0.000294703,"Pnt":1.0,"Vdcmax":480.0,"Mppt_low":200.0,"Mppt_high":480.0}