{"Vac":240.0,"Paco":2000.0,"Pdco":2078.52,"Vdco":340.0,"Pso":26.8908,"C0":-1.14024e-05,"C1":-2.90985e-05,"C2":0.000917042,"C3":-0.00147171,"Pnt":0.4,"Vdcmax":416.0,"Mppt_low":100.0,"Mppt_high":416.0}