{"Vac":277.0,"Paco":7600.0,"Pdco":7815.42,"Vdco":380.0,"Pso":41.1327,"C0":-1.54363e-06,"C1":-4.7990699999999994e-05,"C2":-0.00149057,"C3":-0.00245738,"Pnt":1.5,"Vdcmax":480.0,"Mppt_low":200.0,"Mppt_high":480.0}