{"Vac":208.0,"Paco":3300.0,"Pdco":3441.95,"Vdco":340.0,"Pso":22.5781,"C0":-5.3715399999999996e-06,"C1":-2.9333200000000002e-05,"C2":0.0009699019999999999,"C3":-0.000453381,"Pnt":0.9,"Vdcmax":480.0,"Mppt_low":200.0,"Mppt_high":480.0}