{"Vac":240.0,"Paco":3300.0,"Pdco":3425.96,"Vdco":355.0,"Pso":18.925,"C0":-4.52093e-06,"C1":-3.0194499999999997e-05,"C2":0.00047546199999999995,"C3":-0.00135808,"Pnt":0.9,"Vdcmax":480.0,"Mppt_low":200.0,"Mppt_high":480.0}