{"Vac":208.0,"Paco":3000.0,"Pdco":3131.55,"Vdco":340.0,"Pso":18.3319,"C0":-5.732190000000001e-06,"C1":-2.1817800000000003e-05,"C2":0.000812407,"C3":-0.000619695,"Pnt":0.9,"Vdcmax":480.0,"Mppt_low":200.0,"Mppt_high":480.0}