{"Vac":240.0,"Paco":4600.0,"Pdco":4783.44,"Vdco":355.0,"Pso":24.3545,"C0":-3.93666e-06,"C1":-3.14166e-05,"C2":0.000757981,"C3":-0.000288975,"Pnt":1.0,"Vdcmax":480.0,"Mppt_low":200.0,"Mppt_high":480.0}