{"Vac":240.0,"Paco":7600.0,"Pdco":7830.65,"Vdco":380.0,"Pso":35.944,"C0":-1.8722200000000002e-06,"C1":-3.72106e-05,"C2":-0.000293666,"C3":-0.000417673,"Pnt":1.4,"Vdcmax":480.0,"Mppt_low":200.0,"Mppt_high":480.0}