{"Vac":240.0,"Paco":2000.0,"Pdco":2061.6,"Vdco":400.0,"Pso":14.4305,"C0":-5.2249199999999994e-06,"C1":-4.94621e-05,"C2":0.00033071800000000003,"C3":-0.00065792,"Pnt":0.15,"Vdcmax":480.0,"Mppt_low":180.0,"Mppt_high":480.0}