{"Vac":208.0,"Paco":6000.0,"Pdco":6212.88,"Vdco":340.0,"Pso":26.0101,"C0":-2.74482e-06,"C1":-2.1426500000000002e-05,"C2":0.00150938,"C3":-0.000167201,"Pnt":1.3,"Vdcmax":480.0,"Mppt_low":240.0,"Mppt_high":480.0}