{"Vac":277.0,"Paco":8600.0,"Pdco":8849.67,"Vdco":380.0,"Pso":40.1845,"C0":-1.44208e-06,"C1":-4.91835e-05,"C2":-0.00116729,"C3":-0.00158472,"Pnt":1.5,"Vdcmax":480.0,"Mppt_low":200.0,"Mppt_high":480.0}