{"Vac":208.0,"Paco":4600.0,"Pdco":4776.1,"Vdco":340.0,"Pso":27.7369,"C0":-3.3787e-06,"C1":-6.1606200000000005e-06,"C2":0.00207898,"C3":0.00043904400000000003,"Pnt":1.0,"Vdcmax":480.0,"Mppt_low":240.0,"Mppt_high":480.0}