{"Vac":208.0,"Paco":4200.0,"Pdco":4392.77,"Vdco":340.0,"Pso":20.8979,"C0":-4.48539e-06,"C1":-3.07052e-05,"C2":0.0010550999999999998,"C3":-0.000137389,"Pnt":0.9,"Vdcmax":480.0,"Mppt_low":200.0,"Mppt_high":480.0}