{"Vac":277.0,"Paco":3000.0,"Pdco":3090.61,"Vdco":400.0,"Pso":14.9476,"C0":-3.3757199999999994e-06,"C1":-6.69014e-05,"C2":-0.000510779,"C3":-0.00325441,"Pnt":0.2,"Vdcmax":480.0,"Mppt_low":180.0,"Mppt_high":480.0}