{"Vac":208.0,"Paco":2500.0,"Pdco":2621.37,"Vdco":330.0,"Pso":26.6711,"C0":-1.2181300000000001e-05,"C1":-5.00478e-05,"C2":0.00129904,"C3":-0.00191329,"Pnt":0.4,"Vdcmax":416.0,"Mppt_low":100.0,"Mppt_high":416.0}