{"Date":"08.03.2011","Version":"MM107","Technology":"1-a-Si","BIPV":"N","A_c":0.7909999999999999,"N_s":57.0,"T_NOCT":46.7,"I_sc_ref":0.88,"V_oc_ref":93.6,"I_mp_ref":0.74,"V_mp_ref":71.2,"alpha_sc":0.000968,"beta_oc":-0.33696,"a_ref":3.4161,"I_L_ref":0.9009999999999999,"I_o_ref":9.609999999999998e-13,"R_s":16.392,"R_sh_ref":673.73,"Adjust":-24.9,"PTC":49.0,"pdc0":52.0,"gamma_pdc":-0.0022,"gamma_r":-0.22}