{"Date":"08.01.2012","Version":"NRELv1","Technology":"Multi-c-Si","BIPV":"N","A_c":1.501,"N_s":60.0,"T_NOCT":47.1,"I_sc_ref":8.34,"V_oc_ref":37.25,"I_mp_ref":7.8,"V_mp_ref":29.5,"alpha_sc":0.008674,"beta_oc":-0.13149,"a_ref":1.6097,"I_L_ref":8.347999999999999,"I_o_ref":7.359999999999999e-10,"R_s":0.40299999999999997,"R_sh_ref":435.03,"Adjust":9.687999999999999,"PTC":206.2,"pdc0":230.0,"gamma_pdc":-0.00447,"gamma_r":-0.447}