{"Date":"08.01.2012","Version":"NRELv1","Technology":"Multi-c-Si","BIPV":"N","A_c":1.501,"N_s":60.0,"T_NOCT":47.1,"I_sc_ref":8.49,"V_oc_ref":37.65,"I_mp_ref":7.96,"V_mp_ref":30.16,"alpha_sc":0.00883,"beta_oc":-0.13291,"a_ref":1.6358,"I_L_ref":8.496,"I_o_ref":8.500000000000001e-10,"R_s":0.349,"R_sh_ref":520.11,"Adjust":10.82,"PTC":215.5,"pdc0":240.0,"gamma_pdc":-0.00447,"gamma_r":-0.447}