{"Date":"08.05.2009","Version":"MM106","Technology":"Mono-c-Si","BIPV":"N","A_c":1.2770000000000001,"N_s":72.0,"T_NOCT":45.8,"I_sc_ref":5.0,"V_oc_ref":44.5,"I_mp_ref":4.62,"V_mp_ref":35.8,"alpha_sc":0.00302,"beta_oc":-0.17675,"a_ref":2.0508,"I_L_ref":5.0089999999999995,"I_o_ref":1.84e-09,"R_s":0.617,"R_sh_ref":362.5,"Adjust":9.8,"PTC":145.2,"pdc0":165.0,"gamma_pdc":-0.0053100000000000005,"gamma_r":-0.531}