{"Technology":"Mono-c-Si","BIPV":"N","A_c":1.6269999999999998,"N_s":60.0,"T_NOCT":47.4,"PTC":251.3,"pdc0":280.0,"gamma_pdc":-0.004509}