{"Technology":"Multi-c-Si","BIPV":"N","A_c":1.6269999999999998,"N_s":60.0,"T_NOCT":45.4,"PTC":244.2,"pdc0":270.0,"gamma_pdc":-0.004577}