{"Date":"12/27/2012","Version":"NRELv1","Technology":"Multi-c-Si","BIPV":"N","A_c":1.626,"N_s":60.0,"T_NOCT":45.8,"I_sc_ref":8.62,"V_oc_ref":37.98,"I_mp_ref":8.2,"V_mp_ref":29.92,"alpha_sc":0.008292,"beta_oc":-0.15712,"a_ref":1.6252,"I_L_ref":8.707,"I_o_ref":6.169999999999999e-10,"R_s":0.418,"R_sh_ref":8775.82,"Adjust":-8.161,"PTC":221.6,"pdc0":245.0,"gamma_pdc":-0.004370000000000001,"gamma_r":-0.43700000000000006}