{"Date":"03.09.2011","Version":"MM107","Technology":"Multi-c-Si","BIPV":"N","A_c":1.642,"N_s":60.0,"T_NOCT":43.4,"I_sc_ref":8.43,"V_oc_ref":37.0,"I_mp_ref":7.69,"V_mp_ref":29.81,"alpha_sc":0.004384000000000001,"beta_oc":-0.12732000000000002,"a_ref":1.5983,"I_L_ref":8.459,"I_o_ref":7.13e-10,"R_s":0.327,"R_sh_ref":96.55,"Adjust":12.7,"PTC":208.8,"pdc0":230.0,"gamma_pdc":-0.00469,"gamma_r":-0.469}