{"Date":"03.09.2011","Version":"MM107","Technology":"Mono-c-Si","BIPV":"N","A_c":1.2770000000000001,"N_s":72.0,"T_NOCT":48.6,"I_sc_ref":5.2,"V_oc_ref":44.3,"I_mp_ref":4.68,"V_mp_ref":36.33,"alpha_sc":0.003249,"beta_oc":-0.15730999999999998,"a_ref":1.9954,"I_L_ref":5.2170000000000005,"I_o_ref":1.1199999999999999e-09,"R_s":0.449,"R_sh_ref":137.96,"Adjust":17.7,"PTC":153.8,"pdc0":175.0,"gamma_pdc":-0.0048,"gamma_r":-0.48}