{"Date":"04.02.2013","Version":"NRELv1","Technology":"Multi-c-Si","BIPV":"N","A_c":1.9380000000000002,"N_s":72.0,"T_NOCT":47.2,"I_sc_ref":8.48,"V_oc_ref":45.9,"I_mp_ref":8.06,"V_mp_ref":36.6,"alpha_sc":0.003392,"beta_oc":-0.1377,"a_ref":1.8653,"I_L_ref":8.57,"I_o_ref":1.7500000000000002e-10,"R_s":0.47700000000000004,"R_sh_ref":752.5,"Adjust":15.57,"PTC":264.1,"pdc0":295.0,"gamma_pdc":-0.0045000000000000005,"gamma_r":-0.45}