{"Date":"08.01.2012","Version":"NRELv1","Technology":"Mono-c-Si","BIPV":"N","A_c":1.626,"N_s":60.0,"T_NOCT":45.9,"I_sc_ref":8.67,"V_oc_ref":38.24,"I_mp_ref":8.31,"V_mp_ref":30.84,"alpha_sc":0.0067540000000000005,"beta_oc":-0.15415,"a_ref":1.6185,"I_L_ref":8.85,"I_o_ref":4.81e-10,"R_s":0.322,"R_sh_ref":512.41,"Adjust":-7.492000000000001,"PTC":231.2,"pdc0":255.0,"gamma_pdc":-0.0043,"gamma_r":-0.43}