{"Date":"09.01.2013","Version":"NRELv1","Technology":"Multi-c-Si","BIPV":"N","A_c":1.9269999999999998,"N_s":72.0,"T_NOCT":46.3,"I_sc_ref":9.56,"V_oc_ref":45.42,"I_mp_ref":8.68,"V_mp_ref":35.8,"alpha_sc":0.008594,"beta_oc":-0.18786,"a_ref":1.9748,"I_L_ref":9.605,"I_o_ref":9.379999999999999e-10,"R_s":0.455,"R_sh_ref":97.8,"Adjust":-5.519,"PTC":280.3,"pdc0":310.0,"gamma_pdc":-0.00435,"gamma_r":-0.435}