{"Date":"03.09.2011","Version":"MM107","Technology":"Multi-c-Si","BIPV":"N","A_c":1.642,"N_s":60.0,"T_NOCT":43.4,"I_sc_ref":8.58,"V_oc_ref":37.11,"I_mp_ref":7.84,"V_mp_ref":29.85,"alpha_sc":0.004462,"beta_oc":-0.1277,"a_ref":1.5999,"I_L_ref":8.607999999999999,"I_o_ref":6.950000000000001e-10,"R_s":0.33,"R_sh_ref":100.05,"Adjust":12.3,"PTC":213.4,"pdc0":235.0,"gamma_pdc":-0.00469,"gamma_r":-0.469}