{"Date":"08.01.2013","Version":"NRELv1","Technology":"Multi-c-Si","BIPV":"N","A_c":1.9269999999999998,"N_s":72.0,"T_NOCT":46.3,"I_sc_ref":8.94,"V_oc_ref":44.9,"I_mp_ref":8.15,"V_mp_ref":36.68,"alpha_sc":0.008037,"beta_oc":-0.18571,"a_ref":1.9932,"I_L_ref":8.964,"I_o_ref":1.4099999999999999e-09,"R_s":0.29100000000000004,"R_sh_ref":108.87,"Adjust":-1.795,"PTC":261.8,"pdc0":290.0,"gamma_pdc":-0.00435,"gamma_r":-0.435}