{"Date":"12/27/2012","Version":"NRELv1","Technology":"Multi-c-Si","BIPV":"N","A_c":1.6680000000000001,"N_s":60.0,"T_NOCT":45.7,"I_sc_ref":8.5,"V_oc_ref":37.32,"I_mp_ref":7.9,"V_mp_ref":30.68,"alpha_sc":0.0050149999999999995,"beta_oc":-0.12577,"a_ref":1.6085,"I_L_ref":8.511000000000001,"I_o_ref":6.96e-10,"R_s":0.239,"R_sh_ref":182.3,"Adjust":14.83,"PTC":215.7,"pdc0":240.0,"gamma_pdc":-0.00461,"gamma_r":-0.461}