{"Date":"08.01.2012","Version":"NRELv1","Technology":"Mono-c-Si","BIPV":"N","A_c":1.626,"N_s":60.0,"T_NOCT":46.2,"I_sc_ref":8.67,"V_oc_ref":38.24,"I_mp_ref":8.31,"V_mp_ref":30.84,"alpha_sc":0.007794,"beta_oc":-0.15750999999999998,"a_ref":1.6603,"I_L_ref":8.849,"I_o_ref":8.73e-10,"R_s":0.312,"R_sh_ref":633.02,"Adjust":-5.1339999999999995,"PTC":230.1,"pdc0":255.0,"gamma_pdc":-0.00443,"gamma_r":-0.44299999999999995}