{"Date":"12/27/2012","Version":"NRELv1","Technology":"Multi-c-Si","BIPV":"N","A_c":1.626,"N_s":60.0,"T_NOCT":45.8,"I_sc_ref":8.72,"V_oc_ref":38.53,"I_mp_ref":8.39,"V_mp_ref":31.05,"alpha_sc":0.008389,"beta_oc":-0.1594,"a_ref":1.6694,"I_L_ref":8.896,"I_o_ref":8.41e-10,"R_s":0.316,"R_sh_ref":2423.24,"Adjust":-5.961,"PTC":235.6,"pdc0":260.0,"gamma_pdc":-0.004370000000000001,"gamma_r":-0.43700000000000006}