{"Date":"08.04.2010","Version":"MM107","Technology":"Multi-c-Si","BIPV":"N","A_c":1.494,"N_s":54.0,"T_NOCT":47.0,"I_sc_ref":8.24,"V_oc_ref":32.8,"I_mp_ref":7.44,"V_mp_ref":26.9,"alpha_sc":0.003214,"beta_oc":-0.10627,"a_ref":1.4225,"I_L_ref":8.267999999999999,"I_o_ref":7.530000000000001e-10,"R_s":0.225,"R_sh_ref":66.49,"Adjust":20.7,"PTC":177.7,"pdc0":200.0,"gamma_pdc":-0.004699999999999999,"gamma_r":-0.47}