{"Date":"08.01.2013","Version":"NRELv1","Technology":"Multi-c-Si","BIPV":"N","A_c":1.9269999999999998,"N_s":72.0,"T_NOCT":46.3,"I_sc_ref":9.27,"V_oc_ref":45.16,"I_mp_ref":8.4,"V_mp_ref":35.74,"alpha_sc":0.008334000000000001,"beta_oc":-0.18678,"a_ref":1.9714,"I_L_ref":9.314,"I_o_ref":9.94e-10,"R_s":0.446,"R_sh_ref":94.72,"Adjust":-4.829,"PTC":271.1,"pdc0":300.0,"gamma_pdc":-0.00435,"gamma_r":-0.435}