{"Date":"08.03.2011","Version":"MM107","Technology":"Mono-c-Si","BIPV":"N","A_c":1.642,"N_s":60.0,"T_NOCT":47.2,"I_sc_ref":8.55,"V_oc_ref":37.63,"I_mp_ref":8.01,"V_mp_ref":29.39,"alpha_sc":0.00296,"beta_oc":-0.12345999999999999,"a_ref":1.5430000000000001,"I_L_ref":8.558,"I_o_ref":2.17e-10,"R_s":0.475,"R_sh_ref":485.23,"Adjust":7.4,"PTC":209.0,"pdc0":235.0,"gamma_pdc":-0.00469,"gamma_r":-0.469}