{"Date":"08.01.2013","Version":"NRELv1","Technology":"Multi-c-Si","BIPV":"N","A_c":1.9269999999999998,"N_s":72.0,"T_NOCT":46.3,"I_sc_ref":8.86,"V_oc_ref":44.77,"I_mp_ref":8.04,"V_mp_ref":35.66,"alpha_sc":0.007965,"beta_oc":-0.18517,"a_ref":1.9608,"I_L_ref":8.898,"I_o_ref":1.0300000000000002e-09,"R_s":0.428,"R_sh_ref":100.85,"Adjust":-4.234,"PTC":257.2,"pdc0":285.0,"gamma_pdc":-0.00435,"gamma_r":-0.435}