{"Date":"08.04.2010","Version":"MM107","Technology":"Mono-c-Si","BIPV":"N","A_c":1.2770000000000001,"N_s":72.0,"T_NOCT":47.1,"I_sc_ref":5.17,"V_oc_ref":44.8,"I_mp_ref":4.86,"V_mp_ref":36.0,"alpha_sc":0.0017579999999999998,"beta_oc":-0.14694000000000002,"a_ref":1.8244,"I_L_ref":5.1739999999999995,"I_o_ref":1.11e-10,"R_s":0.706,"R_sh_ref":899.56,"Adjust":6.0,"PTC":156.4,"pdc0":175.0,"gamma_pdc":-0.00448,"gamma_r":-0.44799999999999995}