{"Date":"08.04.2010","Version":"MM107","Technology":"Multi-c-Si","BIPV":"N","A_c":1.652,"N_s":60.0,"T_NOCT":45.3,"I_sc_ref":8.18,"V_oc_ref":36.7,"I_mp_ref":7.53,"V_mp_ref":29.9,"alpha_sc":0.004499,"beta_oc":-0.11928,"a_ref":1.5542,"I_L_ref":8.199,"I_o_ref":4.3900000000000003e-10,"R_s":0.292,"R_sh_ref":123.77,"Adjust":15.0,"PTC":203.0,"pdc0":225.0,"gamma_pdc":-0.00448,"gamma_r":-0.44799999999999995}