{"Date":"08.01.2013","Version":"NRELv1","Technology":"Multi-c-Si","BIPV":"N","A_c":1.9269999999999998,"N_s":72.0,"T_NOCT":46.3,"I_sc_ref":9.16,"V_oc_ref":45.03,"I_mp_ref":8.3,"V_mp_ref":35.72,"alpha_sc":0.008235,"beta_oc":-0.18624000000000002,"a_ref":1.9688,"I_L_ref":9.202,"I_o_ref":1.02e-09,"R_s":0.43799999999999994,"R_sh_ref":95.16,"Adjust":-4.552,"PTC":266.4,"pdc0":295.0,"gamma_pdc":-0.00435,"gamma_r":-0.435}