{"Date":"04.02.2013","Version":"NRELv1","Technology":"Multi-c-Si","BIPV":"N","A_c":1.9380000000000002,"N_s":72.0,"T_NOCT":47.2,"I_sc_ref":8.53,"V_oc_ref":46.08,"I_mp_ref":8.15,"V_mp_ref":36.82,"alpha_sc":0.0034119999999999997,"beta_oc":-0.13824,"a_ref":1.8695,"I_L_ref":8.616,"I_o_ref":1.7e-10,"R_s":0.465,"R_sh_ref":8579.07,"Adjust":15.23,"PTC":268.7,"pdc0":300.0,"gamma_pdc":-0.0045000000000000005,"gamma_r":-0.45}