{"Date":"7/13/2012","Version":"NRELv1","Technology":"Multi-c-Si","BIPV":"N","A_c":1.642,"N_s":60.0,"T_NOCT":47.2,"I_sc_ref":8.61,"V_oc_ref":37.94,"I_mp_ref":8.16,"V_mp_ref":30.12,"alpha_sc":0.003875,"beta_oc":-0.12293,"a_ref":1.5234,"I_L_ref":8.705,"I_o_ref":1.32e-10,"R_s":0.41200000000000003,"R_sh_ref":396.52,"Adjust":4.371,"PTC":220.3,"pdc0":245.0,"gamma_pdc":-0.00431,"gamma_r":-0.431}