{"Date":"08.04.2010","Version":"MM107","Technology":"Multi-c-Si","BIPV":"N","A_c":1.652,"N_s":60.0,"T_NOCT":45.3,"I_sc_ref":7.97,"V_oc_ref":36.4,"I_mp_ref":7.24,"V_mp_ref":29.7,"alpha_sc":0.004384000000000001,"beta_oc":-0.1183,"a_ref":1.5555,"I_L_ref":7.996,"I_o_ref":5.21e-10,"R_s":0.28800000000000003,"R_sh_ref":86.7,"Adjust":16.9,"PTC":193.8,"pdc0":215.0,"gamma_pdc":-0.00448,"gamma_r":-0.44799999999999995}