{"Date":"8/31/2010","Version":"MM107","Technology":"Multi-c-Si","BIPV":"N","A_c":1.652,"N_s":60.0,"T_NOCT":45.9,"I_sc_ref":8.6,"V_oc_ref":37.1,"I_mp_ref":8.02,"V_mp_ref":29.3,"alpha_sc":0.006364,"beta_oc":-0.1254,"a_ref":1.5767,"I_L_ref":8.612,"I_o_ref":5.13e-10,"R_s":0.408,"R_sh_ref":291.95,"Adjust":11.2,"PTC":211.0,"pdc0":235.0,"gamma_pdc":-0.0045899999999999995,"gamma_r":-0.45899999999999996}