{"Date":"02.11.2010","Version":"MM107","Technology":"Mono-c-Si","BIPV":"N","A_c":1.2790000000000001,"N_s":72.0,"T_NOCT":44.4,"I_sc_ref":5.25,"V_oc_ref":44.2,"I_mp_ref":4.89,"V_mp_ref":35.8,"alpha_sc":0.002475,"beta_oc":-0.16760999999999998,"a_ref":1.9669,"I_L_ref":5.256,"I_o_ref":8.989999999999999e-10,"R_s":0.555,"R_sh_ref":485.26,"Adjust":8.2,"PTC":156.4,"pdc0":175.0,"gamma_pdc":-0.00509,"gamma_r":-0.509}