{"Date":"05.01.2013","Version":"NRELv1","Technology":"Multi-c-Si","BIPV":"N","A_c":1.6269999999999998,"N_s":60.0,"T_NOCT":43.7,"I_sc_ref":8.26,"V_oc_ref":37.5,"I_mp_ref":7.73,"V_mp_ref":30.4,"alpha_sc":0.005129,"beta_oc":-0.14355,"a_ref":1.7078,"I_L_ref":8.265,"I_o_ref":2.38e-09,"R_s":0.285,"R_sh_ref":461.28,"Adjust":11.8,"PTC":210.6,"pdc0":235.0,"gamma_pdc":-0.00523,"gamma_r":-0.523}