{"Date":"05.01.2013","Version":"NRELv1","Technology":"Multi-c-Si","BIPV":"N","A_c":1.6269999999999998,"N_s":60.0,"T_NOCT":43.7,"I_sc_ref":8.49,"V_oc_ref":37.98,"I_mp_ref":7.96,"V_mp_ref":30.8,"alpha_sc":0.005272,"beta_oc":-0.14539000000000002,"a_ref":1.7280000000000002,"I_L_ref":8.494,"I_o_ref":2.4e-09,"R_s":0.27899999999999997,"R_sh_ref":594.11,"Adjust":11.62,"PTC":219.8,"pdc0":245.0,"gamma_pdc":-0.00523,"gamma_r":-0.523}