{"Date":"11/30/2009","Version":"MM106","Technology":"Mono-c-Si","BIPV":"N","A_c":1.2770000000000001,"N_s":72.0,"T_NOCT":49.9,"I_sc_ref":5.21,"V_oc_ref":43.8,"I_mp_ref":4.91,"V_mp_ref":35.8,"alpha_sc":0.001662,"beta_oc":-0.15891,"a_ref":1.9447,"I_L_ref":5.211,"I_o_ref":8.58e-10,"R_s":0.479,"R_sh_ref":2321.54,"Adjust":12.9,"PTC":150.5,"pdc0":175.0,"gamma_pdc":-0.00525,"gamma_r":-0.525}