{"Date":"02.01.2012","Version":"NRELv1","Technology":"Mono-c-Si","BIPV":"N","A_c":1.2770000000000001,"N_s":72.0,"T_NOCT":45.8,"I_sc_ref":5.43,"V_oc_ref":45.04,"I_mp_ref":5.13,"V_mp_ref":36.08,"alpha_sc":0.004469,"beta_oc":-0.18151,"a_ref":1.9786,"I_L_ref":5.489,"I_o_ref":7.059999999999999e-10,"R_s":0.638,"R_sh_ref":754.68,"Adjust":-0.8124,"PTC":165.9,"pdc0":185.0,"gamma_pdc":-0.0046700000000000005,"gamma_r":-0.467}