{"Date":"02.01.2012","Version":"NRELv1","Technology":"Mono-c-Si","BIPV":"N","A_c":1.2770000000000001,"N_s":72.0,"T_NOCT":45.8,"I_sc_ref":5.51,"V_oc_ref":45.23,"I_mp_ref":5.21,"V_mp_ref":36.5,"alpha_sc":0.004535,"beta_oc":-0.18228,"a_ref":1.9951,"I_L_ref":5.569,"I_o_ref":7.860000000000001e-10,"R_s":0.57,"R_sh_ref":761.02,"Adjust":-0.05778,"PTC":170.6,"pdc0":190.0,"gamma_pdc":-0.0046700000000000005,"gamma_r":-0.467}