{"Date":"02.01.2012","Version":"NRELv1","Technology":"Mono-c-Si","BIPV":"N","A_c":1.2770000000000001,"N_s":72.0,"T_NOCT":45.8,"I_sc_ref":5.62,"V_oc_ref":45.44,"I_mp_ref":5.28,"V_mp_ref":36.94,"alpha_sc":0.004625,"beta_oc":-0.18312,"a_ref":2.0107,"I_L_ref":5.622000000000001,"I_o_ref":8.559999999999999e-10,"R_s":0.507,"R_sh_ref":1152.14,"Adjust":0.5352,"PTC":175.2,"pdc0":195.0,"gamma_pdc":-0.0046700000000000005,"gamma_r":-0.467}