{"Date":"03.08.2010","Version":"MM107","Technology":"Multi-c-Si","BIPV":"N","A_c":1.47,"N_s":54.0,"T_NOCT":51.4,"I_sc_ref":8.28,"V_oc_ref":33.35,"I_mp_ref":7.83,"V_mp_ref":26.25,"alpha_sc":0.005614,"beta_oc":-0.11999000000000001,"a_ref":1.4340000000000002,"I_L_ref":8.314,"I_o_ref":6.6e-10,"R_s":0.386,"R_sh_ref":100000.0,"Adjust":6.9,"PTC":177.2,"pdc0":205.0,"gamma_pdc":-0.0048200000000000005,"gamma_r":-0.48200000000000004}