{"Date":"03.09.2010","Version":"MM107","Technology":"Multi-c-Si","BIPV":"N","A_c":1.47,"N_s":54.0,"T_NOCT":51.4,"I_sc_ref":8.35,"V_oc_ref":33.4,"I_mp_ref":7.97,"V_mp_ref":26.38,"alpha_sc":0.00566,"beta_oc":-0.12000999999999999,"a_ref":1.4379,"I_L_ref":8.459,"I_o_ref":6.91e-10,"R_s":0.366,"R_sh_ref":100000.0,"Adjust":7.3,"PTC":181.7,"pdc0":210.0,"gamma_pdc":-0.0048200000000000005,"gamma_r":-0.48200000000000004}