{"Date":"08.03.2011","Version":"MM107","Technology":"Multi-c-Si","BIPV":"N","A_c":1.47,"N_s":54.0,"T_NOCT":47.9,"I_sc_ref":8.4,"V_oc_ref":33.7,"I_mp_ref":7.95,"V_mp_ref":26.4,"alpha_sc":0.0064849999999999994,"beta_oc":-0.11760999999999999,"a_ref":1.3918,"I_L_ref":8.429,"I_o_ref":2.57e-10,"R_s":0.41600000000000004,"R_sh_ref":100000.0,"Adjust":1.9,"PTC":187.8,"pdc0":210.0,"gamma_pdc":-0.00435,"gamma_r":-0.435}