{"Date":"03.09.2010","Version":"MM107","Technology":"Multi-c-Si","BIPV":"N","A_c":1.6230000000000002,"N_s":60.0,"T_NOCT":51.4,"I_sc_ref":8.17,"V_oc_ref":36.3,"I_mp_ref":7.68,"V_mp_ref":29.3,"alpha_sc":0.004951,"beta_oc":-0.12208,"a_ref":1.5798,"I_L_ref":8.174,"I_o_ref":8.530000000000001e-10,"R_s":0.316,"R_sh_ref":715.72,"Adjust":17.1,"PTC":194.0,"pdc0":225.0,"gamma_pdc":-0.00488,"gamma_r":-0.488}