{"Date":"08.03.2011","Version":"MM107","Technology":"Multi-c-Si","BIPV":"N","A_c":1.6230000000000002,"N_s":60.0,"T_NOCT":47.9,"I_sc_ref":8.15,"V_oc_ref":36.75,"I_mp_ref":7.8,"V_mp_ref":28.2,"alpha_sc":0.006854000000000001,"beta_oc":-0.14149,"a_ref":1.5167,"I_L_ref":8.295,"I_o_ref":2.4899999999999997e-10,"R_s":0.5479999999999999,"R_sh_ref":100000.0,"Adjust":-7.9,"PTC":196.6,"pdc0":220.0,"gamma_pdc":-0.004320000000000001,"gamma_r":-0.43200000000000005}