{"Date":"02.01.2012","Version":"NRELv1","Technology":"Mono-c-Si","BIPV":"N","A_c":1.6230000000000002,"N_s":60.0,"T_NOCT":45.7,"I_sc_ref":8.46,"V_oc_ref":37.26,"I_mp_ref":7.87,"V_mp_ref":29.86,"alpha_sc":0.0058200000000000005,"beta_oc":-0.13477,"a_ref":1.5705,"I_L_ref":8.474,"I_o_ref":4.12e-10,"R_s":0.359,"R_sh_ref":211.29,"Adjust":2.398,"PTC":212.3,"pdc0":235.0,"gamma_pdc":-0.0044,"gamma_r":-0.44}