{"Date":"08.03.2011","Version":"MM107","Technology":"Multi-c-Si","BIPV":"N","A_c":1.6230000000000002,"N_s":60.0,"T_NOCT":47.9,"I_sc_ref":8.3,"V_oc_ref":37.05,"I_mp_ref":7.9,"V_mp_ref":29.1,"alpha_sc":0.00698,"beta_oc":-0.14264000000000002,"a_ref":1.5495,"I_L_ref":8.379,"I_o_ref":3.46e-10,"R_s":0.445,"R_sh_ref":100000.0,"Adjust":-5.5,"PTC":205.7,"pdc0":230.0,"gamma_pdc":-0.004320000000000001,"gamma_r":-0.43200000000000005}