{"Date":"02.01.2012","Version":"NRELv1","Technology":"Mono-c-Si","BIPV":"N","A_c":1.6230000000000002,"N_s":60.0,"T_NOCT":45.7,"I_sc_ref":8.6,"V_oc_ref":37.67,"I_mp_ref":8.01,"V_mp_ref":30.59,"alpha_sc":0.005917,"beta_oc":-0.13625,"a_ref":1.5993,"I_L_ref":8.612,"I_o_ref":4.97e-10,"R_s":0.297,"R_sh_ref":212.04,"Adjust":3.824,"PTC":221.6,"pdc0":245.0,"gamma_pdc":-0.0044,"gamma_r":-0.44}