{"Date":"04.02.2013","Version":"NRELv1","Technology":"Mono-c-Si","BIPV":"N","A_c":1.6230000000000002,"N_s":60.0,"T_NOCT":44.0,"I_sc_ref":8.66,"V_oc_ref":38.05,"I_mp_ref":8.17,"V_mp_ref":31.23,"alpha_sc":0.007188,"beta_oc":-0.16244,"a_ref":1.6571,"I_L_ref":8.662,"I_o_ref":9.189999999999999e-10,"R_s":0.24100000000000002,"R_sh_ref":1076.25,"Adjust":-7.902,"PTC":232.8,"pdc0":255.0,"gamma_pdc":-0.0044,"gamma_r":-0.44}