{"Date":"04.02.2013","Version":"NRELv1","Technology":"Mono-c-Si","BIPV":"N","A_c":1.6230000000000002,"N_s":60.0,"T_NOCT":44.0,"I_sc_ref":8.65,"V_oc_ref":38.15,"I_mp_ref":8.25,"V_mp_ref":31.06,"alpha_sc":0.00718,"beta_oc":-0.16286,"a_ref":1.6507,"I_L_ref":8.738,"I_o_ref":8e-10,"R_s":0.276,"R_sh_ref":2189.65,"Adjust":-8.997,"PTC":242.2,"pdc0":265.0,"gamma_pdc":-0.0044,"gamma_r":-0.44}