{"Date":"10.01.2012","Version":"NRELv1","Technology":"Multi-c-Si","BIPV":"N","A_c":1.6230000000000002,"N_s":60.0,"T_NOCT":45.9,"I_sc_ref":8.99,"V_oc_ref":38.17,"I_mp_ref":8.51,"V_mp_ref":30.56,"alpha_sc":0.0062840000000000005,"beta_oc":-0.13776,"a_ref":1.5889,"I_L_ref":9.089,"I_o_ref":3.31e-10,"R_s":0.35,"R_sh_ref":360.82,"Adjust":0.22399999999999998,"PTC":235.8,"pdc0":260.0,"gamma_pdc":-0.00431,"gamma_r":-0.431}