{"Date":"04.02.2013","Version":"NRELv1","Technology":"Mono-c-Si","BIPV":"N","A_c":1.6230000000000002,"N_s":60.0,"T_NOCT":44.0,"I_sc_ref":8.72,"V_oc_ref":38.27,"I_mp_ref":8.31,"V_mp_ref":31.33,"alpha_sc":0.007238,"beta_oc":-0.16338,"a_ref":1.6624,"I_L_ref":8.809,"I_o_ref":8.820000000000001e-10,"R_s":0.25,"R_sh_ref":1183.81,"Adjust":-8.329,"PTC":237.5,"pdc0":260.0,"gamma_pdc":-0.0044,"gamma_r":-0.44}