{"Date":"02.01.2012","Version":"NRELv1","Technology":"Mono-c-Si","BIPV":"N","A_c":1.94,"N_s":72.0,"T_NOCT":45.8,"I_sc_ref":8.41,"V_oc_ref":44.58,"I_mp_ref":7.85,"V_mp_ref":35.68,"alpha_sc":0.005677000000000001,"beta_oc":-0.15879000000000001,"a_ref":1.8555,"I_L_ref":8.422,"I_o_ref":3.05e-10,"R_s":0.44299999999999995,"R_sh_ref":311.99,"Adjust":1.535,"PTC":253.3,"pdc0":280.0,"gamma_pdc":-0.004320000000000001,"gamma_r":-0.43200000000000005}