{"Date":"02.01.2012","Version":"NRELv1","Technology":"Mono-c-Si","BIPV":"N","A_c":1.94,"N_s":72.0,"T_NOCT":45.8,"I_sc_ref":8.48,"V_oc_ref":44.78,"I_mp_ref":7.91,"V_mp_ref":36.03,"alpha_sc":0.005724,"beta_oc":-0.15950999999999999,"a_ref":1.8705,"I_L_ref":8.492,"I_o_ref":3.34e-10,"R_s":0.413,"R_sh_ref":286.57,"Adjust":2.227,"PTC":258.0,"pdc0":285.0,"gamma_pdc":-0.004320000000000001,"gamma_r":-0.43200000000000005}