{"Date":"9/15/2011","Version":"MM107","Technology":"Multi-c-Si","BIPV":"N","A_c":1.94,"N_s":72.0,"T_NOCT":45.7,"I_sc_ref":8.59,"V_oc_ref":44.61,"I_mp_ref":8.04,"V_mp_ref":34.82,"alpha_sc":0.0073019999999999995,"beta_oc":-0.16479000000000002,"a_ref":1.8747,"I_L_ref":8.597999999999999,"I_o_ref":3.95e-10,"R_s":0.5529999999999999,"R_sh_ref":607.48,"Adjust":-0.6,"PTC":253.0,"pdc0":280.0,"gamma_pdc":-0.00439,"gamma_r":-0.439}