{"Date":"02.01.2012","Version":"NRELv1","Technology":"Mono-c-Si","BIPV":"N","A_c":1.94,"N_s":72.0,"T_NOCT":45.8,"I_sc_ref":8.55,"V_oc_ref":44.98,"I_mp_ref":7.97,"V_mp_ref":36.4,"alpha_sc":0.005771,"beta_oc":-0.16022,"a_ref":1.886,"I_L_ref":8.562000000000001,"I_o_ref":3.6799999999999997e-10,"R_s":0.381,"R_sh_ref":264.82,"Adjust":2.9760000000000004,"PTC":262.6,"pdc0":290.0,"gamma_pdc":-0.004320000000000001,"gamma_r":-0.43200000000000005}