{"Date":"02.01.2012","Version":"NRELv1","Technology":"Multi-c-Si","BIPV":"N","A_c":1.94,"N_s":72.0,"T_NOCT":45.7,"I_sc_ref":8.86,"V_oc_ref":45.45,"I_mp_ref":8.31,"V_mp_ref":35.5,"alpha_sc":0.007531,"beta_oc":-0.16789,"a_ref":1.9075,"I_L_ref":8.866,"I_o_ref":3.95e-10,"R_s":0.5429999999999999,"R_sh_ref":865.25,"Adjust":-0.6914,"PTC":266.9,"pdc0":295.0,"gamma_pdc":-0.00439,"gamma_r":-0.439}