{"Date":"02.01.2012","Version":"NRELv1","Technology":"Mono-c-Si","BIPV":"N","A_c":1.94,"N_s":72.0,"T_NOCT":45.8,"I_sc_ref":8.62,"V_oc_ref":45.2,"I_mp_ref":8.03,"V_mp_ref":36.74,"alpha_sc":0.0058189999999999995,"beta_oc":-0.161,"a_ref":1.901,"I_L_ref":8.632,"I_o_ref":3.9899999999999997e-10,"R_s":0.355,"R_sh_ref":248.21,"Adjust":3.572,"PTC":267.2,"pdc0":295.0,"gamma_pdc":-0.004320000000000001,"gamma_r":-0.43200000000000005}