{"Date":"04.02.2013","Version":"NRELv1","Technology":"Mono-c-Si","BIPV":"N","A_c":1.94,"N_s":72.0,"T_NOCT":44.4,"I_sc_ref":8.88,"V_oc_ref":46.03,"I_mp_ref":8.3,"V_mp_ref":37.98,"alpha_sc":0.00777,"beta_oc":-0.20134000000000002,"a_ref":2.0258,"I_L_ref":8.887,"I_o_ref":1.18e-09,"R_s":0.252,"R_sh_ref":321.25,"Adjust":-8.471,"PTC":287.7,"pdc0":315.0,"gamma_pdc":-0.00434,"gamma_r":-0.434}