{"Technology":"Multi-c-Si","BIPV":"N","A_c":1.6269999999999998,"N_s":60.0,"T_NOCT":45.6,"PTC":202.8,"pdc0":225.0,"gamma_pdc":-0.00446}