{"Date":"9/26/2011","Version":"MM107","Technology":"Multi-c-Si","BIPV":"N","A_c":0.9890000000000001,"N_s":36.0,"T_NOCT":48.5,"I_sc_ref":8.12,"V_oc_ref":20.4,"I_mp_ref":7.06,"V_mp_ref":17.0,"alpha_sc":0.0032479999999999996,"beta_oc":-0.06527999999999999,"a_ref":0.8984,"I_L_ref":8.152999999999999,"I_o_ref":1e-09,"R_s":0.095,"R_sh_ref":23.83,"Adjust":25.4,"PTC":106.1,"pdc0":120.0,"gamma_pdc":-0.0045000000000000005,"gamma_r":-0.45}