{"Date":"9/26/2011","Version":"MM107","Technology":"Multi-c-Si","BIPV":"N","A_c":1.609,"N_s":60.0,"T_NOCT":48.5,"I_sc_ref":8.3,"V_oc_ref":34.8,"I_mp_ref":7.41,"V_mp_ref":29.0,"alpha_sc":0.0033200000000000005,"beta_oc":-0.11135999999999999,"a_ref":1.5046,"I_L_ref":8.325,"I_o_ref":6.950000000000001e-10,"R_s":0.16899999999999998,"R_sh_ref":56.01,"Adjust":21.4,"PTC":190.5,"pdc0":215.0,"gamma_pdc":-0.0045000000000000005,"gamma_r":-0.45}