{"Date":"9/26/2011","Version":"MM107","Technology":"Multi-c-Si","BIPV":"N","A_c":1.609,"N_s":60.0,"T_NOCT":48.5,"I_sc_ref":8.59,"V_oc_ref":36.0,"I_mp_ref":7.67,"V_mp_ref":30.0,"alpha_sc":0.003436,"beta_oc":-0.1152,"a_ref":1.5565,"I_L_ref":8.616,"I_o_ref":7.190000000000001e-10,"R_s":0.16899999999999998,"R_sh_ref":56.12,"Adjust":21.4,"PTC":204.2,"pdc0":230.0,"gamma_pdc":-0.0045000000000000005,"gamma_r":-0.45}