{"Date":"9/26/2011","Version":"MM107","Technology":"Multi-c-Si","BIPV":"N","A_c":1.921,"N_s":72.0,"T_NOCT":48.5,"I_sc_ref":8.21,"V_oc_ref":42.6,"I_mp_ref":7.33,"V_mp_ref":35.5,"alpha_sc":0.0032840000000000005,"beta_oc":-0.13632,"a_ref":1.8418,"I_L_ref":8.235,"I_o_ref":6.87e-10,"R_s":0.209,"R_sh_ref":69.37,"Adjust":21.4,"PTC":230.4,"pdc0":260.0,"gamma_pdc":-0.0045000000000000005,"gamma_r":-0.45}