{"Date":"9/13/2013","Version":"NRELv1","Technology":"Mono-c-Si","BIPV":"N","A_c":1.95,"N_s":72.0,"T_NOCT":48.7,"I_sc_ref":8.85,"V_oc_ref":45.77,"I_mp_ref":8.28,"V_mp_ref":38.06,"alpha_sc":0.008939,"beta_oc":-0.15836,"a_ref":2.0437,"I_L_ref":8.855,"I_o_ref":1.6399999999999997e-09,"R_s":0.205,"R_sh_ref":342.96,"Adjust":18.99,"PTC":279.8,"pdc0":315.0,"gamma_pdc":-0.00457,"gamma_r":-0.457}