{"Date":"04.02.2013","Version":"NRELv1","Technology":"Mono-c-Si","BIPV":"N","A_c":1.6369999999999998,"N_s":60.0,"T_NOCT":48.9,"I_sc_ref":9.05,"V_oc_ref":37.89,"I_mp_ref":8.47,"V_mp_ref":31.27,"alpha_sc":0.010046,"beta_oc":-0.13565,"a_ref":1.7132,"I_L_ref":9.055,"I_o_ref":2.22e-09,"R_s":0.192,"R_sh_ref":325.31,"Adjust":17.52,"PTC":234.7,"pdc0":265.0,"gamma_pdc":-0.00464,"gamma_r":-0.46399999999999997}