{"Date":"04.02.2013","Version":"NRELv1","Technology":"Multi-c-Si","BIPV":"N","A_c":1.6369999999999998,"N_s":60.0,"T_NOCT":49.3,"I_sc_ref":8.85,"V_oc_ref":37.54,"I_mp_ref":8.29,"V_mp_ref":30.78,"alpha_sc":0.0025670000000000003,"beta_oc":-0.12800999999999998,"a_ref":1.5853,"I_L_ref":8.857999999999999,"I_o_ref":4.53e-10,"R_s":0.249,"R_sh_ref":284.04,"Adjust":9.561,"PTC":224.4,"pdc0":255.0,"gamma_pdc":-0.004739999999999999,"gamma_r":-0.474}