{"Date":"10.01.2013","Version":"NRELv1","Technology":"Multi-c-Si","BIPV":"N","A_c":1.6369999999999998,"N_s":60.0,"T_NOCT":48.6,"I_sc_ref":8.62,"V_oc_ref":37.52,"I_mp_ref":8.06,"V_mp_ref":30.41,"alpha_sc":0.009396,"beta_oc":-0.14407999999999999,"a_ref":1.7274,"I_L_ref":8.625,"I_o_ref":3.15e-09,"R_s":0.26899999999999996,"R_sh_ref":425.89,"Adjust":13.13,"PTC":215.2,"pdc0":245.0,"gamma_pdc":-0.00491,"gamma_r":-0.491}