{"Date":"04.02.2013","Version":"NRELv1","Technology":"Multi-c-Si","BIPV":"N","A_c":1.6369999999999998,"N_s":60.0,"T_NOCT":49.3,"I_sc_ref":9.01,"V_oc_ref":37.99,"I_mp_ref":8.45,"V_mp_ref":31.36,"alpha_sc":0.002613,"beta_oc":-0.12955,"a_ref":1.6095,"I_L_ref":9.017000000000001,"I_o_ref":4.99e-10,"R_s":0.21899999999999997,"R_sh_ref":298.75,"Adjust":10.24,"PTC":233.5,"pdc0":265.0,"gamma_pdc":-0.004739999999999999,"gamma_r":-0.474}