{"Date":"04.02.2013","Version":"NRELv1","Technology":"Multi-c-Si","BIPV":"N","A_c":1.6369999999999998,"N_s":60.0,"T_NOCT":48.9,"I_sc_ref":8.93,"V_oc_ref":37.76,"I_mp_ref":8.37,"V_mp_ref":31.06,"alpha_sc":0.003304,"beta_oc":-0.12536,"a_ref":1.5655,"I_L_ref":8.937999999999999,"I_o_ref":2.9399999999999997e-10,"R_s":0.243,"R_sh_ref":270.25,"Adjust":8.533999999999999,"PTC":231.2,"pdc0":260.0,"gamma_pdc":-0.00448,"gamma_r":-0.44799999999999995}