{"Date":"09.04.2013","Version":"NRELv1","Technology":"Mono-c-Si","BIPV":"N","A_c":1.95,"N_s":72.0,"T_NOCT":48.7,"I_sc_ref":8.7,"V_oc_ref":44.53,"I_mp_ref":8.11,"V_mp_ref":36.38,"alpha_sc":0.008787,"beta_oc":-0.15407,"a_ref":1.9722,"I_L_ref":8.709,"I_o_ref":1.3400000000000001e-09,"R_s":0.29600000000000004,"R_sh_ref":287.01,"Adjust":17.19,"PTC":261.5,"pdc0":295.0,"gamma_pdc":-0.00457,"gamma_r":-0.457}