{"Date":"09.02.2013","Version":"NRELv1","Technology":"Mono-c-Si","BIPV":"N","A_c":1.95,"N_s":72.0,"T_NOCT":48.7,"I_sc_ref":8.69,"V_oc_ref":44.37,"I_mp_ref":8.09,"V_mp_ref":35.86,"alpha_sc":0.008777,"beta_oc":-0.15352000000000002,"a_ref":1.9541,"I_L_ref":8.701,"I_o_ref":1.18e-09,"R_s":0.35200000000000004,"R_sh_ref":278.28,"Adjust":15.98,"PTC":256.9,"pdc0":290.0,"gamma_pdc":-0.00457,"gamma_r":-0.457}