{"Date":"09.09.2013","Version":"NRELv1","Technology":"Mono-c-Si","BIPV":"N","A_c":1.95,"N_s":72.0,"T_NOCT":48.7,"I_sc_ref":8.77,"V_oc_ref":45.35,"I_mp_ref":8.19,"V_mp_ref":37.24,"alpha_sc":0.008858,"beta_oc":-0.15691,"a_ref":2.0124,"I_L_ref":8.777000000000001,"I_o_ref":1.4099999999999999e-09,"R_s":0.272,"R_sh_ref":320.97,"Adjust":17.62,"PTC":270.7,"pdc0":305.0,"gamma_pdc":-0.00457,"gamma_r":-0.457}