{"Date":"04.02.2013","Version":"NRELv1","Technology":"Multi-c-Si","BIPV":"N","A_c":1.6369999999999998,"N_s":60.0,"T_NOCT":49.3,"I_sc_ref":8.93,"V_oc_ref":37.76,"I_mp_ref":8.37,"V_mp_ref":31.06,"alpha_sc":0.00259,"beta_oc":-0.12875999999999999,"a_ref":1.597,"I_L_ref":8.937000000000001,"I_o_ref":4.74e-10,"R_s":0.235,"R_sh_ref":291.59,"Adjust":9.88,"PTC":229.0,"pdc0":260.0,"gamma_pdc":-0.004739999999999999,"gamma_r":-0.474}