{"Date":"04.02.2013","Version":"NRELv1","Technology":"Mono-c-Si","BIPV":"N","A_c":1.6369999999999998,"N_s":60.0,"T_NOCT":46.1,"I_sc_ref":9.05,"V_oc_ref":37.89,"I_mp_ref":8.47,"V_mp_ref":31.27,"alpha_sc":0.003077,"beta_oc":-0.12769,"a_ref":1.6205,"I_L_ref":9.057,"I_o_ref":6.25e-10,"R_s":0.214,"R_sh_ref":259.02,"Adjust":13.5,"PTC":237.4,"pdc0":265.0,"gamma_pdc":-0.0047799999999999995,"gamma_r":-0.478}