{"Date":"04.02.2013","Version":"NRELv1","Technology":"Multi-c-Si","BIPV":"N","A_c":1.6369999999999998,"N_s":60.0,"T_NOCT":47.4,"I_sc_ref":8.63,"V_oc_ref":37.68,"I_mp_ref":8.08,"V_mp_ref":30.93,"alpha_sc":0.008371,"beta_oc":-0.14281,"a_ref":1.7169999999999999,"I_L_ref":8.635,"I_o_ref":2.52e-09,"R_s":0.22,"R_sh_ref":392.52,"Adjust":12.67,"PTC":221.7,"pdc0":250.0,"gamma_pdc":-0.00483,"gamma_r":-0.483}