{"Technology":"Mono-c-Si","BIPV":"N","A_c":1.6369999999999998,"N_s":60.0,"T_NOCT":44.3,"PTC":242.7,"pdc0":270.0,"gamma_pdc":-0.00509722}