{"Technology":"Mono-c-Si","BIPV":"N","A_c":1.6369999999999998,"N_s":60.0,"T_NOCT":46.3,"PTC":256.4,"pdc0":285.0,"gamma_pdc":-0.004681770000000001}