{"Technology":"Multi-c-Si","BIPV":"N","A_c":1.6369999999999998,"N_s":60.0,"T_NOCT":46.4,"PTC":249.0,"pdc0":275.0,"gamma_pdc":-0.004326460000000001}