{"Technology":"Mono-c-Si","BIPV":"N","A_c":1.4509999999999998,"N_s":60.0,"T_NOCT":44.1,"PTC":196.9,"pdc0":224.0,"gamma_pdc":-0.006071}