{"Date":"08.01.2012","Version":"NRELv1","Technology":"Multi-c-Si","BIPV":"N","A_c":1.6580000000000001,"N_s":60.0,"T_NOCT":46.0,"I_sc_ref":8.31,"V_oc_ref":37.17,"I_mp_ref":7.84,"V_mp_ref":29.32,"alpha_sc":0.005852,"beta_oc":-0.12616,"a_ref":1.5395,"I_L_ref":8.311,"I_o_ref":2.71e-10,"R_s":0.436,"R_sh_ref":6741.17,"Adjust":5.635,"PTC":207.1,"pdc0":230.0,"gamma_pdc":-0.00443,"gamma_r":-0.44299999999999995}