{"Date":"08.01.2012","Version":"NRELv1","Technology":"Multi-c-Si","BIPV":"N","A_c":1.975,"N_s":72.0,"T_NOCT":47.2,"I_sc_ref":8.64,"V_oc_ref":44.61,"I_mp_ref":8.13,"V_mp_ref":35.67,"alpha_sc":0.0062759999999999995,"beta_oc":-0.15765,"a_ref":1.9084,"I_L_ref":8.642999999999999,"I_o_ref":6.06e-10,"R_s":0.42200000000000004,"R_sh_ref":1166.67,"Adjust":7.882999999999999,"PTC":258.6,"pdc0":290.0,"gamma_pdc":-0.00462,"gamma_r":-0.462}