{"Date":"08.01.2012","Version":"NRELv1","Technology":"Multi-c-Si","BIPV":"N","A_c":1.5,"N_s":54.0,"T_NOCT":46.0,"I_sc_ref":8.78,"V_oc_ref":33.61,"I_mp_ref":8.23,"V_mp_ref":27.34,"alpha_sc":0.006183,"beta_oc":-0.11407,"a_ref":1.4224,"I_L_ref":8.787,"I_o_ref":4.75e-10,"R_s":0.254,"R_sh_ref":298.38,"Adjust":10.07,"PTC":203.0,"pdc0":225.0,"gamma_pdc":-0.00443,"gamma_r":-0.44299999999999995}