{"Vac":320.0,"Paco":500000.0,"Pdco":509744.0,"Vdco":600.0,"Pso":1100.27,"C0":-2.57611e-08,"C1":1.41653e-05,"C2":0.00303465,"C3":0.000878579,"Pnt":106.8,"Vdcmax":800.0,"Mppt_low":500.0,"Mppt_high":800.0}