{"Vac":400.0,"Paco":630000.0,"Pdco":642056.0,"Vdco":700.0,"Pso":1293.58,"C0":-1.72576e-08,"C1":1.2008699999999999e-05,"C2":0.00230992,"C3":-0.000263796,"Pnt":138.0,"Vdcmax":800.0,"Mppt_low":615.0,"Mppt_high":800.0}