{"Date":"07.09.2010","Version":"MM107","Technology":"2-a-Si","BIPV":"N","A_c":0.728,"N_s":47.0,"T_NOCT":49.1,"I_sc_ref":0.97,"V_oc_ref":79.0,"I_mp_ref":0.85,"V_mp_ref":61.0,"alpha_sc":0.0008730000000000001,"beta_oc":-0.2923,"a_ref":2.9166,"I_L_ref":0.983,"I_o_ref":1.52e-12,"R_s":10.902000000000001,"R_sh_ref":787.68,"Adjust":-24.5,"PTC":48.0,"pdc0":52.0,"gamma_pdc":-0.0027,"gamma_r":-0.27}