{"Date":"05.05.2011","Version":"MM107","Technology":"Mono-c-Si","BIPV":"N","A_c":1.2770000000000001,"N_s":72.0,"T_NOCT":45.1,"I_sc_ref":5.15,"V_oc_ref":44.5,"I_mp_ref":4.78,"V_mp_ref":35.6,"alpha_sc":0.003654,"beta_oc":-0.14369,"a_ref":1.8484,"I_L_ref":5.1610000000000005,"I_o_ref":1.76e-10,"R_s":0.73,"R_sh_ref":353.09,"Adjust":11.4,"PTC":154.1,"pdc0":170.0,"gamma_pdc":-0.0043,"gamma_r":-0.43}