{"Date":"03.07.2011","Version":"MM107","Technology":"Multi-c-Si","BIPV":"N","A_c":1.794,"N_s":66.0,"T_NOCT":46.3,"I_sc_ref":8.04,"V_oc_ref":39.86,"I_mp_ref":7.37,"V_mp_ref":33.26,"alpha_sc":0.003208,"beta_oc":-0.16534000000000001,"a_ref":1.973,"I_L_ref":8.047,"I_o_ref":1.31e-08,"R_s":0.124,"R_sh_ref":141.56,"Adjust":19.1,"PTC":211.6,"pdc0":245.0,"gamma_pdc":-0.0059499999999999996,"gamma_r":-0.595}