{"Date":"03.07.2011","Version":"MM107","Technology":"Multi-c-Si","BIPV":"N","A_c":1.311,"N_s":48.0,"T_NOCT":49.2,"I_sc_ref":7.95,"V_oc_ref":28.85,"I_mp_ref":7.26,"V_mp_ref":24.1,"alpha_sc":0.008825,"beta_oc":-0.10675,"a_ref":1.4092,"I_L_ref":7.957999999999999,"I_o_ref":9.82e-09,"R_s":0.092,"R_sh_ref":89.29,"Adjust":29.9,"PTC":151.0,"pdc0":175.0,"gamma_pdc":-0.00526,"gamma_r":-0.526}