{"Date":"5/22/2012","Version":"NRELv1","Technology":"Mono-c-Si","BIPV":"N","A_c":1.2770000000000001,"N_s":72.0,"T_NOCT":45.8,"I_sc_ref":5.47,"V_oc_ref":44.4,"I_mp_ref":4.89,"V_mp_ref":35.8,"alpha_sc":0.0043100000000000005,"beta_oc":-0.17503,"a_ref":1.9658,"I_L_ref":5.497000000000001,"I_o_ref":7.939999999999999e-10,"R_s":0.583,"R_sh_ref":116.21,"Adjust":2.583,"PTC":157.7,"pdc0":175.0,"gamma_pdc":-0.00443,"gamma_r":-0.44299999999999995}