{"Date":"5/22/2012","Version":"NRELv1","Technology":"Multi-c-Si","BIPV":"N","A_c":1.94,"N_s":72.0,"T_NOCT":45.7,"I_sc_ref":8.44,"V_oc_ref":44.4,"I_mp_ref":7.67,"V_mp_ref":35.2,"alpha_sc":0.007917,"beta_oc":-0.19647,"a_ref":2.005,"I_L_ref":8.472999999999999,"I_o_ref":1.95e-09,"R_s":0.45399999999999996,"R_sh_ref":115.2,"Adjust":-5.393,"PTC":242.3,"pdc0":270.0,"gamma_pdc":-0.00463,"gamma_r":-0.46299999999999997}