{"Date":"07.05.2011","Version":"MM107","Technology":"Multi-c-Si","BIPV":"N","A_c":1.9369999999999998,"N_s":72.0,"T_NOCT":46.5,"I_sc_ref":8.9,"V_oc_ref":45.29,"I_mp_ref":7.95,"V_mp_ref":36.48,"alpha_sc":0.007983,"beta_oc":-0.17998,"a_ref":2.0143,"I_L_ref":8.945,"I_o_ref":1.4300000000000002e-09,"R_s":0.369,"R_sh_ref":72.18,"Adjust":2.3,"PTC":252.2,"pdc0":280.0,"gamma_pdc":-0.00435,"gamma_r":-0.435}