{"Date":"07.05.2011","Version":"MM107","Technology":"Multi-c-Si","BIPV":"N","A_c":1.9369999999999998,"N_s":72.0,"T_NOCT":46.5,"I_sc_ref":8.32,"V_oc_ref":39.64,"I_mp_ref":7.18,"V_mp_ref":33.86,"alpha_sc":0.007462999999999999,"beta_oc":-0.15753,"a_ref":1.8803,"I_L_ref":8.322000000000001,"I_o_ref":5.17e-09,"R_s":0.01,"R_sh_ref":43.18,"Adjust":14.5,"PTC":215.4,"pdc0":240.0,"gamma_pdc":-0.00435,"gamma_r":-0.435}