{"Date":"10/23/2009","Version":"MM106","Technology":"Multi-c-Si","BIPV":"N","A_c":1.6340000000000001,"N_s":60.0,"T_NOCT":47.3,"I_sc_ref":7.85,"V_oc_ref":34.92,"I_mp_ref":6.87,"V_mp_ref":29.1,"alpha_sc":0.004196,"beta_oc":-0.12219000000000001,"a_ref":1.6266,"I_L_ref":7.874,"I_o_ref":3.3799999999999995e-09,"R_s":0.142,"R_sh_ref":46.91,"Adjust":26.7,"PTC":175.9,"pdc0":200.0,"gamma_pdc":-0.00493,"gamma_r":-0.493}