{"Date":"9/15/2011","Version":"MM107","Technology":"Multi-c-Si","BIPV":"N","A_c":1.9369999999999998,"N_s":72.0,"T_NOCT":46.0,"I_sc_ref":8.88,"V_oc_ref":44.3,"I_mp_ref":8.17,"V_mp_ref":36.1,"alpha_sc":0.007326000000000001,"beta_oc":-0.1659,"a_ref":1.9157,"I_L_ref":8.9,"I_o_ref":7.779999999999999e-10,"R_s":0.314,"R_sh_ref":139.6,"Adjust":3.4,"PTC":267.0,"pdc0":295.0,"gamma_pdc":-0.004320000000000001,"gamma_r":-0.43200000000000005}