{"Date":"10/20/2011","Version":"NRELv1","Technology":"Mono-c-Si","BIPV":"N","A_c":1.6340000000000001,"N_s":60.0,"T_NOCT":45.8,"I_sc_ref":8.68,"V_oc_ref":37.82,"I_mp_ref":8.03,"V_mp_ref":30.5,"alpha_sc":0.007018000000000001,"beta_oc":-0.1571,"a_ref":1.6446,"I_L_ref":8.697000000000001,"I_o_ref":8.71e-10,"R_s":0.316,"R_sh_ref":161.22,"Adjust":-5.687,"PTC":221.3,"pdc0":245.0,"gamma_pdc":-0.00442,"gamma_r":-0.442}