{"Date":"08.01.2012","Version":"NRELv1","Technology":"Multi-c-Si","BIPV":"N","A_c":1.6340000000000001,"N_s":60.0,"T_NOCT":47.3,"I_sc_ref":8.78,"V_oc_ref":37.48,"I_mp_ref":7.81,"V_mp_ref":30.73,"alpha_sc":0.004693,"beta_oc":-0.13114,"a_ref":1.7064,"I_L_ref":8.814,"I_o_ref":2.36e-09,"R_s":0.221,"R_sh_ref":56.43,"Adjust":21.99,"PTC":203.1,"pdc0":230.0,"gamma_pdc":-0.00493,"gamma_r":-0.493}