{"Date":"08.01.2012","Version":"NRELv1","Technology":"Multi-c-Si","BIPV":"N","A_c":1.6340000000000001,"N_s":60.0,"T_NOCT":45.7,"I_sc_ref":8.8,"V_oc_ref":36.2,"I_mp_ref":7.91,"V_mp_ref":29.7,"alpha_sc":0.007268999999999999,"beta_oc":-0.13684000000000002,"a_ref":1.6113,"I_L_ref":8.83,"I_o_ref":1.45e-09,"R_s":0.22,"R_sh_ref":64.24,"Adjust":8.059,"PTC":212.2,"pdc0":235.0,"gamma_pdc":-0.00441,"gamma_r":-0.441}