{"Date":"9/15/2011","Version":"MM107","Technology":"Multi-c-Si","BIPV":"N","A_c":1.9369999999999998,"N_s":72.0,"T_NOCT":46.0,"I_sc_ref":8.75,"V_oc_ref":43.8,"I_mp_ref":7.96,"V_mp_ref":35.8,"alpha_sc":0.007219,"beta_oc":-0.16403,"a_ref":1.9115,"I_L_ref":8.776,"I_o_ref":9.33e-10,"R_s":0.29600000000000004,"R_sh_ref":100.46,"Adjust":5.1,"PTC":257.7,"pdc0":285.0,"gamma_pdc":-0.004320000000000001,"gamma_r":-0.43200000000000005}