{"Date":"9/15/2011","Version":"MM107","Technology":"Multi-c-Si","BIPV":"N","A_c":1.9369999999999998,"N_s":72.0,"T_NOCT":46.0,"I_sc_ref":8.9,"V_oc_ref":44.5,"I_mp_ref":8.29,"V_mp_ref":36.2,"alpha_sc":0.007343000000000001,"beta_oc":-0.16665,"a_ref":1.9077,"I_L_ref":8.912,"I_o_ref":6.46e-10,"R_s":0.326,"R_sh_ref":247.27,"Adjust":1.8,"PTC":271.6,"pdc0":300.0,"gamma_pdc":-0.004320000000000001,"gamma_r":-0.43200000000000005}