{"Date":"11/30/2009","Version":"MM106","Technology":"Multi-c-Si","BIPV":"N","A_c":1.68,"N_s":72.0,"T_NOCT":47.0,"I_sc_ref":8.18,"V_oc_ref":46.98,"I_mp_ref":7.68,"V_mp_ref":35.82,"alpha_sc":0.00314,"beta_oc":-0.1385,"a_ref":1.819,"I_L_ref":8.186,"I_o_ref":4.9500000000000004e-11,"R_s":0.7759999999999999,"R_sh_ref":1044.12,"Adjust":6.5,"PTC":248.5,"pdc0":275.0,"gamma_pdc":-0.00427,"gamma_r":-0.42700000000000005}