{"Date":"11.10.2009","Version":"MM106","Technology":"Multi-c-Si","BIPV":"N","A_c":1.475,"N_s":72.0,"T_NOCT":47.4,"I_sc_ref":8.25,"V_oc_ref":32.8,"I_mp_ref":7.44,"V_mp_ref":26.9,"alpha_sc":0.005058,"beta_oc":-0.12122999999999999,"a_ref":1.5265,"I_L_ref":8.273,"I_o_ref":3.63e-09,"R_s":0.196,"R_sh_ref":69.34,"Adjust":19.9,"PTC":175.2,"pdc0":200.0,"gamma_pdc":-0.0051400000000000005,"gamma_r":-0.514}