{"Date":"11.10.2009","Version":"MM106","Technology":"Multi-c-Si","BIPV":"N","A_c":1.632,"N_s":72.0,"T_NOCT":47.9,"I_sc_ref":7.83,"V_oc_ref":36.1,"I_mp_ref":7.07,"V_mp_ref":29.7,"alpha_sc":0.00483,"beta_oc":-0.1344,"a_ref":1.6869999999999998,"I_L_ref":7.85,"I_o_ref":3.77e-09,"R_s":0.21,"R_sh_ref":82.58,"Adjust":19.9,"PTC":183.0,"pdc0":210.0,"gamma_pdc":-0.00517,"gamma_r":-0.517}