{"Date":"11.10.2009","Version":"MM106","Technology":"Multi-c-Si","BIPV":"N","A_c":1.475,"N_s":72.0,"T_NOCT":47.4,"I_sc_ref":8.47,"V_oc_ref":33.2,"I_mp_ref":7.75,"V_mp_ref":27.1,"alpha_sc":0.00519,"beta_oc":-0.12270999999999999,"a_ref":1.5252,"I_L_ref":8.488,"I_o_ref":2.87e-09,"R_s":0.217,"R_sh_ref":99.69,"Adjust":17.3,"PTC":184.3,"pdc0":210.0,"gamma_pdc":-0.0051400000000000005,"gamma_r":-0.514}