{"Date":"11.10.2009","Version":"MM106","Technology":"Multi-c-Si","BIPV":"N","A_c":1.475,"N_s":72.0,"T_NOCT":47.4,"I_sc_ref":7.97,"V_oc_ref":32.6,"I_mp_ref":7.11,"V_mp_ref":26.7,"alpha_sc":0.004886,"beta_oc":-0.12049000000000001,"a_ref":1.5272,"I_L_ref":7.997999999999999,"I_o_ref":3.99e-09,"R_s":0.204,"R_sh_ref":58.14,"Adjust":21.2,"PTC":166.2,"pdc0":190.0,"gamma_pdc":-0.0051400000000000005,"gamma_r":-0.514}