{"Date":"11.10.2009","Version":"MM106","Technology":"Multi-c-Si","BIPV":"N","A_c":1.946,"N_s":72.0,"T_NOCT":47.6,"I_sc_ref":8.21,"V_oc_ref":44.2,"I_mp_ref":7.47,"V_mp_ref":36.0,"alpha_sc":0.004574,"beta_oc":-0.1608,"a_ref":2.0067,"I_L_ref":8.232999999999999,"I_o_ref":2.13e-09,"R_s":0.316,"R_sh_ref":114.69,"Adjust":16.7,"PTC":237.0,"pdc0":270.0,"gamma_pdc":-0.00505,"gamma_r":-0.505}