{"Date":"11.10.2009","Version":"MM106","Technology":"Mono-c-Si","BIPV":"N","A_c":1.281,"N_s":72.0,"T_NOCT":47.6,"I_sc_ref":5.43,"V_oc_ref":44.7,"I_mp_ref":4.87,"V_mp_ref":35.9,"alpha_sc":0.002573,"beta_oc":-0.17393,"a_ref":2.0796,"I_L_ref":5.454,"I_o_ref":2.37e-09,"R_s":0.5820000000000001,"R_sh_ref":132.02,"Adjust":13.9,"PTC":152.7,"pdc0":175.0,"gamma_pdc":-0.00526,"gamma_r":-0.526}