{"Date":"10.05.2010","Version":"MM107","Technology":"Multi-c-Si","BIPV":"N","A_c":1.473,"N_s":36.0,"T_NOCT":43.1,"I_sc_ref":12.26,"V_oc_ref":21.8,"I_mp_ref":11.3,"V_mp_ref":17.7,"alpha_sc":0.007883,"beta_oc":-0.07434,"a_ref":0.9379,"I_L_ref":12.287,"I_o_ref":9.550000000000001e-10,"R_s":0.11900000000000001,"R_sh_ref":53.37,"Adjust":12.8,"PTC":182.2,"pdc0":200.0,"gamma_pdc":-0.00455,"gamma_r":-0.455}