{"Date":"10.05.2010","Version":"MM107","Technology":"Multi-c-Si","BIPV":"N","A_c":1.4969999999999999,"N_s":38.0,"T_NOCT":43.1,"I_sc_ref":11.71,"V_oc_ref":22.9,"I_mp_ref":10.93,"V_mp_ref":18.3,"alpha_sc":0.007529999999999999,"beta_oc":-0.07808999999999999,"a_ref":0.9685,"I_L_ref":11.725,"I_o_ref":6.22e-10,"R_s":0.16399999999999998,"R_sh_ref":123.88,"Adjust":9.3,"PTC":182.2,"pdc0":200.0,"gamma_pdc":-0.00455,"gamma_r":-0.455}