{"Date":"10.05.2010","Version":"MM107","Technology":"Multi-c-Si","BIPV":"N","A_c":1.4969999999999999,"N_s":38.0,"T_NOCT":43.1,"I_sc_ref":11.87,"V_oc_ref":23.0,"I_mp_ref":11.15,"V_mp_ref":18.4,"alpha_sc":0.007631999999999999,"beta_oc":-0.07843,"a_ref":0.9702,"I_L_ref":11.878,"I_o_ref":5.97e-10,"R_s":0.16,"R_sh_ref":251.19,"Adjust":8.8,"PTC":186.8,"pdc0":205.0,"gamma_pdc":-0.00455,"gamma_r":-0.455}