{"Date":"10.05.2010","Version":"MM107","Technology":"Multi-c-Si","BIPV":"N","A_c":1.4969999999999999,"N_s":38.0,"T_NOCT":43.1,"I_sc_ref":12.02,"V_oc_ref":23.1,"I_mp_ref":11.36,"V_mp_ref":18.5,"alpha_sc":0.007729000000000001,"beta_oc":-0.07877,"a_ref":0.9714,"I_L_ref":12.02,"I_o_ref":5.66e-10,"R_s":0.157,"R_sh_ref":100000.0,"Adjust":8.2,"PTC":191.5,"pdc0":210.0,"gamma_pdc":-0.00455,"gamma_r":-0.455}