{"Date":"10.05.2010","Version":"MM107","Technology":"Multi-c-Si","BIPV":"N","A_c":1.4969999999999999,"N_s":38.0,"T_NOCT":43.1,"I_sc_ref":11.55,"V_oc_ref":22.8,"I_mp_ref":10.66,"V_mp_ref":18.3,"alpha_sc":0.007427,"beta_oc":-0.07775,"a_ref":0.9734,"I_L_ref":11.578,"I_o_ref":7.55e-10,"R_s":0.156,"R_sh_ref":64.55,"Adjust":11.2,"PTC":177.5,"pdc0":195.0,"gamma_pdc":-0.00455,"gamma_r":-0.455}