{"Date":"03.01.2011","Version":"MM107","Technology":"Mono-c-Si","BIPV":"N","A_c":1.2770000000000001,"N_s":72.0,"T_NOCT":47.1,"I_sc_ref":5.71,"V_oc_ref":45.0,"I_mp_ref":5.14,"V_mp_ref":36.0,"alpha_sc":0.002855,"beta_oc":-0.153,"a_ref":1.9303,"I_L_ref":5.739,"I_o_ref":4.04e-10,"R_s":0.652,"R_sh_ref":126.64,"Adjust":12.5,"PTC":165.1,"pdc0":185.0,"gamma_pdc":-0.0046,"gamma_r":-0.46}