{"Date":"03.01.2011","Version":"MM107","Technology":"Mono-c-Si","BIPV":"N","A_c":1.2770000000000001,"N_s":72.0,"T_NOCT":47.1,"I_sc_ref":5.15,"V_oc_ref":43.2,"I_mp_ref":4.63,"V_mp_ref":34.56,"alpha_sc":0.002575,"beta_oc":-0.14687999999999998,"a_ref":1.8549,"I_L_ref":5.1770000000000005,"I_o_ref":3.7199999999999996e-10,"R_s":0.6940000000000001,"R_sh_ref":131.46,"Adjust":12.7,"PTC":142.2,"pdc0":160.0,"gamma_pdc":-0.0046,"gamma_r":-0.46}