{"Date":"03.01.2011","Version":"MM107","Technology":"Mono-c-Si","BIPV":"N","A_c":1.8319999999999999,"N_s":104.0,"T_NOCT":47.1,"I_sc_ref":5.56,"V_oc_ref":63.7,"I_mp_ref":5.0,"V_mp_ref":50.96,"alpha_sc":0.00278,"beta_oc":-0.21658000000000002,"a_ref":2.7351,"I_L_ref":5.5889999999999995,"I_o_ref":4.02e-10,"R_s":0.9470000000000001,"R_sh_ref":180.56,"Adjust":12.7,"PTC":227.3,"pdc0":255.0,"gamma_pdc":-0.0046,"gamma_r":-0.46}