{"Date":"03.01.2011","Version":"MM107","Technology":"Mono-c-Si","BIPV":"N","A_c":1.8319999999999999,"N_s":104.0,"T_NOCT":47.1,"I_sc_ref":5.66,"V_oc_ref":65.0,"I_mp_ref":5.1,"V_mp_ref":52.0,"alpha_sc":0.00283,"beta_oc":-0.221,"a_ref":2.7868,"I_L_ref":5.689,"I_o_ref":3.9600000000000003e-10,"R_s":0.95,"R_sh_ref":188.26,"Adjust":12.4,"PTC":236.4,"pdc0":265.0,"gamma_pdc":-0.0046,"gamma_r":-0.46}