{"Date":"03.01.2011","Version":"MM107","Technology":"Mono-c-Si","BIPV":"N","A_c":1.8319999999999999,"N_s":104.0,"T_NOCT":47.1,"I_sc_ref":5.88,"V_oc_ref":65.0,"I_mp_ref":5.29,"V_mp_ref":52.0,"alpha_sc":0.00294,"beta_oc":-0.221,"a_ref":2.7895,"I_L_ref":5.9110000000000005,"I_o_ref":4.21e-10,"R_s":0.914,"R_sh_ref":175.64,"Adjust":12.6,"PTC":245.6,"pdc0":275.0,"gamma_pdc":-0.0046,"gamma_r":-0.46}