{"Date":"03.01.2011","Version":"MM107","Technology":"Multi-c-Si","BIPV":"N","A_c":1.337,"N_s":48.0,"T_NOCT":46.8,"I_sc_ref":8.47,"V_oc_ref":29.5,"I_mp_ref":7.63,"V_mp_ref":23.6,"alpha_sc":0.005082,"beta_oc":-0.0944,"a_ref":1.2588,"I_L_ref":8.513,"I_o_ref":5.31e-10,"R_s":0.29,"R_sh_ref":56.53,"Adjust":18.3,"PTC":161.0,"pdc0":180.0,"gamma_pdc":-0.0045000000000000005,"gamma_r":-0.45}