{"Date":"03.01.2011","Version":"MM107","Technology":"Multi-c-Si","BIPV":"N","A_c":1.625,"N_s":60.0,"T_NOCT":46.8,"I_sc_ref":8.1,"V_oc_ref":36.0,"I_mp_ref":7.29,"V_mp_ref":28.8,"alpha_sc":0.00486,"beta_oc":-0.1152,"a_ref":1.537,"I_L_ref":8.142000000000001,"I_o_ref":5.13e-10,"R_s":0.37,"R_sh_ref":70.81,"Adjust":18.4,"PTC":187.6,"pdc0":210.0,"gamma_pdc":-0.0045000000000000005,"gamma_r":-0.45}