{"Date":"03.01.2011","Version":"MM107","Technology":"Multi-c-Si","BIPV":"N","A_c":1.625,"N_s":60.0,"T_NOCT":46.8,"I_sc_ref":9.07,"V_oc_ref":37.5,"I_mp_ref":8.17,"V_mp_ref":30.0,"alpha_sc":0.005442,"beta_oc":-0.12,"a_ref":1.6002,"I_L_ref":9.117,"I_o_ref":5.69e-10,"R_s":0.344,"R_sh_ref":67.02,"Adjust":18.3,"PTC":219.8,"pdc0":245.0,"gamma_pdc":-0.0045000000000000005,"gamma_r":-0.45}