{"Date":"03.01.2011","Version":"MM107","Technology":"Multi-c-Si","BIPV":"N","A_c":1.494,"N_s":54.0,"T_NOCT":46.8,"I_sc_ref":8.81,"V_oc_ref":33.1,"I_mp_ref":7.93,"V_mp_ref":26.48,"alpha_sc":0.005286,"beta_oc":-0.10592,"a_ref":1.4131,"I_L_ref":8.856,"I_o_ref":5.58e-10,"R_s":0.313,"R_sh_ref":60.02,"Adjust":18.4,"PTC":188.0,"pdc0":210.0,"gamma_pdc":-0.0045000000000000005,"gamma_r":-0.45}