{"Date":"03.01.2011","Version":"MM107","Technology":"Multi-c-Si","BIPV":"N","A_c":1.966,"N_s":72.0,"T_NOCT":46.8,"I_sc_ref":9.26,"V_oc_ref":45.0,"I_mp_ref":8.33,"V_mp_ref":36.0,"alpha_sc":0.005556,"beta_oc":-0.14400000000000002,"a_ref":1.9221,"I_L_ref":9.309,"I_o_ref":5.93e-10,"R_s":0.40399999999999997,"R_sh_ref":76.71,"Adjust":18.5,"PTC":269.2,"pdc0":300.0,"gamma_pdc":-0.0045000000000000005,"gamma_r":-0.45}