{"Date":"2/14/2011","Version":"MM107","Technology":"Multi-c-Si","BIPV":"N","A_c":1.6230000000000002,"N_s":60.0,"T_NOCT":51.2,"I_sc_ref":7.92,"V_oc_ref":37.0,"I_mp_ref":7.47,"V_mp_ref":30.8,"alpha_sc":0.003865,"beta_oc":-0.1339,"a_ref":1.7142,"I_L_ref":7.921,"I_o_ref":3.3399999999999996e-09,"R_s":0.163,"R_sh_ref":1692.97,"Adjust":22.0,"PTC":195.1,"pdc0":230.0,"gamma_pdc":-0.00545,"gamma_r":-0.545}