{"Vac":208.0,"Paco":3980.0,"Pdco":4163.37,"Vdco":325.0,"Pso":32.1335,"C0":-6.77165e-06,"C1":-2.19453e-05,"C2":0.000317789,"C3":0.00110017,"Pnt":0.18,"Vdcmax":360.0,"Mppt_low":100.0,"Mppt_high":360.0}