{"Date":"11.04.2014","Version":"NRELv1","Technology":"Mono-c-Si","BIPV":"Y","A_c":0.532,"N_s":14.0,"T_NOCT":55.6,"I_sc_ref":8.65,"V_oc_ref":9.24,"I_mp_ref":8.44,"V_mp_ref":6.99,"alpha_sc":0.00346,"beta_oc":-0.027719999999999998,"a_ref":0.3649,"I_L_ref":9.007,"I_o_ref":9.04e-11,"R_s":0.14400000000000002,"R_sh_ref":237.96,"Adjust":9.167,"PTC":50.0,"pdc0":59.0,"gamma_pdc":-0.0045000000000000005,"gamma_r":-0.45}