{"Date":"11.04.2014","Version":"NRELv1","Technology":"Mono-c-Si","BIPV":"Y","A_c":0.5379999999999999,"N_s":14.0,"T_NOCT":53.5,"I_sc_ref":8.5,"V_oc_ref":9.23,"I_mp_ref":8.38,"V_mp_ref":6.92,"alpha_sc":0.0034,"beta_oc":-0.02769,"a_ref":0.3625,"I_L_ref":8.937000000000001,"I_o_ref":7.81e-11,"R_s":0.154,"R_sh_ref":471.54,"Adjust":7.955,"PTC":49.7,"pdc0":58.0,"gamma_pdc":-0.0045000000000000005,"gamma_r":-0.45}