{"Date":"11.04.2014","Version":"NRELv1","Technology":"Mono-c-Si","BIPV":"Y","A_c":0.415,"N_s":14.0,"T_NOCT":59.0,"I_sc_ref":8.91,"V_oc_ref":8.85,"I_mp_ref":8.09,"V_mp_ref":6.92,"alpha_sc":0.005346,"beta_oc":-0.03452,"a_ref":0.4182,"I_L_ref":8.946,"I_o_ref":5.5399999999999995e-09,"R_s":0.095,"R_sh_ref":23.79,"Adjust":16.97,"PTC":44.4,"pdc0":56.0,"gamma_pdc":-0.005699999999999999,"gamma_r":-0.57}