{"Date":"11.04.2014","Version":"NRELv1","Technology":"Mono-c-Si","BIPV":"Y","A_c":0.532,"N_s":14.0,"T_NOCT":55.6,"I_sc_ref":8.95,"V_oc_ref":9.26,"I_mp_ref":8.56,"V_mp_ref":7.13,"alpha_sc":0.00358,"beta_oc":-0.027780000000000003,"a_ref":0.3696,"I_L_ref":9.138,"I_o_ref":1.19e-10,"R_s":0.125,"R_sh_ref":140.67,"Adjust":11.51,"PTC":51.7,"pdc0":61.0,"gamma_pdc":-0.0045000000000000005,"gamma_r":-0.45}