{"Technology":"Multi-c-Si","BIPV":"N","A_c":1.6369999999999998,"N_s":60.0,"T_NOCT":46.0,"PTC":263.5,"pdc0":290.0,"gamma_pdc":-0.00431604}