{"Technology":"Multi-c-Si","BIPV":"N","A_c":1.6369999999999998,"N_s":60.0,"T_NOCT":46.0,"PTC":272.9,"pdc0":300.0,"gamma_pdc":-0.00431604}