{"Technology":"Mono-c-Si","BIPV":"N","A_c":1.9340000000000002,"N_s":72.0,"T_NOCT":47.3,"PTC":324.7,"pdc0":355.0,"gamma_pdc":-0.00385}