{"Date":"12.01.2011","Version":"NRELv1","Technology":"Mono-c-Si","BIPV":"N","A_c":1.9409999999999998,"N_s":72.0,"T_NOCT":45.8,"I_sc_ref":8.66,"V_oc_ref":44.85,"I_mp_ref":7.9,"V_mp_ref":36.72,"alpha_sc":0.006634,"beta_oc":-0.1946,"a_ref":2.0222,"I_L_ref":8.681000000000001,"I_o_ref":1.93e-09,"R_s":0.281,"R_sh_ref":116.12,"Adjust":-3.569,"PTC":260.7,"pdc0":290.0,"gamma_pdc":-0.00461,"gamma_r":-0.461}