{"Date":"12.01.2011","Version":"NRELv1","Technology":"Mono-c-Si","BIPV":"N","A_c":1.9409999999999998,"N_s":72.0,"T_NOCT":45.8,"I_sc_ref":8.68,"V_oc_ref":45.07,"I_mp_ref":8.06,"V_mp_ref":37.22,"alpha_sc":0.0066489999999999995,"beta_oc":-0.19555999999999998,"a_ref":2.0192,"I_L_ref":8.689,"I_o_ref":1.7199999999999999e-09,"R_s":0.239,"R_sh_ref":220.67,"Adjust":-4.566,"PTC":269.9,"pdc0":300.0,"gamma_pdc":-0.00461,"gamma_r":-0.461}