{"Date":"12.01.2011","Version":"NRELv1","Technology":"Mono-c-Si","BIPV":"N","A_c":1.2770000000000001,"N_s":72.0,"T_NOCT":45.7,"I_sc_ref":5.62,"V_oc_ref":44.85,"I_mp_ref":5.22,"V_mp_ref":37.36,"alpha_sc":0.004142,"beta_oc":-0.17922000000000002,"a_ref":2.0003,"I_L_ref":5.625,"I_o_ref":1e-09,"R_s":0.302,"R_sh_ref":325.73,"Adjust":2.878,"PTC":175.5,"pdc0":195.0,"gamma_pdc":-0.00461,"gamma_r":-0.461}