{"Date":"12.01.2011","Version":"NRELv1","Technology":"Mono-c-Si","BIPV":"N","A_c":1.2770000000000001,"N_s":72.0,"T_NOCT":45.7,"I_sc_ref":5.57,"V_oc_ref":44.64,"I_mp_ref":5.15,"V_mp_ref":36.86,"alpha_sc":0.004105,"beta_oc":-0.17837999999999998,"a_ref":1.986,"I_L_ref":5.577999999999999,"I_o_ref":9.37e-10,"R_s":0.376,"R_sh_ref":273.06,"Adjust":2.38,"PTC":170.9,"pdc0":190.0,"gamma_pdc":-0.00461,"gamma_r":-0.461}