{"Date":"12.01.2011","Version":"NRELv1","Technology":"Mono-c-Si","BIPV":"N","A_c":1.6369999999999998,"N_s":60.0,"T_NOCT":45.7,"I_sc_ref":5.46,"V_oc_ref":58.91,"I_mp_ref":4.8,"V_mp_ref":47.96,"alpha_sc":0.004024,"beta_oc":-0.2354,"a_ref":2.6891,"I_L_ref":5.489,"I_o_ref":1.5299999999999999e-09,"R_s":0.636,"R_sh_ref":120.38,"Adjust":6.8839999999999995,"PTC":206.6,"pdc0":230.0,"gamma_pdc":-0.00461,"gamma_r":-0.461}