{"Date":"12.01.2011","Version":"NRELv1","Technology":"Mono-c-Si","BIPV":"N","A_c":1.6369999999999998,"N_s":60.0,"T_NOCT":45.7,"I_sc_ref":5.47,"V_oc_ref":58.98,"I_mp_ref":4.9,"V_mp_ref":48.0,"alpha_sc":0.004031,"beta_oc":-0.23568000000000003,"a_ref":2.6557,"I_L_ref":5.492000000000001,"I_o_ref":1.16e-09,"R_s":0.653,"R_sh_ref":160.89,"Adjust":4.425,"PTC":211.2,"pdc0":235.0,"gamma_pdc":-0.00461,"gamma_r":-0.461}