{"Date":"12.01.2011","Version":"NRELv1","Technology":"Mono-c-Si","BIPV":"N","A_c":1.9409999999999998,"N_s":72.0,"T_NOCT":45.8,"I_sc_ref":8.65,"V_oc_ref":44.49,"I_mp_ref":7.85,"V_mp_ref":36.32,"alpha_sc":0.006626000000000001,"beta_oc":-0.19304000000000002,"a_ref":2.0093,"I_L_ref":8.675,"I_o_ref":1.99e-09,"R_s":0.293,"R_sh_ref":101.32,"Adjust":-3.3110000000000004,"PTC":256.1,"pdc0":285.0,"gamma_pdc":-0.00461,"gamma_r":-0.461}