{"Date":"12.01.2011","Version":"NRELv1","Technology":"Mono-c-Si","BIPV":"N","A_c":1.9409999999999998,"N_s":72.0,"T_NOCT":45.8,"I_sc_ref":8.63,"V_oc_ref":43.92,"I_mp_ref":7.76,"V_mp_ref":36.09,"alpha_sc":0.006611,"beta_oc":-0.19057000000000002,"a_ref":2.0053,"I_L_ref":8.656,"I_o_ref":2.5e-09,"R_s":0.25,"R_sh_ref":81.75,"Adjust":-1.4680000000000002,"PTC":251.5,"pdc0":280.0,"gamma_pdc":-0.00461,"gamma_r":-0.461}