{"Date":"12.01.2011","Version":"NRELv1","Technology":"Mono-c-Si","BIPV":"N","A_c":1.6369999999999998,"N_s":60.0,"T_NOCT":45.7,"I_sc_ref":5.51,"V_oc_ref":59.23,"I_mp_ref":5.06,"V_mp_ref":48.38,"alpha_sc":0.004061,"beta_oc":-0.23668000000000003,"a_ref":2.6288,"I_L_ref":5.522,"I_o_ref":8.72e-10,"R_s":0.624,"R_sh_ref":291.74,"Adjust":1.89,"PTC":220.4,"pdc0":245.0,"gamma_pdc":-0.00461,"gamma_r":-0.461}