{"Date":"12.01.2011","Version":"NRELv1","Technology":"Mono-c-Si","BIPV":"N","A_c":1.2770000000000001,"N_s":72.0,"T_NOCT":45.7,"I_sc_ref":5.69,"V_oc_ref":45.5,"I_mp_ref":5.35,"V_mp_ref":38.31,"alpha_sc":0.004194,"beta_oc":-0.18182,"a_ref":2.0267,"I_L_ref":5.692,"I_o_ref":1e-09,"R_s":0.21899999999999997,"R_sh_ref":753.89,"Adjust":2.714,"PTC":184.8,"pdc0":205.0,"gamma_pdc":-0.00461,"gamma_r":-0.461}