{"Date":"12.01.2011","Version":"NRELv1","Technology":"Mono-c-Si","BIPV":"N","A_c":1.9409999999999998,"N_s":72.0,"T_NOCT":45.8,"I_sc_ref":8.57,"V_oc_ref":43.54,"I_mp_ref":7.25,"V_mp_ref":35.86,"alpha_sc":0.0065650000000000005,"beta_oc":-0.18892,"a_ref":2.0883,"I_L_ref":8.616,"I_o_ref":6.579999999999999e-09,"R_s":0.20600000000000002,"R_sh_ref":38.09,"Adjust":6.944,"PTC":233.1,"pdc0":260.0,"gamma_pdc":-0.00461,"gamma_r":-0.461}