{"Date":"12.01.2011","Version":"NRELv1","Technology":"Mono-c-Si","BIPV":"N","A_c":1.9409999999999998,"N_s":72.0,"T_NOCT":45.7,"I_sc_ref":5.64,"V_oc_ref":60.09,"I_mp_ref":5.27,"V_mp_ref":50.3,"alpha_sc":0.004157,"beta_oc":-0.24011999999999997,"a_ref":2.6777,"I_L_ref":5.643,"I_o_ref":9.95e-10,"R_s":0.353,"R_sh_ref":603.64,"Adjust":2.7560000000000002,"PTC":237.8,"pdc0":265.0,"gamma_pdc":-0.00461,"gamma_r":-0.461}