{"Date":"12.01.2011","Version":"NRELv1","Technology":"Mono-c-Si","BIPV":"N","A_c":1.9409999999999998,"N_s":72.0,"T_NOCT":45.7,"I_sc_ref":5.62,"V_oc_ref":59.81,"I_mp_ref":5.22,"V_mp_ref":49.84,"alpha_sc":0.004142,"beta_oc":-0.239,"a_ref":2.6682,"I_L_ref":5.625,"I_o_ref":1.01e-09,"R_s":0.39899999999999997,"R_sh_ref":433.84,"Adjust":2.9210000000000003,"PTC":233.2,"pdc0":260.0,"gamma_pdc":-0.00461,"gamma_r":-0.461}