{"Date":"12.01.2011","Version":"NRELv1","Technology":"Mono-c-Si","BIPV":"N","A_c":1.6369999999999998,"N_s":60.0,"T_NOCT":45.8,"I_sc_ref":8.61,"V_oc_ref":36.42,"I_mp_ref":7.51,"V_mp_ref":29.98,"alpha_sc":0.006595,"beta_oc":-0.15803,"a_ref":1.7031,"I_L_ref":8.648,"I_o_ref":4.0299999999999995e-09,"R_s":0.188,"R_sh_ref":43.04,"Adjust":2.5810000000000004,"PTC":201.8,"pdc0":225.0,"gamma_pdc":-0.00461,"gamma_r":-0.461}