{"Date":"12.01.2011","Version":"NRELv1","Technology":"Mono-c-Si","BIPV":"N","A_c":1.6369999999999998,"N_s":60.0,"T_NOCT":45.7,"I_sc_ref":5.49,"V_oc_ref":59.04,"I_mp_ref":4.99,"V_mp_ref":48.09,"alpha_sc":0.004046,"beta_oc":-0.23592,"a_ref":2.6336,"I_L_ref":5.506,"I_o_ref":9.61e-10,"R_s":0.6509999999999999,"R_sh_ref":218.08,"Adjust":2.761,"PTC":215.8,"pdc0":240.0,"gamma_pdc":-0.00461,"gamma_r":-0.461}