{"Date":"12.01.2011","Version":"NRELv1","Technology":"Mono-c-Si","BIPV":"N","A_c":1.9409999999999998,"N_s":72.0,"T_NOCT":45.8,"I_sc_ref":8.62,"V_oc_ref":43.84,"I_mp_ref":7.64,"V_mp_ref":36.0,"alpha_sc":0.006603,"beta_oc":-0.19022,"a_ref":2.0219,"I_L_ref":8.652999999999999,"I_o_ref":3.05e-09,"R_s":0.248,"R_sh_ref":64.01,"Adjust":0.2151,"PTC":246.9,"pdc0":275.0,"gamma_pdc":-0.00461,"gamma_r":-0.461}