{"Date":"12.01.2011","Version":"NRELv1","Technology":"Mono-c-Si","BIPV":"N","A_c":1.9409999999999998,"N_s":72.0,"T_NOCT":45.7,"I_sc_ref":5.59,"V_oc_ref":59.61,"I_mp_ref":5.15,"V_mp_ref":49.53,"alpha_sc":0.00412,"beta_oc":-0.2382,"a_ref":2.6687,"I_L_ref":5.598,"I_o_ref":1.0800000000000002e-09,"R_s":0.426,"R_sh_ref":311.91,"Adjust":3.537,"PTC":228.6,"pdc0":255.0,"gamma_pdc":-0.00461,"gamma_r":-0.461}