{"Date":"12.01.2011","Version":"NRELv1","Technology":"Mono-c-Si","BIPV":"N","A_c":1.9409999999999998,"N_s":72.0,"T_NOCT":45.7,"I_sc_ref":5.68,"V_oc_ref":60.43,"I_mp_ref":5.32,"V_mp_ref":50.78,"alpha_sc":0.004186,"beta_oc":-0.24148000000000003,"a_ref":2.6951,"I_L_ref":5.683,"I_o_ref":1.02e-09,"R_s":0.311,"R_sh_ref":704.06,"Adjust":2.927,"PTC":242.4,"pdc0":270.0,"gamma_pdc":-0.00461,"gamma_r":-0.461}