{"Date":"12.01.2011","Version":"NRELv1","Technology":"Multi-c-Si","BIPV":"N","A_c":1.9409999999999998,"N_s":72.0,"T_NOCT":46.2,"I_sc_ref":8.24,"V_oc_ref":45.21,"I_mp_ref":7.76,"V_mp_ref":38.01,"alpha_sc":0.006312,"beta_oc":-0.19617,"a_ref":1.9941,"I_L_ref":8.242,"I_o_ref":1.16e-09,"R_s":0.16399999999999998,"R_sh_ref":611.2,"Adjust":-7.187,"PTC":266.0,"pdc0":295.0,"gamma_pdc":-0.00442,"gamma_r":-0.442}