{"Date":"12.01.2011","Version":"NRELv1","Technology":"Multi-c-Si","BIPV":"N","A_c":1.6369999999999998,"N_s":60.0,"T_NOCT":46.2,"I_sc_ref":8.24,"V_oc_ref":37.68,"I_mp_ref":7.73,"V_mp_ref":31.68,"alpha_sc":0.006312,"beta_oc":-0.16349,"a_ref":1.6662,"I_L_ref":8.243,"I_o_ref":1.23e-09,"R_s":0.135,"R_sh_ref":334.27,"Adjust":-6.774,"PTC":220.8,"pdc0":245.0,"gamma_pdc":-0.00442,"gamma_r":-0.442}