{"Date":"12.01.2011","Version":"NRELv1","Technology":"Multi-c-Si","BIPV":"N","A_c":1.9409999999999998,"N_s":72.0,"T_NOCT":46.2,"I_sc_ref":7.81,"V_oc_ref":43.77,"I_mp_ref":7.18,"V_mp_ref":36.21,"alpha_sc":0.005982,"beta_oc":-0.18992,"a_ref":1.9417,"I_L_ref":7.8229999999999995,"I_o_ref":1.22e-09,"R_s":0.254,"R_sh_ref":151.88,"Adjust":-6.348,"PTC":233.7,"pdc0":260.0,"gamma_pdc":-0.00442,"gamma_r":-0.442}