{"Date":"12.01.2011","Version":"NRELv1","Technology":"Multi-c-Si","BIPV":"N","A_c":1.9409999999999998,"N_s":72.0,"T_NOCT":46.2,"I_sc_ref":8.29,"V_oc_ref":45.98,"I_mp_ref":7.98,"V_mp_ref":38.21,"alpha_sc":0.00635,"beta_oc":-0.19951,"a_ref":2.0075,"I_L_ref":8.459,"I_o_ref":9.5e-10,"R_s":0.231,"R_sh_ref":997.64,"Adjust":-8.892999999999999,"PTC":275.3,"pdc0":305.0,"gamma_pdc":-0.00442,"gamma_r":-0.442}