{"Date":"12.01.2011","Version":"NRELv1","Technology":"Multi-c-Si","BIPV":"N","A_c":1.9409999999999998,"N_s":72.0,"T_NOCT":46.2,"I_sc_ref":8.02,"V_oc_ref":44.42,"I_mp_ref":7.54,"V_mp_ref":37.15,"alpha_sc":0.006143,"beta_oc":-0.19274000000000002,"a_ref":1.955,"I_L_ref":8.023,"I_o_ref":1.0800000000000002e-09,"R_s":0.196,"R_sh_ref":525.27,"Adjust":-7.569,"PTC":252.1,"pdc0":280.0,"gamma_pdc":-0.00442,"gamma_r":-0.442}