{"Date":"12.01.2011","Version":"NRELv1","Technology":"Multi-c-Si","BIPV":"N","A_c":1.9409999999999998,"N_s":72.0,"T_NOCT":46.2,"I_sc_ref":8.3,"V_oc_ref":46.52,"I_mp_ref":8.09,"V_mp_ref":38.3,"alpha_sc":0.006358,"beta_oc":-0.20185,"a_ref":2.0144,"I_L_ref":8.552,"I_o_ref":7.979999999999999e-10,"R_s":0.284,"R_sh_ref":4106.48,"Adjust":-10.25,"PTC":279.9,"pdc0":310.0,"gamma_pdc":-0.00442,"gamma_r":-0.442}