{"Date":"12.01.2011","Version":"NRELv1","Technology":"Multi-c-Si","BIPV":"N","A_c":1.6369999999999998,"N_s":60.0,"T_NOCT":46.2,"I_sc_ref":8.29,"V_oc_ref":38.21,"I_mp_ref":8.0,"V_mp_ref":31.86,"alpha_sc":0.00635,"beta_oc":-0.16579000000000002,"a_ref":1.669,"I_L_ref":8.458,"I_o_ref":9.629999999999999e-10,"R_s":0.17600000000000002,"R_sh_ref":1662.75,"Adjust":-8.795,"PTC":230.1,"pdc0":255.0,"gamma_pdc":-0.00442,"gamma_r":-0.442}