{"Date":"12.01.2011","Version":"NRELv1","Technology":"Mono-c-Si","BIPV":"N","A_c":1.9409999999999998,"N_s":72.0,"T_NOCT":45.7,"I_sc_ref":5.55,"V_oc_ref":59.42,"I_mp_ref":5.13,"V_mp_ref":48.76,"alpha_sc":0.00409,"beta_oc":-0.23744,"a_ref":2.6337,"I_L_ref":5.559,"I_o_ref":8.59e-10,"R_s":0.573,"R_sh_ref":366.68,"Adjust":1.6840000000000002,"PTC":224.1,"pdc0":250.0,"gamma_pdc":-0.00461,"gamma_r":-0.461}