{"Date":"12.01.2011","Version":"NRELv1","Technology":"Multi-c-Si","BIPV":"N","A_c":1.6369999999999998,"N_s":60.0,"T_NOCT":46.2,"I_sc_ref":8.0,"V_oc_ref":36.84,"I_mp_ref":7.47,"V_mp_ref":30.78,"alpha_sc":0.006128,"beta_oc":-0.15985,"a_ref":1.6276,"I_L_ref":8.005,"I_o_ref":1.16e-09,"R_s":0.165,"R_sh_ref":245.26,"Adjust":-6.952000000000001,"PTC":207.0,"pdc0":230.0,"gamma_pdc":-0.00442,"gamma_r":-0.442}