{"Date":"12.01.2011","Version":"NRELv1","Technology":"Multi-c-Si","BIPV":"N","A_c":1.9409999999999998,"N_s":72.0,"T_NOCT":46.2,"I_sc_ref":7.97,"V_oc_ref":44.13,"I_mp_ref":7.46,"V_mp_ref":36.86,"alpha_sc":0.006104999999999999,"beta_oc":-0.19147999999999998,"a_ref":1.9462,"I_L_ref":7.975,"I_o_ref":1.1199999999999999e-09,"R_s":0.201,"R_sh_ref":350.27,"Adjust":-7.2410000000000005,"PTC":247.5,"pdc0":275.0,"gamma_pdc":-0.00442,"gamma_r":-0.442}