{"Date":"12.01.2011","Version":"NRELv1","Technology":"Mono-c-Si","BIPV":"N","A_c":1.2770000000000001,"N_s":72.0,"T_NOCT":45.7,"I_sc_ref":5.47,"V_oc_ref":44.2,"I_mp_ref":4.86,"V_mp_ref":36.0,"alpha_sc":0.004031,"beta_oc":-0.17662,"a_ref":2.0028,"I_L_ref":5.495,"I_o_ref":1.32e-09,"R_s":0.478,"R_sh_ref":105.02,"Adjust":5.559,"PTC":157.1,"pdc0":175.0,"gamma_pdc":-0.00461,"gamma_r":-0.461}