{"Date":"12.01.2011","Version":"NRELv1","Technology":"Mono-c-Si","BIPV":"N","A_c":1.6369999999999998,"N_s":60.0,"T_NOCT":45.8,"I_sc_ref":8.64,"V_oc_ref":36.72,"I_mp_ref":7.8,"V_mp_ref":30.12,"alpha_sc":0.006618000000000001,"beta_oc":-0.15933,"a_ref":1.6698,"I_L_ref":8.666,"I_o_ref":2.3e-09,"R_s":0.21899999999999997,"R_sh_ref":74.07,"Adjust":-2.151,"PTC":211.0,"pdc0":235.0,"gamma_pdc":-0.00461,"gamma_r":-0.461}