{"Date":"12.01.2011","Version":"NRELv1","Technology":"Mono-c-Si","BIPV":"N","A_c":1.2770000000000001,"N_s":72.0,"T_NOCT":45.7,"I_sc_ref":5.49,"V_oc_ref":44.35,"I_mp_ref":4.98,"V_mp_ref":36.14,"alpha_sc":0.004046,"beta_oc":-0.17722000000000002,"a_ref":1.9815,"I_L_ref":5.507000000000001,"I_o_ref":9.95e-10,"R_s":0.484,"R_sh_ref":155.97,"Adjust":3.052,"PTC":161.7,"pdc0":180.0,"gamma_pdc":-0.00461,"gamma_r":-0.461}