{"Date":"12.01.2011","Version":"NRELv1","Technology":"Mono-c-Si","BIPV":"N","A_c":1.6369999999999998,"N_s":60.0,"T_NOCT":45.8,"I_sc_ref":8.6,"V_oc_ref":36.35,"I_mp_ref":7.36,"V_mp_ref":29.91,"alpha_sc":0.006587999999999999,"beta_oc":-0.15772,"a_ref":1.7255,"I_L_ref":8.644,"I_o_ref":5.4e-09,"R_s":0.182,"R_sh_ref":35.14,"Adjust":5.141,"PTC":197.2,"pdc0":220.0,"gamma_pdc":-0.00461,"gamma_r":-0.461}