{"Date":"12.01.2011","Version":"NRELv1","Technology":"Mono-c-Si","BIPV":"N","A_c":1.9409999999999998,"N_s":72.0,"T_NOCT":45.8,"I_sc_ref":8.6,"V_oc_ref":43.61,"I_mp_ref":7.38,"V_mp_ref":35.93,"alpha_sc":0.006587999999999999,"beta_oc":-0.18922,"a_ref":2.0674,"I_L_ref":8.642000000000001,"I_o_ref":5.27e-09,"R_s":0.212,"R_sh_ref":43.3,"Adjust":4.925,"PTC":237.7,"pdc0":265.0,"gamma_pdc":-0.00461,"gamma_r":-0.461}