{"Date":"12.01.2011","Version":"NRELv1","Technology":"Multi-c-Si","BIPV":"N","A_c":1.6369999999999998,"N_s":60.0,"T_NOCT":46.2,"I_sc_ref":8.06,"V_oc_ref":37.08,"I_mp_ref":7.58,"V_mp_ref":31.02,"alpha_sc":0.006174,"beta_oc":-0.16089,"a_ref":1.6319,"I_L_ref":8.062999999999999,"I_o_ref":1.0800000000000002e-09,"R_s":0.161,"R_sh_ref":451.69,"Adjust":-7.572,"PTC":211.6,"pdc0":235.0,"gamma_pdc":-0.00442,"gamma_r":-0.442}