{"Date":"12.01.2011","Version":"NRELv1","Technology":"Multi-c-Si","BIPV":"N","A_c":1.9409999999999998,"N_s":72.0,"T_NOCT":46.2,"I_sc_ref":7.93,"V_oc_ref":43.98,"I_mp_ref":7.35,"V_mp_ref":36.72,"alpha_sc":0.006074,"beta_oc":-0.19083,"a_ref":1.9518,"I_L_ref":7.938,"I_o_ref":1.26e-09,"R_s":0.2,"R_sh_ref":200.26,"Adjust":-6.228,"PTC":242.9,"pdc0":270.0,"gamma_pdc":-0.00442,"gamma_r":-0.442}