{"Date":"12.01.2011","Version":"NRELv1","Technology":"Mono-c-Si","BIPV":"N","A_c":1.6369999999999998,"N_s":60.0,"T_NOCT":45.8,"I_sc_ref":8.7,"V_oc_ref":37.69,"I_mp_ref":8.13,"V_mp_ref":31.38,"alpha_sc":0.006664,"beta_oc":-0.16354000000000002,"a_ref":1.6902,"I_L_ref":8.705,"I_o_ref":1.7699999999999999e-09,"R_s":0.16399999999999998,"R_sh_ref":262.74,"Adjust":-4.356,"PTC":229.5,"pdc0":255.0,"gamma_pdc":-0.00461,"gamma_r":-0.461}