{"Date":"12.01.2011","Version":"NRELv1","Technology":"Mono-c-Si","BIPV":"N","A_c":1.6369999999999998,"N_s":60.0,"T_NOCT":45.7,"I_sc_ref":5.44,"V_oc_ref":58.75,"I_mp_ref":4.63,"V_mp_ref":47.52,"alpha_sc":0.004009,"beta_oc":-0.23476999999999998,"a_ref":2.7368,"I_L_ref":5.484,"I_o_ref":2.28e-09,"R_s":0.688,"R_sh_ref":84.37,"Adjust":10.53,"PTC":197.4,"pdc0":220.0,"gamma_pdc":-0.00461,"gamma_r":-0.461}