{"Date":"12.01.2011","Version":"NRELv1","Technology":"Multi-c-Si","BIPV":"N","A_c":1.9409999999999998,"N_s":72.0,"T_NOCT":46.2,"I_sc_ref":7.88,"V_oc_ref":43.88,"I_mp_ref":7.27,"V_mp_ref":36.43,"alpha_sc":0.006036,"beta_oc":-0.1904,"a_ref":1.9464,"I_L_ref":7.891,"I_o_ref":1.23e-09,"R_s":0.233,"R_sh_ref":169.44,"Adjust":-6.343,"PTC":238.3,"pdc0":265.0,"gamma_pdc":-0.00442,"gamma_r":-0.442}