{"Date":"12.01.2011","Version":"NRELv1","Technology":"Mono-c-Si","BIPV":"N","A_c":1.9409999999999998,"N_s":72.0,"T_NOCT":45.8,"I_sc_ref":8.61,"V_oc_ref":43.77,"I_mp_ref":7.5,"V_mp_ref":35.98,"alpha_sc":0.006595,"beta_oc":-0.18992,"a_ref":2.0469999999999997,"I_L_ref":8.65,"I_o_ref":4.0299999999999995e-09,"R_s":0.23399999999999999,"R_sh_ref":50.91,"Adjust":2.582,"PTC":242.3,"pdc0":270.0,"gamma_pdc":-0.00461,"gamma_r":-0.461}