{"Date":"12.01.2011","Version":"NRELv1","Technology":"Mono-c-Si","BIPV":"N","A_c":1.6369999999999998,"N_s":60.0,"T_NOCT":45.8,"I_sc_ref":8.63,"V_oc_ref":36.57,"I_mp_ref":7.65,"V_mp_ref":30.08,"alpha_sc":0.006611,"beta_oc":-0.15868,"a_ref":1.6883,"I_L_ref":8.662,"I_o_ref":3.12e-09,"R_s":0.19899999999999998,"R_sh_ref":53.43,"Adjust":0.3991,"PTC":206.4,"pdc0":230.0,"gamma_pdc":-0.00461,"gamma_r":-0.461}