{"Date":"6/16/2011","Version":"MM107","Technology":"Mono-c-Si","BIPV":"N","A_c":1.28,"N_s":72.0,"T_NOCT":46.9,"I_sc_ref":5.41,"V_oc_ref":45.0,"I_mp_ref":5.03,"V_mp_ref":36.8,"alpha_sc":0.0033,"beta_oc":-0.15435,"a_ref":1.9265,"I_L_ref":5.417999999999999,"I_o_ref":3.8e-10,"R_s":0.501,"R_sh_ref":356.36,"Adjust":11.2,"PTC":165.5,"pdc0":185.0,"gamma_pdc":-0.00454,"gamma_r":-0.45399999999999996}