{"Date":"6/14/2010","Version":"MM107","Technology":"Multi-c-Si","BIPV":"N","A_c":1.4569999999999999,"N_s":54.0,"T_NOCT":48.3,"I_sc_ref":7.95,"V_oc_ref":32.5,"I_mp_ref":7.42,"V_mp_ref":25.6,"alpha_sc":0.009937999999999999,"beta_oc":-0.11342999999999999,"a_ref":1.4342,"I_L_ref":7.957999999999999,"I_o_ref":1.13e-09,"R_s":0.38299999999999995,"R_sh_ref":383.63,"Adjust":15.0,"PTC":168.1,"pdc0":190.0,"gamma_pdc":-0.00457,"gamma_r":-0.457}