{"Date":"6/14/2010","Version":"MM107","Technology":"Multi-c-Si","BIPV":"N","A_c":1.614,"N_s":60.0,"T_NOCT":46.3,"I_sc_ref":8.4,"V_oc_ref":37.5,"I_mp_ref":7.91,"V_mp_ref":30.3,"alpha_sc":0.007644,"beta_oc":-0.14887999999999998,"a_ref":1.7813,"I_L_ref":8.411,"I_o_ref":6.0499999999999996e-09,"R_s":0.275,"R_sh_ref":100000.0,"Adjust":15.7,"PTC":210.5,"pdc0":240.0,"gamma_pdc":-0.00548,"gamma_r":-0.5479999999999999}