{"Date":"6/14/2010","Version":"MM107","Technology":"Multi-c-Si","BIPV":"N","A_c":1.614,"N_s":60.0,"T_NOCT":45.5,"I_sc_ref":7.89,"V_oc_ref":35.8,"I_mp_ref":7.35,"V_mp_ref":27.9,"alpha_sc":0.01073,"beta_oc":-0.13318,"a_ref":1.5779,"I_L_ref":7.899,"I_o_ref":1.09e-09,"R_s":0.47200000000000003,"R_sh_ref":399.05,"Adjust":7.4,"PTC":184.7,"pdc0":205.0,"gamma_pdc":-0.00443,"gamma_r":-0.44299999999999995}