{"Date":"6/14/2010","Version":"MM107","Technology":"Multi-c-Si","BIPV":"N","A_c":1.4569999999999999,"N_s":54.0,"T_NOCT":47.0,"I_sc_ref":8.54,"V_oc_ref":34.0,"I_mp_ref":8.04,"V_mp_ref":28.0,"alpha_sc":0.005039,"beta_oc":-0.12648,"a_ref":1.5239,"I_L_ref":8.542,"I_o_ref":1.7399999999999998e-09,"R_s":0.19399999999999998,"R_sh_ref":720.96,"Adjust":11.7,"PTC":199.0,"pdc0":225.0,"gamma_pdc":-0.00503,"gamma_r":-0.503}