{"Date":"6/14/2010","Version":"MM107","Technology":"Multi-c-Si","BIPV":"N","A_c":1.614,"N_s":60.0,"T_NOCT":45.5,"I_sc_ref":7.8,"V_oc_ref":35.6,"I_mp_ref":7.27,"V_mp_ref":27.5,"alpha_sc":0.010608,"beta_oc":-0.13243,"a_ref":1.5604,"I_L_ref":7.808,"I_o_ref":9.550000000000001e-10,"R_s":0.515,"R_sh_ref":489.0,"Adjust":6.3,"PTC":180.1,"pdc0":200.0,"gamma_pdc":-0.00443,"gamma_r":-0.44299999999999995}