{"Date":"6/16/2011","Version":"MM107","Technology":"Mono-c-Si","BIPV":"N","A_c":1.432,"N_s":80.0,"T_NOCT":44.4,"I_sc_ref":5.6,"V_oc_ref":50.2,"I_mp_ref":5.18,"V_mp_ref":41.5,"alpha_sc":0.004647999999999999,"beta_oc":-0.17720999999999998,"a_ref":2.2118,"I_L_ref":5.608,"I_o_ref":7.570000000000001e-10,"R_s":0.419,"R_sh_ref":303.91,"Adjust":13.7,"PTC":195.2,"pdc0":215.0,"gamma_pdc":-0.00451,"gamma_r":-0.451}