{"Date":"6/14/2010","Version":"MM107","Technology":"Multi-c-Si","BIPV":"N","A_c":1.614,"N_s":60.0,"T_NOCT":45.9,"I_sc_ref":8.56,"V_oc_ref":37.8,"I_mp_ref":8.06,"V_mp_ref":31.0,"alpha_sc":0.008902,"beta_oc":-0.12965,"a_ref":1.6779,"I_L_ref":8.562000000000001,"I_o_ref":1.4000000000000001e-09,"R_s":0.237,"R_sh_ref":833.37,"Adjust":18.6,"PTC":224.8,"pdc0":250.0,"gamma_pdc":-0.00462,"gamma_r":-0.462}