{"Date":"6/14/2010","Version":"MM107","Technology":"Multi-c-Si","BIPV":"N","A_c":1.931,"N_s":72.0,"T_NOCT":46.6,"I_sc_ref":8.34,"V_oc_ref":45.0,"I_mp_ref":7.83,"V_mp_ref":36.4,"alpha_sc":0.009590999999999999,"beta_oc":-0.1665,"a_ref":2.0593,"I_L_ref":8.343,"I_o_ref":2.6899999999999996e-09,"R_s":0.34700000000000003,"R_sh_ref":1091.58,"Adjust":16.0,"PTC":253.4,"pdc0":285.0,"gamma_pdc":-0.00487,"gamma_r":-0.48700000000000004}