{"Date":"6/14/2010","Version":"MM107","Technology":"Multi-c-Si","BIPV":"N","A_c":1.931,"N_s":72.0,"T_NOCT":46.6,"I_sc_ref":8.06,"V_oc_ref":43.8,"I_mp_ref":7.49,"V_mp_ref":34.7,"alpha_sc":0.009269,"beta_oc":-0.15943,"a_ref":1.9878,"I_L_ref":8.071,"I_o_ref":2.14e-09,"R_s":0.465,"R_sh_ref":348.73,"Adjust":16.1,"PTC":230.5,"pdc0":260.0,"gamma_pdc":-0.00487,"gamma_r":-0.48700000000000004}