{"Date":"6/14/2010","Version":"MM107","Technology":"Multi-c-Si","BIPV":"N","A_c":1.614,"N_s":60.0,"T_NOCT":46.3,"I_sc_ref":8.21,"V_oc_ref":37.1,"I_mp_ref":7.71,"V_mp_ref":29.8,"alpha_sc":0.007470999999999999,"beta_oc":-0.14729,"a_ref":1.7571,"I_L_ref":8.211,"I_o_ref":5.550000000000001e-09,"R_s":0.306,"R_sh_ref":4439.0,"Adjust":15.1,"PTC":201.4,"pdc0":230.0,"gamma_pdc":-0.00548,"gamma_r":-0.5479999999999999}