{"Date":"6/14/2010","Version":"MM107","Technology":"Multi-c-Si","BIPV":"N","A_c":1.4569999999999999,"N_s":54.0,"T_NOCT":47.0,"I_sc_ref":8.13,"V_oc_ref":33.2,"I_mp_ref":7.59,"V_mp_ref":26.4,"alpha_sc":0.009512,"beta_oc":-0.13114,"a_ref":1.5455,"I_L_ref":8.135,"I_o_ref":3.78e-09,"R_s":0.324,"R_sh_ref":493.77,"Adjust":11.9,"PTC":176.1,"pdc0":200.0,"gamma_pdc":-0.00507,"gamma_r":-0.507}