{"Date":"6/16/2011","Version":"MM107","Technology":"Mono-c-Si","BIPV":"N","A_c":1.432,"N_s":80.0,"T_NOCT":44.4,"I_sc_ref":5.41,"V_oc_ref":50.0,"I_mp_ref":5.02,"V_mp_ref":40.8,"alpha_sc":0.00449,"beta_oc":-0.1765,"a_ref":2.1818,"I_L_ref":5.417999999999999,"I_o_ref":5.89e-10,"R_s":0.56,"R_sh_ref":377.57,"Adjust":11.7,"PTC":185.9,"pdc0":205.0,"gamma_pdc":-0.00451,"gamma_r":-0.451}