{"Date":"3/16/2011","Version":"MM107","Technology":"Mono-c-Si","BIPV":"N","A_c":1.706,"N_s":96.0,"T_NOCT":45.4,"I_sc_ref":5.36,"V_oc_ref":59.6,"I_mp_ref":4.96,"V_mp_ref":48.4,"alpha_sc":0.005414,"beta_oc":-0.23601999999999998,"a_ref":2.7789,"I_L_ref":5.367000000000001,"I_o_ref":2.54e-09,"R_s":0.654,"R_sh_ref":478.7,"Adjust":12.0,"PTC":213.9,"pdc0":240.0,"gamma_pdc":-0.005,"gamma_r":-0.5}