{"Date":"6/14/2010","Version":"MM107","Technology":"Multi-c-Si","BIPV":"N","A_c":1.931,"N_s":72.0,"T_NOCT":46.6,"I_sc_ref":8.23,"V_oc_ref":44.7,"I_mp_ref":7.72,"V_mp_ref":35.6,"alpha_sc":0.009464,"beta_oc":-0.16271,"a_ref":2.024,"I_L_ref":8.232999999999999,"I_o_ref":2.0999999999999998e-09,"R_s":0.436,"R_sh_ref":1323.83,"Adjust":15.7,"PTC":244.2,"pdc0":275.0,"gamma_pdc":-0.00487,"gamma_r":-0.48700000000000004}