{"Date":"6/14/2010","Version":"MM107","Technology":"Multi-c-Si","BIPV":"N","A_c":1.931,"N_s":72.0,"T_NOCT":46.6,"I_sc_ref":8.56,"V_oc_ref":45.3,"I_mp_ref":8.06,"V_mp_ref":37.3,"alpha_sc":0.009844,"beta_oc":-0.16760999999999998,"a_ref":2.0917,"I_L_ref":8.561,"I_o_ref":3.3500000000000002e-09,"R_s":0.243,"R_sh_ref":1531.03,"Adjust":17.9,"PTC":267.1,"pdc0":300.0,"gamma_pdc":-0.00487,"gamma_r":-0.48700000000000004}