{"Date":"01.05.2010","Version":"MM106","Technology":"Mono-c-Si","BIPV":"N","A_c":0.456,"N_s":24.0,"T_NOCT":45.8,"I_sc_ref":5.51,"V_oc_ref":14.5,"I_mp_ref":5.04,"V_mp_ref":11.5,"alpha_sc":0.003967,"beta_oc":-0.046689999999999995,"a_ref":0.6288,"I_L_ref":5.53,"I_o_ref":5.14e-10,"R_s":0.23600000000000002,"R_sh_ref":66.16,"Adjust":21.2,"PTC":53.6,"pdc0":60.0,"gamma_pdc":-0.00472,"gamma_r":-0.47200000000000003}