{"Date":"2/17/2011","Version":"MM107","Technology":"Mono-c-Si","BIPV":"N","A_c":1.2770000000000001,"N_s":72.0,"T_NOCT":48.0,"I_sc_ref":5.07,"V_oc_ref":42.1,"I_mp_ref":4.66,"V_mp_ref":34.3,"alpha_sc":0.001622,"beta_oc":-0.16545,"a_ref":1.9555,"I_L_ref":5.079,"I_o_ref":2.2e-09,"R_s":0.465,"R_sh_ref":254.39,"Adjust":12.8,"PTC":137.7,"pdc0":160.0,"gamma_pdc":-0.00554,"gamma_r":-0.5539999999999999}