{"Date":"2/17/2011","Version":"MM107","Technology":"Mono-c-Si","BIPV":"N","A_c":1.2770000000000001,"N_s":72.0,"T_NOCT":48.0,"I_sc_ref":5.2,"V_oc_ref":42.3,"I_mp_ref":4.77,"V_mp_ref":34.6,"alpha_sc":0.0016640000000000001,"beta_oc":-0.16624,"a_ref":1.9719,"I_L_ref":5.21,"I_o_ref":2.43e-09,"R_s":0.42100000000000004,"R_sh_ref":229.43,"Adjust":13.5,"PTC":142.2,"pdc0":165.0,"gamma_pdc":-0.00554,"gamma_r":-0.5539999999999999}