{"Date":"2/17/2011","Version":"MM107","Technology":"Mono-c-Si","BIPV":"N","A_c":1.2770000000000001,"N_s":72.0,"T_NOCT":48.0,"I_sc_ref":5.45,"V_oc_ref":42.8,"I_mp_ref":4.93,"V_mp_ref":35.5,"alpha_sc":0.001744,"beta_oc":-0.1682,"a_ref":2.0334,"I_L_ref":5.46,"I_o_ref":3.73e-09,"R_s":0.278,"R_sh_ref":147.26,"Adjust":17.2,"PTC":151.1,"pdc0":175.0,"gamma_pdc":-0.00554,"gamma_r":-0.5539999999999999}