{"Date":"2/17/2011","Version":"MM107","Technology":"Mono-c-Si","BIPV":"N","A_c":1.2770000000000001,"N_s":72.0,"T_NOCT":48.0,"I_sc_ref":5.58,"V_oc_ref":43.0,"I_mp_ref":5.01,"V_mp_ref":35.9,"alpha_sc":0.001786,"beta_oc":-0.16899,"a_ref":2.0436,"I_L_ref":5.59,"I_o_ref":3.81e-09,"R_s":0.21899999999999997,"R_sh_ref":122.29,"Adjust":17.2,"PTC":155.6,"pdc0":180.0,"gamma_pdc":-0.00554,"gamma_r":-0.5539999999999999}