{"Date":"12.01.2009","Version":"MM106","Technology":"a-Si/nc","BIPV":"N","A_c":1.422,"N_s":270.0,"T_NOCT":44.2,"I_sc_ref":0.85,"V_oc_ref":238.0,"I_mp_ref":0.69,"V_mp_ref":186.0,"alpha_sc":0.000935,"beta_oc":-0.9520000000000001,"a_ref":10.1165,"I_L_ref":0.868,"I_o_ref":4.2700000000000005e-11,"R_s":31.569000000000003,"R_sh_ref":1453.98,"Adjust":-7.7,"PTC":119.2,"pdc0":128.0,"gamma_pdc":-0.0031,"gamma_r":-0.31}