{"Date":"4/28/2008","Version":"MM105","Technology":"Multi-c-Si","BIPV":"N","A_c":1.31,"N_s":48.0,"T_NOCT":47.9,"I_sc_ref":7.95,"V_oc_ref":28.8,"I_mp_ref":7.12,"V_mp_ref":22.8,"alpha_sc":0.004039,"beta_oc":-0.10653,"a_ref":1.2537,"I_L_ref":7.999,"I_o_ref":7.88e-10,"R_s":0.33299999999999996,"R_sh_ref":54.12,"Adjust":6.2,"PTC":142.8,"pdc0":162.0,"gamma_pdc":-0.00472,"gamma_r":-0.47200000000000003}