{"Date":"4/28/2008","Version":"MM105","Technology":"Multi-c-Si","BIPV":"N","A_c":0.992,"N_s":36.0,"T_NOCT":49.2,"I_sc_ref":7.99,"V_oc_ref":21.78,"I_mp_ref":7.15,"V_mp_ref":17.21,"alpha_sc":0.005647999999999999,"beta_oc":-0.07584,"a_ref":0.9444,"I_L_ref":8.041,"I_o_ref":7.23e-10,"R_s":0.257,"R_sh_ref":40.05,"Adjust":11.8,"PTC":108.2,"pdc0":123.0,"gamma_pdc":-0.00454,"gamma_r":-0.45399999999999996}