{"Date":"4/28/2008","Version":"MM105","Technology":"Multi-c-Si","BIPV":"N","A_c":1.31,"N_s":48.0,"T_NOCT":47.9,"I_sc_ref":8.16,"V_oc_ref":28.9,"I_mp_ref":7.33,"V_mp_ref":22.8,"alpha_sc":0.004146,"beta_oc":-0.1069,"a_ref":1.2528,"I_L_ref":8.209,"I_o_ref":7.38e-10,"R_s":0.33899999999999997,"R_sh_ref":56.27,"Adjust":5.4,"PTC":147.3,"pdc0":167.0,"gamma_pdc":-0.00472,"gamma_r":-0.47200000000000003}