{"Date":"4/28/2008","Version":"MM105","Technology":"Multi-c-Si","BIPV":"N","A_c":1.482,"N_s":54.0,"T_NOCT":49.1,"I_sc_ref":7.92,"V_oc_ref":32.0,"I_mp_ref":7.07,"V_mp_ref":25.6,"alpha_sc":0.005013,"beta_oc":-0.11062000000000001,"a_ref":1.3897,"I_L_ref":7.9670000000000005,"I_o_ref":7.389999999999999e-10,"R_s":0.331,"R_sh_ref":55.96,"Adjust":13.0,"PTC":159.3,"pdc0":181.0,"gamma_pdc":-0.004529999999999999,"gamma_r":-0.45299999999999996}