{"Date":"4/28/2008","Version":"MM105","Technology":"Multi-c-Si","BIPV":"N","A_c":1.63,"N_s":60.0,"T_NOCT":48.8,"I_sc_ref":8.35,"V_oc_ref":36.3,"I_mp_ref":7.53,"V_mp_ref":28.7,"alpha_sc":0.0056170000000000005,"beta_oc":-0.12937,"a_ref":1.6584,"I_L_ref":8.39,"I_o_ref":2.47e-09,"R_s":0.384,"R_sh_ref":79.49,"Adjust":20.3,"PTC":187.3,"pdc0":216.0,"gamma_pdc":-0.005180000000000001,"gamma_r":-0.518}