{"Date":"4/28/2008","Version":"MM105","Technology":"Multi-c-Si","BIPV":"Y","A_c":0.59,"N_s":18.0,"T_NOCT":57.9,"I_sc_ref":7.9,"V_oc_ref":10.9,"I_mp_ref":7.15,"V_mp_ref":8.68,"alpha_sc":0.004171,"beta_oc":-0.03308,"a_ref":0.4675,"I_L_ref":7.938,"I_o_ref":5.6e-10,"R_s":0.12,"R_sh_ref":25.18,"Adjust":26.1,"PTC":51.2,"pdc0":62.0,"gamma_pdc":-0.004710000000000001,"gamma_r":-0.47100000000000003}