{"Date":"4/28/2008","Version":"MM105","Technology":"Multi-c-Si","BIPV":"N","A_c":0.5770000000000001,"N_s":21.0,"T_NOCT":48.8,"I_sc_ref":7.89,"V_oc_ref":12.7,"I_mp_ref":7.18,"V_mp_ref":10.0,"alpha_sc":0.0048590000000000005,"beta_oc":-0.043039999999999995,"a_ref":0.5457,"I_L_ref":7.926,"I_o_ref":5.91e-10,"R_s":0.157,"R_sh_ref":34.83,"Adjust":13.2,"PTC":63.2,"pdc0":72.0,"gamma_pdc":-0.00468,"gamma_r":-0.46799999999999997}