{"Date":"05.06.2011","Version":"MM107","Technology":"Multi-c-Si","BIPV":"N","A_c":1.5730000000000002,"N_s":60.0,"T_NOCT":46.2,"I_sc_ref":8.63,"V_oc_ref":37.6,"I_mp_ref":7.85,"V_mp_ref":30.4,"alpha_sc":0.007162999999999999,"beta_oc":-0.12521,"a_ref":1.625,"I_L_ref":8.66,"I_o_ref":7.349999999999999e-10,"R_s":0.31,"R_sh_ref":88.09,"Adjust":16.2,"PTC":212.0,"pdc0":235.0,"gamma_pdc":-0.00439,"gamma_r":-0.439}