{"Date":"05.06.2011","Version":"MM107","Technology":"Multi-c-Si","BIPV":"N","A_c":1.5730000000000002,"N_s":60.0,"T_NOCT":46.2,"I_sc_ref":8.5,"V_oc_ref":37.1,"I_mp_ref":7.76,"V_mp_ref":30.3,"alpha_sc":0.007055,"beta_oc":-0.12354000000000001,"a_ref":1.609,"I_L_ref":8.523,"I_o_ref":7.88e-10,"R_s":0.264,"R_sh_ref":95.62,"Adjust":17.0,"PTC":212.0,"pdc0":235.0,"gamma_pdc":-0.00439,"gamma_r":-0.439}