{"Date":"5/22/2012","Version":"NRELv1","Technology":"Multi-c-Si","BIPV":"N","A_c":1.63,"N_s":60.0,"T_NOCT":48.6,"I_sc_ref":8.45,"V_oc_ref":37.1,"I_mp_ref":7.88,"V_mp_ref":29.2,"alpha_sc":0.008957,"beta_oc":-0.1343,"a_ref":1.6146,"I_L_ref":8.46,"I_o_ref":8.76e-10,"R_s":0.42,"R_sh_ref":348.04,"Adjust":8.327,"PTC":203.8,"pdc0":230.0,"gamma_pdc":-0.004529999999999999,"gamma_r":-0.45299999999999996}