{"Date":"12.08.2008","Version":"MM106","Technology":"Multi-c-Si","BIPV":"N","A_c":1.301,"N_s":72.0,"T_NOCT":50.2,"I_sc_ref":5.47,"V_oc_ref":43.2,"I_mp_ref":4.9,"V_mp_ref":34.8,"alpha_sc":0.003406,"beta_oc":-0.15292999999999998,"a_ref":1.8782,"I_L_ref":5.497999999999999,"I_o_ref":5.26e-10,"R_s":0.589,"R_sh_ref":115.71,"Adjust":10.6,"PTC":149.1,"pdc0":170.0,"gamma_pdc":-0.00452,"gamma_r":-0.452}