{"Date":"12.11.2008","Version":"MM106","Technology":"Mono-c-Si","BIPV":"N","A_c":1.301,"N_s":72.0,"T_NOCT":51.4,"I_sc_ref":5.6,"V_oc_ref":44.8,"I_mp_ref":5.02,"V_mp_ref":35.86,"alpha_sc":0.001176,"beta_oc":-0.15277000000000002,"a_ref":1.8872,"I_L_ref":5.632000000000001,"I_o_ref":2.57e-10,"R_s":0.6729999999999999,"R_sh_ref":116.47,"Adjust":8.7,"PTC":156.3,"pdc0":180.0,"gamma_pdc":-0.0046700000000000005,"gamma_r":-0.467}