{"Date":"10.05.2010","Version":"MM107","Technology":"Mono-c-Si","BIPV":"N","A_c":1.67,"N_s":60.0,"T_NOCT":45.4,"I_sc_ref":8.7,"V_oc_ref":37.3,"I_mp_ref":8.08,"V_mp_ref":30.4,"alpha_sc":0.0038280000000000002,"beta_oc":-0.12272000000000001,"a_ref":1.5731,"I_L_ref":8.714,"I_o_ref":4.2799999999999997e-10,"R_s":0.27899999999999997,"R_sh_ref":170.11,"Adjust":12.9,"PTC":220.9,"pdc0":245.0,"gamma_pdc":-0.00458,"gamma_r":-0.45799999999999996}