{"Date":"06.10.2010","Version":"MM107","Technology":"Multi-c-Si","BIPV":"N","A_c":1.5830000000000002,"N_s":60.0,"T_NOCT":44.5,"I_sc_ref":7.85,"V_oc_ref":36.02,"I_mp_ref":7.21,"V_mp_ref":29.12,"alpha_sc":0.00942,"beta_oc":-0.13327,"a_ref":1.6786,"I_L_ref":7.8660000000000005,"I_o_ref":3.65e-09,"R_s":0.29100000000000004,"R_sh_ref":141.89,"Adjust":19.6,"PTC":188.3,"pdc0":210.0,"gamma_pdc":-0.00489,"gamma_r":-0.489}