{"Date":"06.10.2010","Version":"MM107","Technology":"Multi-c-Si","BIPV":"N","A_c":1.5830000000000002,"N_s":60.0,"T_NOCT":44.5,"I_sc_ref":8.18,"V_oc_ref":37.11,"I_mp_ref":7.62,"V_mp_ref":30.12,"alpha_sc":0.009816,"beta_oc":-0.13731,"a_ref":1.7187,"I_L_ref":8.187000000000001,"I_o_ref":3.3799999999999995e-09,"R_s":0.272,"R_sh_ref":303.53,"Adjust":18.4,"PTC":206.7,"pdc0":230.0,"gamma_pdc":-0.00489,"gamma_r":-0.489}