{"Date":"10.05.2009","Version":"MM106","Technology":"Multi-c-Si","BIPV":"N","A_c":1.63,"N_s":60.0,"T_NOCT":48.7,"I_sc_ref":7.9,"V_oc_ref":36.3,"I_mp_ref":7.45,"V_mp_ref":29.7,"alpha_sc":0.00869,"beta_oc":-0.12487000000000001,"a_ref":1.579,"I_L_ref":7.902,"I_o_ref":8.160000000000001e-10,"R_s":0.266,"R_sh_ref":1095.02,"Adjust":13.8,"PTC":195.6,"pdc0":220.0,"gamma_pdc":-0.00435,"gamma_r":-0.435}