{"Date":"08.01.2012","Version":"NRELv1","Technology":"Multi-c-Si","BIPV":"N","A_c":1.643,"N_s":60.0,"T_NOCT":48.8,"I_sc_ref":8.33,"V_oc_ref":36.0,"I_mp_ref":7.76,"V_mp_ref":29.0,"alpha_sc":0.005248,"beta_oc":-0.12924000000000002,"a_ref":1.5935,"I_L_ref":8.34,"I_o_ref":1.27e-09,"R_s":0.31,"R_sh_ref":259.23,"Adjust":13.21,"PTC":196.5,"pdc0":225.0,"gamma_pdc":-0.00496,"gamma_r":-0.496}