{"Date":"08.01.2012","Version":"NRELv1","Technology":"Multi-c-Si","BIPV":"N","A_c":1.94,"N_s":72.0,"T_NOCT":48.8,"I_sc_ref":7.91,"V_oc_ref":43.0,"I_mp_ref":7.29,"V_mp_ref":35.0,"alpha_sc":0.004983,"beta_oc":-0.15437,"a_ref":1.9283,"I_L_ref":7.925,"I_o_ref":1.59e-09,"R_s":0.32899999999999996,"R_sh_ref":174.05,"Adjust":15.84,"PTC":222.4,"pdc0":255.0,"gamma_pdc":-0.00496,"gamma_r":-0.496}