{"Date":"08.01.2012","Version":"NRELv1","Technology":"Multi-c-Si","BIPV":"N","A_c":1.94,"N_s":72.0,"T_NOCT":48.8,"I_sc_ref":8.52,"V_oc_ref":43.0,"I_mp_ref":7.86,"V_mp_ref":35.0,"alpha_sc":0.005368,"beta_oc":-0.15437,"a_ref":1.9271,"I_L_ref":8.535,"I_o_ref":1.6899999999999997e-09,"R_s":0.306,"R_sh_ref":168.26,"Adjust":15.72,"PTC":240.4,"pdc0":275.0,"gamma_pdc":-0.00496,"gamma_r":-0.496}