{"Date":"09.01.2013","Version":"NRELv1","Technology":"Mono-c-Si","BIPV":"N","A_c":1.94,"N_s":72.0,"T_NOCT":48.9,"I_sc_ref":9.15,"V_oc_ref":43.0,"I_mp_ref":8.43,"V_mp_ref":35.0,"alpha_sc":0.003742,"beta_oc":-0.14534,"a_ref":1.8297,"I_L_ref":9.171,"I_o_ref":5.5e-10,"R_s":0.308,"R_sh_ref":135.05,"Adjust":11.89,"PTC":260.7,"pdc0":295.0,"gamma_pdc":-0.0046500000000000005,"gamma_r":-0.465}