{"Date":"09.01.2013","Version":"NRELv1","Technology":"Mono-c-Si","BIPV":"N","A_c":1.006,"N_s":36.0,"T_NOCT":48.9,"I_sc_ref":8.57,"V_oc_ref":21.0,"I_mp_ref":7.94,"V_mp_ref":17.0,"alpha_sc":0.003505,"beta_oc":-0.07098,"a_ref":0.8876,"I_L_ref":8.587,"I_o_ref":4.44e-10,"R_s":0.175,"R_sh_ref":89.65,"Adjust":10.53,"PTC":118.8,"pdc0":135.0,"gamma_pdc":-0.0046500000000000005,"gamma_r":-0.465}