{"Date":"09.01.2013","Version":"NRELv1","Technology":"Mono-c-Si","BIPV":"N","A_c":1.94,"N_s":72.0,"T_NOCT":48.9,"I_sc_ref":9.46,"V_oc_ref":43.0,"I_mp_ref":8.71,"V_mp_ref":35.0,"alpha_sc":0.0038689999999999996,"beta_oc":-0.14534,"a_ref":1.8304,"I_L_ref":9.482000000000001,"I_o_ref":5.74e-10,"R_s":0.298,"R_sh_ref":127.7,"Adjust":11.97,"PTC":269.8,"pdc0":305.0,"gamma_pdc":-0.0046500000000000005,"gamma_r":-0.465}