{"Date":"04.01.2010","Version":"MM107","Technology":"Multi-c-Si","BIPV":"N","A_c":1.475,"N_s":54.0,"T_NOCT":45.3,"I_sc_ref":8.3,"V_oc_ref":32.0,"I_mp_ref":7.3,"V_mp_ref":26.0,"alpha_sc":0.0043159999999999995,"beta_oc":-0.11456,"a_ref":1.4804,"I_L_ref":8.344,"I_o_ref":3.12e-09,"R_s":0.23,"R_sh_ref":43.71,"Adjust":22.4,"PTC":168.8,"pdc0":190.0,"gamma_pdc":-0.00506,"gamma_r":-0.506}