{"Date":"04.01.2010","Version":"MM107","Technology":"Multi-c-Si","BIPV":"N","A_c":0.983,"N_s":36.0,"T_NOCT":45.3,"I_sc_ref":9.3,"V_oc_ref":21.0,"I_mp_ref":8.3,"V_mp_ref":17.0,"alpha_sc":0.004836,"beta_oc":-0.07518,"a_ref":0.9589,"I_L_ref":9.342,"I_o_ref":2.6800000000000003e-09,"R_s":0.146,"R_sh_ref":32.05,"Adjust":19.7,"PTC":124.7,"pdc0":140.0,"gamma_pdc":-0.00506,"gamma_r":-0.506}