{"Date":"02.11.2010","Version":"MM107","Technology":"Multi-c-Si","BIPV":"N","A_c":0.983,"N_s":72.0,"T_NOCT":45.3,"I_sc_ref":8.0,"V_oc_ref":21.0,"I_mp_ref":7.1,"V_mp_ref":17.0,"alpha_sc":0.0041600000000000005,"beta_oc":-0.07518,"a_ref":0.9627,"I_L_ref":8.04,"I_o_ref":2.49e-09,"R_s":0.16899999999999998,"R_sh_ref":33.98,"Adjust":20.5,"PTC":106.4,"pdc0":120.0,"gamma_pdc":-0.00506,"gamma_r":-0.506}