{"Date":"02.11.2010","Version":"MM107","Technology":"Multi-c-Si","BIPV":"N","A_c":1.6569999999999998,"N_s":72.0,"T_NOCT":45.3,"I_sc_ref":8.7,"V_oc_ref":36.0,"I_mp_ref":7.9,"V_mp_ref":29.0,"alpha_sc":0.004524,"beta_oc":-0.12888,"a_ref":1.6196,"I_L_ref":8.73,"I_o_ref":1.85e-09,"R_s":0.293,"R_sh_ref":84.7,"Adjust":16.7,"PTC":204.7,"pdc0":230.0,"gamma_pdc":-0.00506,"gamma_r":-0.506}