{"Date":"6/17/2011","Version":"MM107","Technology":"Multi-c-Si","BIPV":"N","A_c":1.6369999999999998,"N_s":60.0,"T_NOCT":45.7,"I_sc_ref":8.21,"V_oc_ref":36.66,"I_mp_ref":7.64,"V_mp_ref":29.49,"alpha_sc":0.004511,"beta_oc":-0.12035,"a_ref":1.5494,"I_L_ref":8.222999999999999,"I_o_ref":4.27e-10,"R_s":0.34600000000000003,"R_sh_ref":214.97,"Adjust":13.5,"PTC":202.0,"pdc0":225.0,"gamma_pdc":-0.0046,"gamma_r":-0.46}