{"Date":"6/17/2011","Version":"MM107","Technology":"Multi-c-Si","BIPV":"N","A_c":1.48,"N_s":54.0,"T_NOCT":45.7,"I_sc_ref":8.45,"V_oc_ref":33.49,"I_mp_ref":7.85,"V_mp_ref":27.42,"alpha_sc":0.0046429999999999996,"beta_oc":-0.10995,"a_ref":1.4313,"I_L_ref":8.462,"I_o_ref":5.68e-10,"R_s":0.235,"R_sh_ref":160.81,"Adjust":15.9,"PTC":193.3,"pdc0":215.0,"gamma_pdc":-0.0046,"gamma_r":-0.46}