{"Date":"6/17/2011","Version":"MM107","Technology":"Multi-c-Si","BIPV":"N","A_c":1.3219999999999998,"N_s":48.0,"T_NOCT":45.7,"I_sc_ref":8.14,"V_oc_ref":29.18,"I_mp_ref":7.47,"V_mp_ref":24.19,"alpha_sc":0.0044729999999999995,"beta_oc":-0.0958,"a_ref":1.2658,"I_L_ref":8.155,"I_o_ref":7.620000000000001e-10,"R_s":0.163,"R_sh_ref":88.29,"Adjust":19.1,"PTC":161.6,"pdc0":180.0,"gamma_pdc":-0.0046,"gamma_r":-0.46}