{"Date":"5/22/2012","Version":"NRELv1","Technology":"Multi-c-Si","BIPV":"N","A_c":1.7730000000000001,"N_s":72.0,"T_NOCT":45.2,"I_sc_ref":8.34,"V_oc_ref":42.98,"I_mp_ref":7.75,"V_mp_ref":34.65,"alpha_sc":0.004715,"beta_oc":-0.14128,"a_ref":1.8017,"I_L_ref":8.355,"I_o_ref":3.56e-10,"R_s":0.39299999999999996,"R_sh_ref":220.03,"Adjust":11.72,"PTC":239.8,"pdc0":265.0,"gamma_pdc":-0.00448,"gamma_r":-0.44799999999999995}