{"Date":"5/22/2012","Version":"NRELv1","Technology":"Multi-c-Si","BIPV":"N","A_c":1.7730000000000001,"N_s":72.0,"T_NOCT":45.2,"I_sc_ref":8.64,"V_oc_ref":45.06,"I_mp_ref":8.16,"V_mp_ref":35.89,"alpha_sc":0.0048850000000000005,"beta_oc":-0.14811,"a_ref":1.8586,"I_L_ref":8.641,"I_o_ref":2.55e-10,"R_s":0.462,"R_sh_ref":4296.6,"Adjust":8.387,"PTC":263.0,"pdc0":290.0,"gamma_pdc":-0.00448,"gamma_r":-0.44799999999999995}