{"Vac":208.0,"Paco":7430.0,"Pdco":7866.65,"Vdco":275.0,"Pso":40.0514,"C0":-4.8477e-06,"C1":9.997619999999999e-06,"C2":0.00103946,"C3":2.76843e-05,"Pnt":0.52,"Vdcmax":400.0,"Mppt_low":100.0,"Mppt_high":400.0}