{"Vac":208.0,"Paco":2700.0,"Pdco":2822.2,"Vdco":250.0,"Pso":29.8279,"C0":-9.96865e-06,"C1":2.04402e-05,"C2":0.000963427,"C3":-0.00022229900000000002,"Pnt":0.5,"Vdcmax":400.0,"Mppt_low":100.0,"Mppt_high":400.0}