{"Vac":240.0,"Paco":7450.0,"Pdco":7838.37,"Vdco":275.0,"Pso":39.1848,"C0":-4.25625e-06,"C1":1.04861e-05,"C2":0.000794738,"C3":-0.000120448,"Pnt":0.68,"Vdcmax":400.0,"Mppt_low":100.0,"Mppt_high":400.0}