{"Vac":208.0,"Paco":3320.0,"Pdco":3486.79,"Vdco":250.0,"Pso":30.243000000000002,"C0":-1.0613199999999999e-05,"C1":1.46435e-05,"C2":0.000849323,"C3":-0.000401282,"Pnt":0.5,"Vdcmax":400.0,"Mppt_low":100.0,"Mppt_high":400.0}