{"Vac":240.0,"Paco":5010.0,"Pdco":5243.09,"Vdco":275.0,"Pso":35.2731,"C0":-5.94442e-06,"C1":1.08862e-05,"C2":0.00126605,"C3":-0.000118465,"Pnt":0.47,"Vdcmax":400.0,"Mppt_low":100.0,"Mppt_high":400.0}