{"Vac":240.0,"Paco":6450.0,"Pdco":6768.43,"Vdco":275.0,"Pso":40.1524,"C0":-4.40528e-06,"C1":6.996960000000001e-06,"C2":0.000963463,"C3":-6.4651e-05,"Pnt":0.65,"Vdcmax":400.0,"Mppt_low":100.0,"Mppt_high":400.0}