{"Vac":277.0,"Paco":6450.0,"Pdco":6738.12,"Vdco":275.0,"Pso":38.6216,"C0":-3.91092e-06,"C1":7.19441e-06,"C2":0.0006564,"C3":-0.00043539,"Pnt":0.9,"Vdcmax":400.0,"Mppt_low":100.0,"Mppt_high":400.0}