{"Vac":240.0,"Paco":5300.0,"Pdco":5573.73,"Vdco":275.0,"Pso":29.6253,"C0":-5.78785e-06,"C1":1.09597e-05,"C2":0.0009686289999999999,"C3":-6.37761e-05,"Pnt":0.5,"Vdcmax":400.0,"Mppt_low":100.0,"Mppt_high":400.0}