{"Vac":277.0,"Paco":7460.0,"Pdco":7817.2,"Vdco":275.0,"Pso":40.4558,"C0":-4.00414e-06,"C1":6.654680000000001e-06,"C2":0.0009303289999999999,"C3":-0.000122876,"Pnt":0.9,"Vdcmax":400.0,"Mppt_low":100.0,"Mppt_high":400.0}