{"Technology":"Multi-c-Si","BIPV":"N","A_c":1.7919999999999998,"N_s":48.0,"T_NOCT":43.6,"PTC":164.5,"pdc0":185.0,"gamma_pdc":-0.005243}