{"Technology":"Multi-c-Si","BIPV":"N","A_c":1.7919999999999998,"N_s":48.0,"T_NOCT":43.6,"PTC":160.0,"pdc0":180.0,"gamma_pdc":-0.005243}