{"Date":"10/26/2011","Version":"NRELv1","Technology":"Mono-c-Si","BIPV":"N","A_c":1.9240000000000002,"N_s":72.0,"T_NOCT":47.3,"I_sc_ref":8.3,"V_oc_ref":44.6,"I_mp_ref":7.72,"V_mp_ref":36.9,"alpha_sc":0.00415,"beta_oc":-0.1561,"a_ref":1.9721,"I_L_ref":8.308,"I_o_ref":1.22e-09,"R_s":0.245,"R_sh_ref":239.65,"Adjust":16.02,"PTC":252.2,"pdc0":285.0,"gamma_pdc":-0.0049,"gamma_r":-0.49}