{"Date":"10/26/2011","Version":"NRELv1","Technology":"Mono-c-Si","BIPV":"N","A_c":1.611,"N_s":60.0,"T_NOCT":47.2,"I_sc_ref":8.48,"V_oc_ref":37.8,"I_mp_ref":7.93,"V_mp_ref":30.8,"alpha_sc":0.0050880000000000005,"beta_oc":-0.13608,"a_ref":1.6984,"I_L_ref":8.486,"I_o_ref":1.8100000000000002e-09,"R_s":0.263,"R_sh_ref":357.79,"Adjust":16.09,"PTC":216.0,"pdc0":245.0,"gamma_pdc":-0.0051,"gamma_r":-0.51}