{"Date":"10/26/2011","Version":"NRELv1","Technology":"Mono-c-Si","BIPV":"N","A_c":1.611,"N_s":60.0,"T_NOCT":47.2,"I_sc_ref":8.38,"V_oc_ref":37.5,"I_mp_ref":7.84,"V_mp_ref":30.6,"alpha_sc":0.005028,"beta_oc":-0.135,"a_ref":1.686,"I_L_ref":8.386000000000001,"I_o_ref":1.8100000000000002e-09,"R_s":0.257,"R_sh_ref":371.14,"Adjust":16.22,"PTC":211.4,"pdc0":240.0,"gamma_pdc":-0.0051,"gamma_r":-0.51}