{"Date":"10/26/2011","Version":"NRELv1","Technology":"Mono-c-Si","BIPV":"N","A_c":1.9240000000000002,"N_s":72.0,"T_NOCT":47.3,"I_sc_ref":8.44,"V_oc_ref":45.1,"I_mp_ref":7.97,"V_mp_ref":37.7,"alpha_sc":0.004220000000000001,"beta_oc":-0.15785,"a_ref":1.9877,"I_L_ref":8.441,"I_o_ref":1.18e-09,"R_s":0.191,"R_sh_ref":1108.78,"Adjust":15.44,"PTC":265.9,"pdc0":300.0,"gamma_pdc":-0.0049,"gamma_r":-0.49}