{"Date":"10/26/2011","Version":"NRELv1","Technology":"Mono-c-Si","BIPV":"N","A_c":1.611,"N_s":60.0,"T_NOCT":47.2,"I_sc_ref":8.6,"V_oc_ref":38.2,"I_mp_ref":8.04,"V_mp_ref":31.2,"alpha_sc":0.0051600000000000005,"beta_oc":-0.13752,"a_ref":1.7192,"I_L_ref":8.606,"I_o_ref":1.9e-09,"R_s":0.251,"R_sh_ref":339.87,"Adjust":16.42,"PTC":225.1,"pdc0":255.0,"gamma_pdc":-0.0051,"gamma_r":-0.51}