{"Date":"10/26/2011","Version":"NRELv1","Technology":"Mono-c-Si","BIPV":"N","A_c":1.611,"N_s":60.0,"T_NOCT":47.2,"I_sc_ref":8.25,"V_oc_ref":37.3,"I_mp_ref":7.73,"V_mp_ref":30.4,"alpha_sc":0.00495,"beta_oc":-0.13427999999999998,"a_ref":1.6742,"I_L_ref":8.255,"I_o_ref":1.7199999999999999e-09,"R_s":0.266,"R_sh_ref":450.95,"Adjust":15.88,"PTC":206.9,"pdc0":235.0,"gamma_pdc":-0.0051,"gamma_r":-0.51}