{"Date":"10/26/2011","Version":"NRELv1","Technology":"Mono-c-Si","BIPV":"N","A_c":1.9240000000000002,"N_s":72.0,"T_NOCT":47.3,"I_sc_ref":8.45,"V_oc_ref":45.4,"I_mp_ref":8.06,"V_mp_ref":37.8,"alpha_sc":0.004225,"beta_oc":-0.1589,"a_ref":1.9953,"I_L_ref":8.536,"I_o_ref":1.1199999999999999e-09,"R_s":0.212,"R_sh_ref":1236.02,"Adjust":14.85,"PTC":270.5,"pdc0":305.0,"gamma_pdc":-0.0049,"gamma_r":-0.49}