{"Vac":240.0,"Paco":3000.0,"Pdco":3142.543635,"Vdco":199.0042333,"Pso":13.15068774,"C0":-7.97e-06,"C1":3.46e-05,"C2":0.008579999999999999,"C3":0.00687,"Pnt":2.64,"Vdcmax":380.0,"Mppt_low":100.0,"Mppt_high":320.0}