{"Vac":240.0,"Paco":7587.0,"Pdco":7825.51,"Vdco":400.0,"Pso":67.1899,"C0":-2.74869e-06,"C1":3.72139e-05,"C2":0.00330702,"C3":-0.00446462,"Pnt":1.29,"Vdcmax":420.0,"Mppt_low":390.0,"Mppt_high":420.0}