{"Date":"05.05.2011","Version":"MM107","Technology":"Mono-c-Si","BIPV":"N","A_c":1.2770000000000001,"N_s":72.0,"T_NOCT":45.1,"I_sc_ref":4.85,"V_oc_ref":44.0,"I_mp_ref":4.49,"V_mp_ref":35.6,"alpha_sc":0.003442,"beta_oc":-0.14207999999999998,"a_ref":1.8430000000000002,"I_L_ref":4.86,"I_o_ref":2.02e-10,"R_s":0.6609999999999999,"R_sh_ref":315.0,"Adjust":13.2,"PTC":144.8,"pdc0":160.0,"gamma_pdc":-0.0043,"gamma_r":-0.43}