{"Date":"05.05.2011","Version":"MM107","Technology":"Mono-c-Si","BIPV":"N","A_c":1.2770000000000001,"N_s":72.0,"T_NOCT":45.1,"I_sc_ref":5.03,"V_oc_ref":44.2,"I_mp_ref":4.64,"V_mp_ref":35.6,"alpha_sc":0.0035689999999999997,"beta_oc":-0.14272,"a_ref":1.8499,"I_L_ref":5.043,"I_o_ref":2.0500000000000002e-10,"R_s":0.6809999999999999,"R_sh_ref":267.02,"Adjust":13.0,"PTC":149.5,"pdc0":165.0,"gamma_pdc":-0.0043,"gamma_r":-0.43}