{"Date":"05.05.2011","Version":"MM107","Technology":"Mono-c-Si","BIPV":"N","A_c":1.2770000000000001,"N_s":72.0,"T_NOCT":45.1,"I_sc_ref":5.26,"V_oc_ref":44.8,"I_mp_ref":4.88,"V_mp_ref":35.8,"alpha_sc":0.003732,"beta_oc":-0.14465999999999998,"a_ref":1.86,"I_L_ref":5.271,"I_o_ref":1.78e-10,"R_s":0.73,"R_sh_ref":341.94,"Adjust":11.3,"PTC":158.7,"pdc0":175.0,"gamma_pdc":-0.0043,"gamma_r":-0.43}