{"Date":"05.05.2011","Version":"MM107","Technology":"Mono-c-Si","BIPV":"N","A_c":1.2770000000000001,"N_s":72.0,"T_NOCT":45.1,"I_sc_ref":5.4,"V_oc_ref":45.4,"I_mp_ref":5.05,"V_mp_ref":36.5,"alpha_sc":0.003832,"beta_oc":-0.1466,"a_ref":1.8836,"I_L_ref":5.407,"I_o_ref":1.8100000000000002e-10,"R_s":0.669,"R_sh_ref":547.35,"Adjust":11.2,"PTC":168.0,"pdc0":185.0,"gamma_pdc":-0.0043,"gamma_r":-0.43}