{"Date":"3/30/2011","Version":"MM107","Technology":"Multi-c-Si","BIPV":"N","A_c":1.6269999999999998,"N_s":60.0,"T_NOCT":46.1,"I_sc_ref":8.48,"V_oc_ref":36.2,"I_mp_ref":7.86,"V_mp_ref":30.5,"alpha_sc":0.0050880000000000005,"beta_oc":-0.11946,"a_ref":1.569,"I_L_ref":8.487,"I_o_ref":7.860000000000001e-10,"R_s":0.125,"R_sh_ref":142.68,"Adjust":18.3,"PTC":215.9,"pdc0":240.0,"gamma_pdc":-0.0045000000000000005,"gamma_r":-0.45}