{"Date":"3/30/2011","Version":"MM107","Technology":"Multi-c-Si","BIPV":"N","A_c":1.6269999999999998,"N_s":60.0,"T_NOCT":46.1,"I_sc_ref":7.75,"V_oc_ref":34.1,"I_mp_ref":7.17,"V_mp_ref":28.6,"alpha_sc":0.00465,"beta_oc":-0.11252999999999999,"a_ref":1.4754,"I_L_ref":7.757999999999999,"I_o_ref":6.89e-10,"R_s":0.15,"R_sh_ref":138.15,"Adjust":17.9,"PTC":183.7,"pdc0":205.0,"gamma_pdc":-0.0045000000000000005,"gamma_r":-0.45}