{"Date":"3/30/2011","Version":"MM107","Technology":"Multi-c-Si","BIPV":"N","A_c":1.6269999999999998,"N_s":60.0,"T_NOCT":46.1,"I_sc_ref":8.37,"V_oc_ref":36.0,"I_mp_ref":7.75,"V_mp_ref":30.3,"alpha_sc":0.0050219999999999996,"beta_oc":-0.1188,"a_ref":1.5604,"I_L_ref":8.378,"I_o_ref":7.76e-10,"R_s":0.13,"R_sh_ref":138.35,"Adjust":18.3,"PTC":211.3,"pdc0":235.0,"gamma_pdc":-0.0045000000000000005,"gamma_r":-0.45}