{"Date":"3/30/2011","Version":"MM107","Technology":"Multi-c-Si","BIPV":"N","A_c":1.6269999999999998,"N_s":60.0,"T_NOCT":46.1,"I_sc_ref":8.05,"V_oc_ref":35.1,"I_mp_ref":7.46,"V_mp_ref":29.5,"alpha_sc":0.00483,"beta_oc":-0.11582999999999999,"a_ref":1.5192,"I_L_ref":8.058,"I_o_ref":7.23e-10,"R_s":0.139,"R_sh_ref":145.44,"Adjust":18.0,"PTC":197.5,"pdc0":220.0,"gamma_pdc":-0.0045000000000000005,"gamma_r":-0.45}