{"Date":"9/15/2011","Version":"MM107","Technology":"Mono-c-Si","BIPV":"N","A_c":1.2770000000000001,"N_s":72.0,"T_NOCT":45.8,"I_sc_ref":5.7,"V_oc_ref":45.1,"I_mp_ref":5.35,"V_mp_ref":36.45,"alpha_sc":0.00228,"beta_oc":-0.16236,"a_ref":1.9421,"I_L_ref":5.704,"I_o_ref":4.6399999999999995e-10,"R_s":0.561,"R_sh_ref":871.49,"Adjust":7.4,"PTC":174.2,"pdc0":195.0,"gamma_pdc":-0.0049,"gamma_r":-0.49}