{"Date":"9/15/2011","Version":"MM107","Technology":"Mono-c-Si","BIPV":"N","A_c":1.2770000000000001,"N_s":72.0,"T_NOCT":45.8,"I_sc_ref":5.6,"V_oc_ref":44.8,"I_mp_ref":5.25,"V_mp_ref":36.2,"alpha_sc":0.00224,"beta_oc":-0.16128,"a_ref":1.9302,"I_L_ref":5.604,"I_o_ref":4.61e-10,"R_s":0.569,"R_sh_ref":758.74,"Adjust":7.5,"PTC":169.6,"pdc0":190.0,"gamma_pdc":-0.0049,"gamma_r":-0.49}