{"Date":"9/15/2011","Version":"MM107","Technology":"Mono-c-Si","BIPV":"N","A_c":1.2770000000000001,"N_s":72.0,"T_NOCT":45.8,"I_sc_ref":5.4,"V_oc_ref":44.1,"I_mp_ref":5.05,"V_mp_ref":35.6,"alpha_sc":0.00216,"beta_oc":-0.15875999999999998,"a_ref":1.9011,"I_L_ref":5.405,"I_o_ref":4.49e-10,"R_s":0.588,"R_sh_ref":600.68,"Adjust":7.6,"PTC":160.4,"pdc0":180.0,"gamma_pdc":-0.0049,"gamma_r":-0.49}