{"Date":"04.06.2011","Version":"MM107","Technology":"Mono-c-Si","BIPV":"N","A_c":1.2919999999999998,"N_s":72.0,"T_NOCT":49.3,"I_sc_ref":5.3,"V_oc_ref":45.29,"I_mp_ref":4.84,"V_mp_ref":37.1,"alpha_sc":0.0018960000000000001,"beta_oc":-0.16549,"a_ref":2.0195,"I_L_ref":5.313,"I_o_ref":9.25e-10,"R_s":0.46799999999999997,"R_sh_ref":194.34,"Adjust":12.7,"PTC":156.5,"pdc0":180.0,"gamma_pdc":-0.00503,"gamma_r":-0.503}