{"Date":"10.05.2009","Version":"MM106","Technology":"Multi-c-Si","BIPV":"N","A_c":1.63,"N_s":60.0,"T_NOCT":49.7,"I_sc_ref":7.6,"V_oc_ref":35.6,"I_mp_ref":6.7,"V_mp_ref":28.5,"alpha_sc":0.003885,"beta_oc":-0.12958,"a_ref":1.7648,"I_L_ref":7.641,"I_o_ref":1.22e-08,"R_s":0.316,"R_sh_ref":58.55,"Adjust":35.7,"PTC":159.1,"pdc0":190.0,"gamma_pdc":-0.0059499999999999996,"gamma_r":-0.595}