{"Date":"10.05.2009","Version":"MM106","Technology":"Multi-c-Si","BIPV":"N","A_c":1.63,"N_s":60.0,"T_NOCT":49.7,"I_sc_ref":7.7,"V_oc_ref":36.5,"I_mp_ref":7.0,"V_mp_ref":28.6,"alpha_sc":0.003936,"beta_oc":-0.13285999999999998,"a_ref":1.7453,"I_L_ref":7.728,"I_o_ref":6.14e-09,"R_s":0.43700000000000006,"R_sh_ref":119.78,"Adjust":27.9,"PTC":167.8,"pdc0":200.0,"gamma_pdc":-0.0059499999999999996,"gamma_r":-0.595}