{"Vac":480.0,"Paco":510000.0,"Pdco":523540.6093,"Vdco":660.8441111000001,"Pso":2812.409943,"C0":-2.7799999999999997e-08,"C1":2.6600000000000003e-05,"C2":0.00253,"C3":-0.00022400000000000002,"Pnt":123.0,"Vdcmax":1000.0,"Mppt_low":500.0,"Mppt_high":820.0}