{"Vac":480.0,"Paco":135000.0,"Pdco":139984.0,"Vdco":405.0,"Pso":762.938,"C0":-9.66633e-08,"C1":-2.88823e-05,"C2":-0.000159326,"C3":-0.00155124,"Pnt":162.0,"Vdcmax":595.0,"Mppt_low":305.0,"Mppt_high":595.0}