{"Vac":480.0,"Paco":105000.0,"Pdco":108877.0,"Vdco":405.0,"Pso":593.331,"C0":-1.2428699999999998e-07,"C1":-2.88844e-05,"C2":-0.000158347,"C3":-0.00155116,"Pnt":126.0,"Vdcmax":595.0,"Mppt_low":305.0,"Mppt_high":595.0}