{"Vac":480.0,"Paco":30000.0,"Pdco":31107.6,"Vdco":405.0,"Pso":169.524,"C0":-4.3500300000000005e-07,"C1":-2.8884499999999998e-05,"C2":-0.00015834899999999998,"C3":-0.00155116,"Pnt":38.0,"Vdcmax":595.0,"Mppt_low":305.0,"Mppt_high":595.0}