{"Vac":480.0,"Paco":60000.0,"Pdco":62215.2,"Vdco":405.0,"Pso":339.04699999999997,"C0":-2.1750199999999998e-07,"C1":-2.8884499999999998e-05,"C2":-0.00015835,"C3":-0.00155116,"Pnt":73.3,"Vdcmax":595.0,"Mppt_low":305.0,"Mppt_high":595.0}