{"Vac":480.0,"Paco":75000.0,"Pdco":77769.0,"Vdco":405.0,"Pso":423.809,"C0":-1.7400099999999997e-07,"C1":-2.8885e-05,"C2":-0.000158384,"C3":-0.00155113,"Pnt":90.0,"Vdcmax":595.0,"Mppt_low":305.0,"Mppt_high":595.0}