{"Vac":480.0,"Paco":120000.0,"Pdco":124430.0,"Vdco":405.0,"Pso":678.095,"C0":-1.0875099999999999e-07,"C1":-2.8884699999999998e-05,"C2":-0.00015835,"C3":-0.00155116,"Pnt":144.0,"Vdcmax":595.0,"Mppt_low":305.0,"Mppt_high":595.0}