{"Technology":"Multi-c-Si","BIPV":"N","A_c":1.5490000000000002,"N_s":60.0,"T_NOCT":45.6,"PTC":221.7,"pdc0":245.0,"gamma_pdc":-0.004457}