{"Technology":"Multi-c-Si","BIPV":"N","A_c":1.5930000000000002,"N_s":60.0,"T_NOCT":43.6,"PTC":243.6,"pdc0":265.0,"gamma_pdc":-0.00424}