{"Date":"12.01.2011","Version":"NRELv1","Technology":"Multi-c-Si","BIPV":"N","A_c":1.6580000000000001,"N_s":60.0,"T_NOCT":46.4,"I_sc_ref":8.59,"V_oc_ref":37.5,"I_mp_ref":8.29,"V_mp_ref":30.64,"alpha_sc":0.007731,"beta_oc":-0.1275,"a_ref":1.6547,"I_L_ref":8.856,"I_o_ref":1.26e-09,"R_s":0.24600000000000002,"R_sh_ref":357.54,"Adjust":18.66,"PTC":227.3,"pdc0":254.0,"gamma_pdc":-0.004699999999999999,"gamma_r":-0.47}