{"Date":"12.01.2011","Version":"NRELv1","Technology":"Multi-c-Si","BIPV":"N","A_c":1.6580000000000001,"N_s":60.0,"T_NOCT":46.4,"I_sc_ref":8.2,"V_oc_ref":36.8,"I_mp_ref":7.83,"V_mp_ref":29.4,"alpha_sc":0.007379999999999999,"beta_oc":-0.12512,"a_ref":1.6041,"I_L_ref":8.372,"I_o_ref":9.02e-10,"R_s":0.35600000000000004,"R_sh_ref":439.66,"Adjust":16.0,"PTC":205.2,"pdc0":230.0,"gamma_pdc":-0.004699999999999999,"gamma_r":-0.47}