{"Date":"12.01.2011","Version":"NRELv1","Technology":"Multi-c-Si","BIPV":"N","A_c":1.6580000000000001,"N_s":60.0,"T_NOCT":46.4,"I_sc_ref":8.47,"V_oc_ref":37.38,"I_mp_ref":8.12,"V_mp_ref":30.53,"alpha_sc":0.0076230000000000004,"beta_oc":-0.12709,"a_ref":1.6469,"I_L_ref":8.644,"I_o_ref":1.19e-09,"R_s":0.253,"R_sh_ref":568.05,"Adjust":18.34,"PTC":221.8,"pdc0":248.0,"gamma_pdc":-0.004699999999999999,"gamma_r":-0.47}