{"Date":"12.01.2011","Version":"NRELv1","Technology":"Multi-c-Si","BIPV":"N","A_c":1.6580000000000001,"N_s":60.0,"T_NOCT":46.4,"I_sc_ref":7.92,"V_oc_ref":36.6,"I_mp_ref":7.52,"V_mp_ref":29.0,"alpha_sc":0.007128,"beta_oc":-0.12444000000000001,"a_ref":1.5848,"I_L_ref":8.002,"I_o_ref":7.45e-10,"R_s":0.409,"R_sh_ref":1394.15,"Adjust":14.59,"PTC":194.2,"pdc0":218.0,"gamma_pdc":-0.004699999999999999,"gamma_r":-0.47}