{"Date":"12.01.2011","Version":"NRELv1","Technology":"Mono-c-Si","BIPV":"N","A_c":1.499,"N_s":54.0,"T_NOCT":46.9,"I_sc_ref":8.74,"V_oc_ref":34.18,"I_mp_ref":8.08,"V_mp_ref":28.46,"alpha_sc":0.001748,"beta_oc":-0.11621,"a_ref":1.4488,"I_L_ref":8.753,"I_o_ref":4.81e-10,"R_s":0.16899999999999998,"R_sh_ref":118.04,"Adjust":10.68,"PTC":205.2,"pdc0":230.0,"gamma_pdc":-0.004699999999999999,"gamma_r":-0.47}