{"Date":"12.01.2011","Version":"NRELv1","Technology":"Mono-c-Si","BIPV":"N","A_c":1.6580000000000001,"N_s":60.0,"T_NOCT":46.9,"I_sc_ref":8.42,"V_oc_ref":37.38,"I_mp_ref":8.03,"V_mp_ref":30.14,"alpha_sc":0.001684,"beta_oc":-0.12709,"a_ref":1.5354,"I_L_ref":8.507,"I_o_ref":2.2700000000000002e-10,"R_s":0.34,"R_sh_ref":1164.25,"Adjust":4.333,"PTC":215.6,"pdc0":242.0,"gamma_pdc":-0.004699999999999999,"gamma_r":-0.47}