{"Date":"12.01.2011","Version":"NRELv1","Technology":"Multi-c-Si","BIPV":"N","A_c":1.341,"N_s":48.0,"T_NOCT":46.4,"I_sc_ref":8.0,"V_oc_ref":29.33,"I_mp_ref":7.33,"V_mp_ref":24.0,"alpha_sc":0.0072,"beta_oc":-0.09972,"a_ref":1.3155,"I_L_ref":8.017000000000001,"I_o_ref":1.6e-09,"R_s":0.203,"R_sh_ref":93.28,"Adjust":22.06,"PTC":156.8,"pdc0":176.0,"gamma_pdc":-0.004699999999999999,"gamma_r":-0.47}