{"Date":"8/29/2011","Version":"MM107","Technology":"Mono-c-Si","BIPV":"N","A_c":1.2770000000000001,"N_s":72.0,"T_NOCT":46.3,"I_sc_ref":5.08,"V_oc_ref":43.3,"I_mp_ref":4.79,"V_mp_ref":35.5,"alpha_sc":0.001905,"beta_oc":-0.15008,"a_ref":1.8261,"I_L_ref":5.082,"I_o_ref":2.54e-10,"R_s":0.502,"R_sh_ref":1304.0,"Adjust":7.3,"PTC":151.7,"pdc0":170.0,"gamma_pdc":-0.0046700000000000005,"gamma_r":-0.467}