{"Date":"8/29/2011","Version":"MM107","Technology":"Mono-c-Si","BIPV":"N","A_c":1.2770000000000001,"N_s":72.0,"T_NOCT":46.3,"I_sc_ref":4.85,"V_oc_ref":42.7,"I_mp_ref":4.57,"V_mp_ref":35.0,"alpha_sc":0.001819,"beta_oc":-0.14800000000000002,"a_ref":1.8008,"I_L_ref":4.852,"I_o_ref":2.43e-10,"R_s":0.52,"R_sh_ref":1192.32,"Adjust":7.3,"PTC":142.6,"pdc0":160.0,"gamma_pdc":-0.0046700000000000005,"gamma_r":-0.467}