{"Date":"8/29/2011","Version":"MM107","Technology":"Multi-c-Si","BIPV":"N","A_c":1.6369999999999998,"N_s":60.0,"T_NOCT":46.7,"I_sc_ref":7.82,"V_oc_ref":36.0,"I_mp_ref":7.24,"V_mp_ref":29.0,"alpha_sc":0.003949,"beta_oc":-0.1174,"a_ref":1.5175,"I_L_ref":7.837000000000001,"I_o_ref":3.7900000000000004e-10,"R_s":0.35200000000000004,"R_sh_ref":165.72,"Adjust":13.7,"PTC":187.3,"pdc0":210.0,"gamma_pdc":-0.00457,"gamma_r":-0.457}