{"Date":"03.01.2006","Version":NaN,"Technology":"Multi-c-Si","BIPV":"N","A_c":1.36,"N_s":48.0,"T_NOCT":45.0,"I_sc_ref":8.28,"V_oc_ref":29.3,"I_mp_ref":7.45,"V_mp_ref":22.8,"alpha_sc":0.06,"beta_oc":-0.32,"a_ref":1.09954,"I_L_ref":8.34919,"I_o_ref":2.0800000000000002e-11,"R_s":0.433399,"R_sh_ref":51.8677,"Adjust":-8.75114,"PTC":NaN,"pdc0":170.0,"gamma_pdc":-0.0034,"gamma_r":-0.34}