{"Date":"06.01.2011","Version":NaN,"Technology":"Multi-c-Si","BIPV":"N","A_c":1.63,"N_s":60.0,"T_NOCT":45.0,"I_sc_ref":8.34,"V_oc_ref":36.8,"I_mp_ref":7.68,"V_mp_ref":29.9,"alpha_sc":0.06,"beta_oc":-0.31,"a_ref":1.51478,"I_L_ref":8.361839999999999,"I_o_ref":2.2700000000000002e-10,"R_s":0.311222,"R_sh_ref":118.845,"Adjust":14.1169,"PTC":NaN,"pdc0":230.0,"gamma_pdc":-0.0042,"gamma_r":-0.42}