{"Date":"04.01.2010","Version":"MM107","Technology":"Multi-c-Si","BIPV":"N","A_c":1.305,"N_s":48.0,"T_NOCT":46.7,"I_sc_ref":8.03,"V_oc_ref":28.5,"I_mp_ref":7.17,"V_mp_ref":23.0,"alpha_sc":0.002843,"beta_oc":-0.12469000000000001,"a_ref":1.4824,"I_L_ref":8.056000000000001,"I_o_ref":3.38e-08,"R_s":0.191,"R_sh_ref":57.92,"Adjust":22.4,"PTC":139.3,"pdc0":165.0,"gamma_pdc":-0.00657,"gamma_r":-0.657}