{"Vac":0.0,"Paco":300.0,"Pdco":313.894,"Vdco":30.0,"Pso":2.23854,"C0":-0.00010998799999999999,"C1":-0.00011371100000000001,"C2":0.014495300000000001,"C3":-0.00239313,"Pnt":0.064,"Vdcmax":35.0,"Mppt_low":25.0,"Mppt_high":35.0}