{"Date":"10/20/2011","Version":"NRELv1","Technology":"Mono-c-Si","BIPV":"N","A_c":0.648,"N_s":36.0,"T_NOCT":46.1,"I_sc_ref":5.54,"V_oc_ref":22.56,"I_mp_ref":5.13,"V_mp_ref":18.52,"alpha_sc":0.002548,"beta_oc":-0.07919,"a_ref":0.976,"I_L_ref":5.5489999999999995,"I_o_ref":4.94e-10,"R_s":0.226,"R_sh_ref":143.52,"Adjust":11.12,"PTC":85.0,"pdc0":95.0,"gamma_pdc":-0.00473,"gamma_r":-0.473}