{"Date":"10/20/2011","Version":"NRELv1","Technology":"Mono-c-Si","BIPV":"N","A_c":0.648,"N_s":36.0,"T_NOCT":46.1,"I_sc_ref":5.37,"V_oc_ref":21.98,"I_mp_ref":4.98,"V_mp_ref":18.06,"alpha_sc":0.00247,"beta_oc":-0.07715,"a_ref":0.9506,"I_L_ref":5.377999999999999,"I_o_ref":4.75e-10,"R_s":0.223,"R_sh_ref":153.81,"Adjust":11.06,"PTC":80.4,"pdc0":90.0,"gamma_pdc":-0.00473,"gamma_r":-0.473}