{"Date":"10/20/2011","Version":"NRELv1","Technology":"Mono-c-Si","BIPV":"N","A_c":1.2770000000000001,"N_s":72.0,"T_NOCT":46.1,"I_sc_ref":5.44,"V_oc_ref":44.06,"I_mp_ref":5.04,"V_mp_ref":36.71,"alpha_sc":0.002502,"beta_oc":-0.15465,"a_ref":1.9227,"I_L_ref":5.446000000000001,"I_o_ref":5.899999999999999e-10,"R_s":0.32299999999999995,"R_sh_ref":279.94,"Adjust":12.92,"PTC":165.4,"pdc0":185.0,"gamma_pdc":-0.00473,"gamma_r":-0.473}