{"Date":"10/20/2011","Version":"NRELv1","Technology":"Mono-c-Si","BIPV":"N","A_c":1.2770000000000001,"N_s":72.0,"T_NOCT":46.1,"I_sc_ref":5.57,"V_oc_ref":44.06,"I_mp_ref":5.16,"V_mp_ref":36.71,"alpha_sc":0.002562,"beta_oc":-0.15465,"a_ref":1.9228,"I_L_ref":5.5760000000000005,"I_o_ref":6.05e-10,"R_s":0.315,"R_sh_ref":272.44,"Adjust":12.93,"PTC":170.0,"pdc0":190.0,"gamma_pdc":-0.00473,"gamma_r":-0.473}