{"Date":"10/20/2011","Version":"NRELv1","Technology":"Mono-c-Si","BIPV":"N","A_c":1.2770000000000001,"N_s":72.0,"T_NOCT":46.1,"I_sc_ref":5.31,"V_oc_ref":43.92,"I_mp_ref":4.78,"V_mp_ref":36.59,"alpha_sc":0.002443,"beta_oc":-0.15416,"a_ref":1.9531,"I_L_ref":5.3229999999999995,"I_o_ref":8.55e-10,"R_s":0.312,"R_sh_ref":130.57,"Adjust":16.7,"PTC":156.2,"pdc0":175.0,"gamma_pdc":-0.00473,"gamma_r":-0.473}