{"Date":"10/20/2011","Version":"NRELv1","Technology":"Multi-c-Si","BIPV":"N","A_c":1.946,"N_s":72.0,"T_NOCT":46.4,"I_sc_ref":8.0,"V_oc_ref":43.63,"I_mp_ref":7.4,"V_mp_ref":36.5,"alpha_sc":0.00472,"beta_oc":-0.15227000000000002,"a_ref":1.9561,"I_L_ref":8.008,"I_o_ref":1.6e-09,"R_s":0.18,"R_sh_ref":182.78,"Adjust":19.2,"PTC":239.9,"pdc0":270.0,"gamma_pdc":-0.00486,"gamma_r":-0.486}