{"Date":"10/20/2011","Version":"NRELv1","Technology":"Mono-c-Si","BIPV":"N","A_c":1.482,"N_s":84.0,"T_NOCT":46.1,"I_sc_ref":5.15,"V_oc_ref":52.3,"I_mp_ref":4.77,"V_mp_ref":44.1,"alpha_sc":0.002369,"beta_oc":-0.18357,"a_ref":2.2991,"I_L_ref":5.154,"I_o_ref":6.6e-10,"R_s":0.27399999999999997,"R_sh_ref":337.03,"Adjust":14.46,"PTC":187.7,"pdc0":210.0,"gamma_pdc":-0.00473,"gamma_r":-0.473}