{"Date":"10/20/2011","Version":"NRELv1","Technology":"Multi-c-Si","BIPV":"N","A_c":1.633,"N_s":60.0,"T_NOCT":46.4,"I_sc_ref":8.98,"V_oc_ref":37.32,"I_mp_ref":8.39,"V_mp_ref":29.8,"alpha_sc":0.005298,"beta_oc":-0.13025,"a_ref":1.617,"I_L_ref":8.988999999999999,"I_o_ref":8.41e-10,"R_s":0.341,"R_sh_ref":324.12,"Adjust":12.01,"PTC":222.8,"pdc0":250.0,"gamma_pdc":-0.00486,"gamma_r":-0.486}