{"Date":"10/20/2011","Version":"NRELv1","Technology":"Multi-c-Si","BIPV":"N","A_c":1.633,"N_s":60.0,"T_NOCT":46.4,"I_sc_ref":8.81,"V_oc_ref":36.5,"I_mp_ref":8.16,"V_mp_ref":29.4,"alpha_sc":0.0051979999999999995,"beta_oc":-0.12739,"a_ref":1.5981,"I_L_ref":8.826,"I_o_ref":1.0400000000000001e-09,"R_s":0.303,"R_sh_ref":166.51,"Adjust":14.15,"PTC":213.6,"pdc0":240.0,"gamma_pdc":-0.00486,"gamma_r":-0.486}