{"Date":"10/20/2011","Version":"NRELv1","Technology":"Multi-c-Si","BIPV":"N","A_c":1.482,"N_s":84.0,"T_NOCT":46.1,"I_sc_ref":5.57,"V_oc_ref":52.94,"I_mp_ref":5.17,"V_mp_ref":44.6,"alpha_sc":0.002562,"beta_oc":-0.18582,"a_ref":2.3229,"I_L_ref":5.574,"I_o_ref":6.859999999999999e-10,"R_s":0.267,"R_sh_ref":345.3,"Adjust":14.08,"PTC":206.1,"pdc0":230.0,"gamma_pdc":-0.00473,"gamma_r":-0.473}