{"Date":"10/20/2011","Version":"NRELv1","Technology":"Multi-c-Si","BIPV":"N","A_c":1.476,"N_s":54.0,"T_NOCT":46.4,"I_sc_ref":8.25,"V_oc_ref":32.8,"I_mp_ref":7.64,"V_mp_ref":27.5,"alpha_sc":0.004868,"beta_oc":-0.11447,"a_ref":1.4715,"I_L_ref":8.257,"I_o_ref":1.6699999999999998e-09,"R_s":0.122,"R_sh_ref":138.91,"Adjust":19.34,"PTC":186.7,"pdc0":210.0,"gamma_pdc":-0.00486,"gamma_r":-0.486}