{"Date":"01.01.2002","Version":NaN,"Technology":"Mono-c-Si","BIPV":"N","A_c":0.93,"N_s":36.0,"T_NOCT":45.0,"I_sc_ref":7.45,"V_oc_ref":21.5,"I_mp_ref":7.1,"V_mp_ref":16.9,"alpha_sc":0.0014,"beta_oc":-0.0824,"a_ref":0.8807659999999999,"I_L_ref":7.52492,"I_o_ref":1.88e-10,"R_s":0.29035,"R_sh_ref":5183.06,"Adjust":-8.048960000000001,"PTC":NaN,"pdc0":120.0,"gamma_pdc":-0.0048,"gamma_r":-0.48}