{"Date":"12/17/2003","Version":NaN,"Technology":"Multi-c-Si","BIPV":"N","A_c":1.27,"N_s":54.0,"T_NOCT":45.0,"I_sc_ref":7.58,"V_oc_ref":28.9,"I_mp_ref":6.82,"V_mp_ref":23.2,"alpha_sc":0.055,"beta_oc":-0.34,"a_ref":1.26024,"I_L_ref":7.616619999999999,"I_o_ref":7.85e-10,"R_s":0.296139,"R_sh_ref":61.3052,"Adjust":15.9794,"PTC":NaN,"pdc0":158.0,"gamma_pdc":-0.0047,"gamma_r":-0.47}