{"Date":"4/28/2008","Version":"MM105","Technology":"Multi-c-Si","BIPV":"N","A_c":1.357,"N_s":54.0,"T_NOCT":49.0,"I_sc_ref":8.21,"V_oc_ref":32.9,"I_mp_ref":7.61,"V_mp_ref":26.3,"alpha_sc":0.004926,"beta_oc":-0.1168,"a_ref":1.4284,"I_L_ref":8.226,"I_o_ref":7.979999999999999e-10,"R_s":0.325,"R_sh_ref":171.7,"Adjust":10.3,"PTC":175.7,"pdc0":200.0,"gamma_pdc":-0.0048,"gamma_r":-0.48}