{"Date":"03.09.2010","Version":"MM107","Technology":"Multi-c-Si","BIPV":"N","A_c":1.005,"N_s":36.0,"T_NOCT":46.0,"I_sc_ref":8.37,"V_oc_ref":22.1,"I_mp_ref":7.63,"V_mp_ref":17.7,"alpha_sc":0.000837,"beta_oc":-0.07072,"a_ref":0.8631,"I_L_ref":8.408999999999999,"I_o_ref":6.05e-11,"R_s":0.237,"R_sh_ref":51.19,"Adjust":0.0,"PTC":122.2,"pdc0":135.0,"gamma_pdc":-0.0042,"gamma_r":-0.42}