{"Date":"10.05.2010","Version":"MM107","Technology":"Multi-c-Si","BIPV":"N","A_c":0.9890000000000001,"N_s":36.0,"T_NOCT":48.0,"I_sc_ref":8.68,"V_oc_ref":22.1,"I_mp_ref":7.91,"V_mp_ref":17.7,"alpha_sc":0.001736,"beta_oc":-0.06851,"a_ref":0.8921,"I_L_ref":8.718,"I_o_ref":1.44e-10,"R_s":0.221,"R_sh_ref":50.79,"Adjust":10.2,"PTC":124.9,"pdc0":140.0,"gamma_pdc":-0.0044,"gamma_r":-0.44}