{"Date":"03.09.2010","Version":"MM107","Technology":"Multi-c-Si","BIPV":"N","A_c":1.325,"N_s":48.0,"T_NOCT":46.0,"I_sc_ref":8.35,"V_oc_ref":29.5,"I_mp_ref":7.63,"V_mp_ref":23.6,"alpha_sc":0.0016699999999999998,"beta_oc":-0.09735,"a_ref":1.1768,"I_L_ref":8.385,"I_o_ref":1.0399999999999999e-10,"R_s":0.314,"R_sh_ref":74.86,"Adjust":1.1,"PTC":162.5,"pdc0":180.0,"gamma_pdc":-0.0043,"gamma_r":-0.43}