{"Date":"10.05.2010","Version":"MM107","Technology":"Multi-c-Si","BIPV":"N","A_c":1.295,"N_s":48.0,"T_NOCT":48.0,"I_sc_ref":8.81,"V_oc_ref":29.5,"I_mp_ref":8.05,"V_mp_ref":23.6,"alpha_sc":0.0017620000000000001,"beta_oc":-0.09145,"a_ref":1.1885,"I_L_ref":8.846,"I_o_ref":1.4e-10,"R_s":0.295,"R_sh_ref":71.75,"Adjust":9.8,"PTC":169.7,"pdc0":190.0,"gamma_pdc":-0.0044,"gamma_r":-0.44}