{"Date":"03.09.2010","Version":"MM107","Technology":"Multi-c-Si","BIPV":"N","A_c":1.485,"N_s":54.0,"T_NOCT":46.0,"I_sc_ref":8.16,"V_oc_ref":33.2,"I_mp_ref":7.52,"V_mp_ref":26.6,"alpha_sc":0.001632,"beta_oc":-0.10955999999999999,"a_ref":1.3195,"I_L_ref":8.186,"I_o_ref":9.32e-11,"R_s":0.35600000000000004,"R_sh_ref":111.21,"Adjust":0.4,"PTC":180.5,"pdc0":200.0,"gamma_pdc":-0.0043,"gamma_r":-0.43}