{"Date":"04.01.2011","Version":"MM107","Technology":"Multi-c-Si","BIPV":"N","A_c":1.588,"N_s":60.0,"T_NOCT":46.0,"I_sc_ref":8.55,"V_oc_ref":36.9,"I_mp_ref":7.89,"V_mp_ref":29.8,"alpha_sc":0.0017100000000000001,"beta_oc":-0.12177,"a_ref":1.4723,"I_L_ref":8.574,"I_o_ref":1.08e-10,"R_s":0.342,"R_sh_ref":121.47,"Adjust":1.2,"PTC":212.6,"pdc0":235.0,"gamma_pdc":-0.0043,"gamma_r":-0.43}