{"Date":"05.05.2011","Version":"MM107","Technology":"Multi-c-Si","BIPV":"N","A_c":1.5859999999999999,"N_s":60.0,"T_NOCT":47.0,"I_sc_ref":8.91,"V_oc_ref":36.9,"I_mp_ref":8.23,"V_mp_ref":29.8,"alpha_sc":0.005346,"beta_oc":-0.11807999999999999,"a_ref":1.5746,"I_L_ref":8.93,"I_o_ref":5.76e-10,"R_s":0.302,"R_sh_ref":136.34,"Adjust":18.5,"PTC":219.1,"pdc0":245.0,"gamma_pdc":-0.0046,"gamma_r":-0.46}