{"Date":"08.01.2012","Version":"NRELv1","Technology":"Multi-c-Si","BIPV":"N","A_c":1.5859999999999999,"N_s":60.0,"T_NOCT":46.0,"I_sc_ref":8.59,"V_oc_ref":36.9,"I_mp_ref":8.06,"V_mp_ref":29.8,"alpha_sc":0.001718,"beta_oc":-0.12177,"a_ref":1.4575,"I_L_ref":8.6,"I_o_ref":8.57e-11,"R_s":0.342,"R_sh_ref":294.4,"Adjust":-0.5920000000000001,"PTC":217.3,"pdc0":240.0,"gamma_pdc":-0.0043,"gamma_r":-0.43}