{"Date":"1/16/2015","Version":"NRELv1","Technology":"Multi-c-Si","BIPV":"N","A_c":1.5859999999999999,"N_s":60.0,"T_NOCT":46.1,"I_sc_ref":9.09,"V_oc_ref":36.9,"I_mp_ref":8.39,"V_mp_ref":29.8,"alpha_sc":0.006236,"beta_oc":-0.13358,"a_ref":1.7127,"I_L_ref":9.105,"I_o_ref":3.9e-09,"R_s":0.263,"R_sh_ref":155.7,"Adjust":22.18,"PTC":220.6,"pdc0":250.0,"gamma_pdc":-0.00536,"gamma_r":-0.536}