{"Date":"08.01.2012","Version":"NRELv1","Technology":"Multi-c-Si","BIPV":"N","A_c":2.194,"N_s":80.0,"T_NOCT":47.6,"I_sc_ref":8.41,"V_oc_ref":49.0,"I_mp_ref":7.83,"V_mp_ref":39.6,"alpha_sc":0.0034479999999999997,"beta_oc":-0.1813,"a_ref":2.1027,"I_L_ref":8.422,"I_o_ref":6.25e-10,"R_s":0.41700000000000004,"R_sh_ref":293.59,"Adjust":3.891,"PTC":274.2,"pdc0":310.0,"gamma_pdc":-0.0048,"gamma_r":-0.48}