{"Date":"08.01.2012","Version":"NRELv1","Technology":"Multi-c-Si","BIPV":"N","A_c":2.194,"N_s":80.0,"T_NOCT":47.6,"I_sc_ref":8.69,"V_oc_ref":49.7,"I_mp_ref":8.07,"V_mp_ref":40.3,"alpha_sc":0.003563,"beta_oc":-0.18389,"a_ref":2.1404,"I_L_ref":8.704,"I_o_ref":7.000000000000001e-10,"R_s":0.389,"R_sh_ref":244.34,"Adjust":4.574,"PTC":287.8,"pdc0":325.0,"gamma_pdc":-0.0048,"gamma_r":-0.48}