{"Date":"08.01.2012","Version":"NRELv1","Technology":"Multi-c-Si","BIPV":"N","A_c":2.194,"N_s":80.0,"T_NOCT":47.6,"I_sc_ref":8.6,"V_oc_ref":49.5,"I_mp_ref":7.99,"V_mp_ref":40.1,"alpha_sc":0.0035259999999999996,"beta_oc":-0.18315,"a_ref":2.13,"I_L_ref":8.613999999999999,"I_o_ref":6.8e-10,"R_s":0.397,"R_sh_ref":252.99,"Adjust":4.4110000000000005,"PTC":283.3,"pdc0":320.0,"gamma_pdc":-0.0048,"gamma_r":-0.48}