{"Date":"03.03.2014","Version":"NRELv1","Technology":"Multi-c-Si","BIPV":"N","A_c":2.126,"N_s":80.0,"T_NOCT":46.3,"I_sc_ref":8.79,"V_oc_ref":49.9,"I_mp_ref":8.15,"V_mp_ref":40.5,"alpha_sc":0.006241,"beta_oc":-0.18084,"a_ref":2.2053,"I_L_ref":8.804,"I_o_ref":1.2800000000000001e-09,"R_s":0.36700000000000005,"R_sh_ref":236.65,"Adjust":11.68,"PTC":295.0,"pdc0":330.0,"gamma_pdc":-0.0047799999999999995,"gamma_r":-0.478}