{"Date":"1/16/2015","Version":"NRELv1","Technology":"Multi-c-Si","BIPV":"N","A_c":2.126,"N_s":80.0,"T_NOCT":46.1,"I_sc_ref":8.79,"V_oc_ref":49.9,"I_mp_ref":8.15,"V_mp_ref":40.5,"alpha_sc":0.0021100000000000003,"beta_oc":-0.1772,"a_ref":2.0808,"I_L_ref":8.807,"I_o_ref":3.3e-10,"R_s":0.39799999999999996,"R_sh_ref":206.55,"Adjust":2.6839999999999997,"PTC":296.2,"pdc0":330.0,"gamma_pdc":-0.00466,"gamma_r":-0.466}