{"Date":"1/16/2015","Version":"NRELv1","Technology":"Multi-c-Si","BIPV":"N","A_c":2.126,"N_s":80.0,"T_NOCT":46.1,"I_sc_ref":8.89,"V_oc_ref":50.1,"I_mp_ref":8.22,"V_mp_ref":40.8,"alpha_sc":0.002134,"beta_oc":-0.17790999999999998,"a_ref":2.0968,"I_L_ref":8.908,"I_o_ref":3.63e-10,"R_s":0.375,"R_sh_ref":180.53,"Adjust":3.391,"PTC":300.8,"pdc0":335.0,"gamma_pdc":-0.00466,"gamma_r":-0.466}