{"Date":"04.02.2014","Version":"NRELv1","Technology":"Multi-c-Si","BIPV":"N","A_c":1.585,"N_s":60.0,"T_NOCT":46.6,"I_sc_ref":8.67,"V_oc_ref":37.6,"I_mp_ref":8.09,"V_mp_ref":30.3,"alpha_sc":0.005705,"beta_oc":-0.12625999999999998,"a_ref":1.6189,"I_L_ref":8.68,"I_o_ref":7.000000000000001e-10,"R_s":0.321,"R_sh_ref":265.61,"Adjust":14.99,"PTC":219.1,"pdc0":245.0,"gamma_pdc":-0.00469,"gamma_r":-0.469}