{"Technology":"Multi-c-Si","BIPV":"N","A_c":1.5859999999999999,"N_s":60.0,"T_NOCT":46.1,"PTC":228.8,"pdc0":255.0,"gamma_pdc":-0.004708}