{"Date":"1/16/2015","Version":"NRELv1","Technology":"Multi-c-Si","BIPV":"N","A_c":1.5859999999999999,"N_s":60.0,"T_NOCT":46.1,"I_sc_ref":8.75,"V_oc_ref":37.8,"I_mp_ref":8.2,"V_mp_ref":30.5,"alpha_sc":0.0060030000000000005,"beta_oc":-0.13684000000000002,"a_ref":1.7369999999999999,"I_L_ref":8.754,"I_o_ref":3.08e-09,"R_s":0.287,"R_sh_ref":649.91,"Adjust":20.14,"PTC":220.6,"pdc0":250.0,"gamma_pdc":-0.00536,"gamma_r":-0.536}