{"Date":"12/23/2014","Version":"NRELv1","Technology":"Multi-c-Si","BIPV":"N","A_c":1.5859999999999999,"N_s":60.0,"T_NOCT":46.6,"I_sc_ref":9.09,"V_oc_ref":38.3,"I_mp_ref":8.39,"V_mp_ref":31.0,"alpha_sc":0.005981,"beta_oc":-0.12861,"a_ref":1.6642,"I_L_ref":9.109,"I_o_ref":8.93e-10,"R_s":0.29100000000000004,"R_sh_ref":138.02,"Adjust":16.89,"PTC":232.9,"pdc0":260.0,"gamma_pdc":-0.00469,"gamma_r":-0.469}