{"Technology":"Multi-c-Si","BIPV":"N","A_c":1.5859999999999999,"N_s":60.0,"T_NOCT":49.8,"PTC":229.7,"pdc0":260.0,"gamma_pdc":-0.00458}