{"Date":"05.01.2014","Version":"NRELv1","Technology":"Multi-c-Si","BIPV":"N","A_c":2.126,"N_s":80.0,"T_NOCT":46.3,"I_sc_ref":8.68,"V_oc_ref":50.0,"I_mp_ref":8.05,"V_mp_ref":40.4,"alpha_sc":0.0061600000000000005,"beta_oc":-0.1812,"a_ref":2.2034,"I_L_ref":8.693999999999999,"I_o_ref":1.19e-09,"R_s":0.39899999999999997,"R_sh_ref":247.98,"Adjust":11.1,"PTC":290.4,"pdc0":325.0,"gamma_pdc":-0.0047799999999999995,"gamma_r":-0.478}