{"Date":"1/16/2015","Version":"NRELv1","Technology":"Multi-c-Si","BIPV":"N","A_c":2.126,"N_s":80.0,"T_NOCT":46.1,"I_sc_ref":8.68,"V_oc_ref":50.0,"I_mp_ref":8.05,"V_mp_ref":40.4,"alpha_sc":0.0020829999999999998,"beta_oc":-0.17755,"a_ref":2.0792,"I_L_ref":8.697000000000001,"I_o_ref":3.05e-10,"R_s":0.431,"R_sh_ref":215.21,"Adjust":2.136,"PTC":291.6,"pdc0":325.0,"gamma_pdc":-0.00466,"gamma_r":-0.466}