{"Date":"05.01.2014","Version":"NRELv1","Technology":"Multi-c-Si","BIPV":"N","A_c":2.126,"N_s":80.0,"T_NOCT":46.3,"I_sc_ref":8.8,"V_oc_ref":50.5,"I_mp_ref":8.2,"V_mp_ref":40.9,"alpha_sc":0.00625,"beta_oc":-0.18300999999999998,"a_ref":2.2221,"I_L_ref":8.81,"I_o_ref":1.1699999999999999e-09,"R_s":0.385,"R_sh_ref":327.89,"Adjust":10.83,"PTC":299.6,"pdc0":335.0,"gamma_pdc":-0.0047799999999999995,"gamma_r":-0.478}