{"Vac":120.0,"Paco":10080.0,"Pdco":10909.5,"Vdco":310.0,"Pso":0.8889100000000001,"C0":-3.18296e-06,"C1":-8.08838e-05,"C2":0.263204,"C3":0.00074183,"Pnt":0.0,"Vdcmax":420.0,"Mppt_low":210.0,"Mppt_high":420.0}