{"Vac":120.0,"Paco":5020.0,"Pdco":5414.17,"Vdco":310.0,"Pso":2.53213,"C0":-6.173969999999999e-06,"C1":-2.44003e-05,"C2":0.067557,"C3":0.0045327,"Pnt":0.0,"Vdcmax":420.0,"Mppt_low":210.0,"Mppt_high":420.0}