{"Date":"05.09.2011","Version":"MM107","Technology":"Mono-c-Si","BIPV":"N","A_c":1.2770000000000001,"N_s":72.0,"T_NOCT":46.0,"I_sc_ref":5.36,"V_oc_ref":44.57,"I_mp_ref":4.7,"V_mp_ref":37.22,"alpha_sc":0.00402,"beta_oc":-0.16714,"a_ref":2.1732,"I_L_ref":5.372000000000001,"I_o_ref":6.06e-09,"R_s":0.204,"R_sh_ref":92.28,"Adjust":27.7,"PTC":154.6,"pdc0":175.0,"gamma_pdc":-0.00517,"gamma_r":-0.517}