{"Date":"05.09.2011","Version":"MM107","Technology":"Mono-c-Si","BIPV":"N","A_c":1.2770000000000001,"N_s":72.0,"T_NOCT":46.0,"I_sc_ref":4.98,"V_oc_ref":44.21,"I_mp_ref":4.63,"V_mp_ref":36.72,"alpha_sc":0.003735,"beta_oc":-0.16579000000000002,"a_ref":2.0618,"I_L_ref":4.984,"I_o_ref":2.38e-09,"R_s":0.322,"R_sh_ref":437.19,"Adjust":18.7,"PTC":150.1,"pdc0":170.0,"gamma_pdc":-0.00517,"gamma_r":-0.517}