{"Date":"05.09.2011","Version":"MM107","Technology":"Mono-c-Si","BIPV":"N","A_c":1.2770000000000001,"N_s":72.0,"T_NOCT":46.8,"I_sc_ref":5.3,"V_oc_ref":45.0,"I_mp_ref":4.87,"V_mp_ref":38.09,"alpha_sc":0.005406,"beta_oc":-0.1638,"a_ref":2.0917,"I_L_ref":5.303,"I_o_ref":2.32e-09,"R_s":0.145,"R_sh_ref":228.17,"Adjust":21.2,"PTC":164.9,"pdc0":185.0,"gamma_pdc":-0.004699999999999999,"gamma_r":-0.47}