{"Date":"08.01.2012","Version":"NRELv1","Technology":"Mono-c-Si","BIPV":"N","A_c":1.2770000000000001,"N_s":72.0,"T_NOCT":47.4,"I_sc_ref":5.3,"V_oc_ref":44.8,"I_mp_ref":5.0,"V_mp_ref":36.0,"alpha_sc":0.0051990000000000005,"beta_oc":-0.23233,"a_ref":2.0313,"I_L_ref":5.357,"I_o_ref":1.4000000000000001e-09,"R_s":0.6,"R_sh_ref":746.55,"Adjust":-18.67,"PTC":160.2,"pdc0":180.0,"gamma_pdc":-0.0046,"gamma_r":-0.46}