{"Date":"08.01.2012","Version":"NRELv1","Technology":"Mono-c-Si","BIPV":"N","A_c":1.642,"N_s":60.0,"T_NOCT":47.0,"I_sc_ref":8.1,"V_oc_ref":36.6,"I_mp_ref":7.34,"V_mp_ref":30.0,"alpha_sc":0.004745,"beta_oc":-0.14169,"a_ref":1.6977,"I_L_ref":8.121,"I_o_ref":3.3399999999999996e-09,"R_s":0.22699999999999998,"R_sh_ref":87.83,"Adjust":13.99,"PTC":193.2,"pdc0":220.0,"gamma_pdc":-0.0051400000000000005,"gamma_r":-0.514}