{"Date":"08.01.2012","Version":"NRELv1","Technology":"Multi-c-Si","BIPV":"N","A_c":1.94,"N_s":72.0,"T_NOCT":46.6,"I_sc_ref":8.2,"V_oc_ref":44.0,"I_mp_ref":7.56,"V_mp_ref":36.37,"alpha_sc":0.006798,"beta_oc":-0.1797,"a_ref":1.9437,"I_L_ref":8.213,"I_o_ref":1.1699999999999999e-09,"R_s":0.25,"R_sh_ref":160.24,"Adjust":-1.273,"PTC":247.3,"pdc0":275.0,"gamma_pdc":-0.004379999999999999,"gamma_r":-0.43799999999999994}