{"Date":"08.01.2012","Version":"NRELv1","Technology":"Mono-c-Si","BIPV":"N","A_c":1.642,"N_s":60.0,"T_NOCT":47.0,"I_sc_ref":8.2,"V_oc_ref":36.8,"I_mp_ref":7.48,"V_mp_ref":30.1,"alpha_sc":0.004804,"beta_oc":-0.14246,"a_ref":1.6969999999999998,"I_L_ref":8.219,"I_o_ref":3e-09,"R_s":0.237,"R_sh_ref":103.84,"Adjust":12.86,"PTC":197.7,"pdc0":225.0,"gamma_pdc":-0.0051400000000000005,"gamma_r":-0.514}