{"Date":"08.01.2012","Version":"NRELv1","Technology":"Multi-c-Si","BIPV":"N","A_c":1.94,"N_s":72.0,"T_NOCT":46.1,"I_sc_ref":8.2,"V_oc_ref":43.6,"I_mp_ref":7.48,"V_mp_ref":36.1,"alpha_sc":0.0068390000000000005,"beta_oc":-0.18452000000000002,"a_ref":1.9961,"I_L_ref":8.215,"I_o_ref":2.5600000000000003e-09,"R_s":0.21899999999999997,"R_sh_ref":118.39,"Adjust":1.57,"PTC":241.7,"pdc0":270.0,"gamma_pdc":-0.0046500000000000005,"gamma_r":-0.465}