{"Date":"01.02.2014","Version":"NRELv1","Technology":"Multi-c-Si","BIPV":"N","A_c":1.2830000000000001,"N_s":48.0,"T_NOCT":46.4,"I_sc_ref":8.32,"V_oc_ref":29.5,"I_mp_ref":7.7,"V_mp_ref":23.5,"alpha_sc":0.005824,"beta_oc":-0.1062,"a_ref":1.2677,"I_L_ref":8.338,"I_o_ref":6.370000000000001e-10,"R_s":0.304,"R_sh_ref":138.88,"Adjust":6.7139999999999995,"PTC":161.1,"pdc0":180.0,"gamma_pdc":-0.0046,"gamma_r":-0.46}