{"Date":"01.02.2014","Version":"NRELv1","Technology":"Multi-c-Si","BIPV":"N","A_c":1.2830000000000001,"N_s":48.0,"T_NOCT":46.4,"I_sc_ref":8.56,"V_oc_ref":30.0,"I_mp_ref":7.92,"V_mp_ref":24.0,"alpha_sc":0.005992,"beta_oc":-0.10800000000000001,"a_ref":1.2928,"I_L_ref":8.578,"I_o_ref":6.98e-10,"R_s":0.285,"R_sh_ref":133.18,"Adjust":7.263999999999999,"PTC":170.3,"pdc0":190.0,"gamma_pdc":-0.0046,"gamma_r":-0.46}