{"Date":"01.02.2014","Version":"NRELv1","Technology":"Multi-c-Si","BIPV":"N","A_c":1.619,"N_s":60.0,"T_NOCT":46.4,"I_sc_ref":7.6,"V_oc_ref":36.0,"I_mp_ref":6.9,"V_mp_ref":29.0,"alpha_sc":0.00532,"beta_oc":-0.1296,"a_ref":1.5765,"I_L_ref":7.627999999999999,"I_o_ref":8.76e-10,"R_s":0.348,"R_sh_ref":93.39,"Adjust":10.39,"PTC":178.4,"pdc0":200.0,"gamma_pdc":-0.0046,"gamma_r":-0.46}