{"Date":"01.02.2014","Version":"NRELv1","Technology":"Multi-c-Si","BIPV":"N","A_c":1.619,"N_s":60.0,"T_NOCT":46.4,"I_sc_ref":7.95,"V_oc_ref":36.0,"I_mp_ref":7.24,"V_mp_ref":29.0,"alpha_sc":0.005565,"beta_oc":-0.1296,"a_ref":1.5734,"I_L_ref":7.977,"I_o_ref":8.790000000000001e-10,"R_s":0.33299999999999996,"R_sh_ref":96.57,"Adjust":10.01,"PTC":187.5,"pdc0":210.0,"gamma_pdc":-0.0046,"gamma_r":-0.46}