{"Date":"01.02.2014","Version":"NRELv1","Technology":"Multi-c-Si","BIPV":"N","A_c":1.619,"N_s":60.0,"T_NOCT":46.4,"I_sc_ref":8.28,"V_oc_ref":36.6,"I_mp_ref":7.7,"V_mp_ref":29.2,"alpha_sc":0.005796,"beta_oc":-0.13176,"a_ref":1.5698,"I_L_ref":8.294,"I_o_ref":6.090000000000001e-10,"R_s":0.37200000000000005,"R_sh_ref":226.48,"Adjust":6.352,"PTC":201.3,"pdc0":225.0,"gamma_pdc":-0.0046,"gamma_r":-0.46}