{"Date":"01.02.2014","Version":"NRELv1","Technology":"Multi-c-Si","BIPV":"N","A_c":1.6340000000000001,"N_s":72.0,"T_NOCT":45.9,"I_sc_ref":8.69,"V_oc_ref":37.5,"I_mp_ref":8.24,"V_mp_ref":29.8,"alpha_sc":0.005214,"beta_oc":-0.13875,"a_ref":1.6128,"I_L_ref":8.782,"I_o_ref":6.97e-10,"R_s":0.373,"R_sh_ref":705.02,"Adjust":4.189,"PTC":219.1,"pdc0":245.0,"gamma_pdc":-0.0048,"gamma_r":-0.48}