{"Date":"01.02.2014","Version":"NRELv1","Technology":"Multi-c-Si","BIPV":"N","A_c":1.624,"N_s":60.0,"T_NOCT":45.9,"I_sc_ref":8.56,"V_oc_ref":37.4,"I_mp_ref":8.11,"V_mp_ref":29.65,"alpha_sc":0.005136,"beta_oc":-0.13838,"a_ref":1.607,"I_L_ref":8.651,"I_o_ref":6.710000000000001e-10,"R_s":0.38799999999999996,"R_sh_ref":634.02,"Adjust":3.998,"PTC":214.6,"pdc0":240.0,"gamma_pdc":-0.0048,"gamma_r":-0.48}