{"Date":"01.02.2014","Version":"NRELv1","Technology":"Multi-c-Si","BIPV":"N","A_c":1.6340000000000001,"N_s":60.0,"T_NOCT":45.9,"I_sc_ref":9.06,"V_oc_ref":37.95,"I_mp_ref":8.61,"V_mp_ref":30.25,"alpha_sc":0.005436,"beta_oc":-0.14042000000000002,"a_ref":1.6331,"I_L_ref":9.152999999999999,"I_o_ref":7.37e-10,"R_s":0.349,"R_sh_ref":1159.77,"Adjust":4.309,"PTC":233.0,"pdc0":260.0,"gamma_pdc":-0.0048,"gamma_r":-0.48}