{"Date":"01.02.2014","Version":"NRELv1","Technology":"Multi-c-Si","BIPV":"N","A_c":1.95,"N_s":72.0,"T_NOCT":45.9,"I_sc_ref":8.59,"V_oc_ref":44.91,"I_mp_ref":8.21,"V_mp_ref":35.99,"alpha_sc":0.005154,"beta_oc":-0.16617,"a_ref":1.9426,"I_L_ref":8.769,"I_o_ref":7.920000000000001e-10,"R_s":0.40399999999999997,"R_sh_ref":523.77,"Adjust":5.306,"PTC":263.9,"pdc0":295.0,"gamma_pdc":-0.0048,"gamma_r":-0.48}