{"Date":"07.06.2011","Version":"MM107","Technology":"Mono-c-Si","BIPV":"N","A_c":1.167,"N_s":72.0,"T_NOCT":45.7,"I_sc_ref":5.5,"V_oc_ref":43.6,"I_mp_ref":4.9,"V_mp_ref":35.71,"alpha_sc":0.0007700000000000001,"beta_oc":-0.14606,"a_ref":1.8333,"I_L_ref":5.526,"I_o_ref":2.39e-10,"R_s":0.484,"R_sh_ref":101.61,"Adjust":10.3,"PTC":157.6,"pdc0":175.0,"gamma_pdc":-0.00456,"gamma_r":-0.456}