{"Date":"05.05.2011","Version":"MM107","Technology":"Multi-c-Si","BIPV":"N","A_c":1.495,"N_s":60.0,"T_NOCT":45.9,"I_sc_ref":7.52,"V_oc_ref":36.6,"I_mp_ref":6.73,"V_mp_ref":29.7,"alpha_sc":0.00203,"beta_oc":-0.11857999999999999,"a_ref":1.5324,"I_L_ref":7.558,"I_o_ref":2.98e-10,"R_s":0.345,"R_sh_ref":67.5,"Adjust":13.0,"PTC":179.8,"pdc0":200.0,"gamma_pdc":-0.00448,"gamma_r":-0.44799999999999995}