{"Date":"05.05.2011","Version":"MM107","Technology":"Multi-c-Si","BIPV":"N","A_c":1.495,"N_s":60.0,"T_NOCT":45.9,"I_sc_ref":8.3,"V_oc_ref":36.9,"I_mp_ref":7.1,"V_mp_ref":30.3,"alpha_sc":0.002241,"beta_oc":-0.11955999999999999,"a_ref":1.6068,"I_L_ref":8.357000000000001,"I_o_ref":7.779999999999999e-10,"R_s":0.244,"R_sh_ref":35.47,"Adjust":21.3,"PTC":193.6,"pdc0":215.0,"gamma_pdc":-0.00448,"gamma_r":-0.44799999999999995}