{"Date":"05.05.2011","Version":"MM107","Technology":"Multi-c-Si","BIPV":"N","A_c":1.495,"N_s":60.0,"T_NOCT":45.9,"I_sc_ref":7.75,"V_oc_ref":36.6,"I_mp_ref":6.83,"V_mp_ref":30.0,"alpha_sc":0.002093,"beta_oc":-0.11857999999999999,"a_ref":1.558,"I_L_ref":7.792000000000001,"I_o_ref":4.4499999999999996e-10,"R_s":0.27899999999999997,"R_sh_ref":52.08,"Adjust":16.5,"PTC":184.4,"pdc0":205.0,"gamma_pdc":-0.00448,"gamma_r":-0.44799999999999995}