{"Date":"05.05.2011","Version":"MM107","Technology":"Multi-c-Si","BIPV":"N","A_c":1.495,"N_s":60.0,"T_NOCT":45.9,"I_sc_ref":8.3,"V_oc_ref":36.9,"I_mp_ref":7.43,"V_mp_ref":30.3,"alpha_sc":0.002241,"beta_oc":-0.11955999999999999,"a_ref":1.5557,"I_L_ref":8.335,"I_o_ref":3.87e-10,"R_s":0.258,"R_sh_ref":61.64,"Adjust":14.5,"PTC":202.9,"pdc0":225.0,"gamma_pdc":-0.00448,"gamma_r":-0.44799999999999995}