{"Date":"07.06.2011","Version":"MM107","Technology":"Multi-c-Si","BIPV":"N","A_c":1.495,"N_s":60.0,"T_NOCT":45.9,"I_sc_ref":7.75,"V_oc_ref":36.6,"I_mp_ref":7.0,"V_mp_ref":30.0,"alpha_sc":0.002093,"beta_oc":-0.11857999999999999,"a_ref":1.5327,"I_L_ref":7.779,"I_o_ref":3.11e-10,"R_s":0.28600000000000003,"R_sh_ref":77.02,"Adjust":13.1,"PTC":189.0,"pdc0":210.0,"gamma_pdc":-0.00448,"gamma_r":-0.44799999999999995}