{"Vac":208.0,"Paco":3000.0,"Pdco":3141.11,"Vdco":325.0,"Pso":18.9721,"C0":-6.902519999999999e-06,"C1":-4.1362799999999996e-05,"C2":-0.000904069,"C3":-0.00213089,"Pnt":0.18,"Vdcmax":360.0,"Mppt_low":100.0,"Mppt_high":360.0}