{"Vac":208.0,"Paco":1550.0,"Pdco":1621.4,"Vdco":325.0,"Pso":24.4544,"C0":-8.88451e-06,"C1":-2.68451e-05,"C2":-0.000150011,"C3":1.96165e-05,"Pnt":0.21,"Vdcmax":360.0,"Mppt_low":100.0,"Mppt_high":360.0}