{"Vac":240.0,"Paco":3990.0,"Pdco":4151.52,"Vdco":325.0,"Pso":29.1663,"C0":-4.54236e-06,"C1":-2.65072e-05,"C2":-0.00037706400000000003,"C3":4.3000299999999996e-05,"Pnt":0.25,"Vdcmax":360.0,"Mppt_low":100.0,"Mppt_high":360.0}