{"Date":"01.02.2014","Version":"NRELv1","Technology":"Multi-c-Si","BIPV":"N","A_c":1.94,"N_s":72.0,"T_NOCT":47.7,"I_sc_ref":8.24,"V_oc_ref":36.8,"I_mp_ref":7.7,"V_mp_ref":29.6,"alpha_sc":0.002373,"beta_oc":-0.08979,"a_ref":1.3173,"I_L_ref":8.259,"I_o_ref":5.93e-12,"R_s":0.41100000000000003,"R_sh_ref":179.52,"Adjust":8.812000000000001,"PTC":205.6,"pdc0":225.0,"gamma_pdc":-0.00343,"gamma_r":-0.34299999999999997}