{"Date":"01.02.2014","Version":"NRELv1","Technology":"Multi-c-Si","BIPV":"N","A_c":1.94,"N_s":72.0,"T_NOCT":47.7,"I_sc_ref":8.3,"V_oc_ref":37.0,"I_mp_ref":7.8,"V_mp_ref":29.8,"alpha_sc":0.0023899999999999998,"beta_oc":-0.09028,"a_ref":1.3217,"I_L_ref":8.312999999999999,"I_o_ref":5.679999999999999e-12,"R_s":0.40399999999999997,"R_sh_ref":249.9,"Adjust":8.332,"PTC":210.2,"pdc0":230.0,"gamma_pdc":-0.00343,"gamma_r":-0.34299999999999997}