{"Date":"01.02.2014","Version":"NRELv1","Technology":"Multi-c-Si","BIPV":"N","A_c":1.94,"N_s":72.0,"T_NOCT":47.7,"I_sc_ref":8.4,"V_oc_ref":37.06,"I_mp_ref":7.86,"V_mp_ref":29.96,"alpha_sc":0.002419,"beta_oc":-0.09043,"a_ref":1.329,"I_L_ref":8.417,"I_o_ref":6.38e-12,"R_s":0.384,"R_sh_ref":186.64,"Adjust":9.277999999999999,"PTC":214.9,"pdc0":235.0,"gamma_pdc":-0.00343,"gamma_r":-0.34299999999999997}