{"Date":"01.02.2014","Version":"NRELv1","Technology":"Multi-c-Si","BIPV":"N","A_c":1.94,"N_s":72.0,"T_NOCT":47.7,"I_sc_ref":8.63,"V_oc_ref":37.68,"I_mp_ref":8.09,"V_mp_ref":30.93,"alpha_sc":0.0024850000000000002,"beta_oc":-0.09194,"a_ref":1.3603,"I_L_ref":8.644,"I_o_ref":7.89e-12,"R_s":0.313,"R_sh_ref":192.84,"Adjust":10.94,"PTC":228.8,"pdc0":250.0,"gamma_pdc":-0.00343,"gamma_r":-0.34299999999999997}