{"Technology":"Mono-c-Si","BIPV":"N","A_c":1.6340000000000001,"N_s":60.0,"T_NOCT":46.7,"PTC":217.5,"pdc0":245.0,"gamma_pdc":-0.004920000000000001}