{"Date":"4/19/2010","Version":"MM107","Technology":"Multi-c-Si","BIPV":"N","A_c":1.3219999999999998,"N_s":48.0,"T_NOCT":45.7,"I_sc_ref":8.38,"V_oc_ref":29.78,"I_mp_ref":7.56,"V_mp_ref":25.6,"alpha_sc":0.0046,"beta_oc":-0.09777000000000001,"a_ref":1.3351,"I_L_ref":8.382,"I_o_ref":1.62e-09,"R_s":0.013999999999999999,"R_sh_ref":57.19,"Adjust":26.4,"PTC":175.4,"pdc0":195.0,"gamma_pdc":-0.0046,"gamma_r":-0.46}