{"Date":"3/30/2010","Version":"MM107","Technology":"Multi-c-Si","BIPV":"N","A_c":1.008,"N_s":36.0,"T_NOCT":45.7,"I_sc_ref":8.06,"V_oc_ref":21.8,"I_mp_ref":7.52,"V_mp_ref":17.32,"alpha_sc":0.004429,"beta_oc":-0.07157000000000001,"a_ref":0.9132,"I_L_ref":8.072000000000001,"I_o_ref":3.4099999999999996e-10,"R_s":0.244,"R_sh_ref":168.56,"Adjust":11.6,"PTC":116.5,"pdc0":130.0,"gamma_pdc":-0.0046,"gamma_r":-0.46}