{"Date":"5/22/2012","Version":"NRELv1","Technology":"Multi-c-Si","BIPV":"N","A_c":1.7730000000000001,"N_s":72.0,"T_NOCT":45.2,"I_sc_ref":8.37,"V_oc_ref":41.08,"I_mp_ref":7.75,"V_mp_ref":32.68,"alpha_sc":0.004732,"beta_oc":-0.13502999999999998,"a_ref":1.7122,"I_L_ref":8.39,"I_o_ref":3.11e-10,"R_s":0.441,"R_sh_ref":184.26,"Adjust":10.47,"PTC":225.8,"pdc0":250.0,"gamma_pdc":-0.00448,"gamma_r":-0.44799999999999995}