{"Date":"5/22/2012","Version":"NRELv1","Technology":"Multi-c-Si","BIPV":"N","A_c":1.7730000000000001,"N_s":72.0,"T_NOCT":45.2,"I_sc_ref":8.35,"V_oc_ref":45.0,"I_mp_ref":7.89,"V_mp_ref":35.5,"alpha_sc":0.004721,"beta_oc":-0.14792,"a_ref":1.8546,"I_L_ref":8.443999999999999,"I_o_ref":2.42e-10,"R_s":0.524,"R_sh_ref":433.47,"Adjust":8.165,"PTC":253.7,"pdc0":280.0,"gamma_pdc":-0.00448,"gamma_r":-0.44799999999999995}