{"Date":"07.09.2010","Version":"MM107","Technology":"2-a-Si","BIPV":"N","A_c":0.728,"N_s":47.0,"T_NOCT":49.1,"I_sc_ref":0.97,"V_oc_ref":79.0,"I_mp_ref":0.79,"V_mp_ref":61.0,"alpha_sc":0.0008730000000000001,"beta_oc":-0.2923,"a_ref":3.0704,"I_L_ref":0.996,"I_o_ref":5.4000000000000004e-12,"R_s":11.015,"R_sh_ref":418.7,"Adjust":-16.2,"PTC":44.3,"pdc0":48.0,"gamma_pdc":-0.0027,"gamma_r":-0.27}