{"Date":"03.01.2011","Version":"MM107","Technology":"2-a-Si","BIPV":"N","A_c":0.7909999999999999,"N_s":47.0,"T_NOCT":49.1,"I_sc_ref":0.96,"V_oc_ref":79.0,"I_mp_ref":0.79,"V_mp_ref":61.0,"alpha_sc":0.0008640000000000001,"beta_oc":-0.2923,"a_ref":3.0463,"I_L_ref":0.9840000000000001,"I_o_ref":4.42e-12,"R_s":11.128,"R_sh_ref":452.46,"Adjust":-17.5,"PTC":44.3,"pdc0":48.0,"gamma_pdc":-0.0027,"gamma_r":-0.27}