{"Date":"03.01.2011","Version":"MM107","Technology":"2-a-Si","BIPV":"N","A_c":0.7909999999999999,"N_s":47.0,"T_NOCT":49.1,"I_sc_ref":0.97,"V_oc_ref":79.0,"I_mp_ref":0.82,"V_mp_ref":61.0,"alpha_sc":0.0008730000000000001,"beta_oc":-0.2923,"a_ref":2.987,"I_L_ref":0.9890000000000001,"I_o_ref":2.76e-12,"R_s":10.985999999999999,"R_sh_ref":547.82,"Adjust":-20.7,"PTC":46.1,"pdc0":50.0,"gamma_pdc":-0.0027,"gamma_r":-0.27}