{"Date":"03.01.2011","Version":"MM107","Technology":"2-a-Si","BIPV":"N","A_c":0.7909999999999999,"N_s":47.0,"T_NOCT":49.1,"I_sc_ref":0.96,"V_oc_ref":79.0,"I_mp_ref":0.77,"V_mp_ref":60.0,"alpha_sc":0.0008640000000000001,"beta_oc":-0.2923,"a_ref":3.0691,"I_L_ref":0.992,"I_o_ref":5.2000000000000005e-12,"R_s":12.712,"R_sh_ref":381.4,"Adjust":-16.4,"PTC":42.4,"pdc0":46.0,"gamma_pdc":-0.0027,"gamma_r":-0.27}