{"Date":"03.01.2011","Version":"MM107","Technology":"2-a-Si","BIPV":"N","A_c":0.7909999999999999,"N_s":47.0,"T_NOCT":49.1,"I_sc_ref":0.93,"V_oc_ref":79.0,"I_mp_ref":0.74,"V_mp_ref":60.0,"alpha_sc":0.000837,"beta_oc":-0.2923,"a_ref":3.0896,"I_L_ref":0.9620000000000001,"I_o_ref":5.9100000000000005e-12,"R_s":13.127,"R_sh_ref":376.49,"Adjust":-15.3,"PTC":40.5,"pdc0":44.0,"gamma_pdc":-0.0027,"gamma_r":-0.27}