{"Date":"08.12.2010","Version":"MM107","Technology":"Multi-c-Si","BIPV":"N","A_c":1.624,"N_s":60.0,"T_NOCT":46.9,"I_sc_ref":7.66,"V_oc_ref":36.24,"I_mp_ref":7.16,"V_mp_ref":30.0,"alpha_sc":0.003447,"beta_oc":-0.10365,"a_ref":1.4964,"I_L_ref":7.667999999999999,"I_o_ref":2.2800000000000001e-10,"R_s":0.244,"R_sh_ref":234.96,"Adjust":24.8,"PTC":192.6,"pdc0":215.0,"gamma_pdc":-0.00439,"gamma_r":-0.439}