{"Date":"08.12.2010","Version":"MM107","Technology":"Multi-c-Si","BIPV":"N","A_c":1.624,"N_s":60.0,"T_NOCT":46.9,"I_sc_ref":7.61,"V_oc_ref":36.18,"I_mp_ref":7.11,"V_mp_ref":29.52,"alpha_sc":0.003425,"beta_oc":-0.10347,"a_ref":1.4822,"I_L_ref":7.62,"I_o_ref":1.8700000000000003e-10,"R_s":0.316,"R_sh_ref":245.43,"Adjust":22.9,"PTC":188.1,"pdc0":210.0,"gamma_pdc":-0.00439,"gamma_r":-0.439}