{"Date":"08.12.2010","Version":"MM107","Technology":"Multi-c-Si","BIPV":"N","A_c":1.624,"N_s":60.0,"T_NOCT":46.9,"I_sc_ref":7.97,"V_oc_ref":36.33,"I_mp_ref":7.46,"V_mp_ref":30.18,"alpha_sc":0.003587,"beta_oc":-0.1039,"a_ref":1.5019,"I_L_ref":7.977,"I_o_ref":2.4500000000000003e-10,"R_s":0.21899999999999997,"R_sh_ref":243.03,"Adjust":25.1,"PTC":201.8,"pdc0":225.0,"gamma_pdc":-0.00439,"gamma_r":-0.439}