{"Date":"08.12.2010","Version":"MM107","Technology":"Mono-c-Si","BIPV":"N","A_c":1.69,"N_s":96.0,"T_NOCT":46.9,"I_sc_ref":4.93,"V_oc_ref":58.84,"I_mp_ref":4.61,"V_mp_ref":48.76,"alpha_sc":0.0032049999999999995,"beta_oc":-0.17945999999999998,"a_ref":2.549,"I_L_ref":4.934,"I_o_ref":4.58e-10,"R_s":0.5479999999999999,"R_sh_ref":699.28,"Adjust":28.0,"PTC":200.1,"pdc0":225.0,"gamma_pdc":-0.00468,"gamma_r":-0.46799999999999997}