{"Date":"08.12.2010","Version":"MM107","Technology":"Mono-c-Si","BIPV":"N","A_c":1.69,"N_s":96.0,"T_NOCT":46.9,"I_sc_ref":5.0,"V_oc_ref":58.94,"I_mp_ref":4.67,"V_mp_ref":49.15,"alpha_sc":0.00325,"beta_oc":-0.17977,"a_ref":2.5641,"I_L_ref":5.004,"I_o_ref":5.11e-10,"R_s":0.46299999999999997,"R_sh_ref":617.84,"Adjust":29.0,"PTC":204.7,"pdc0":230.0,"gamma_pdc":-0.00468,"gamma_r":-0.46799999999999997}