{"Date":"08.12.2010","Version":"MM107","Technology":"Multi-c-Si","BIPV":"N","A_c":1.624,"N_s":60.0,"T_NOCT":46.9,"I_sc_ref":8.11,"V_oc_ref":36.42,"I_mp_ref":7.58,"V_mp_ref":30.36,"alpha_sc":0.00365,"beta_oc":-0.10415999999999999,"a_ref":1.51,"I_L_ref":8.117,"I_o_ref":2.67e-10,"R_s":0.19899999999999998,"R_sh_ref":215.64,"Adjust":25.8,"PTC":206.4,"pdc0":230.0,"gamma_pdc":-0.00439,"gamma_r":-0.439}