{"Date":"08.12.2010","Version":"MM107","Technology":"Mono-c-Si","BIPV":"N","A_c":1.69,"N_s":96.0,"T_NOCT":46.9,"I_sc_ref":5.18,"V_oc_ref":59.76,"I_mp_ref":4.84,"V_mp_ref":50.54,"alpha_sc":0.003367,"beta_oc":-0.18227000000000002,"a_ref":2.6203,"I_L_ref":5.183,"I_o_ref":6.33e-10,"R_s":0.282,"R_sh_ref":582.5,"Adjust":30.9,"PTC":218.4,"pdc0":245.0,"gamma_pdc":-0.00468,"gamma_r":-0.46799999999999997}