{"Date":"08.12.2010","Version":"MM107","Technology":"Mono-c-Si","BIPV":"N","A_c":1.94,"N_s":72.0,"T_NOCT":46.9,"I_sc_ref":7.73,"V_oc_ref":43.85,"I_mp_ref":7.23,"V_mp_ref":35.28,"alpha_sc":0.005025,"beta_oc":-0.13374,"a_ref":1.8678,"I_L_ref":7.7379999999999995,"I_o_ref":4.86e-10,"R_s":0.433,"R_sh_ref":415.39,"Adjust":24.0,"PTC":226.7,"pdc0":255.0,"gamma_pdc":-0.00468,"gamma_r":-0.46799999999999997}