{"Date":"08.12.2010","Version":"MM107","Technology":"Mono-c-Si","BIPV":"N","A_c":1.69,"N_s":96.0,"T_NOCT":46.9,"I_sc_ref":5.26,"V_oc_ref":59.9,"I_mp_ref":4.92,"V_mp_ref":50.78,"alpha_sc":0.0034189999999999997,"beta_oc":-0.1827,"a_ref":2.6286,"I_L_ref":5.2620000000000005,"I_o_ref":6.55e-10,"R_s":0.25,"R_sh_ref":608.43,"Adjust":31.1,"PTC":223.0,"pdc0":250.0,"gamma_pdc":-0.00468,"gamma_r":-0.46799999999999997}