{"Date":"08.12.2010","Version":"MM107","Technology":"Mono-c-Si","BIPV":"N","A_c":1.94,"N_s":72.0,"T_NOCT":46.7,"I_sc_ref":7.91,"V_oc_ref":43.99,"I_mp_ref":7.39,"V_mp_ref":35.86,"alpha_sc":0.005062,"beta_oc":-0.14165,"a_ref":1.8940000000000001,"I_L_ref":7.917999999999999,"I_o_ref":6.38e-10,"R_s":0.349,"R_sh_ref":339.62,"Adjust":19.8,"PTC":236.1,"pdc0":265.0,"gamma_pdc":-0.0046700000000000005,"gamma_r":-0.467}