{"Date":"08.12.2010","Version":"MM107","Technology":"Mono-c-Si","BIPV":"N","A_c":1.94,"N_s":72.0,"T_NOCT":46.7,"I_sc_ref":8.13,"V_oc_ref":44.21,"I_mp_ref":7.6,"V_mp_ref":36.86,"alpha_sc":0.005203,"beta_oc":-0.14236,"a_ref":1.9280000000000002,"I_L_ref":8.136000000000001,"I_o_ref":8.790000000000001e-10,"R_s":0.213,"R_sh_ref":304.94,"Adjust":22.7,"PTC":249.9,"pdc0":280.0,"gamma_pdc":-0.0046700000000000005,"gamma_r":-0.467}