{"Vac":240.0,"Paco":1800.0,"Pdco":1931.86,"Vdco":290.0,"Pso":27.2988,"C0":-1.4143299999999999e-05,"C1":-4.94848e-05,"C2":-6.53205e-05,"C3":-0.000246381,"Pnt":0.14,"Vdcmax":320.0,"Mppt_low":100.0,"Mppt_high":320.0}