{"Vac":208.0,"Paco":1800.0,"Pdco":1927.28,"Vdco":290.0,"Pso":25.2969,"C0":-1.09447e-05,"C1":-5.60774e-05,"C2":-0.0005502980000000001,"C3":-0.00274808,"Pnt":0.26,"Vdcmax":320.0,"Mppt_low":100.0,"Mppt_high":320.0}