{"Vac":208.0,"Paco":2500.0,"Pdco":2719.35,"Vdco":290.0,"Pso":28.8774,"C0":-1.38059e-05,"C1":-6.33283e-05,"C2":-0.0009726310000000001,"C3":-0.0018298,"Pnt":0.32,"Vdcmax":320.0,"Mppt_low":100.0,"Mppt_high":320.0}