{"Vac":240.0,"Paco":2530.0,"Pdco":2637.05,"Vdco":350.0,"Pso":29.0504,"C0":-4.6132e-06,"C1":-2.10059e-05,"C2":0.000221284,"C3":-0.000858901,"Pnt":0.44,"Vdcmax":500.0,"Mppt_low":100.0,"Mppt_high":500.0}