{"Vac":208.0,"Paco":4528.0,"Pdco":4790.24,"Vdco":350.0,"Pso":42.0176,"C0":-6.0632799999999995e-06,"C1":-2.1822e-05,"C2":0.00020239,"C3":0.000425463,"Pnt":0.39,"Vdcmax":500.0,"Mppt_low":100.0,"Mppt_high":500.0}