{"Vac":208.0,"Paco":5084.0,"Pdco":5399.89,"Vdco":350.0,"Pso":43.8852,"C0":-6.3204099999999995e-06,"C1":-2.11677e-05,"C2":0.00035744199999999997,"C3":0.00034888199999999996,"Pnt":0.39,"Vdcmax":500.0,"Mppt_low":100.0,"Mppt_high":500.0}