{"Vac":208.0,"Paco":3330.0,"Pdco":3492.41,"Vdco":350.0,"Pso":31.524,"C0":-5.899780000000001e-06,"C1":-1.86021e-05,"C2":0.000301278,"C3":0.00018360900000000002,"Pnt":0.33,"Vdcmax":500.0,"Mppt_low":100.0,"Mppt_high":500.0}