{"Vac":240.0,"Paco":5140.0,"Pdco":5417.72,"Vdco":350.0,"Pso":41.0906,"C0":-4.622569999999999e-06,"C1":-1.8226500000000002e-05,"C2":0.000119385,"C3":0.000265523,"Pnt":0.51,"Vdcmax":500.0,"Mppt_low":100.0,"Mppt_high":500.0}