{"Vac":240.0,"Paco":3340.0,"Pdco":3487.29,"Vdco":350.0,"Pso":31.4936,"C0":-5.34593e-06,"C1":-1.89484e-05,"C2":0.000279928,"C3":-0.000100084,"Pnt":0.44,"Vdcmax":500.0,"Mppt_low":100.0,"Mppt_high":500.0}