{"Technology":"Multi-c-Si","BIPV":"N","A_c":1.4569999999999999,"N_s":54.0,"T_NOCT":50.5,"PTC":173.1,"pdc0":200.0,"gamma_pdc":-0.00491624}