{"Date":"9/18/2014","Version":"NRELv1","Technology":"Multi-c-Si","BIPV":"N","A_c":1.6269999999999998,"N_s":60.0,"T_NOCT":48.3,"I_sc_ref":8.65,"V_oc_ref":37.8,"I_mp_ref":8.01,"V_mp_ref":31.2,"alpha_sc":0.00346,"beta_oc":-0.11717999999999999,"a_ref":1.5355,"I_L_ref":8.666,"I_o_ref":1.71e-10,"R_s":0.245,"R_sh_ref":134.54,"Adjust":11.6,"PTC":224.4,"pdc0":250.0,"gamma_pdc":-0.0042,"gamma_r":-0.42}