{"Date":"9/18/2014","Version":"NRELv1","Technology":"Multi-c-Si","BIPV":"N","A_c":1.6269999999999998,"N_s":60.0,"T_NOCT":48.3,"I_sc_ref":8.35,"V_oc_ref":37.2,"I_mp_ref":7.74,"V_mp_ref":29.8,"alpha_sc":0.0033399999999999997,"beta_oc":-0.11532,"a_ref":1.4848,"I_L_ref":8.371,"I_o_ref":1.0699999999999999e-10,"R_s":0.387,"R_sh_ref":154.95,"Adjust":7.775,"PTC":206.0,"pdc0":230.0,"gamma_pdc":-0.0042,"gamma_r":-0.42}