{"Date":"9/18/2014","Version":"NRELv1","Technology":"Multi-c-Si","BIPV":"N","A_c":1.6269999999999998,"N_s":60.0,"T_NOCT":48.3,"I_sc_ref":8.42,"V_oc_ref":37.4,"I_mp_ref":7.81,"V_mp_ref":30.1,"alpha_sc":0.003368,"beta_oc":-0.11594000000000002,"a_ref":1.4962,"I_L_ref":8.44,"I_o_ref":1.1400000000000001e-10,"R_s":0.365,"R_sh_ref":156.66,"Adjust":8.27,"PTC":210.6,"pdc0":235.0,"gamma_pdc":-0.0042,"gamma_r":-0.42}