{"Date":"9/18/2014","Version":"NRELv1","Technology":"Multi-c-Si","BIPV":"N","A_c":1.6269999999999998,"N_s":60.0,"T_NOCT":48.3,"I_sc_ref":8.73,"V_oc_ref":37.9,"I_mp_ref":8.06,"V_mp_ref":31.6,"alpha_sc":0.0034920000000000003,"beta_oc":-0.11749000000000001,"a_ref":1.5512,"I_L_ref":8.745,"I_o_ref":2.06e-10,"R_s":0.19699999999999998,"R_sh_ref":118.04,"Adjust":13.24,"PTC":229.1,"pdc0":255.0,"gamma_pdc":-0.0042,"gamma_r":-0.42}