{"Date":"9/18/2014","Version":"NRELv1","Technology":"Multi-c-Si","BIPV":"N","A_c":1.94,"N_s":72.0,"T_NOCT":47.2,"I_sc_ref":8.61,"V_oc_ref":45.4,"I_mp_ref":7.93,"V_mp_ref":37.2,"alpha_sc":0.004305,"beta_oc":-0.14074,"a_ref":1.8413,"I_L_ref":8.631,"I_o_ref":1.6299999999999998e-10,"R_s":0.335,"R_sh_ref":136.55,"Adjust":11.09,"PTC":266.9,"pdc0":295.0,"gamma_pdc":-0.0040999999999999995,"gamma_r":-0.41}