{"Date":"9/18/2014","Version":"NRELv1","Technology":"Multi-c-Si","BIPV":"N","A_c":1.94,"N_s":72.0,"T_NOCT":47.2,"I_sc_ref":8.43,"V_oc_ref":45.0,"I_mp_ref":7.83,"V_mp_ref":36.4,"alpha_sc":0.004215,"beta_oc":-0.1395,"a_ref":1.8030000000000002,"I_L_ref":8.448,"I_o_ref":1.19e-10,"R_s":0.41200000000000003,"R_sh_ref":196.85,"Adjust":8.484,"PTC":257.6,"pdc0":285.0,"gamma_pdc":-0.0040999999999999995,"gamma_r":-0.41}