{"Date":"9/18/2014","Version":"NRELv1","Technology":"Multi-c-Si","BIPV":"N","A_c":1.94,"N_s":72.0,"T_NOCT":47.2,"I_sc_ref":8.96,"V_oc_ref":46.4,"I_mp_ref":8.19,"V_mp_ref":39.1,"alpha_sc":0.00448,"beta_oc":-0.14384,"a_ref":1.9212,"I_L_ref":8.975,"I_o_ref":2.7699999999999997e-10,"R_s":0.17300000000000001,"R_sh_ref":105.11,"Adjust":15.63,"PTC":290.1,"pdc0":320.0,"gamma_pdc":-0.0040999999999999995,"gamma_r":-0.41}