{"Date":"9/18/2014","Version":"NRELv1","Technology":"Multi-c-Si","BIPV":"N","A_c":1.94,"N_s":72.0,"T_NOCT":47.2,"I_sc_ref":8.26,"V_oc_ref":44.6,"I_mp_ref":7.72,"V_mp_ref":35.7,"alpha_sc":0.00413,"beta_oc":-0.13826,"a_ref":1.7703,"I_L_ref":8.273,"I_o_ref":9.299999999999999e-11,"R_s":0.474,"R_sh_ref":296.77,"Adjust":6.5,"PTC":248.3,"pdc0":275.0,"gamma_pdc":-0.0040999999999999995,"gamma_r":-0.41}