{"Date":"1/14/2013","Version":"NRELv1","Technology":"Mono-c-Si","BIPV":"N","A_c":1.663,"N_s":60.0,"T_NOCT":46.1,"I_sc_ref":8.86,"V_oc_ref":37.5,"I_mp_ref":8.32,"V_mp_ref":30.65,"alpha_sc":0.006202,"beta_oc":-0.1335,"a_ref":1.6076,"I_L_ref":8.866,"I_o_ref":6.5e-10,"R_s":0.256,"R_sh_ref":406.78,"Adjust":7.513999999999999,"PTC":229.6,"pdc0":255.0,"gamma_pdc":-0.00451,"gamma_r":-0.451}