{"Date":"01.05.2012","Version":"NRELv1","Technology":"Mono-c-Si","BIPV":"N","A_c":2.5639999999999996,"N_s":96.0,"T_NOCT":48.3,"I_sc_ref":8.86,"V_oc_ref":60.19,"I_mp_ref":8.39,"V_mp_ref":48.28,"alpha_sc":0.000925,"beta_oc":-0.21885,"a_ref":2.4274,"I_L_ref":8.86,"I_o_ref":1.51e-10,"R_s":0.569,"R_sh_ref":24019.8,"Adjust":-5.781000000000001,"PTC":359.4,"pdc0":405.0,"gamma_pdc":-0.00466,"gamma_r":-0.466}