{"Date":"04.02.2013","Version":"NRELv1","Technology":"Mono-c-Si","BIPV":"N","A_c":1.62,"N_s":60.0,"T_NOCT":48.1,"I_sc_ref":8.62,"V_oc_ref":36.67,"I_mp_ref":8.09,"V_mp_ref":29.67,"alpha_sc":0.0043100000000000005,"beta_oc":-0.12615,"a_ref":1.5446,"I_L_ref":8.627,"I_o_ref":4.1799999999999995e-10,"R_s":0.306,"R_sh_ref":396.51,"Adjust":7.857,"PTC":213.2,"pdc0":240.0,"gamma_pdc":-0.0046,"gamma_r":-0.46}