{"Date":"12.01.2009","Version":"MM106","Technology":"Mono-c-Si","BIPV":"N","A_c":1.432,"N_s":80.0,"T_NOCT":47.9,"I_sc_ref":5.49,"V_oc_ref":48.0,"I_mp_ref":5.0,"V_mp_ref":39.0,"alpha_sc":0.006862999999999999,"beta_oc":-0.17856,"a_ref":2.26,"I_L_ref":5.504,"I_o_ref":3.15e-09,"R_s":0.503,"R_sh_ref":202.41,"Adjust":21.0,"PTC":171.7,"pdc0":195.0,"gamma_pdc":-0.00486,"gamma_r":-0.486}