{"Date":"1/14/2013","Version":"NRELv1","Technology":"Multi-c-Si","BIPV":"N","A_c":1.4569999999999999,"N_s":54.0,"T_NOCT":47.0,"I_sc_ref":8.46,"V_oc_ref":33.9,"I_mp_ref":7.97,"V_mp_ref":27.6,"alpha_sc":0.005922,"beta_oc":-0.12068,"a_ref":1.517,"I_L_ref":8.462,"I_o_ref":1.66e-09,"R_s":0.24100000000000002,"R_sh_ref":1350.25,"Adjust":16.47,"PTC":194.4,"pdc0":220.0,"gamma_pdc":-0.00503,"gamma_r":-0.503}