{"Date":"1/14/2013","Version":"NRELv1","Technology":"Multi-c-Si","BIPV":"N","A_c":1.614,"N_s":60.0,"T_NOCT":45.9,"I_sc_ref":8.56,"V_oc_ref":37.8,"I_mp_ref":8.06,"V_mp_ref":31.0,"alpha_sc":0.005992,"beta_oc":-0.13457,"a_ref":1.6377,"I_L_ref":8.562999999999999,"I_o_ref":8.05e-10,"R_s":0.248,"R_sh_ref":651.29,"Adjust":9.699,"PTC":224.8,"pdc0":250.0,"gamma_pdc":-0.00462,"gamma_r":-0.462}