{"Date":"1/14/2013","Version":"NRELv1","Technology":"Multi-c-Si","BIPV":"N","A_c":1.931,"N_s":72.0,"T_NOCT":47.6,"I_sc_ref":7.8,"V_oc_ref":42.7,"I_mp_ref":7.27,"V_mp_ref":33.0,"alpha_sc":0.0054600000000000004,"beta_oc":-0.15200999999999998,"a_ref":1.8304,"I_L_ref":7.81,"I_o_ref":5.71e-10,"R_s":0.626,"R_sh_ref":495.64,"Adjust":7.495,"PTC":211.3,"pdc0":240.0,"gamma_pdc":-0.00483,"gamma_r":-0.483}