{"Date":"1/14/2013","Version":"NRELv1","Technology":"Multi-c-Si","BIPV":"N","A_c":1.4569999999999999,"N_s":54.0,"T_NOCT":47.0,"I_sc_ref":8.2,"V_oc_ref":33.4,"I_mp_ref":7.68,"V_mp_ref":26.7,"alpha_sc":0.0057399999999999994,"beta_oc":-0.1189,"a_ref":1.4886,"I_L_ref":8.205,"I_o_ref":1.4699999999999999e-09,"R_s":0.319,"R_sh_ref":515.86,"Adjust":15.6,"PTC":180.6,"pdc0":205.0,"gamma_pdc":-0.00507,"gamma_r":-0.507}