{"Date":"1/14/2013","Version":"NRELv1","Technology":"Multi-c-Si","BIPV":"N","A_c":1.931,"N_s":72.0,"T_NOCT":46.6,"I_sc_ref":8.41,"V_oc_ref":45.1,"I_mp_ref":7.92,"V_mp_ref":36.6,"alpha_sc":0.005887,"beta_oc":-0.16055999999999998,"a_ref":1.9862,"I_L_ref":8.412,"I_o_ref":1.15e-09,"R_s":0.34700000000000003,"R_sh_ref":1362.4,"Adjust":13.11,"PTC":257.9,"pdc0":290.0,"gamma_pdc":-0.00487,"gamma_r":-0.48700000000000004}