{"Date":"1/14/2013","Version":"NRELv1","Technology":"Multi-c-Si","BIPV":"N","A_c":1.614,"N_s":60.0,"T_NOCT":45.5,"I_sc_ref":7.99,"V_oc_ref":36.1,"I_mp_ref":7.42,"V_mp_ref":28.3,"alpha_sc":0.005593,"beta_oc":-0.12852,"a_ref":1.508,"I_L_ref":8.007,"I_o_ref":3.15e-10,"R_s":0.467,"R_sh_ref":222.2,"Adjust":2.259,"PTC":189.3,"pdc0":210.0,"gamma_pdc":-0.00443,"gamma_r":-0.44299999999999995}