{"Date":"1/14/2013","Version":"NRELv1","Technology":"Multi-c-Si","BIPV":"N","A_c":1.4569999999999999,"N_s":54.0,"T_NOCT":47.0,"I_sc_ref":8.28,"V_oc_ref":33.6,"I_mp_ref":7.76,"V_mp_ref":27.1,"alpha_sc":0.005796,"beta_oc":-0.11962,"a_ref":1.4997,"I_L_ref":8.285,"I_o_ref":1.5299999999999999e-09,"R_s":0.282,"R_sh_ref":482.12,"Adjust":15.91,"PTC":185.3,"pdc0":210.0,"gamma_pdc":-0.00503,"gamma_r":-0.503}