{"Date":"1/14/2013","Version":"NRELv1","Technology":"Multi-c-Si","BIPV":"N","A_c":1.614,"N_s":60.0,"T_NOCT":45.5,"I_sc_ref":8.04,"V_oc_ref":36.5,"I_mp_ref":7.47,"V_mp_ref":28.8,"alpha_sc":0.005628,"beta_oc":-0.12994,"a_ref":1.5303,"I_L_ref":8.056000000000001,"I_o_ref":3.46e-10,"R_s":0.44,"R_sh_ref":221.55,"Adjust":2.9819999999999998,"PTC":193.9,"pdc0":215.0,"gamma_pdc":-0.00443,"gamma_r":-0.44299999999999995}