{"Date":"1/14/2013","Version":"NRELv1","Technology":"Multi-c-Si","BIPV":"N","A_c":1.614,"N_s":60.0,"T_NOCT":45.5,"I_sc_ref":7.89,"V_oc_ref":35.8,"I_mp_ref":7.35,"V_mp_ref":27.9,"alpha_sc":0.005522999999999999,"beta_oc":-0.12745,"a_ref":1.4875,"I_L_ref":7.903,"I_o_ref":2.75e-10,"R_s":0.496,"R_sh_ref":293.05,"Adjust":1.2309999999999999,"PTC":184.7,"pdc0":205.0,"gamma_pdc":-0.00443,"gamma_r":-0.44299999999999995}