{"Date":"1/14/2013","Version":"NRELv1","Technology":"Multi-c-Si","BIPV":"N","A_c":1.614,"N_s":60.0,"T_NOCT":45.9,"I_sc_ref":8.65,"V_oc_ref":37.9,"I_mp_ref":8.15,"V_mp_ref":31.3,"alpha_sc":0.006055,"beta_oc":-0.13492,"a_ref":1.6482,"I_L_ref":8.652999999999999,"I_o_ref":8.87e-10,"R_s":0.214,"R_sh_ref":649.53,"Adjust":10.47,"PTC":229.4,"pdc0":255.0,"gamma_pdc":-0.00462,"gamma_r":-0.462}