{"Date":"1/14/2013","Version":"NRELv1","Technology":"Multi-c-Si","BIPV":"N","A_c":1.4569999999999999,"N_s":54.0,"T_NOCT":47.0,"I_sc_ref":8.54,"V_oc_ref":34.0,"I_mp_ref":8.04,"V_mp_ref":28.0,"alpha_sc":0.005978,"beta_oc":-0.12104000000000001,"a_ref":1.5325,"I_L_ref":8.542,"I_o_ref":1.9699999999999996e-09,"R_s":0.192,"R_sh_ref":768.95,"Adjust":18.01,"PTC":199.0,"pdc0":225.0,"gamma_pdc":-0.00503,"gamma_r":-0.503}