{"Date":"1/14/2013","Version":"NRELv1","Technology":"Multi-c-Si","BIPV":"N","A_c":1.931,"N_s":72.0,"T_NOCT":46.6,"I_sc_ref":8.48,"V_oc_ref":45.2,"I_mp_ref":7.99,"V_mp_ref":36.9,"alpha_sc":0.005936,"beta_oc":-0.16091,"a_ref":1.9971,"I_L_ref":8.482000000000001,"I_o_ref":1.25e-09,"R_s":0.313,"R_sh_ref":1327.74,"Adjust":13.79,"PTC":262.5,"pdc0":295.0,"gamma_pdc":-0.00487,"gamma_r":-0.48700000000000004}