{"Date":"1/14/2013","Version":"NRELv1","Technology":"Multi-c-Si","BIPV":"N","A_c":1.614,"N_s":60.0,"T_NOCT":46.3,"I_sc_ref":8.47,"V_oc_ref":37.7,"I_mp_ref":7.98,"V_mp_ref":30.7,"alpha_sc":0.005929,"beta_oc":-0.13421,"a_ref":1.7538,"I_L_ref":8.47,"I_o_ref":3.91e-09,"R_s":0.25,"R_sh_ref":11672.2,"Adjust":24.92,"PTC":215.0,"pdc0":245.0,"gamma_pdc":-0.00548,"gamma_r":-0.5479999999999999}