{"Date":"1/14/2013","Version":"NRELv1","Technology":"Multi-c-Si","BIPV":"N","A_c":1.931,"N_s":72.0,"T_NOCT":47.6,"I_sc_ref":7.92,"V_oc_ref":43.2,"I_mp_ref":7.39,"V_mp_ref":33.8,"alpha_sc":0.0055439999999999994,"beta_oc":-0.15379,"a_ref":1.8646,"I_L_ref":7.928999999999999,"I_o_ref":6.8e-10,"R_s":0.557,"R_sh_ref":480.59,"Adjust":8.894,"PTC":220.4,"pdc0":250.0,"gamma_pdc":-0.00483,"gamma_r":-0.483}