{"Date":"1/14/2013","Version":"NRELv1","Technology":"Multi-c-Si","BIPV":"N","A_c":1.614,"N_s":60.0,"T_NOCT":45.9,"I_sc_ref":8.75,"V_oc_ref":38.0,"I_mp_ref":8.24,"V_mp_ref":31.6,"alpha_sc":0.006125,"beta_oc":-0.13527999999999998,"a_ref":1.6598,"I_L_ref":8.753,"I_o_ref":9.9e-10,"R_s":0.18100000000000002,"R_sh_ref":535.42,"Adjust":11.37,"PTC":234.1,"pdc0":260.0,"gamma_pdc":-0.00462,"gamma_r":-0.462}