{"Date":"1/14/2013","Version":"NRELv1","Technology":"Multi-c-Si","BIPV":"N","A_c":1.614,"N_s":60.0,"T_NOCT":46.3,"I_sc_ref":8.4,"V_oc_ref":37.5,"I_mp_ref":7.91,"V_mp_ref":30.3,"alpha_sc":0.00588,"beta_oc":-0.1335,"a_ref":1.7467,"I_L_ref":8.491,"I_o_ref":3.97e-09,"R_s":0.282,"R_sh_ref":347.09,"Adjust":25.11,"PTC":210.5,"pdc0":240.0,"gamma_pdc":-0.00548,"gamma_r":-0.5479999999999999}