{"Date":"1/14/2013","Version":"NRELv1","Technology":"Multi-c-Si","BIPV":"N","A_c":1.931,"N_s":72.0,"T_NOCT":46.6,"I_sc_ref":8.15,"V_oc_ref":44.4,"I_mp_ref":7.64,"V_mp_ref":35.4,"alpha_sc":0.005705,"beta_oc":-0.15805999999999998,"a_ref":1.94,"I_L_ref":8.155,"I_o_ref":9.31e-10,"R_s":0.45,"R_sh_ref":719.03,"Adjust":11.45,"PTC":239.6,"pdc0":270.0,"gamma_pdc":-0.00487,"gamma_r":-0.48700000000000004}