{"Date":"1/14/2013","Version":"NRELv1","Technology":"Multi-c-Si","BIPV":"N","A_c":1.614,"N_s":60.0,"T_NOCT":46.3,"I_sc_ref":8.15,"V_oc_ref":37.0,"I_mp_ref":7.63,"V_mp_ref":29.5,"alpha_sc":0.005705,"beta_oc":-0.13172,"a_ref":1.6093,"I_L_ref":8.157,"I_o_ref":8.359999999999999e-10,"R_s":0.37799999999999995,"R_sh_ref":471.58,"Adjust":10.48,"PTC":200.3,"pdc0":225.0,"gamma_pdc":-0.00481,"gamma_r":-0.48100000000000004}