{"Vac":208.0,"Paco":3810.0,"Pdco":3956.52,"Vdco":360.0,"Pso":18.233,"C0":-4.99831e-06,"C1":-2.61071e-05,"C2":0.000633221,"C3":-0.00179845,"Pnt":0.77,"Vdcmax":500.0,"Mppt_low":100.0,"Mppt_high":500.0}