{"Vac":240.0,"Paco":3810.0,"Pdco":3940.14,"Vdco":370.0,"Pso":19.0124,"C0":-4.4699e-06,"C1":-2.53821e-05,"C2":0.000769713,"C3":-0.00174901,"Pnt":0.9,"Vdcmax":500.0,"Mppt_low":100.0,"Mppt_high":500.0}