{"Vac":240.0,"Paco":2010.0,"Pdco":2071.67,"Vdco":375.0,"Pso":16.0747,"C0":-4.51351e-06,"C1":-1.16752e-05,"C2":0.000397361,"C3":-0.00202438,"Pnt":0.97,"Vdcmax":490.0,"Mppt_low":100.0,"Mppt_high":490.0}