{"Vac":240.0,"Paco":4400.0,"Pdco":4559.47,"Vdco":370.0,"Pso":18.8042,"C0":-4.32272e-06,"C1":-3.13477e-05,"C2":0.000538714,"C3":-0.00211641,"Pnt":0.97,"Vdcmax":500.0,"Mppt_low":100.0,"Mppt_high":500.0}