{"Date":"12.01.2011","Version":"NRELv1","Technology":"Mono-c-Si","BIPV":"N","A_c":1.6369999999999998,"N_s":60.0,"T_NOCT":45.8,"I_sc_ref":8.66,"V_oc_ref":37.32,"I_mp_ref":7.87,"V_mp_ref":30.48,"alpha_sc":0.006634,"beta_oc":-0.16193,"a_ref":1.6844,"I_L_ref":8.684,"I_o_ref":1.9699999999999996e-09,"R_s":0.244,"R_sh_ref":87.78,"Adjust":-3.418,"PTC":215.6,"pdc0":240.0,"gamma_pdc":-0.00461,"gamma_r":-0.461}