{"Date":"12.01.2011","Version":"NRELv1","Technology":"Multi-c-Si","BIPV":"N","A_c":1.9409999999999998,"N_s":72.0,"T_NOCT":46.2,"I_sc_ref":8.27,"V_oc_ref":45.36,"I_mp_ref":7.86,"V_mp_ref":38.16,"alpha_sc":0.006335,"beta_oc":-0.19682,"a_ref":2.0008,"I_L_ref":8.355,"I_o_ref":1.18e-09,"R_s":0.159,"R_sh_ref":541.39,"Adjust":-7.172000000000001,"PTC":270.6,"pdc0":300.0,"gamma_pdc":-0.00442,"gamma_r":-0.442}