{"Date":"12.01.2011","Version":"NRELv1","Technology":"Multi-c-Si","BIPV":"N","A_c":1.6369999999999998,"N_s":60.0,"T_NOCT":46.2,"I_sc_ref":8.14,"V_oc_ref":37.44,"I_mp_ref":7.65,"V_mp_ref":31.38,"alpha_sc":0.006235,"beta_oc":-0.16245,"a_ref":1.6504,"I_L_ref":8.142999999999999,"I_o_ref":1.13e-09,"R_s":0.152,"R_sh_ref":410.73,"Adjust":-7.3,"PTC":216.2,"pdc0":240.0,"gamma_pdc":-0.00442,"gamma_r":-0.442}