{"Date":"12.01.2011","Version":"NRELv1","Technology":"Mono-c-Si","BIPV":"N","A_c":1.9409999999999998,"N_s":72.0,"T_NOCT":45.8,"I_sc_ref":8.67,"V_oc_ref":44.96,"I_mp_ref":8.0,"V_mp_ref":36.86,"alpha_sc":0.006640999999999999,"beta_oc":-0.19508,"a_ref":2.0133,"I_L_ref":8.684,"I_o_ref":1.6899999999999997e-09,"R_s":0.27699999999999997,"R_sh_ref":169.01,"Adjust":-4.688,"PTC":265.3,"pdc0":295.0,"gamma_pdc":-0.00461,"gamma_r":-0.461}