{"Date":"12.01.2011","Version":"NRELv1","Technology":"Multi-c-Si","BIPV":"N","A_c":1.9409999999999998,"N_s":72.0,"T_NOCT":46.2,"I_sc_ref":8.1,"V_oc_ref":44.71,"I_mp_ref":7.61,"V_mp_ref":37.44,"alpha_sc":0.006205,"beta_oc":-0.19399999999999998,"a_ref":1.9702,"I_L_ref":8.103,"I_o_ref":1.1199999999999999e-09,"R_s":0.187,"R_sh_ref":479.99,"Adjust":-7.361000000000001,"PTC":256.7,"pdc0":285.0,"gamma_pdc":-0.00442,"gamma_r":-0.442}