{"Date":"10/20/2009","Version":"MM106","Technology":"Mono-c-Si","BIPV":"N","A_c":1.5,"N_s":54.0,"T_NOCT":47.8,"I_sc_ref":8.15,"V_oc_ref":32.6,"I_mp_ref":7.48,"V_mp_ref":25.97,"alpha_sc":0.0070090000000000005,"beta_oc":-0.09389,"a_ref":1.3553,"I_L_ref":8.177999999999999,"I_o_ref":2.82e-10,"R_s":0.35600000000000004,"R_sh_ref":103.74,"Adjust":25.0,"PTC":174.5,"pdc0":195.0,"gamma_pdc":-0.00425,"gamma_r":-0.425}