{"Date":"03.10.2011","Version":"MM107","Technology":"Mono-c-Si","BIPV":"N","A_c":1.95,"N_s":72.0,"T_NOCT":46.2,"I_sc_ref":8.66,"V_oc_ref":45.43,"I_mp_ref":8.22,"V_mp_ref":37.8,"alpha_sc":0.004728,"beta_oc":-0.15632000000000001,"a_ref":1.9352,"I_L_ref":8.663,"I_o_ref":5.530000000000001e-10,"R_s":0.228,"R_sh_ref":100000.0,"Adjust":10.0,"PTC":269.7,"pdc0":300.0,"gamma_pdc":-0.00457,"gamma_r":-0.457}