{"Date":"03.10.2011","Version":"MM107","Technology":"Mono-c-Si","BIPV":"N","A_c":1.95,"N_s":72.0,"T_NOCT":46.2,"I_sc_ref":8.72,"V_oc_ref":45.5,"I_mp_ref":8.34,"V_mp_ref":37.87,"alpha_sc":0.004761,"beta_oc":-0.15657000000000001,"a_ref":1.9382,"I_L_ref":8.789,"I_o_ref":5.6e-10,"R_s":0.22399999999999998,"R_sh_ref":100000.0,"Adjust":10.0,"PTC":274.3,"pdc0":305.0,"gamma_pdc":-0.00457,"gamma_r":-0.457}