{"Technology":"Mono-c-Si","BIPV":"N","A_c":1.6269999999999998,"N_s":60.0,"T_NOCT":45.5,"PTC":236.2,"pdc0":260.0,"gamma_pdc":-0.0043230000000000005}