{"Date":"10/20/2009","Version":"MM106","Technology":"Multi-c-Si","BIPV":"N","A_c":1.5,"N_s":54.0,"T_NOCT":49.1,"I_sc_ref":7.86,"V_oc_ref":33.11,"I_mp_ref":7.43,"V_mp_ref":26.06,"alpha_sc":0.009668000000000001,"beta_oc":-0.09801,"a_ref":1.3898,"I_L_ref":7.879,"I_o_ref":3.5499999999999996e-10,"R_s":0.413,"R_sh_ref":100000.0,"Adjust":23.7,"PTC":173.1,"pdc0":195.0,"gamma_pdc":-0.0042899999999999995,"gamma_r":-0.429}