{"Date":"10/20/2009","Version":"MM106","Technology":"Multi-c-Si","BIPV":"N","A_c":1.5,"N_s":54.0,"T_NOCT":49.1,"I_sc_ref":7.79,"V_oc_ref":32.89,"I_mp_ref":7.33,"V_mp_ref":25.76,"alpha_sc":0.009581999999999999,"beta_oc":-0.09735,"a_ref":1.3789,"I_L_ref":7.792000000000001,"I_o_ref":3.4e-10,"R_s":0.435,"R_sh_ref":1994.11,"Adjust":23.4,"PTC":168.6,"pdc0":190.0,"gamma_pdc":-0.0042899999999999995,"gamma_r":-0.429}