{"Date":"10/20/2009","Version":"MM106","Technology":"Multi-c-Si","BIPV":"N","A_c":1.659,"N_s":60.0,"T_NOCT":49.1,"I_sc_ref":7.79,"V_oc_ref":36.55,"I_mp_ref":7.33,"V_mp_ref":28.62,"alpha_sc":0.009581999999999999,"beta_oc":-0.10819000000000001,"a_ref":1.5317,"I_L_ref":7.792000000000001,"I_o_ref":3.37e-10,"R_s":0.485,"R_sh_ref":2231.39,"Adjust":23.3,"PTC":186.3,"pdc0":210.0,"gamma_pdc":-0.0042899999999999995,"gamma_r":-0.429}