{"Date":"10.01.2014","Version":"NRELv1","Technology":"Multi-c-Si","BIPV":"N","A_c":1.6369999999999998,"N_s":60.0,"T_NOCT":45.8,"I_sc_ref":8.63,"V_oc_ref":38.12,"I_mp_ref":8.15,"V_mp_ref":30.69,"alpha_sc":0.005419,"beta_oc":-0.12667,"a_ref":1.5702,"I_L_ref":8.632,"I_o_ref":2.46e-10,"R_s":0.34700000000000003,"R_sh_ref":1395.05,"Adjust":6.835,"PTC":226.4,"pdc0":250.0,"gamma_pdc":-0.00434,"gamma_r":-0.434}