{"Date":"10.01.2014","Version":"NRELv1","Technology":"Multi-c-Si","BIPV":"N","A_c":1.6369999999999998,"N_s":60.0,"T_NOCT":45.8,"I_sc_ref":8.68,"V_oc_ref":38.32,"I_mp_ref":8.23,"V_mp_ref":30.99,"alpha_sc":0.00545,"beta_oc":-0.12734,"a_ref":1.5869,"I_L_ref":8.774,"I_o_ref":2.83e-10,"R_s":0.32299999999999995,"R_sh_ref":385.53,"Adjust":7.9270000000000005,"PTC":231.0,"pdc0":255.0,"gamma_pdc":-0.00434,"gamma_r":-0.434}