{"Date":"03.10.2011","Version":"MM107","Technology":"Multi-c-Si","BIPV":"N","A_c":1.95,"N_s":72.0,"T_NOCT":46.5,"I_sc_ref":8.5,"V_oc_ref":44.93,"I_mp_ref":7.98,"V_mp_ref":37.3,"alpha_sc":0.005236,"beta_oc":-0.15155,"a_ref":1.9491,"I_L_ref":8.505,"I_o_ref":8.19e-10,"R_s":0.233,"R_sh_ref":434.01,"Adjust":16.0,"PTC":254.8,"pdc0":285.0,"gamma_pdc":-0.0046500000000000005,"gamma_r":-0.465}