{"Date":"10.01.2014","Version":"NRELv1","Technology":"Multi-c-Si","BIPV":"N","A_c":1.946,"N_s":72.0,"T_NOCT":46.3,"I_sc_ref":8.91,"V_oc_ref":46.81,"I_mp_ref":8.36,"V_mp_ref":37.7,"alpha_sc":0.005104999999999999,"beta_oc":-0.15461,"a_ref":1.923,"I_L_ref":8.918,"I_o_ref":2.36e-10,"R_s":0.413,"R_sh_ref":441.19,"Adjust":6.946000000000001,"PTC":285.1,"pdc0":315.0,"gamma_pdc":-0.004320000000000001,"gamma_r":-0.43200000000000005}