{"Date":"10.01.2014","Version":"NRELv1","Technology":"Multi-c-Si","BIPV":"N","A_c":1.946,"N_s":72.0,"T_NOCT":46.3,"I_sc_ref":8.84,"V_oc_ref":46.38,"I_mp_ref":8.24,"V_mp_ref":37.18,"alpha_sc":0.005065,"beta_oc":-0.15319000000000002,"a_ref":1.9073,"I_L_ref":8.855,"I_o_ref":2.39e-10,"R_s":0.43700000000000006,"R_sh_ref":265.3,"Adjust":7.122000000000001,"PTC":275.8,"pdc0":305.0,"gamma_pdc":-0.004320000000000001,"gamma_r":-0.43200000000000005}