{"Date":"10.01.2014","Version":"NRELv1","Technology":"Multi-c-Si","BIPV":"N","A_c":1.946,"N_s":72.0,"T_NOCT":46.3,"I_sc_ref":8.52,"V_oc_ref":45.09,"I_mp_ref":7.95,"V_mp_ref":35.94,"alpha_sc":0.004882,"beta_oc":-0.14893,"a_ref":1.847,"I_L_ref":8.533999999999999,"I_o_ref":2.1000000000000002e-10,"R_s":0.47100000000000003,"R_sh_ref":297.05,"Adjust":6.314,"PTC":257.2,"pdc0":285.0,"gamma_pdc":-0.004320000000000001,"gamma_r":-0.43200000000000005}