{"Date":"10.01.2014","Version":"NRELv1","Technology":"Multi-c-Si","BIPV":"N","A_c":1.946,"N_s":72.0,"T_NOCT":46.3,"I_sc_ref":8.68,"V_oc_ref":45.73,"I_mp_ref":8.09,"V_mp_ref":36.56,"alpha_sc":0.004974,"beta_oc":-0.15105,"a_ref":1.8777,"I_L_ref":8.695,"I_o_ref":2.26e-10,"R_s":0.45299999999999996,"R_sh_ref":268.5,"Adjust":6.806,"PTC":266.5,"pdc0":295.0,"gamma_pdc":-0.004320000000000001,"gamma_r":-0.43200000000000005}