{"Date":"10.01.2014","Version":"NRELv1","Technology":"Multi-c-Si","BIPV":"N","A_c":1.946,"N_s":72.0,"T_NOCT":46.3,"I_sc_ref":8.63,"V_oc_ref":45.74,"I_mp_ref":8.15,"V_mp_ref":36.83,"alpha_sc":0.004945000000000001,"beta_oc":-0.15108,"a_ref":1.8719999999999999,"I_L_ref":8.632,"I_o_ref":2.1000000000000002e-10,"R_s":0.418,"R_sh_ref":1478.62,"Adjust":6.2010000000000005,"PTC":271.1,"pdc0":300.0,"gamma_pdc":-0.004320000000000001,"gamma_r":-0.43200000000000005}