{"Technology":"Mono-c-Si","BIPV":"N","A_c":1.6369999999999998,"N_s":60.0,"T_NOCT":47.0,"PTC":226.7,"pdc0":255.0,"gamma_pdc":-0.004852}