{"Technology":"Multi-c-Si","BIPV":"N","A_c":1.6369999999999998,"N_s":60.0,"T_NOCT":51.0,"PTC":231.5,"pdc0":265.0,"gamma_pdc":-0.004721}