{"Date":"5/22/2012","Version":"NRELv1","Technology":"Mono-c-Si","BIPV":"N","A_c":1.296,"N_s":48.0,"T_NOCT":46.2,"I_sc_ref":9.01,"V_oc_ref":29.87,"I_mp_ref":8.42,"V_mp_ref":24.33,"alpha_sc":0.006812,"beta_oc":-0.121,"a_ref":1.2825,"I_L_ref":9.019,"I_o_ref":6.809999999999999e-10,"R_s":0.21100000000000002,"R_sh_ref":206.24,"Adjust":-5.434,"PTC":185.3,"pdc0":205.0,"gamma_pdc":-0.00436,"gamma_r":-0.436}