{"Date":"5/22/2012","Version":"NRELv1","Technology":"Mono-c-Si","BIPV":"N","A_c":1.626,"N_s":60.0,"T_NOCT":46.2,"I_sc_ref":8.58,"V_oc_ref":37.05,"I_mp_ref":7.93,"V_mp_ref":29.63,"alpha_sc":0.006486,"beta_oc":-0.15009,"a_ref":1.5835,"I_L_ref":8.6,"I_o_ref":5.76e-10,"R_s":0.35600000000000004,"R_sh_ref":153.17,"Adjust":-6.313,"PTC":212.0,"pdc0":235.0,"gamma_pdc":-0.00436,"gamma_r":-0.436}