{"Date":"5/22/2012","Version":"NRELv1","Technology":"Mono-c-Si","BIPV":"N","A_c":1.262,"N_s":72.0,"T_NOCT":47.3,"I_sc_ref":5.37,"V_oc_ref":44.7,"I_mp_ref":4.99,"V_mp_ref":36.1,"alpha_sc":0.0038659999999999996,"beta_oc":-0.17303,"a_ref":1.923,"I_L_ref":5.379,"I_o_ref":4.23e-10,"R_s":0.6,"R_sh_ref":376.52,"Adjust":-0.6207,"PTC":160.9,"pdc0":180.0,"gamma_pdc":-0.00447,"gamma_r":-0.447}