{"Date":"5/22/2012","Version":"NRELv1","Technology":"Mono-c-Si","BIPV":"N","A_c":1.262,"N_s":72.0,"T_NOCT":47.3,"I_sc_ref":5.3,"V_oc_ref":44.3,"I_mp_ref":4.89,"V_mp_ref":35.8,"alpha_sc":0.0038159999999999995,"beta_oc":-0.17149,"a_ref":1.9151,"I_L_ref":5.312,"I_o_ref":4.63e-10,"R_s":0.595,"R_sh_ref":268.5,"Adjust":0.2388,"PTC":156.3,"pdc0":175.0,"gamma_pdc":-0.00447,"gamma_r":-0.447}