{"Date":"5/22/2012","Version":"NRELv1","Technology":"Mono-c-Si","BIPV":"N","A_c":1.6780000000000002,"N_s":96.0,"T_NOCT":47.3,"I_sc_ref":5.79,"V_oc_ref":59.52,"I_mp_ref":5.36,"V_mp_ref":48.48,"alpha_sc":0.004169,"beta_oc":-0.2304,"a_ref":2.5802,"I_L_ref":5.8,"I_o_ref":5.41e-10,"R_s":0.648,"R_sh_ref":371.75,"Adjust":0.7836,"PTC":233.0,"pdc0":260.0,"gamma_pdc":-0.00447,"gamma_r":-0.447}