{"Date":"10.01.2012","Version":"NRELv1","Technology":"Mono-c-Si","BIPV":"N","A_c":1.597,"N_s":60.0,"T_NOCT":46.4,"I_sc_ref":8.39,"V_oc_ref":36.9,"I_mp_ref":7.78,"V_mp_ref":29.3,"alpha_sc":0.0035409999999999994,"beta_oc":-0.12845,"a_ref":1.5608,"I_L_ref":8.408,"I_o_ref":4.44e-10,"R_s":0.396,"R_sh_ref":187.31,"Adjust":7.457999999999999,"PTC":203.4,"pdc0":228.0,"gamma_pdc":-0.00475,"gamma_r":-0.475}