{"Date":"07.09.2010","Version":"MM107","Technology":"Mono-c-Si","BIPV":"N","A_c":1.278,"N_s":72.0,"T_NOCT":44.7,"I_sc_ref":5.6,"V_oc_ref":44.9,"I_mp_ref":5.18,"V_mp_ref":36.6,"alpha_sc":0.002016,"beta_oc":-0.18095,"a_ref":1.8793,"I_L_ref":5.611000000000001,"I_o_ref":2.29e-10,"R_s":0.526,"R_sh_ref":260.13,"Adjust":-9.2,"PTC":172.3,"pdc0":190.0,"gamma_pdc":-0.00448,"gamma_r":-0.44799999999999995}