{"Date":"07.09.2010","Version":"MM107","Technology":"Multi-c-Si","BIPV":"N","A_c":1.3,"N_s":48.0,"T_NOCT":49.1,"I_sc_ref":7.51,"V_oc_ref":28.9,"I_mp_ref":6.92,"V_mp_ref":23.1,"alpha_sc":0.009762999999999999,"beta_oc":-0.10693,"a_ref":1.2868,"I_L_ref":7.528,"I_o_ref":1.29e-09,"R_s":0.305,"R_sh_ref":130.45,"Adjust":10.0,"PTC":141.7,"pdc0":160.0,"gamma_pdc":-0.00434,"gamma_r":-0.434}