{"Date":"10.05.2009","Version":"MM106","Technology":"Mono-c-Si","BIPV":"N","A_c":1.675,"N_s":96.0,"T_NOCT":48.1,"I_sc_ref":5.0,"V_oc_ref":59.1,"I_mp_ref":4.59,"V_mp_ref":47.9,"alpha_sc":0.00207,"beta_oc":-0.23605,"a_ref":2.6557,"I_L_ref":5.012,"I_o_ref":1.0499999999999999e-09,"R_s":0.764,"R_sh_ref":331.77,"Adjust":4.5,"PTC":191.8,"pdc0":220.0,"gamma_pdc":-0.00512,"gamma_r":-0.512}