{"Date":"10.05.2009","Version":"MM106","Technology":"Mono-c-Si","BIPV":"N","A_c":1.675,"N_s":96.0,"T_NOCT":48.1,"I_sc_ref":4.89,"V_oc_ref":59.1,"I_mp_ref":4.48,"V_mp_ref":47.9,"alpha_sc":0.0020239999999999998,"beta_oc":-0.23605,"a_ref":2.6601,"I_L_ref":4.902,"I_o_ref":1.06e-09,"R_s":0.779,"R_sh_ref":317.13,"Adjust":4.8,"PTC":187.3,"pdc0":215.0,"gamma_pdc":-0.00512,"gamma_r":-0.512}