{"Date":"10.05.2009","Version":"MM106","Technology":"Mono-c-Si","BIPV":"N","A_c":1.675,"N_s":96.0,"T_NOCT":48.1,"I_sc_ref":4.77,"V_oc_ref":59.1,"I_mp_ref":4.38,"V_mp_ref":47.9,"alpha_sc":0.001975,"beta_oc":-0.23605,"a_ref":2.6557,"I_L_ref":4.781000000000001,"I_o_ref":9.98e-10,"R_s":0.8,"R_sh_ref":351.07,"Adjust":4.5,"PTC":182.8,"pdc0":210.0,"gamma_pdc":-0.00512,"gamma_r":-0.512}