{"Date":"04.02.2013","Version":"NRELv1","Technology":"Mono-c-Si","BIPV":"N","A_c":1.594,"N_s":60.0,"T_NOCT":48.9,"I_sc_ref":8.86,"V_oc_ref":37.9,"I_mp_ref":8.27,"V_mp_ref":30.9,"alpha_sc":0.004873,"beta_oc":-0.13265,"a_ref":1.6023,"I_L_ref":8.871,"I_o_ref":4.65e-10,"R_s":0.275,"R_sh_ref":229.23,"Adjust":6.64,"PTC":226.7,"pdc0":255.0,"gamma_pdc":-0.0045000000000000005,"gamma_r":-0.45}