{"Date":"04.02.2013","Version":"NRELv1","Technology":"Mono-c-Si","BIPV":"N","A_c":1.594,"N_s":60.0,"T_NOCT":48.0,"I_sc_ref":8.86,"V_oc_ref":37.9,"I_mp_ref":8.27,"V_mp_ref":30.9,"alpha_sc":0.0038979999999999996,"beta_oc":-0.12772,"a_ref":1.5805,"I_L_ref":8.871,"I_o_ref":3.3500000000000003e-10,"R_s":0.28,"R_sh_ref":219.76,"Adjust":8.035,"PTC":227.8,"pdc0":255.0,"gamma_pdc":-0.00449,"gamma_r":-0.449}