{"Date":"05.05.2011","Version":"MM107","Technology":"Mono-c-Si","BIPV":"N","A_c":1.594,"N_s":60.0,"T_NOCT":44.3,"I_sc_ref":8.42,"V_oc_ref":36.8,"I_mp_ref":7.84,"V_mp_ref":30.0,"alpha_sc":0.003536,"beta_oc":-0.11886,"a_ref":1.5545,"I_L_ref":8.432,"I_o_ref":4.32e-10,"R_s":0.282,"R_sh_ref":199.96,"Adjust":15.4,"PTC":212.8,"pdc0":235.0,"gamma_pdc":-0.00464,"gamma_r":-0.46399999999999997}