{"Date":"1/14/2013","Version":"NRELv1","Technology":"Mono-c-Si","BIPV":"N","A_c":1.594,"N_s":60.0,"T_NOCT":46.9,"I_sc_ref":8.75,"V_oc_ref":37.8,"I_mp_ref":8.17,"V_mp_ref":30.6,"alpha_sc":0.006125,"beta_oc":-0.13457,"a_ref":1.6002,"I_L_ref":8.761000000000001,"I_o_ref":4.74e-10,"R_s":0.307,"R_sh_ref":251.47,"Adjust":4.926,"PTC":225.0,"pdc0":250.0,"gamma_pdc":-0.0044,"gamma_r":-0.44}