{"Date":"01.02.2014","Version":"NRELv1","Technology":"Multi-c-Si","BIPV":"N","A_c":1.6369999999999998,"N_s":72.0,"T_NOCT":49.8,"I_sc_ref":8.55,"V_oc_ref":37.53,"I_mp_ref":7.99,"V_mp_ref":30.65,"alpha_sc":0.00855,"beta_oc":-0.12985,"a_ref":1.6581,"I_L_ref":8.557,"I_o_ref":1.25e-09,"R_s":0.256,"R_sh_ref":298.02,"Adjust":16.69,"PTC":215.8,"pdc0":245.0,"gamma_pdc":-0.00457,"gamma_r":-0.457}