{"Date":"01.02.2014","Version":"NRELv1","Technology":"Multi-c-Si","BIPV":"N","A_c":1.6369999999999998,"N_s":72.0,"T_NOCT":43.3,"I_sc_ref":9.01,"V_oc_ref":37.99,"I_mp_ref":8.45,"V_mp_ref":31.36,"alpha_sc":0.010001000000000001,"beta_oc":-0.14094,"a_ref":1.7043,"I_L_ref":9.014,"I_o_ref":1.8600000000000002e-09,"R_s":0.195,"R_sh_ref":392.66,"Adjust":11.75,"PTC":242.4,"pdc0":265.0,"gamma_pdc":-0.00451,"gamma_r":-0.451}