{"Date":"01.02.2014","Version":"NRELv1","Technology":"Multi-c-Si","BIPV":"N","A_c":1.6369999999999998,"N_s":72.0,"T_NOCT":43.3,"I_sc_ref":8.85,"V_oc_ref":37.54,"I_mp_ref":8.29,"V_mp_ref":30.78,"alpha_sc":0.009824,"beta_oc":-0.13927,"a_ref":1.6785,"I_L_ref":8.855,"I_o_ref":1.7000000000000001e-09,"R_s":0.226,"R_sh_ref":368.68,"Adjust":11.06,"PTC":233.1,"pdc0":255.0,"gamma_pdc":-0.00451,"gamma_r":-0.451}