{"Date":"01.02.2014","Version":"NRELv1","Technology":"Multi-c-Si","BIPV":"N","A_c":1.6369999999999998,"N_s":72.0,"T_NOCT":44.6,"I_sc_ref":8.63,"V_oc_ref":37.68,"I_mp_ref":8.08,"V_mp_ref":30.93,"alpha_sc":0.011737000000000001,"beta_oc":-0.14431,"a_ref":1.7165,"I_L_ref":8.635,"I_o_ref":2.5e-09,"R_s":0.22,"R_sh_ref":391.85,"Adjust":10.99,"PTC":227.2,"pdc0":250.0,"gamma_pdc":-0.00444,"gamma_r":-0.444}