{"Date":"03.09.2010","Version":"MM107","Technology":"Mono-c-Si","BIPV":"N","A_c":1.2770000000000001,"N_s":72.0,"T_NOCT":45.4,"I_sc_ref":5.14,"V_oc_ref":43.8,"I_mp_ref":4.83,"V_mp_ref":35.2,"alpha_sc":0.00221,"beta_oc":-0.14454,"a_ref":1.827,"I_L_ref":5.144,"I_o_ref":1.9800000000000001e-10,"R_s":0.675,"R_sh_ref":984.01,"Adjust":10.3,"PTC":152.6,"pdc0":170.0,"gamma_pdc":-0.00463,"gamma_r":-0.46299999999999997}