{"Date":"5/22/2012","Version":"NRELv1","Technology":"Mono-c-Si","BIPV":"N","A_c":1.2770000000000001,"N_s":72.0,"T_NOCT":47.2,"I_sc_ref":5.6,"V_oc_ref":45.2,"I_mp_ref":5.2,"V_mp_ref":36.5,"alpha_sc":0.003886,"beta_oc":-0.17194,"a_ref":1.9279,"I_L_ref":5.61,"I_o_ref":3.6e-10,"R_s":0.589,"R_sh_ref":342.72,"Adjust":-0.4663,"PTC":170.4,"pdc0":190.0,"gamma_pdc":-0.00442,"gamma_r":-0.442}