{"Date":"5/22/2012","Version":"NRELv1","Technology":"Mono-c-Si","BIPV":"N","A_c":1.689,"N_s":96.0,"T_NOCT":46.6,"I_sc_ref":5.3,"V_oc_ref":60.4,"I_mp_ref":4.8,"V_mp_ref":50.0,"alpha_sc":0.0036780000000000003,"beta_oc":-0.22874,"a_ref":2.7226,"I_L_ref":5.312,"I_o_ref":1.16e-09,"R_s":0.49,"R_sh_ref":208.35,"Adjust":10.59,"PTC":214.2,"pdc0":240.0,"gamma_pdc":-0.0046700000000000005,"gamma_r":-0.467}