{"Technology":"Multi-c-Si","BIPV":"N","A_c":1.4069999999999998,"N_s":54.0,"T_NOCT":43.9,"PTC":167.8,"pdc0":190.0,"gamma_pdc":-0.00572}