{"Date":"10.07.2009","Version":"MM106","Technology":"Mono-c-Si","BIPV":"N","A_c":1.304,"N_s":48.0,"T_NOCT":45.1,"I_sc_ref":8.3,"V_oc_ref":29.73,"I_mp_ref":7.58,"V_mp_ref":23.82,"alpha_sc":0.007553,"beta_oc":-0.10614000000000001,"a_ref":1.3868,"I_L_ref":8.323,"I_o_ref":3.9200000000000005e-09,"R_s":0.26,"R_sh_ref":93.09,"Adjust":24.5,"PTC":159.7,"pdc0":180.0,"gamma_pdc":-0.00522,"gamma_r":-0.522}