{"Date":"11.04.2010","Version":"MM107","Technology":"Multi-c-Si","BIPV":"Y","A_c":0.44799999999999995,"N_s":16.0,"T_NOCT":58.3,"I_sc_ref":8.11,"V_oc_ref":9.8,"I_mp_ref":7.55,"V_mp_ref":8.08,"alpha_sc":0.003276,"beta_oc":-0.03585,"a_ref":0.4664,"I_L_ref":8.116,"I_o_ref":5.98e-09,"R_s":0.05,"R_sh_ref":73.85,"Adjust":26.5,"PTC":47.6,"pdc0":60.0,"gamma_pdc":-0.0057799999999999995,"gamma_r":-0.578}