{"Vac":240.0,"Paco":1550.0,"Pdco":1618.54,"Vdco":325.0,"Pso":25.3568,"C0":-7.97763e-06,"C1":-2.18153e-05,"C2":-7.0439e-05,"C3":0.00042832199999999997,"Pnt":0.32,"Vdcmax":360.0,"Mppt_low":100.0,"Mppt_high":360.0}