{"Vac":208.0,"Paco":1550.0,"Pdco":1621.29,"Vdco":325.0,"Pso":25.3299,"C0":-9.523480000000002e-06,"C1":-2.85454e-05,"C2":-0.000139737,"C3":-0.000219147,"Pnt":0.21,"Vdcmax":360.0,"Mppt_low":100.0,"Mppt_high":360.0}