{"Vac":208.0,"Paco":2060.0,"Pdco":2147.71,"Vdco":325.0,"Pso":20.9214,"C0":-8.621580000000001e-06,"C1":-2.62769e-05,"C2":-0.00024351,"C3":0.000212652,"Pnt":0.29,"Vdcmax":360.0,"Mppt_low":100.0,"Mppt_high":360.0}