{"Vac":240.0,"Paco":2060.0,"Pdco":2150.91,"Vdco":325.0,"Pso":25.8157,"C0":-9.09049e-06,"C1":-1.86938e-05,"C2":-5.08029e-05,"C3":0.00119111,"Pnt":0.36,"Vdcmax":360.0,"Mppt_low":100.0,"Mppt_high":360.0}