{"Vac":240.0,"Paco":3010.0,"Pdco":3147.39,"Vdco":325.0,"Pso":24.4652,"C0":-6.572389999999999e-06,"C1":-3.91156e-05,"C2":-0.000636566,"C3":-0.00201206,"Pnt":0.25,"Vdcmax":360.0,"Mppt_low":100.0,"Mppt_high":360.0}