{"Vac":208.0,"Paco":3000.0,"Pdco":3140.74,"Vdco":325.0,"Pso":18.6916,"C0":-6.731649999999999e-06,"C1":-4.28066e-05,"C2":-0.0010348,"C3":-0.00249522,"Pnt":0.18,"Vdcmax":360.0,"Mppt_low":100.0,"Mppt_high":360.0}