{"Date":"07.01.2014","Version":"NRELv1","Technology":"Mono-c-Si","BIPV":"N","A_c":1.6369999999999998,"N_s":72.0,"T_NOCT":46.1,"I_sc_ref":8.79,"V_oc_ref":37.89,"I_mp_ref":8.23,"V_mp_ref":30.97,"alpha_sc":0.002989,"beta_oc":-0.12769,"a_ref":1.611,"I_L_ref":8.798,"I_o_ref":5.29e-10,"R_s":0.264,"R_sh_ref":293.25,"Adjust":12.25,"PTC":228.2,"pdc0":255.0,"gamma_pdc":-0.0047799999999999995,"gamma_r":-0.478}