{"Date":"07.01.2014","Version":"NRELv1","Technology":"Mono-c-Si","BIPV":"N","A_c":1.6369999999999998,"N_s":72.0,"T_NOCT":46.1,"I_sc_ref":9.09,"V_oc_ref":38.15,"I_mp_ref":8.53,"V_mp_ref":31.67,"alpha_sc":0.003091,"beta_oc":-0.12857000000000002,"a_ref":1.6347,"I_L_ref":9.096,"I_o_ref":6.569999999999999e-10,"R_s":0.19,"R_sh_ref":311.78,"Adjust":13.91,"PTC":242.1,"pdc0":270.0,"gamma_pdc":-0.0047799999999999995,"gamma_r":-0.478}