{"Date":"9/26/2011","Version":"MM107","Technology":"Mono-c-Si","BIPV":"N","A_c":1.94,"N_s":72.0,"T_NOCT":47.6,"I_sc_ref":8.93,"V_oc_ref":44.8,"I_mp_ref":8.37,"V_mp_ref":35.8,"alpha_sc":0.003572,"beta_oc":-0.19891,"a_ref":2.1061,"I_L_ref":8.932,"I_o_ref":5.15e-09,"R_s":0.369,"R_sh_ref":1585.61,"Adjust":2.0,"PTC":258.8,"pdc0":300.0,"gamma_pdc":-0.0058200000000000005,"gamma_r":-0.5820000000000001}