{"Date":"07.01.2014","Version":"NRELv1","Technology":"Multi-c-Si","BIPV":"N","A_c":1.6369999999999998,"N_s":72.0,"T_NOCT":43.3,"I_sc_ref":9.09,"V_oc_ref":38.22,"I_mp_ref":8.52,"V_mp_ref":31.69,"alpha_sc":0.01009,"beta_oc":-0.1418,"a_ref":1.7198,"I_L_ref":9.095,"I_o_ref":2.0100000000000003e-09,"R_s":0.175,"R_sh_ref":352.4,"Adjust":12.36,"PTC":247.1,"pdc0":270.0,"gamma_pdc":-0.00451,"gamma_r":-0.451}