{"Date":"07.01.2014","Version":"NRELv1","Technology":"Multi-c-Si","BIPV":"N","A_c":1.6369999999999998,"N_s":72.0,"T_NOCT":44.6,"I_sc_ref":9.09,"V_oc_ref":38.22,"I_mp_ref":8.52,"V_mp_ref":31.69,"alpha_sc":0.012362,"beta_oc":-0.14637999999999998,"a_ref":1.7506,"I_L_ref":9.094,"I_o_ref":2.97e-09,"R_s":0.168,"R_sh_ref":387.0,"Adjust":12.08,"PTC":245.9,"pdc0":270.0,"gamma_pdc":-0.00444,"gamma_r":-0.444}