{"Date":"07.01.2014","Version":"NRELv1","Technology":"Multi-c-Si","BIPV":"N","A_c":1.95,"N_s":72.0,"T_NOCT":45.2,"I_sc_ref":8.84,"V_oc_ref":45.14,"I_mp_ref":8.25,"V_mp_ref":36.98,"alpha_sc":0.003271,"beta_oc":-0.15754,"a_ref":1.9299,"I_L_ref":8.85,"I_o_ref":6.04e-10,"R_s":0.299,"R_sh_ref":271.0,"Adjust":9.464,"PTC":274.5,"pdc0":305.0,"gamma_pdc":-0.00476,"gamma_r":-0.47600000000000003}