{"Date":"07.01.2014","Version":"NRELv1","Technology":"Multi-c-Si","BIPV":"N","A_c":1.95,"N_s":72.0,"T_NOCT":45.2,"I_sc_ref":8.97,"V_oc_ref":45.45,"I_mp_ref":8.38,"V_mp_ref":37.59,"alpha_sc":0.003319,"beta_oc":-0.15862,"a_ref":1.953,"I_L_ref":8.978,"I_o_ref":6.89e-10,"R_s":0.247,"R_sh_ref":274.49,"Adjust":10.5,"PTC":283.7,"pdc0":315.0,"gamma_pdc":-0.00476,"gamma_r":-0.47600000000000003}