{"Date":"07.01.2014","Version":"NRELv1","Technology":"Multi-c-Si","BIPV":"N","A_c":1.95,"N_s":72.0,"T_NOCT":45.2,"I_sc_ref":8.63,"V_oc_ref":45.22,"I_mp_ref":8.05,"V_mp_ref":37.25,"alpha_sc":0.003193,"beta_oc":-0.15782000000000002,"a_ref":1.9403,"I_L_ref":8.639,"I_o_ref":6.400000000000001e-10,"R_s":0.27699999999999997,"R_sh_ref":262.23,"Adjust":10.2,"PTC":269.8,"pdc0":300.0,"gamma_pdc":-0.00476,"gamma_r":-0.47600000000000003}