{"Date":"07.01.2014","Version":"NRELv1","Technology":"Multi-c-Si","BIPV":"N","A_c":1.95,"N_s":72.0,"T_NOCT":45.2,"I_sc_ref":9.19,"V_oc_ref":45.5,"I_mp_ref":8.68,"V_mp_ref":37.46,"alpha_sc":0.0034,"beta_oc":-0.1588,"a_ref":1.9371,"I_L_ref":9.192,"I_o_ref":5.76e-10,"R_s":0.267,"R_sh_ref":1121.11,"Adjust":8.666,"PTC":293.0,"pdc0":325.0,"gamma_pdc":-0.00476,"gamma_r":-0.47600000000000003}