{"Date":"6/14/2010","Version":"MM107","Technology":"Multi-c-Si","BIPV":"N","A_c":1.643,"N_s":60.0,"T_NOCT":45.4,"I_sc_ref":8.3,"V_oc_ref":37.8,"I_mp_ref":7.7,"V_mp_ref":29.6,"alpha_sc":0.003635,"beta_oc":-0.13419,"a_ref":1.6617,"I_L_ref":8.315,"I_o_ref":1.0800000000000002e-09,"R_s":0.455,"R_sh_ref":252.23,"Adjust":13.1,"PTC":202.0,"pdc0":228.0,"gamma_pdc":-0.00522,"gamma_r":-0.522}