{"Date":"06.01.2013","Version":"NRELv1","Technology":"Mono-c-Si","BIPV":"N","A_c":1.631,"N_s":96.0,"T_NOCT":46.4,"I_sc_ref":6.09,"V_oc_ref":67.6,"I_mp_ref":5.71,"V_mp_ref":57.3,"alpha_sc":0.002436,"beta_oc":-0.16899999999999998,"a_ref":2.4165,"I_L_ref":6.097,"I_o_ref":4.21e-12,"R_s":0.45799999999999996,"R_sh_ref":428.47,"Adjust":5.706,"PTC":306.1,"pdc0":327.0,"gamma_pdc":-0.0031,"gamma_r":-0.31}