{"Date":"07.09.2009","Version":"MM106","Technology":"Mono-c-Si","BIPV":"N","A_c":1.244,"N_s":72.0,"T_NOCT":49.2,"I_sc_ref":5.4,"V_oc_ref":47.8,"I_mp_ref":5.0,"V_mp_ref":40.0,"alpha_sc":0.002484,"beta_oc":-0.14264000000000002,"a_ref":1.9391,"I_L_ref":5.4079999999999995,"I_o_ref":1.03e-10,"R_s":0.376,"R_sh_ref":260.3,"Adjust":15.4,"PTC":179.7,"pdc0":200.0,"gamma_pdc":-0.004070000000000001,"gamma_r":-0.40700000000000003}