{"Date":"01.05.2012","Version":"NRELv1","Technology":"Mono-c-Si","BIPV":"N","A_c":1.244,"N_s":72.0,"T_NOCT":50.3,"I_sc_ref":5.93,"V_oc_ref":48.0,"I_mp_ref":5.55,"V_mp_ref":40.5,"alpha_sc":0.002313,"beta_oc":-0.12095999999999998,"a_ref":1.7555,"I_L_ref":5.937,"I_o_ref":7.71e-12,"R_s":0.354,"R_sh_ref":303.64,"Adjust":10.4,"PTC":206.2,"pdc0":225.0,"gamma_pdc":-0.00331,"gamma_r":-0.331}