{"Date":"10/26/2011","Version":"NRELv1","Technology":"Mono-c-Si","BIPV":"N","A_c":1.244,"N_s":72.0,"T_NOCT":49.2,"I_sc_ref":5.87,"V_oc_ref":48.5,"I_mp_ref":5.49,"V_mp_ref":41.0,"alpha_sc":0.002518,"beta_oc":-0.13565,"a_ref":1.8697,"I_L_ref":5.875,"I_o_ref":3.11e-11,"R_s":0.307,"R_sh_ref":328.08,"Adjust":11.28,"PTC":205.0,"pdc0":225.0,"gamma_pdc":-0.0036700000000000005,"gamma_r":-0.36700000000000005}