{"Date":"1/14/2013","Version":"NRELv1","Technology":"Mono-c-Si","BIPV":"N","A_c":1.244,"N_s":72.0,"T_NOCT":50.3,"I_sc_ref":6.43,"V_oc_ref":48.8,"I_mp_ref":6.05,"V_mp_ref":40.5,"alpha_sc":0.004501,"beta_oc":-0.17373,"a_ref":1.8564,"I_L_ref":6.436,"I_o_ref":2.43e-11,"R_s":0.428,"R_sh_ref":459.56,"Adjust":-15.41,"PTC":225.5,"pdc0":245.0,"gamma_pdc":-0.0032400000000000003,"gamma_r":-0.324}