{"Date":"05.01.2013","Version":"NRELv1","Technology":"Mono-c-Si","BIPV":"N","A_c":1.631,"N_s":96.0,"T_NOCT":46.4,"I_sc_ref":6.39,"V_oc_ref":68.2,"I_mp_ref":6.02,"V_mp_ref":57.3,"alpha_sc":0.0025559999999999997,"beta_oc":-0.1705,"a_ref":2.4216,"I_L_ref":6.396,"I_o_ref":3.68e-12,"R_s":0.5379999999999999,"R_sh_ref":544.96,"Adjust":4.115,"PTC":323.3,"pdc0":345.0,"gamma_pdc":-0.0031,"gamma_r":-0.31}