{"Date":"1/14/2013","Version":"NRELv1","Technology":"Mono-c-Si","BIPV":"N","A_c":1.631,"N_s":96.0,"T_NOCT":46.0,"I_sc_ref":5.87,"V_oc_ref":64.0,"I_mp_ref":5.49,"V_mp_ref":54.7,"alpha_sc":0.004109000000000001,"beta_oc":-0.22784000000000001,"a_ref":2.6509,"I_L_ref":5.872999999999999,"I_o_ref":1.88e-10,"R_s":0.21100000000000002,"R_sh_ref":480.43,"Adjust":0.5737,"PTC":275.8,"pdc0":300.0,"gamma_pdc":-0.00386,"gamma_r":-0.386}