{"Date":"07.09.2009","Version":"MM106","Technology":"Mono-c-Si","BIPV":"N","A_c":1.244,"N_s":72.0,"T_NOCT":48.1,"I_sc_ref":5.84,"V_oc_ref":47.5,"I_mp_ref":5.45,"V_mp_ref":39.8,"alpha_sc":0.0025109999999999998,"beta_oc":-0.13865,"a_ref":1.8729,"I_L_ref":5.847,"I_o_ref":5.51e-11,"R_s":0.35700000000000004,"R_sh_ref":313.96,"Adjust":11.5,"PTC":197.4,"pdc0":217.0,"gamma_pdc":-0.0038799999999999998,"gamma_r":-0.38799999999999996}