{"Date":"10.04.2010","Version":"MM107","Technology":"Multi-c-Si","BIPV":"N","A_c":1.47,"N_s":54.0,"T_NOCT":51.4,"I_sc_ref":8.0,"V_oc_ref":33.25,"I_mp_ref":7.48,"V_mp_ref":26.15,"alpha_sc":0.00472,"beta_oc":-0.11567999999999999,"a_ref":1.4206,"I_L_ref":8.008,"I_o_ref":5.42e-10,"R_s":0.40700000000000003,"R_sh_ref":407.95,"Adjust":9.3,"PTC":168.3,"pdc0":195.0,"gamma_pdc":-0.00481,"gamma_r":-0.48100000000000004}