{"Date":"10.04.2010","Version":"MM107","Technology":"Mono-c-Si","BIPV":"N","A_c":1.2770000000000001,"N_s":72.0,"T_NOCT":49.9,"I_sc_ref":5.1,"V_oc_ref":42.8,"I_mp_ref":4.65,"V_mp_ref":34.6,"alpha_sc":0.00018899999999999999,"beta_oc":-0.15588,"a_ref":1.8255,"I_L_ref":5.117,"I_o_ref":3.21e-10,"R_s":0.608,"R_sh_ref":177.76,"Adjust":4.5,"PTC":138.3,"pdc0":160.0,"gamma_pdc":-0.00499,"gamma_r":-0.499}