{"Date":"10.04.2010","Version":"MM107","Technology":"Mono-c-Si","BIPV":"N","A_c":1.2770000000000001,"N_s":72.0,"T_NOCT":49.9,"I_sc_ref":5.07,"V_oc_ref":43.2,"I_mp_ref":4.75,"V_mp_ref":34.8,"alpha_sc":0.000188,"beta_oc":-0.15733,"a_ref":1.8082,"I_L_ref":5.075,"I_o_ref":2.11e-10,"R_s":0.654,"R_sh_ref":669.1,"Adjust":1.0,"PTC":142.8,"pdc0":165.0,"gamma_pdc":-0.00499,"gamma_r":-0.499}