{"Date":"10.04.2010","Version":"MM107","Technology":"Multi-c-Si","BIPV":"N","A_c":1.6230000000000002,"N_s":60.0,"T_NOCT":51.4,"I_sc_ref":8.0,"V_oc_ref":36.24,"I_mp_ref":7.53,"V_mp_ref":29.24,"alpha_sc":0.005424,"beta_oc":-0.13039,"a_ref":1.5824,"I_L_ref":8.002,"I_o_ref":9.02e-10,"R_s":0.322,"R_sh_ref":1074.37,"Adjust":10.0,"PTC":190.0,"pdc0":220.0,"gamma_pdc":-0.0048200000000000005,"gamma_r":-0.48200000000000004}