{"Date":"06.03.2011","Version":"MM107","Technology":"Multi-c-Si","BIPV":"N","A_c":1.4569999999999999,"N_s":54.0,"T_NOCT":48.3,"I_sc_ref":7.89,"V_oc_ref":32.2,"I_mp_ref":7.35,"V_mp_ref":25.2,"alpha_sc":0.009863,"beta_oc":-0.11238,"a_ref":1.4171,"I_L_ref":7.9,"I_o_ref":1.06e-09,"R_s":0.409,"R_sh_ref":332.96,"Adjust":14.4,"PTC":163.5,"pdc0":185.0,"gamma_pdc":-0.00457,"gamma_r":-0.457}