{"Technology":"Mono-c-Si","BIPV":"N","A_c":1.2770000000000001,"N_s":72.0,"T_NOCT":45.8,"PTC":165.9,"pdc0":185.0,"gamma_pdc":-0.0046689999999999995}