{"Technology":"Multi-c-Si","BIPV":"N","A_c":1.6230000000000002,"N_s":60.0,"T_NOCT":45.9,"PTC":212.5,"pdc0":235.0,"gamma_pdc":-0.004313}