{"Date":"06.03.2011","Version":"MM107","Technology":"Multi-c-Si","BIPV":"N","A_c":1.614,"N_s":60.0,"T_NOCT":46.3,"I_sc_ref":8.31,"V_oc_ref":37.3,"I_mp_ref":7.81,"V_mp_ref":30.1,"alpha_sc":0.007562,"beta_oc":-0.14808,"a_ref":1.7709,"I_L_ref":8.31,"I_o_ref":5.920000000000001e-09,"R_s":0.28300000000000003,"R_sh_ref":6834.49,"Adjust":15.6,"PTC":206.0,"pdc0":235.0,"gamma_pdc":-0.00548,"gamma_r":-0.5479999999999999}