{"Date":"06.03.2011","Version":"MM107","Technology":"Multi-c-Si","BIPV":"N","A_c":1.614,"N_s":60.0,"T_NOCT":45.9,"I_sc_ref":8.56,"V_oc_ref":37.8,"I_mp_ref":8.06,"V_mp_ref":31.0,"alpha_sc":0.010358,"beta_oc":-0.14024,"a_ref":1.7436,"I_L_ref":8.561,"I_o_ref":3.2799999999999994e-09,"R_s":0.221,"R_sh_ref":1531.35,"Adjust":17.3,"PTC":224.8,"pdc0":250.0,"gamma_pdc":-0.00483,"gamma_r":-0.483}