{"Date":"06.03.2011","Version":"MM107","Technology":"Multi-c-Si","BIPV":"N","A_c":1.4569999999999999,"N_s":54.0,"T_NOCT":47.0,"I_sc_ref":8.62,"V_oc_ref":34.1,"I_mp_ref":8.13,"V_mp_ref":28.3,"alpha_sc":0.005086,"beta_oc":-0.12685,"a_ref":1.5344,"I_L_ref":8.621,"I_o_ref":1.9100000000000002e-09,"R_s":0.161,"R_sh_ref":960.32,"Adjust":12.5,"PTC":203.6,"pdc0":230.0,"gamma_pdc":-0.00503,"gamma_r":-0.503}