{"Date":"06.03.2011","Version":"MM107","Technology":"Multi-c-Si","BIPV":"N","A_c":1.931,"N_s":72.0,"T_NOCT":47.6,"I_sc_ref":7.8,"V_oc_ref":42.7,"I_mp_ref":7.27,"V_mp_ref":33.0,"alpha_sc":0.009438,"beta_oc":-0.15842,"a_ref":1.9111,"I_L_ref":7.807,"I_o_ref":1.5299999999999999e-09,"R_s":0.605,"R_sh_ref":695.14,"Adjust":11.0,"PTC":211.3,"pdc0":240.0,"gamma_pdc":-0.00483,"gamma_r":-0.483}