{"Date":"06.03.2011","Version":"MM107","Technology":"Multi-c-Si","BIPV":"N","A_c":1.931,"N_s":72.0,"T_NOCT":47.6,"I_sc_ref":8.02,"V_oc_ref":43.5,"I_mp_ref":7.45,"V_mp_ref":34.2,"alpha_sc":0.009704,"beta_oc":-0.16139,"a_ref":1.9711,"I_L_ref":8.031,"I_o_ref":2.0600000000000003e-09,"R_s":0.505,"R_sh_ref":365.0,"Adjust":13.5,"PTC":224.9,"pdc0":255.0,"gamma_pdc":-0.00483,"gamma_r":-0.483}