{"Date":"06.03.2011","Version":"MM107","Technology":"Multi-c-Si","BIPV":"N","A_c":1.614,"N_s":60.0,"T_NOCT":45.5,"I_sc_ref":8.04,"V_oc_ref":36.5,"I_mp_ref":7.47,"V_mp_ref":28.8,"alpha_sc":0.010934000000000001,"beta_oc":-0.13577999999999998,"a_ref":1.6242,"I_L_ref":8.052,"I_o_ref":1.3800000000000002e-09,"R_s":0.415,"R_sh_ref":275.13,"Adjust":9.3,"PTC":193.9,"pdc0":215.0,"gamma_pdc":-0.00443,"gamma_r":-0.44299999999999995}