{"Date":"06.03.2011","Version":"MM107","Technology":"Multi-c-Si","BIPV":"N","A_c":1.614,"N_s":60.0,"T_NOCT":46.3,"I_sc_ref":8.15,"V_oc_ref":37.0,"I_mp_ref":7.63,"V_mp_ref":29.5,"alpha_sc":0.006194,"beta_oc":-0.13209,"a_ref":1.6184,"I_L_ref":8.156,"I_o_ref":9.510000000000001e-10,"R_s":0.375,"R_sh_ref":490.58,"Adjust":11.1,"PTC":200.3,"pdc0":225.0,"gamma_pdc":-0.00481,"gamma_r":-0.48100000000000004}