{"Date":"9/18/2014","Version":"NRELv1","Technology":"Multi-c-Si","BIPV":"N","A_c":1.6269999999999998,"N_s":60.0,"T_NOCT":48.3,"I_sc_ref":8.97,"V_oc_ref":38.2,"I_mp_ref":8.24,"V_mp_ref":32.8,"alpha_sc":0.003588,"beta_oc":-0.11842000000000001,"a_ref":1.595,"I_L_ref":8.975,"I_o_ref":3.4e-10,"R_s":0.057,"R_sh_ref":96.34,"Adjust":17.68,"PTC":242.9,"pdc0":270.0,"gamma_pdc":-0.0042,"gamma_r":-0.42}