{"Technology":"Multi-c-Si","BIPV":"N","A_c":1.6230000000000002,"N_s":60.0,"T_NOCT":47.9,"PTC":205.7,"pdc0":230.0,"gamma_pdc":-0.004324}