{"Date":"9/18/2014","Version":"NRELv1","Technology":"Multi-c-Si","BIPV":"N","A_c":1.94,"N_s":72.0,"T_NOCT":47.2,"I_sc_ref":8.75,"V_oc_ref":45.8,"I_mp_ref":8.03,"V_mp_ref":38.0,"alpha_sc":0.004375,"beta_oc":-0.14198,"a_ref":1.8749,"I_L_ref":8.769,"I_o_ref":2.06e-10,"R_s":0.263,"R_sh_ref":119.59,"Adjust":13.12,"PTC":276.2,"pdc0":305.0,"gamma_pdc":-0.0040999999999999995,"gamma_r":-0.41}