{"Date":"08.01.2012","Version":"NRELv1","Technology":"Mono-c-Si","BIPV":"N","A_c":1.2770000000000001,"N_s":72.0,"T_NOCT":46.8,"I_sc_ref":5.92,"V_oc_ref":46.21,"I_mp_ref":5.52,"V_mp_ref":37.47,"alpha_sc":0.003554,"beta_oc":-0.16635,"a_ref":2.0365,"I_L_ref":5.9270000000000005,"I_o_ref":8.150000000000001e-10,"R_s":0.513,"R_sh_ref":466.8,"Adjust":12.02,"PTC":182.4,"pdc0":205.0,"gamma_pdc":-0.0049,"gamma_r":-0.49}