{"Date":"08.01.2012","Version":"NRELv1","Technology":"Mono-c-Si","BIPV":"N","A_c":1.2770000000000001,"N_s":72.0,"T_NOCT":46.8,"I_sc_ref":5.99,"V_oc_ref":46.69,"I_mp_ref":5.59,"V_mp_ref":37.94,"alpha_sc":0.003594,"beta_oc":-0.16807,"a_ref":2.0592,"I_L_ref":5.996,"I_o_ref":8.39e-10,"R_s":0.495,"R_sh_ref":490.64,"Adjust":12.19,"PTC":187.0,"pdc0":210.0,"gamma_pdc":-0.0049,"gamma_r":-0.49}