{"Date":"10.06.2012","Version":"NRELv1","Technology":"Mono-c-Si","BIPV":"N","A_c":1.929,"N_s":72.0,"T_NOCT":49.4,"I_sc_ref":9.14,"V_oc_ref":45.43,"I_mp_ref":8.41,"V_mp_ref":38.23,"alpha_sc":0.005485,"beta_oc":-0.14993,"a_ref":2.0135,"I_L_ref":9.15,"I_o_ref":1.4000000000000001e-09,"R_s":0.14,"R_sh_ref":132.28,"Adjust":23.43,"PTC":282.4,"pdc0":320.0,"gamma_pdc":-0.004699999999999999,"gamma_r":-0.47}