{"Date":"08.01.2012","Version":"NRELv1","Technology":"Multi-c-Si","BIPV":"N","A_c":1.9469999999999998,"N_s":72.0,"T_NOCT":47.1,"I_sc_ref":8.93,"V_oc_ref":45.22,"I_mp_ref":8.1,"V_mp_ref":37.87,"alpha_sc":0.004465,"beta_oc":-0.14920999999999998,"a_ref":1.9415,"I_L_ref":8.948,"I_o_ref":6.469999999999999e-10,"R_s":0.183,"R_sh_ref":89.92,"Adjust":16.35,"PTC":274.2,"pdc0":305.0,"gamma_pdc":-0.0044,"gamma_r":-0.44}