{"Date":"08.01.2012","Version":"NRELv1","Technology":"Multi-c-Si","BIPV":"N","A_c":1.9469999999999998,"N_s":72.0,"T_NOCT":47.1,"I_sc_ref":8.7,"V_oc_ref":44.64,"I_mp_ref":7.89,"V_mp_ref":37.15,"alpha_sc":0.00435,"beta_oc":-0.14731,"a_ref":1.9096,"I_L_ref":8.721,"I_o_ref":5.79e-10,"R_s":0.22,"R_sh_ref":91.17,"Adjust":15.54,"PTC":260.3,"pdc0":290.0,"gamma_pdc":-0.0044,"gamma_r":-0.44}