{"Date":"10.01.2012","Version":"NRELv1","Technology":"Mono-c-Si","BIPV":"N","A_c":1.929,"N_s":72.0,"T_NOCT":49.4,"I_sc_ref":8.85,"V_oc_ref":44.5,"I_mp_ref":8.08,"V_mp_ref":36.71,"alpha_sc":0.005309,"beta_oc":-0.14685,"a_ref":1.9587,"I_L_ref":8.87,"I_o_ref":1.15e-09,"R_s":0.24600000000000002,"R_sh_ref":110.0,"Adjust":21.81,"PTC":259.6,"pdc0":295.0,"gamma_pdc":-0.004699999999999999,"gamma_r":-0.47}