{"Date":"9/21/2012","Version":"NRELv1","Technology":"Mono-c-Si","BIPV":"N","A_c":1.618,"N_s":60.0,"T_NOCT":46.3,"I_sc_ref":8.56,"V_oc_ref":36.72,"I_mp_ref":7.94,"V_mp_ref":29.6,"alpha_sc":0.005135,"beta_oc":-0.12853,"a_ref":1.5849,"I_L_ref":8.575,"I_o_ref":7.25e-10,"R_s":0.316,"R_sh_ref":178.86,"Adjust":10.81,"PTC":210.1,"pdc0":235.0,"gamma_pdc":-0.004699999999999999,"gamma_r":-0.47}