{"Date":"07.05.2011","Version":"MM107","Technology":"Multi-c-Si","BIPV":"N","A_c":1.9469999999999998,"N_s":72.0,"T_NOCT":47.5,"I_sc_ref":8.19,"V_oc_ref":43.55,"I_mp_ref":7.6,"V_mp_ref":35.45,"alpha_sc":0.008739,"beta_oc":-0.14463,"a_ref":1.9051,"I_L_ref":8.202,"I_o_ref":9.45e-10,"R_s":0.33399999999999996,"R_sh_ref":222.13,"Adjust":19.1,"PTC":241.3,"pdc0":270.0,"gamma_pdc":-0.00441,"gamma_r":-0.441}