{"Date":"12/27/2012","Version":"NRELv1","Technology":"Multi-c-Si","BIPV":"N","A_c":1.6340000000000001,"N_s":60.0,"T_NOCT":46.0,"I_sc_ref":8.68,"V_oc_ref":37.02,"I_mp_ref":7.9,"V_mp_ref":30.54,"alpha_sc":0.005209,"beta_oc":-0.12957,"a_ref":1.6555,"I_L_ref":8.7,"I_o_ref":1.61e-09,"R_s":0.20199999999999999,"R_sh_ref":87.54,"Adjust":18.17,"PTC":214.5,"pdc0":240.0,"gamma_pdc":-0.0048,"gamma_r":-0.48}