{"Date":"08.01.2012","Version":"NRELv1","Technology":"Multi-c-Si","BIPV":"N","A_c":1.9469999999999998,"N_s":72.0,"T_NOCT":47.1,"I_sc_ref":9.22,"V_oc_ref":45.65,"I_mp_ref":8.36,"V_mp_ref":38.35,"alpha_sc":0.004608,"beta_oc":-0.15065,"a_ref":1.9641,"I_L_ref":9.237,"I_o_ref":7.01e-10,"R_s":0.161,"R_sh_ref":87.08,"Adjust":16.79,"PTC":288.1,"pdc0":320.0,"gamma_pdc":-0.0044,"gamma_r":-0.44}