{"Date":"08.06.2009","Version":"MM106","Technology":"Mono-c-Si","BIPV":"N","A_c":1.2770000000000001,"N_s":72.0,"T_NOCT":45.4,"I_sc_ref":5.25,"V_oc_ref":43.6,"I_mp_ref":4.76,"V_mp_ref":35.8,"alpha_sc":0.0023,"beta_oc":-0.17401,"a_ref":2.0476,"I_L_ref":5.2620000000000005,"I_o_ref":2.8300000000000004e-09,"R_s":0.391,"R_sh_ref":165.47,"Adjust":13.0,"PTC":149.8,"pdc0":170.0,"gamma_pdc":-0.005390000000000001,"gamma_r":-0.539}