{"Date":"08.06.2009","Version":"MM106","Technology":"Mono-c-Si","BIPV":"N","A_c":1.2770000000000001,"N_s":72.0,"T_NOCT":45.4,"I_sc_ref":5.4,"V_oc_ref":44.5,"I_mp_ref":4.95,"V_mp_ref":37.5,"alpha_sc":0.002365,"beta_oc":-0.1776,"a_ref":2.1092,"I_L_ref":5.404,"I_o_ref":3.5700000000000003e-09,"R_s":0.161,"R_sh_ref":213.36,"Adjust":14.9,"PTC":163.4,"pdc0":185.0,"gamma_pdc":-0.005390000000000001,"gamma_r":-0.539}