{"Date":"10/23/2009","Version":"MM106","Technology":"Mono-c-Si","BIPV":"N","A_c":1.2770000000000001,"N_s":72.0,"T_NOCT":45.8,"I_sc_ref":5.0,"V_oc_ref":44.1,"I_mp_ref":4.55,"V_mp_ref":35.1,"alpha_sc":0.0036,"beta_oc":-0.1958,"a_ref":2.0589,"I_L_ref":5.0169999999999995,"I_o_ref":2.4e-09,"R_s":0.6970000000000001,"R_sh_ref":209.02,"Adjust":0.2,"PTC":141.0,"pdc0":160.0,"gamma_pdc":-0.00522,"gamma_r":-0.522}