{"Date":"10/23/2009","Version":"MM106","Technology":"Mono-c-Si","BIPV":"N","A_c":1.2770000000000001,"N_s":72.0,"T_NOCT":45.8,"I_sc_ref":4.85,"V_oc_ref":43.6,"I_mp_ref":4.35,"V_mp_ref":34.6,"alpha_sc":0.0034920000000000003,"beta_oc":-0.19358,"a_ref":2.0518,"I_L_ref":4.874,"I_o_ref":2.7100000000000004e-09,"R_s":0.7340000000000001,"R_sh_ref":149.12,"Adjust":1.5,"PTC":132.0,"pdc0":150.0,"gamma_pdc":-0.00522,"gamma_r":-0.522}