{"Date":"6/14/2010","Version":"MM107","Technology":"Multi-c-Si","BIPV":"N","A_c":1.479,"N_s":54.0,"T_NOCT":46.6,"I_sc_ref":8.52,"V_oc_ref":33.1,"I_mp_ref":7.75,"V_mp_ref":27.1,"alpha_sc":0.005368,"beta_oc":-0.12875999999999999,"a_ref":1.5883,"I_L_ref":8.538,"I_o_ref":7.26e-09,"R_s":0.185,"R_sh_ref":87.38,"Adjust":20.2,"PTC":183.4,"pdc0":210.0,"gamma_pdc":-0.00551,"gamma_r":-0.551}