{"Technology":"Mono-c-Si","BIPV":"N","A_c":1.9380000000000002,"N_s":72.0,"T_NOCT":46.4,"PTC":321.8,"pdc0":350.0,"gamma_pdc":-0.00377026}