{"Technology":"Mono-c-Si","BIPV":"N","A_c":1.9380000000000002,"N_s":72.0,"T_NOCT":46.6,"PTC":305.6,"pdc0":335.0,"gamma_pdc":-0.0040100000000000005}