{"Technology":"Multi-c-Si","BIPV":"N","A_c":1.9380000000000002,"N_s":72.0,"T_NOCT":43.5,"PTC":287.0,"pdc0":310.0,"gamma_pdc":-0.0038799999999999998}