{"Technology":"Mono-c-Si","BIPV":"N","A_c":1.2770000000000001,"N_s":72.0,"T_NOCT":46.9,"PTC":178.0,"pdc0":200.0,"gamma_pdc":-0.00484}