{"Technology":"Mono-c-Si","BIPV":"N","A_c":1.6269999999999998,"N_s":60.0,"T_NOCT":45.2,"PTC":225.3,"pdc0":250.0,"gamma_pdc":-0.0046817}