{"Vac":240.0,"Paco":225.0,"Pdco":236.217,"Vdco":31.5,"Pso":3.5589699999999995,"C0":-0.000103463,"C1":-0.00110358,"C2":0.0131423,"C3":-0.0356541,"Pnt":0.02,"Vdcmax":35.0,"Mppt_low":21.0,"Mppt_high":35.0}