{"Date":"02.01.2012","Version":"NRELv1","Technology":"Multi-c-Si","BIPV":"N","A_c":1.619,"N_s":60.0,"T_NOCT":48.2,"I_sc_ref":8.56,"V_oc_ref":37.4,"I_mp_ref":8.05,"V_mp_ref":29.8,"alpha_sc":0.005136,"beta_oc":-0.12716,"a_ref":1.5577,"I_L_ref":8.565,"I_o_ref":3.1800000000000004e-10,"R_s":0.382,"R_sh_ref":688.47,"Adjust":6.693,"PTC":213.6,"pdc0":240.0,"gamma_pdc":-0.0045000000000000005,"gamma_r":-0.45}