{"Date":"6/14/2010","Version":"MM107","Technology":"Mono-c-Si","BIPV":"N","A_c":1.2770000000000001,"N_s":72.0,"T_NOCT":46.4,"I_sc_ref":5.2,"V_oc_ref":44.2,"I_mp_ref":4.95,"V_mp_ref":35.2,"alpha_sc":0.002288,"beta_oc":-0.14232,"a_ref":1.7763,"I_L_ref":5.23,"I_o_ref":8.16e-11,"R_s":0.768,"R_sh_ref":100000.0,"Adjust":5.1,"PTC":157.5,"pdc0":175.0,"gamma_pdc":-0.00435,"gamma_r":-0.435}