{"Date":"8/30/2010","Version":"MM107","Technology":"Mono-c-Si","BIPV":"N","A_c":1.2770000000000001,"N_s":72.0,"T_NOCT":46.4,"I_sc_ref":5.14,"V_oc_ref":43.8,"I_mp_ref":4.83,"V_mp_ref":35.2,"alpha_sc":0.002262,"beta_oc":-0.14104,"a_ref":1.7765,"I_L_ref":5.144,"I_o_ref":9.990000000000001e-11,"R_s":0.6970000000000001,"R_sh_ref":820.72,"Adjust":7.0,"PTC":152.9,"pdc0":170.0,"gamma_pdc":-0.00435,"gamma_r":-0.435}