{"Date":"10/20/2011","Version":"NRELv1","Technology":"Mono-c-Si","BIPV":"N","A_c":1.482,"N_s":84.0,"T_NOCT":46.1,"I_sc_ref":4.75,"V_oc_ref":51.6,"I_mp_ref":4.4,"V_mp_ref":43.18,"alpha_sc":0.0021850000000000003,"beta_oc":-0.18112,"a_ref":2.2579,"I_L_ref":4.755,"I_o_ref":5.48e-10,"R_s":0.382,"R_sh_ref":368.76,"Adjust":13.49,"PTC":169.3,"pdc0":190.0,"gamma_pdc":-0.00473,"gamma_r":-0.473}