{"Date":"10/20/2011","Version":"NRELv1","Technology":"Mono-c-Si","BIPV":"N","A_c":1.482,"N_s":84.0,"T_NOCT":46.1,"I_sc_ref":4.95,"V_oc_ref":52.1,"I_mp_ref":4.58,"V_mp_ref":43.67,"alpha_sc":0.002277,"beta_oc":-0.18287,"a_ref":2.2837,"I_L_ref":4.955,"I_o_ref":5.93e-10,"R_s":0.35100000000000003,"R_sh_ref":339.98,"Adjust":13.84,"PTC":178.5,"pdc0":200.0,"gamma_pdc":-0.00473,"gamma_r":-0.473}