{"Date":"10/20/2011","Version":"NRELv1","Technology":"Multi-c-Si","BIPV":"N","A_c":1.476,"N_s":54.0,"T_NOCT":46.4,"I_sc_ref":8.67,"V_oc_ref":34.2,"I_mp_ref":8.03,"V_mp_ref":27.39,"alpha_sc":0.005115,"beta_oc":-0.11936,"a_ref":1.4922,"I_L_ref":8.687000000000001,"I_o_ref":9.43e-10,"R_s":0.311,"R_sh_ref":162.07,"Adjust":13.42,"PTC":195.9,"pdc0":220.0,"gamma_pdc":-0.00486,"gamma_r":-0.486}