{"Date":"10/20/2011","Version":"NRELv1","Technology":"Multi-c-Si","BIPV":"N","A_c":1.633,"N_s":60.0,"T_NOCT":46.4,"I_sc_ref":8.5,"V_oc_ref":36.4,"I_mp_ref":7.83,"V_mp_ref":29.2,"alpha_sc":0.0050149999999999995,"beta_oc":-0.12704000000000001,"a_ref":1.595,"I_L_ref":8.521,"I_o_ref":1.01e-09,"R_s":0.33,"R_sh_ref":136.43,"Adjust":14.29,"PTC":204.5,"pdc0":230.0,"gamma_pdc":-0.00486,"gamma_r":-0.486}