{"Date":"10/20/2011","Version":"NRELv1","Technology":"Multi-c-Si","BIPV":"N","A_c":1.946,"N_s":72.0,"T_NOCT":46.4,"I_sc_ref":8.43,"V_oc_ref":45.0,"I_mp_ref":7.81,"V_mp_ref":37.13,"alpha_sc":0.004974,"beta_oc":-0.15705,"a_ref":1.9988,"I_L_ref":8.441,"I_o_ref":1.3699999999999998e-09,"R_s":0.255,"R_sh_ref":199.04,"Adjust":17.21,"PTC":258.2,"pdc0":290.0,"gamma_pdc":-0.00486,"gamma_r":-0.486}