{"Vac":480.0,"Paco":22230.0,"Pdco":22765.6,"Vdco":720.0,"Pso":38.5944,"C0":-3.7159300000000004e-07,"C1":4.6358600000000005e-06,"C2":0.0008448969999999999,"C3":-0.000980902,"Pnt":0.49,"Vdcmax":900.0,"Mppt_low":600.0,"Mppt_high":900.0}