{"Vac":480.0,"Paco":100000.0,"Pdco":104680.0,"Vdco":341.0,"Pso":476.472,"C0":-2.89855e-07,"C1":5.2695e-05,"C2":0.00239725,"C3":0.00022857200000000002,"Pnt":36.0,"Vdcmax":480.0,"Mppt_low":295.0,"Mppt_high":480.0}