{"Vac":800.0,"Paco":1000000.0,"Pdco":1020789.7740000001,"Vdco":615.0,"Pso":4954.178301,"C0":-1.03e-08,"C1":8.48e-06,"C2":-0.000231,"C3":-0.00021,"Pnt":192.8,"Vdcmax":1000.0,"Mppt_low":550.0,"Mppt_high":1000.0}