{"Vac":480.0,"Paco":260000.0,"Pdco":269830.0,"Vdco":341.0,"Pso":1006.34,"C0":-1.07933e-07,"C1":1.88514e-05,"C2":0.00151279,"C3":-0.000697514,"Pnt":67.0,"Vdcmax":480.0,"Mppt_low":295.0,"Mppt_high":480.0}