{"Vac":480.0,"Paco":250000.0,"Pdco":256521.0,"Vdco":740.0,"Pso":1000.03,"C0":-5.94833e-08,"C1":3.5908800000000004e-05,"C2":0.0021668000000000004,"C3":-0.00019892599999999999,"Pnt":60.0,"Vdcmax":960.0,"Mppt_low":660.0,"Mppt_high":960.0}