{"Vac":480.0,"Paco":249500.0,"Pdco":260002.0,"Vdco":341.0,"Pso":657.696,"C0":-7.897510000000001e-08,"C1":4.0850300000000004e-05,"C2":0.00239565,"C3":0.000600022,"Pnt":54.14,"Vdcmax":480.0,"Mppt_low":295.0,"Mppt_high":480.0}