{"Vac":480.0,"Paco":20000.0,"Pdco":20468.6,"Vdco":720.0,"Pso":84.4451,"C0":-4.45103e-07,"C1":-2.72555e-06,"C2":0.000419891,"C3":-0.00100589,"Pnt":0.47,"Vdcmax":900.0,"Mppt_low":550.0,"Mppt_high":900.0}