{"Vac":480.0,"Paco":16100.0,"Pdco":16475.0,"Vdco":720.0,"Pso":45.9864,"C0":-3.32491e-07,"C1":-8.35592e-06,"C2":-0.000154729,"C3":-0.00332552,"Pnt":0.09,"Vdcmax":900.0,"Mppt_low":500.0,"Mppt_high":900.0}