{"Vac":480.0,"Paco":20040.0,"Pdco":20515.0,"Vdco":720.0,"Pso":53.9611,"C0":-5.14396e-07,"C1":5.08202e-06,"C2":0.000183859,"C3":-0.000645603,"Pnt":0.47,"Vdcmax":900.0,"Mppt_low":600.0,"Mppt_high":900.0}