{"Vac":480.0,"Paco":333000.0,"Pdco":342385.0,"Vdco":740.0,"Pso":1101.4,"C0":-5.52775e-08,"C1":4.41974e-05,"C2":0.00112759,"C3":0.00051588,"Pnt":60.0,"Vdcmax":960.0,"Mppt_low":660.0,"Mppt_high":960.0}