{"Vac":480.0,"Paco":12000.0,"Pdco":12274.3,"Vdco":720.0,"Pso":63.2569,"C0":-3.36691e-07,"C1":-1.2433599999999999e-05,"C2":-0.000531174,"C3":-0.00569706,"Pnt":0.47,"Vdcmax":900.0,"Mppt_low":450.0,"Mppt_high":900.0}