{"Vac":480.0,"Paco":20040.0,"Pdco":20515.3,"Vdco":720.0,"Pso":53.9462,"C0":-5.16025e-07,"C1":5.06632e-06,"C2":0.00018433599999999998,"C3":-0.00064454,"Pnt":0.47,"Vdcmax":900.0,"Mppt_low":600.0,"Mppt_high":900.0}