{"Vac":480.0,"Paco":19650.0,"Pdco":20118.1,"Vdco":720.0,"Pso":51.6275,"C0":-3.91667e-07,"C1":2.93203e-08,"C2":0.000659139,"C3":-0.00145335,"Pnt":0.087,"Vdcmax":900.0,"Mppt_low":550.0,"Mppt_high":900.0}