{"Vac":600.0,"Paco":35000.0,"Pdco":36630.5,"Vdco":341.0,"Pso":183.498,"C0":-6.07081e-07,"C1":4.14704e-05,"C2":0.00219306,"C3":-0.000238775,"Pnt":37.27,"Vdcmax":480.0,"Mppt_low":295.0,"Mppt_high":480.0}