{"Vac":480.0,"Paco":22230.0,"Pdco":22765.8,"Vdco":720.0,"Pso":38.2304,"C0":-3.71035e-07,"C1":4.63135e-06,"C2":0.000837799,"C3":-0.00098944,"Pnt":0.49,"Vdcmax":900.0,"Mppt_low":600.0,"Mppt_high":900.0}