{"Vac":480.0,"Paco":12120.0,"Pdco":12399.1,"Vdco":720.0,"Pso":46.8245,"C0":-2.42371e-07,"C1":-1.05177e-05,"C2":-0.000612381,"C3":-0.00824904,"Pnt":0.87,"Vdcmax":900.0,"Mppt_low":450.0,"Mppt_high":900.0}