{"Vac":480.0,"Paco":500000.0,"Pdco":516709.0,"Vdco":740.0,"Pso":1196.81,"C0":-5.3764199999999995e-08,"C1":5.7087e-05,"C2":0.000926108,"C3":0.000273693,"Pnt":85.0,"Vdcmax":960.0,"Mppt_low":660.0,"Mppt_high":960.0}