{"Vac":600.0,"Paco":500000.0,"Pdco":519494.0,"Vdco":353.0,"Pso":1210.5,"C0":-4.17039e-08,"C1":1.95961e-05,"C2":0.00229944,"C3":-0.0007357510000000001,"Pnt":69.04,"Vdcmax":480.0,"Mppt_low":310.0,"Mppt_high":480.0}