{"Vac":208.0,"Paco":75000.0,"Pdco":78682.5,"Vdco":341.0,"Pso":438.01199999999994,"C0":-2.79128e-07,"C1":5.5353000000000003e-05,"C2":0.0030134,"C3":0.00102013,"Pnt":50.0,"Vdcmax":480.0,"Mppt_low":295.0,"Mppt_high":480.0}