{"Vac":480.0,"Paco":333000.0,"Pdco":342459.0,"Vdco":740.0,"Pso":1161.53,"C0":-5.943309999999999e-08,"C1":4.3203100000000007e-05,"C2":0.00104588,"C3":0.000357446,"Pnt":60.0,"Vdcmax":960.0,"Mppt_low":660.0,"Mppt_high":960.0}