{"Vac":480.0,"Paco":250000.0,"Pdco":256444.0,"Vdco":740.0,"Pso":974.18,"C0":-5.659640000000001e-08,"C1":3.88553e-05,"C2":0.00250486,"C3":0.00039069800000000003,"Pnt":60.0,"Vdcmax":960.0,"Mppt_low":660.0,"Mppt_high":960.0}