{"Date":"08.01.2012","Version":"NRELv1","Technology":"Mono-c-Si","BIPV":"N","A_c":1.58,"N_s":60.0,"T_NOCT":48.7,"I_sc_ref":8.5,"V_oc_ref":37.1,"I_mp_ref":8.0,"V_mp_ref":29.9,"alpha_sc":0.008415,"beta_oc":-0.13579000000000002,"a_ref":1.6676,"I_L_ref":8.501,"I_o_ref":1.85e-09,"R_s":0.303,"R_sh_ref":1948.05,"Adjust":13.88,"PTC":206.5,"pdc0":235.0,"gamma_pdc":-0.00486,"gamma_r":-0.486}