{"Date":"10/30/2012","Version":"NRELv1","Technology":"Mono-c-Si","BIPV":"N","A_c":1.58,"N_s":60.0,"T_NOCT":47.8,"I_sc_ref":8.92,"V_oc_ref":38.0,"I_mp_ref":8.36,"V_mp_ref":30.51,"alpha_sc":0.007047,"beta_oc":-0.13262000000000002,"a_ref":1.6447,"I_L_ref":8.927,"I_o_ref":8.17e-10,"R_s":0.327,"R_sh_ref":441.7,"Adjust":11.58,"PTC":227.1,"pdc0":255.0,"gamma_pdc":-0.0046500000000000005,"gamma_r":-0.465}