{"Date":"08.03.2011","Version":"MM107","Technology":"Mono-c-Si","BIPV":"N","A_c":1.501,"N_s":60.0,"T_NOCT":46.2,"I_sc_ref":8.8,"V_oc_ref":36.7,"I_mp_ref":8.1,"V_mp_ref":29.65,"alpha_sc":0.006248,"beta_oc":-0.13726,"a_ref":1.6295,"I_L_ref":8.82,"I_o_ref":1.4099999999999999e-09,"R_s":0.287,"R_sh_ref":128.24,"Adjust":8.9,"PTC":214.8,"pdc0":240.0,"gamma_pdc":-0.0047799999999999995,"gamma_r":-0.478}