{"Date":"11.09.2009","Version":"MM106","Technology":"Mono-c-Si","BIPV":"N","A_c":1.7,"N_s":96.0,"T_NOCT":42.4,"I_sc_ref":5.1,"V_oc_ref":59.4,"I_mp_ref":4.69,"V_mp_ref":46.9,"alpha_sc":0.004539,"beta_oc":-0.22216,"a_ref":2.6373,"I_L_ref":5.114,"I_o_ref":8.200000000000001e-10,"R_s":1.065,"R_sh_ref":381.68,"Adjust":8.7,"PTC":200.1,"pdc0":220.0,"gamma_pdc":-0.00476,"gamma_r":-0.47600000000000003}