{"Date":"01.04.2010","Version":"MM106","Technology":"Multi-c-Si","BIPV":"N","A_c":1.609,"N_s":60.0,"T_NOCT":43.6,"I_sc_ref":8.19,"V_oc_ref":36.7,"I_mp_ref":7.63,"V_mp_ref":29.5,"alpha_sc":0.002948,"beta_oc":-0.12735,"a_ref":1.4606,"I_L_ref":8.206,"I_o_ref":9.820000000000001e-11,"R_s":0.375,"R_sh_ref":196.46,"Adjust":-4.4,"PTC":206.3,"pdc0":225.0,"gamma_pdc":-0.00417,"gamma_r":-0.41700000000000004}