{"Date":"11.09.2009","Version":"MM106","Technology":"Mono-c-Si","BIPV":"N","A_c":1.7,"N_s":96.0,"T_NOCT":42.4,"I_sc_ref":5.25,"V_oc_ref":58.8,"I_mp_ref":4.84,"V_mp_ref":47.5,"alpha_sc":0.004673,"beta_oc":-0.21996999999999997,"a_ref":2.6435,"I_L_ref":5.261,"I_o_ref":1.1199999999999999e-09,"R_s":0.759,"R_sh_ref":377.27,"Adjust":11.2,"PTC":209.4,"pdc0":230.0,"gamma_pdc":-0.00476,"gamma_r":-0.47600000000000003}