{"Date":"01.04.2010","Version":"MM106","Technology":"Multi-c-Si","BIPV":"N","A_c":1.609,"N_s":60.0,"T_NOCT":43.6,"I_sc_ref":8.34,"V_oc_ref":36.8,"I_mp_ref":7.71,"V_mp_ref":29.8,"alpha_sc":0.003002,"beta_oc":-0.1277,"a_ref":1.4771,"I_L_ref":8.361,"I_o_ref":1.2200000000000002e-10,"R_s":0.335,"R_sh_ref":132.91,"Adjust":-2.8,"PTC":211.0,"pdc0":230.0,"gamma_pdc":-0.00417,"gamma_r":-0.41700000000000004}