{"Date":"10.05.2009","Version":"MM106","Technology":"Mono-c-Si","BIPV":"N","A_c":1.278,"N_s":72.0,"T_NOCT":42.4,"I_sc_ref":5.29,"V_oc_ref":44.3,"I_mp_ref":4.89,"V_mp_ref":35.8,"alpha_sc":0.0047079999999999995,"beta_oc":-0.16568,"a_ref":1.9892,"I_L_ref":5.2989999999999995,"I_o_ref":1.1e-09,"R_s":0.565,"R_sh_ref":318.07,"Adjust":11.0,"PTC":159.4,"pdc0":175.0,"gamma_pdc":-0.00476,"gamma_r":-0.47600000000000003}