{"Technology":"Mono-c-Si","BIPV":"N","A_c":1.6269999999999998,"N_s":60.0,"T_NOCT":47.0,"PTC":275.5,"pdc0":290.0,"gamma_pdc":-0.00227}