{"Date":"08.05.2009","Version":"MM106","Technology":"Mono-c-Si","BIPV":"N","A_c":1.114,"N_s":72.0,"T_NOCT":47.6,"I_sc_ref":5.61,"V_oc_ref":44.6,"I_mp_ref":4.95,"V_mp_ref":36.3,"alpha_sc":0.0023510000000000002,"beta_oc":-0.17439000000000002,"a_ref":2.1066,"I_L_ref":5.636,"I_o_ref":3.3e-09,"R_s":0.441,"R_sh_ref":95.68,"Adjust":16.3,"PTC":157.7,"pdc0":180.0,"gamma_pdc":-0.005329999999999999,"gamma_r":-0.5329999999999999}