{"Date":"06.09.2010","Version":"MM107","Technology":"Multi-c-Si","BIPV":"N","A_c":1.47,"N_s":54.0,"T_NOCT":45.3,"I_sc_ref":7.72,"V_oc_ref":32.5,"I_mp_ref":7.1,"V_mp_ref":26.78,"alpha_sc":0.003868,"beta_oc":-0.11599000000000001,"a_ref":1.4981,"I_L_ref":7.732,"I_o_ref":2.8300000000000004e-09,"R_s":0.191,"R_sh_ref":124.82,"Adjust":22.4,"PTC":167.9,"pdc0":190.0,"gamma_pdc":-0.00528,"gamma_r":-0.528}