{"Date":"06.09.2010","Version":"MM107","Technology":"Multi-c-Si","BIPV":"N","A_c":1.6269999999999998,"N_s":60.0,"T_NOCT":45.6,"I_sc_ref":8.3,"V_oc_ref":36.5,"I_mp_ref":7.99,"V_mp_ref":29.4,"alpha_sc":0.0053950000000000005,"beta_oc":-0.1241,"a_ref":1.5252,"I_L_ref":8.446,"I_o_ref":3.42e-10,"R_s":0.331,"R_sh_ref":100000.0,"Adjust":7.2,"PTC":212.1,"pdc0":235.0,"gamma_pdc":-0.00446,"gamma_r":-0.446}