{"Date":"06.09.2010","Version":"MM107","Technology":"Multi-c-Si","BIPV":"N","A_c":1.739,"N_s":72.0,"T_NOCT":47.0,"I_sc_ref":7.9,"V_oc_ref":43.63,"I_mp_ref":7.42,"V_mp_ref":36.4,"alpha_sc":0.005121,"beta_oc":-0.16588,"a_ref":2.0362,"I_L_ref":7.902,"I_o_ref":3.88e-09,"R_s":0.17600000000000002,"R_sh_ref":693.01,"Adjust":17.4,"PTC":237.2,"pdc0":270.0,"gamma_pdc":-0.0053,"gamma_r":-0.53}