{"Date":"08.05.2009","Version":"MM106","Technology":"Multi-c-Si","BIPV":"N","A_c":1.739,"N_s":72.0,"T_NOCT":47.0,"I_sc_ref":7.9,"V_oc_ref":43.6,"I_mp_ref":7.42,"V_mp_ref":36.4,"alpha_sc":0.005118999999999999,"beta_oc":-0.16577,"a_ref":2.0358,"I_L_ref":7.902,"I_o_ref":3.9200000000000005e-09,"R_s":0.172,"R_sh_ref":686.56,"Adjust":17.5,"PTC":237.2,"pdc0":270.0,"gamma_pdc":-0.0053,"gamma_r":-0.53}