{"Date":"08.05.2009","Version":"MM106","Technology":"Multi-c-Si","BIPV":"N","A_c":1.47,"N_s":54.0,"T_NOCT":45.3,"I_sc_ref":7.86,"V_oc_ref":32.7,"I_mp_ref":7.36,"V_mp_ref":27.2,"alpha_sc":0.0039380000000000005,"beta_oc":-0.11671,"a_ref":1.4988,"I_L_ref":7.864,"I_o_ref":2.6e-09,"R_s":0.153,"R_sh_ref":332.81,"Adjust":21.3,"PTC":176.9,"pdc0":200.0,"gamma_pdc":-0.00528,"gamma_r":-0.528}