{"Date":"08.05.2009","Version":"MM106","Technology":"Multi-c-Si","BIPV":"N","A_c":1.739,"N_s":72.0,"T_NOCT":47.0,"I_sc_ref":7.96,"V_oc_ref":43.8,"I_mp_ref":7.49,"V_mp_ref":36.7,"alpha_sc":0.005158,"beta_oc":-0.16652999999999998,"a_ref":2.0469999999999997,"I_L_ref":7.961,"I_o_ref":4.0299999999999995e-09,"R_s":0.151,"R_sh_ref":888.21,"Adjust":17.7,"PTC":241.7,"pdc0":275.0,"gamma_pdc":-0.0053,"gamma_r":-0.53}