{"Date":"6/14/2010","Version":"MM107","Technology":"Mono-c-Si","BIPV":"N","A_c":1.28,"N_s":72.0,"T_NOCT":48.1,"I_sc_ref":5.15,"V_oc_ref":44.2,"I_mp_ref":4.89,"V_mp_ref":35.8,"alpha_sc":0.002112,"beta_oc":-0.17724,"a_ref":2.0011,"I_L_ref":5.186,"I_o_ref":1.32e-09,"R_s":0.545,"R_sh_ref":100000.0,"Adjust":5.7,"PTC":151.6,"pdc0":175.0,"gamma_pdc":-0.005390000000000001,"gamma_r":-0.539}