{"Date":"6/14/2010","Version":"MM107","Technology":"Mono-c-Si","BIPV":"N","A_c":1.28,"N_s":72.0,"T_NOCT":48.1,"I_sc_ref":5.6,"V_oc_ref":44.6,"I_mp_ref":5.0,"V_mp_ref":37.0,"alpha_sc":0.0022960000000000003,"beta_oc":-0.17885,"a_ref":2.128,"I_L_ref":5.6129999999999995,"I_o_ref":4.13e-09,"R_s":0.275,"R_sh_ref":115.17,"Adjust":15.5,"PTC":160.6,"pdc0":185.0,"gamma_pdc":-0.005390000000000001,"gamma_r":-0.539}