{"Date":"5/22/2012","Version":"NRELv1","Technology":"Mono-c-Si","BIPV":"N","A_c":1.94,"N_s":72.0,"T_NOCT":48.6,"I_sc_ref":8.11,"V_oc_ref":44.24,"I_mp_ref":7.58,"V_mp_ref":36.94,"alpha_sc":0.007867,"beta_oc":-0.18137999999999999,"a_ref":2.073,"I_L_ref":8.113,"I_o_ref":4.31e-09,"R_s":0.16699999999999998,"R_sh_ref":388.34,"Adjust":9.346,"PTC":245.5,"pdc0":280.0,"gamma_pdc":-0.00493,"gamma_r":-0.493}