{"Vac":480.0,"Paco":26403.0,"Pdco":26885.2,"Vdco":710.0,"Pso":69.9414,"C0":-2.5204e-07,"C1":-2.7448899999999997e-05,"C2":-0.00120454,"C3":-0.000929858,"Pnt":2.6,"Vdcmax":830.0,"Mppt_low":415.0,"Mppt_high":830.0}