{"Vac":480.0,"Paco":30709.0,"Pdco":31290.2,"Vdco":710.0,"Pso":69.9159,"C0":-2.66135e-07,"C1":-2.25708e-05,"C2":-0.00147268,"C3":-0.00143025,"Pnt":2.4,"Vdcmax":830.0,"Mppt_low":485.0,"Mppt_high":830.0}