{"Vac":480.0,"Paco":39737.0,"Pdco":40561.0,"Vdco":710.0,"Pso":87.1853,"C0":-2.71883e-07,"C1":-1.41594e-05,"C2":-0.0008143889999999999,"C3":-0.000410415,"Pnt":2.9,"Vdcmax":830.0,"Mppt_low":520.0,"Mppt_high":830.0}