{"Vac":480.0,"Paco":65470.0,"Pdco":66772.5,"Vdco":710.0,"Pso":104.13600000000001,"C0":-1.67792e-07,"C1":-2.7601999999999998e-05,"C2":-0.00613926,"C3":-0.00352461,"Pnt":2.8630299999999997,"Vdcmax":800.0,"Mppt_low":540.0,"Mppt_high":800.0}