{"Date":"12.01.2011","Version":"NRELv1","Technology":"Multi-c-Si","BIPV":"N","A_c":1.659,"N_s":60.0,"T_NOCT":46.5,"I_sc_ref":8.5,"V_oc_ref":37.44,"I_mp_ref":7.98,"V_mp_ref":31.2,"alpha_sc":0.005236,"beta_oc":-0.12629,"a_ref":1.6271,"I_L_ref":8.504,"I_o_ref":8.530000000000001e-10,"R_s":0.177,"R_sh_ref":350.36,"Adjust":16.57,"PTC":214.5,"pdc0":240.0,"gamma_pdc":-0.0046500000000000005,"gamma_r":-0.465}