{"Date":"12.01.2011","Version":"NRELv1","Technology":"Mono-c-Si","BIPV":"N","A_c":1.95,"N_s":72.0,"T_NOCT":46.2,"I_sc_ref":8.66,"V_oc_ref":45.43,"I_mp_ref":8.22,"V_mp_ref":37.8,"alpha_sc":0.004728,"beta_oc":-0.15633,"a_ref":1.9445,"I_L_ref":8.751,"I_o_ref":6.169999999999999e-10,"R_s":0.22399999999999998,"R_sh_ref":435.16,"Adjust":11.1,"PTC":269.7,"pdc0":300.0,"gamma_pdc":-0.00457,"gamma_r":-0.457}