{"Vac":480.0,"Paco":22230.0,"Pdco":22768.6,"Vdco":720.0,"Pso":41.1061,"C0":-4.0285899999999997e-07,"C1":4.29962e-06,"C2":0.000820517,"C3":-0.00104765,"Pnt":0.49,"Vdcmax":900.0,"Mppt_low":600.0,"Mppt_high":900.0}