{"Vac":480.0,"Paco":12120.0,"Pdco":12398.8,"Vdco":720.0,"Pso":46.4434,"C0":-2.2081999999999996e-07,"C1":-1.1379100000000001e-05,"C2":-0.0004981909999999999,"C3":-0.0082559,"Pnt":0.87,"Vdcmax":900.0,"Mppt_low":450.0,"Mppt_high":900.0}