{"Date":"10/26/2011","Version":"NRELv1","Technology":"Multi-c-Si","BIPV":"N","A_c":1.465,"N_s":54.0,"T_NOCT":46.9,"I_sc_ref":8.05,"V_oc_ref":33.7,"I_mp_ref":7.45,"V_mp_ref":26.9,"alpha_sc":0.004258,"beta_oc":-0.12867,"a_ref":1.5044,"I_L_ref":8.065,"I_o_ref":1.4699999999999999e-09,"R_s":0.335,"R_sh_ref":179.04,"Adjust":8.142000000000001,"PTC":175.9,"pdc0":200.0,"gamma_pdc":-0.00512,"gamma_r":-0.512}