{"Date":"10/26/2011","Version":"NRELv1","Technology":"Multi-c-Si","BIPV":"N","A_c":1.311,"N_s":48.0,"T_NOCT":46.9,"I_sc_ref":8.02,"V_oc_ref":29.3,"I_mp_ref":7.49,"V_mp_ref":24.0,"alpha_sc":0.004243,"beta_oc":-0.11187000000000001,"a_ref":1.3217,"I_L_ref":8.026,"I_o_ref":1.8600000000000002e-09,"R_s":0.195,"R_sh_ref":248.76,"Adjust":10.25,"PTC":158.3,"pdc0":180.0,"gamma_pdc":-0.00512,"gamma_r":-0.512}