{"Date":"10/26/2011","Version":"NRELv1","Technology":"Multi-c-Si","BIPV":"N","A_c":1.311,"N_s":48.0,"T_NOCT":46.9,"I_sc_ref":8.1,"V_oc_ref":29.5,"I_mp_ref":7.6,"V_mp_ref":24.3,"alpha_sc":0.004285,"beta_oc":-0.11263,"a_ref":1.3314,"I_L_ref":8.104,"I_o_ref":1.9100000000000002e-09,"R_s":0.174,"R_sh_ref":383.94,"Adjust":10.38,"PTC":162.9,"pdc0":185.0,"gamma_pdc":-0.00512,"gamma_r":-0.512}