{"Technology":"Multi-c-Si","BIPV":"N","A_c":1.3219999999999998,"N_s":48.0,"T_NOCT":45.7,"PTC":161.6,"pdc0":180.0,"gamma_pdc":-0.00459499}