{"Date":"10.05.2010","Version":"MM107","Technology":"Mono-c-Si","BIPV":"N","A_c":1.262,"N_s":72.0,"T_NOCT":47.5,"I_sc_ref":5.76,"V_oc_ref":43.2,"I_mp_ref":5.14,"V_mp_ref":36.0,"alpha_sc":0.00288,"beta_oc":-0.13824,"a_ref":1.8852,"I_L_ref":5.777,"I_o_ref":5.97e-10,"R_s":0.295,"R_sh_ref":100.09,"Adjust":23.4,"PTC":165.2,"pdc0":185.0,"gamma_pdc":-0.0045000000000000005,"gamma_r":-0.45}