{"Date":"10.05.2010","Version":"MM107","Technology":"Mono-c-Si","BIPV":"N","A_c":1.618,"N_s":60.0,"T_NOCT":48.2,"I_sc_ref":8.59,"V_oc_ref":36.0,"I_mp_ref":7.67,"V_mp_ref":30.0,"alpha_sc":0.003436,"beta_oc":-0.1152,"a_ref":1.5722,"I_L_ref":8.615,"I_o_ref":9.070000000000001e-10,"R_s":0.165,"R_sh_ref":56.51,"Adjust":23.7,"PTC":203.9,"pdc0":230.0,"gamma_pdc":-0.0046,"gamma_r":-0.46}