{"Technology":"Mono-c-Si","BIPV":"N","A_c":1.2770000000000001,"N_s":72.0,"T_NOCT":45.8,"PTC":136.5,"pdc0":155.0,"gamma_pdc":-0.00522}