{"Date":"05.05.2011","Version":"MM107","Technology":"Mono-c-Si","BIPV":"N","A_c":1.6119999999999999,"N_s":60.0,"T_NOCT":46.3,"I_sc_ref":8.81,"V_oc_ref":37.27,"I_mp_ref":8.14,"V_mp_ref":29.31,"alpha_sc":0.00259,"beta_oc":-0.14278,"a_ref":1.6148,"I_L_ref":8.832,"I_o_ref":8.150000000000001e-10,"R_s":0.41200000000000003,"R_sh_ref":167.6,"Adjust":2.1,"PTC":210.6,"pdc0":238.0,"gamma_pdc":-0.00512,"gamma_r":-0.512}