{"Date":"05.05.2011","Version":"MM107","Technology":"Mono-c-Si","BIPV":"N","A_c":1.6119999999999999,"N_s":60.0,"T_NOCT":46.3,"I_sc_ref":8.77,"V_oc_ref":37.35,"I_mp_ref":8.2,"V_mp_ref":29.2,"alpha_sc":0.002578,"beta_oc":-0.14309000000000002,"a_ref":1.6014,"I_L_ref":8.777999999999999,"I_o_ref":6.46e-10,"R_s":0.44,"R_sh_ref":480.39,"Adjust":0.2,"PTC":211.5,"pdc0":239.0,"gamma_pdc":-0.00512,"gamma_r":-0.512}