{"Date":"05.05.2011","Version":"MM107","Technology":"Mono-c-Si","BIPV":"N","A_c":1.6119999999999999,"N_s":60.0,"T_NOCT":46.3,"I_sc_ref":8.83,"V_oc_ref":37.04,"I_mp_ref":8.16,"V_mp_ref":29.02,"alpha_sc":0.0025960000000000002,"beta_oc":-0.1419,"a_ref":1.6014,"I_L_ref":8.852,"I_o_ref":7.779999999999999e-10,"R_s":0.424,"R_sh_ref":171.0,"Adjust":1.7,"PTC":208.8,"pdc0":236.0,"gamma_pdc":-0.00512,"gamma_r":-0.512}