{"Date":"05.05.2011","Version":"MM107","Technology":"Mono-c-Si","BIPV":"N","A_c":1.6119999999999999,"N_s":60.0,"T_NOCT":46.3,"I_sc_ref":8.85,"V_oc_ref":36.8,"I_mp_ref":8.17,"V_mp_ref":28.72,"alpha_sc":0.002602,"beta_oc":-0.14098,"a_ref":1.5877,"I_L_ref":8.874,"I_o_ref":7.43e-10,"R_s":0.43700000000000006,"R_sh_ref":163.47,"Adjust":1.3,"PTC":207.0,"pdc0":234.0,"gamma_pdc":-0.00512,"gamma_r":-0.512}