{"Date":"05.05.2011","Version":"MM107","Technology":"Mono-c-Si","BIPV":"N","A_c":1.6119999999999999,"N_s":60.0,"T_NOCT":46.3,"I_sc_ref":8.88,"V_oc_ref":36.45,"I_mp_ref":8.2,"V_mp_ref":28.28,"alpha_sc":0.002611,"beta_oc":-0.13964000000000001,"a_ref":1.5667,"I_L_ref":8.904,"I_o_ref":6.84e-10,"R_s":0.456,"R_sh_ref":168.75,"Adjust":0.6,"PTC":204.3,"pdc0":231.0,"gamma_pdc":-0.00512,"gamma_r":-0.512}