{"Date":"05.05.2011","Version":"MM107","Technology":"Mono-c-Si","BIPV":"N","A_c":1.6119999999999999,"N_s":60.0,"T_NOCT":46.3,"I_sc_ref":8.77,"V_oc_ref":37.55,"I_mp_ref":7.94,"V_mp_ref":30.6,"alpha_sc":0.002578,"beta_oc":-0.14385,"a_ref":1.6857,"I_L_ref":8.798,"I_o_ref":1.7600000000000001e-09,"R_s":0.254,"R_sh_ref":79.36,"Adjust":8.8,"PTC":215.2,"pdc0":243.0,"gamma_pdc":-0.00512,"gamma_r":-0.512}