{"Date":"05.05.2011","Version":"MM107","Technology":"Mono-c-Si","BIPV":"N","A_c":1.6119999999999999,"N_s":60.0,"T_NOCT":46.3,"I_sc_ref":8.86,"V_oc_ref":36.69,"I_mp_ref":8.18,"V_mp_ref":28.57,"alpha_sc":0.002605,"beta_oc":-0.14056,"a_ref":1.5813,"I_L_ref":8.884,"I_o_ref":7.26e-10,"R_s":0.445,"R_sh_ref":165.57,"Adjust":1.1,"PTC":206.1,"pdc0":233.0,"gamma_pdc":-0.00512,"gamma_r":-0.512}