{"Date":"05.05.2011","Version":"MM107","Technology":"Mono-c-Si","BIPV":"N","A_c":1.6119999999999999,"N_s":60.0,"T_NOCT":46.3,"I_sc_ref":8.91,"V_oc_ref":36.1,"I_mp_ref":8.23,"V_mp_ref":27.83,"alpha_sc":0.00262,"beta_oc":-0.1383,"a_ref":1.5459,"I_L_ref":8.934,"I_o_ref":6.3e-10,"R_s":0.47600000000000003,"R_sh_ref":175.52,"Adjust":-0.1,"PTC":201.5,"pdc0":228.0,"gamma_pdc":-0.00512,"gamma_r":-0.512}