{"Date":"05.05.2011","Version":"MM107","Technology":"Mono-c-Si","BIPV":"N","A_c":1.6119999999999999,"N_s":60.0,"T_NOCT":46.3,"I_sc_ref":8.9,"V_oc_ref":36.22,"I_mp_ref":8.22,"V_mp_ref":27.98,"alpha_sc":0.002617,"beta_oc":-0.13876,"a_ref":1.5527,"I_L_ref":8.924,"I_o_ref":6.45e-10,"R_s":0.47,"R_sh_ref":173.17,"Adjust":0.1,"PTC":202.4,"pdc0":229.0,"gamma_pdc":-0.00512,"gamma_r":-0.512}