{"Date":"05.05.2011","Version":"MM107","Technology":"Mono-c-Si","BIPV":"N","A_c":1.6119999999999999,"N_s":60.0,"T_NOCT":46.3,"I_sc_ref":8.73,"V_oc_ref":38.25,"I_mp_ref":8.13,"V_mp_ref":30.18,"alpha_sc":0.0025670000000000003,"beta_oc":-0.14654,"a_ref":1.6533,"I_L_ref":8.743,"I_o_ref":7.72e-10,"R_s":0.41200000000000003,"R_sh_ref":285.54,"Adjust":1.7,"PTC":217.0,"pdc0":245.0,"gamma_pdc":-0.00512,"gamma_r":-0.512}