{"Date":"05.05.2011","Version":"MM107","Technology":"Mono-c-Si","BIPV":"N","A_c":1.6119999999999999,"N_s":60.0,"T_NOCT":46.3,"I_sc_ref":8.87,"V_oc_ref":36.57,"I_mp_ref":8.19,"V_mp_ref":28.42,"alpha_sc":0.0026079999999999996,"beta_oc":-0.1401,"a_ref":1.5736,"I_L_ref":8.894,"I_o_ref":7.000000000000001e-10,"R_s":0.451,"R_sh_ref":167.2,"Adjust":0.8,"PTC":205.2,"pdc0":232.0,"gamma_pdc":-0.00512,"gamma_r":-0.512}