{"Date":"02.11.2010","Version":"MM107","Technology":"a-Si/nc","BIPV":"N","A_c":1.43,"N_s":211.0,"T_NOCT":45.1,"I_sc_ref":1.48,"V_oc_ref":126.6,"I_mp_ref":1.24,"V_mp_ref":93.02,"alpha_sc":0.000607,"beta_oc":-0.3874,"a_ref":4.3257,"I_L_ref":1.528,"I_o_ref":2.49e-13,"R_s":16.722,"R_sh_ref":510.75,"Adjust":-23.1,"PTC":107.5,"pdc0":115.0,"gamma_pdc":-0.0027800000000000004,"gamma_r":-0.278}