{"Date":"02.11.2010","Version":"MM107","Technology":"a-Si/nc","BIPV":"N","A_c":1.43,"N_s":211.0,"T_NOCT":45.1,"I_sc_ref":1.51,"V_oc_ref":131.5,"I_mp_ref":1.29,"V_mp_ref":97.02,"alpha_sc":0.0006190000000000001,"beta_oc":-0.40239,"a_ref":4.4568,"I_L_ref":1.55,"I_o_ref":2.05e-13,"R_s":16.47,"R_sh_ref":617.1,"Adjust":-24.5,"PTC":116.9,"pdc0":125.0,"gamma_pdc":-0.0027800000000000004,"gamma_r":-0.278}