{"Date":"02.11.2010","Version":"MM107","Technology":"Mono-c-Si","BIPV":"N","A_c":1.2670000000000001,"N_s":72.0,"T_NOCT":46.2,"I_sc_ref":5.1,"V_oc_ref":44.1,"I_mp_ref":4.73,"V_mp_ref":35.0,"alpha_sc":0.001887,"beta_oc":-0.14597000000000002,"a_ref":1.8209,"I_L_ref":5.112,"I_o_ref":1.51e-10,"R_s":0.8029999999999999,"R_sh_ref":349.87,"Adjust":7.8,"PTC":147.6,"pdc0":165.0,"gamma_pdc":-0.00458,"gamma_r":-0.45799999999999996}