{"Date":"02.11.2010","Version":"MM107","Technology":"Mono-c-Si","BIPV":"N","A_c":1.2670000000000001,"N_s":72.0,"T_NOCT":46.2,"I_sc_ref":5.17,"V_oc_ref":44.2,"I_mp_ref":4.84,"V_mp_ref":35.0,"alpha_sc":0.001913,"beta_oc":-0.1463,"a_ref":1.8132,"I_L_ref":5.176,"I_o_ref":1.32e-10,"R_s":0.813,"R_sh_ref":692.65,"Adjust":6.5,"PTC":152.2,"pdc0":170.0,"gamma_pdc":-0.00458,"gamma_r":-0.45799999999999996}