{"Date":"02.11.2010","Version":"MM107","Technology":"Mono-c-Si","BIPV":"N","A_c":1.2670000000000001,"N_s":72.0,"T_NOCT":46.2,"I_sc_ref":5.26,"V_oc_ref":44.5,"I_mp_ref":4.93,"V_mp_ref":35.5,"alpha_sc":0.001946,"beta_oc":-0.1473,"a_ref":1.8316,"I_L_ref":5.265,"I_o_ref":1.46e-10,"R_s":0.741,"R_sh_ref":719.45,"Adjust":7.2,"PTC":156.8,"pdc0":175.0,"gamma_pdc":-0.00458,"gamma_r":-0.45799999999999996}