{"Date":"02.11.2010","Version":"MM107","Technology":"Mono-c-Si","BIPV":"N","A_c":1.2670000000000001,"N_s":72.0,"T_NOCT":46.2,"I_sc_ref":5.42,"V_oc_ref":44.6,"I_mp_ref":5.21,"V_mp_ref":35.5,"alpha_sc":0.0020050000000000003,"beta_oc":-0.14762999999999998,"a_ref":1.8237,"I_L_ref":5.51,"I_o_ref":1.32e-10,"R_s":0.727,"R_sh_ref":100000.0,"Adjust":5.9,"PTC":166.0,"pdc0":185.0,"gamma_pdc":-0.00458,"gamma_r":-0.45799999999999996}