{"Vac":240.0,"Paco":289.0,"Pdco":300.382,"Vdco":31.0,"Pso":2.26962,"C0":-4.0353000000000005e-05,"C1":-3.78915e-05,"C2":0.0222524,"C3":0.0418531,"Pnt":0.1,"Vdcmax":43.0,"Mppt_low":26.0,"Mppt_high":43.0}