{"Date":"7/14/2009","Version":"MM106","Technology":"Mono-c-Si","BIPV":"N","A_c":1.2770000000000001,"N_s":72.0,"T_NOCT":45.8,"I_sc_ref":5.0,"V_oc_ref":43.2,"I_mp_ref":4.7,"V_mp_ref":34.4,"alpha_sc":0.00302,"beta_oc":-0.17159000000000002,"a_ref":1.9569,"I_L_ref":5.0,"I_o_ref":1.29e-09,"R_s":0.695,"R_sh_ref":7011.44,"Adjust":6.6,"PTC":140.7,"pdc0":160.0,"gamma_pdc":-0.0053100000000000005,"gamma_r":-0.531}