{"Date":"7/14/2009","Version":"MM106","Technology":"Mono-c-Si","BIPV":"N","A_c":1.2770000000000001,"N_s":72.0,"T_NOCT":45.8,"I_sc_ref":5.0,"V_oc_ref":44.5,"I_mp_ref":4.6,"V_mp_ref":35.8,"alpha_sc":0.00302,"beta_oc":-0.17675,"a_ref":2.0564,"I_L_ref":5.01,"I_o_ref":1.94e-09,"R_s":0.615,"R_sh_ref":296.22,"Adjust":10.3,"PTC":145.2,"pdc0":165.0,"gamma_pdc":-0.0053100000000000005,"gamma_r":-0.531}