{"Date":"7/14/2009","Version":"MM106","Technology":"Mono-c-Si","BIPV":"N","A_c":1.2770000000000001,"N_s":72.0,"T_NOCT":45.8,"I_sc_ref":5.0,"V_oc_ref":43.1,"I_mp_ref":4.6,"V_mp_ref":34.1,"alpha_sc":0.00302,"beta_oc":-0.17119,"a_ref":1.9712,"I_L_ref":5.012,"I_o_ref":1.56e-09,"R_s":0.746,"R_sh_ref":305.14,"Adjust":8.3,"PTC":136.2,"pdc0":155.0,"gamma_pdc":-0.0053100000000000005,"gamma_r":-0.531}