{"Date":"7/14/2009","Version":"MM106","Technology":"Mono-c-Si","BIPV":"N","A_c":1.2770000000000001,"N_s":72.0,"T_NOCT":45.8,"I_sc_ref":5.1,"V_oc_ref":44.2,"I_mp_ref":4.8,"V_mp_ref":35.8,"alpha_sc":0.0030800000000000003,"beta_oc":-0.17556,"a_ref":2.022,"I_L_ref":5.101,"I_o_ref":1.6399999999999997e-09,"R_s":0.546,"R_sh_ref":4495.86,"Adjust":8.5,"PTC":149.7,"pdc0":170.0,"gamma_pdc":-0.0053100000000000005,"gamma_r":-0.531}