{"Technology":"Mono-c-Si","BIPV":"N","A_c":1.6369999999999998,"N_s":60.0,"T_NOCT":46.6,"PTC":211.5,"pdc0":235.0,"gamma_pdc":-0.0043507}