{"Technology":"Multi-c-Si","BIPV":"N","A_c":1.6369999999999998,"N_s":60.0,"T_NOCT":46.1,"PTC":226.0,"pdc0":250.0,"gamma_pdc":-0.00435}