{"Date":"08.01.2012","Version":"NRELv1","Technology":"Multi-c-Si","BIPV":"N","A_c":1.6369999999999998,"N_s":60.0,"T_NOCT":46.6,"I_sc_ref":8.37,"V_oc_ref":37.74,"I_mp_ref":8.03,"V_mp_ref":29.88,"alpha_sc":0.006328,"beta_oc":-0.14575,"a_ref":1.5724,"I_L_ref":8.542,"I_o_ref":3.2000000000000003e-10,"R_s":0.413,"R_sh_ref":855.49,"Adjust":-6.25,"PTC":216.3,"pdc0":240.0,"gamma_pdc":-0.004320000000000001,"gamma_r":-0.43200000000000005}