{"Date":"10/19/2009","Version":"MM106","Technology":"Multi-c-Si","BIPV":"N","A_c":1.6369999999999998,"N_s":60.0,"T_NOCT":47.3,"I_sc_ref":8.3,"V_oc_ref":37.14,"I_mp_ref":7.75,"V_mp_ref":29.04,"alpha_sc":0.0009960000000000001,"beta_oc":-0.11848,"a_ref":1.4988,"I_L_ref":8.312999999999999,"I_o_ref":1.42e-10,"R_s":0.486,"R_sh_ref":301.7,"Adjust":7.3,"PTC":199.6,"pdc0":225.0,"gamma_pdc":-0.00472,"gamma_r":-0.47200000000000003}