{"Date":"08.01.2012","Version":"NRELv1","Technology":"Multi-c-Si","BIPV":"N","A_c":1.6369999999999998,"N_s":60.0,"T_NOCT":46.6,"I_sc_ref":8.39,"V_oc_ref":37.92,"I_mp_ref":8.1,"V_mp_ref":30.24,"alpha_sc":0.006343,"beta_oc":-0.14645,"a_ref":1.5891,"I_L_ref":8.652000000000001,"I_o_ref":3.71e-10,"R_s":0.379,"R_sh_ref":403.35,"Adjust":-5.212999999999999,"PTC":221.0,"pdc0":245.0,"gamma_pdc":-0.004320000000000001,"gamma_r":-0.43200000000000005}