{"Date":"08.01.2012","Version":"NRELv1","Technology":"Multi-c-Si","BIPV":"N","A_c":1.6369999999999998,"N_s":60.0,"T_NOCT":46.6,"I_sc_ref":8.31,"V_oc_ref":37.38,"I_mp_ref":7.86,"V_mp_ref":29.28,"alpha_sc":0.006282,"beta_oc":-0.14436,"a_ref":1.5522,"I_L_ref":8.401,"I_o_ref":2.9000000000000003e-10,"R_s":0.46399999999999997,"R_sh_ref":481.12,"Adjust":-6.886,"PTC":207.1,"pdc0":230.0,"gamma_pdc":-0.004320000000000001,"gamma_r":-0.43200000000000005}