{"Date":"08.01.2012","Version":"NRELv1","Technology":"Multi-c-Si","BIPV":"N","A_c":1.6369999999999998,"N_s":60.0,"T_NOCT":46.6,"I_sc_ref":8.41,"V_oc_ref":38.1,"I_mp_ref":8.17,"V_mp_ref":30.6,"alpha_sc":0.006358,"beta_oc":-0.14714000000000002,"a_ref":1.5977,"I_L_ref":8.667,"I_o_ref":3.8e-10,"R_s":0.348,"R_sh_ref":1175.41,"Adjust":-5.059,"PTC":225.6,"pdc0":250.0,"gamma_pdc":-0.004320000000000001,"gamma_r":-0.43200000000000005}