{"Date":"10/19/2009","Version":"MM106","Technology":"Multi-c-Si","BIPV":"N","A_c":1.3219999999999998,"N_s":48.0,"T_NOCT":47.3,"I_sc_ref":7.96,"V_oc_ref":29.42,"I_mp_ref":7.35,"V_mp_ref":23.14,"alpha_sc":0.0009550000000000001,"beta_oc":-0.09385,"a_ref":1.1988,"I_L_ref":7.985,"I_o_ref":1.7e-10,"R_s":0.38,"R_sh_ref":122.73,"Adjust":9.3,"PTC":150.5,"pdc0":170.0,"gamma_pdc":-0.00472,"gamma_r":-0.47200000000000003}