{"Date":"10/19/2009","Version":"MM106","Technology":"Multi-c-Si","BIPV":"N","A_c":1.3219999999999998,"N_s":48.0,"T_NOCT":47.3,"I_sc_ref":8.13,"V_oc_ref":29.9,"I_mp_ref":7.68,"V_mp_ref":23.42,"alpha_sc":0.000976,"beta_oc":-0.09537999999999999,"a_ref":1.2006,"I_L_ref":8.132,"I_o_ref":1.2399999999999999e-10,"R_s":0.392,"R_sh_ref":100000.0,"Adjust":6.3,"PTC":159.6,"pdc0":180.0,"gamma_pdc":-0.00472,"gamma_r":-0.47200000000000003}