{"Date":"10/19/2009","Version":"MM106","Technology":"Multi-c-Si","BIPV":"N","A_c":1.3219999999999998,"N_s":48.0,"T_NOCT":47.3,"I_sc_ref":8.28,"V_oc_ref":30.19,"I_mp_ref":7.95,"V_mp_ref":23.9,"alpha_sc":0.0009939999999999999,"beta_oc":-0.09631,"a_ref":1.2185,"I_L_ref":8.408,"I_o_ref":1.46e-10,"R_s":0.345,"R_sh_ref":100000.0,"Adjust":7.4,"PTC":168.8,"pdc0":190.0,"gamma_pdc":-0.00472,"gamma_r":-0.47200000000000003}