{"Date":"10/19/2009","Version":"MM106","Technology":"Multi-c-Si","BIPV":"N","A_c":1.3219999999999998,"N_s":48.0,"T_NOCT":47.3,"I_sc_ref":7.88,"V_oc_ref":29.09,"I_mp_ref":7.0,"V_mp_ref":23.57,"alpha_sc":0.0009460000000000001,"beta_oc":-0.0928,"a_ref":1.2357,"I_L_ref":7.925,"I_o_ref":4.3499999999999995e-10,"R_s":0.263,"R_sh_ref":45.86,"Adjust":18.1,"PTC":146.0,"pdc0":165.0,"gamma_pdc":-0.00472,"gamma_r":-0.47200000000000003}