{"Date":"06.09.2010","Version":"MM107","Technology":"Mono-c-Si","BIPV":"N","A_c":1.114,"N_s":72.0,"T_NOCT":47.6,"I_sc_ref":5.8,"V_oc_ref":44.6,"I_mp_ref":5.09,"V_mp_ref":36.3,"alpha_sc":0.002432,"beta_oc":-0.17439000000000002,"a_ref":2.1143,"I_L_ref":5.829,"I_o_ref":3.6599999999999998e-09,"R_s":0.424,"R_sh_ref":85.83,"Adjust":17.0,"PTC":162.2,"pdc0":185.0,"gamma_pdc":-0.005329999999999999,"gamma_r":-0.5329999999999999}