{"Date":"06.09.2010","Version":"MM107","Technology":"Mono-c-Si","BIPV":"N","A_c":1.114,"N_s":72.0,"T_NOCT":44.4,"I_sc_ref":5.3,"V_oc_ref":44.16,"I_mp_ref":4.71,"V_mp_ref":36.13,"alpha_sc":0.0031,"beta_oc":-0.17801,"a_ref":2.1423,"I_L_ref":5.318,"I_o_ref":5.51e-09,"R_s":0.39299999999999996,"R_sh_ref":114.18,"Adjust":18.0,"PTC":151.1,"pdc0":170.0,"gamma_pdc":-0.0054600000000000004,"gamma_r":-0.546}