{"Date":"06.09.2010","Version":"MM107","Technology":"Multi-c-Si","BIPV":"N","A_c":1.47,"N_s":54.0,"T_NOCT":45.3,"I_sc_ref":8.1,"V_oc_ref":32.8,"I_mp_ref":7.5,"V_mp_ref":27.3,"alpha_sc":0.004058,"beta_oc":-0.11706,"a_ref":1.5151,"I_L_ref":8.107000000000001,"I_o_ref":3.13e-09,"R_s":0.142,"R_sh_ref":154.04,"Adjust":22.9,"PTC":181.5,"pdc0":205.0,"gamma_pdc":-0.00528,"gamma_r":-0.528}