{"Date":"06.09.2010","Version":"MM107","Technology":"Multi-c-Si","BIPV":"N","A_c":1.739,"N_s":72.0,"T_NOCT":47.0,"I_sc_ref":7.96,"V_oc_ref":43.78,"I_mp_ref":7.49,"V_mp_ref":36.72,"alpha_sc":0.0051600000000000005,"beta_oc":-0.16645,"a_ref":2.0469999999999997,"I_L_ref":7.961,"I_o_ref":4.07e-09,"R_s":0.145,"R_sh_ref":871.81,"Adjust":17.8,"PTC":241.7,"pdc0":275.0,"gamma_pdc":-0.0053,"gamma_r":-0.53}