{"Date":"06.09.2010","Version":"MM107","Technology":"Multi-c-Si","BIPV":"N","A_c":1.47,"N_s":54.0,"T_NOCT":45.3,"I_sc_ref":8.3,"V_oc_ref":32.83,"I_mp_ref":7.63,"V_mp_ref":27.54,"alpha_sc":0.004158,"beta_oc":-0.11717000000000001,"a_ref":1.5308,"I_L_ref":8.308,"I_o_ref":3.8900000000000004e-09,"R_s":0.10300000000000001,"R_sh_ref":111.13,"Adjust":24.9,"PTC":186.1,"pdc0":210.0,"gamma_pdc":-0.00528,"gamma_r":-0.528}