{"Technology":"Thin Film","BIPV":"N","A_c":1.0859999999999999,"N_s":100.0,"T_NOCT":47.0,"PTC":129.8,"pdc0":140.0,"gamma_pdc":-0.00306}