{"Date":"1/14/2013","Version":"NRELv1","Technology":"CIGS","BIPV":"N","A_c":1.0859999999999999,"N_s":133.0,"T_NOCT":46.9,"I_sc_ref":2.51,"V_oc_ref":79.8,"I_mp_ref":2.19,"V_mp_ref":61.64,"alpha_sc":0.001754,"beta_oc":-0.28409,"a_ref":2.9514,"I_L_ref":2.541,"I_o_ref":4.12e-12,"R_s":4.255,"R_sh_ref":299.52,"Adjust":-20.78,"PTC":125.4,"pdc0":135.0,"gamma_pdc":-0.00298,"gamma_r":-0.298}