{"Date":"1/14/2013","Version":"NRELv1","Technology":"CIGS","BIPV":"N","A_c":1.0859999999999999,"N_s":133.0,"T_NOCT":46.9,"I_sc_ref":2.52,"V_oc_ref":81.35,"I_mp_ref":2.3,"V_mp_ref":65.22,"alpha_sc":0.0017640000000000002,"beta_oc":-0.28961,"a_ref":3.0001,"I_L_ref":2.533,"I_o_ref":4.01e-12,"R_s":3.034,"R_sh_ref":606.28,"Adjust":-21.05,"PTC":139.5,"pdc0":150.0,"gamma_pdc":-0.00298,"gamma_r":-0.298}