{"Technology":"Thin Film","BIPV":"N","A_c":1.0859999999999999,"N_s":133.0,"T_NOCT":46.7,"PTC":153.6,"pdc0":165.0,"gamma_pdc":-0.0030399999999999997}