{"Date":"05.01.2013","Version":"NRELv1","Technology":"CIGS","BIPV":"N","A_c":1.0859999999999999,"N_s":100.0,"T_NOCT":47.0,"I_sc_ref":3.44,"V_oc_ref":61.5,"I_mp_ref":3.09,"V_mp_ref":46.9,"alpha_sc":0.00022400000000000002,"beta_oc":-0.17589000000000002,"a_ref":2.0303,"I_L_ref":3.48,"I_o_ref":2.2500000000000003e-13,"R_s":2.73,"R_sh_ref":234.96,"Adjust":-23.41,"PTC":134.5,"pdc0":145.0,"gamma_pdc":-0.00306,"gamma_r":-0.306}