{"Technology":"Thin Film","BIPV":"N","A_c":1.0859999999999999,"N_s":133.0,"T_NOCT":46.9,"PTC":139.5,"pdc0":150.0,"gamma_pdc":-0.00298}