{"Date":"02.01.2012","Version":"NRELv1","Technology":"CIGS","BIPV":"N","A_c":1.0859999999999999,"N_s":100.0,"T_NOCT":46.5,"I_sc_ref":3.47,"V_oc_ref":56.5,"I_mp_ref":3.08,"V_mp_ref":42.2,"alpha_sc":0.00034700000000000003,"beta_oc":-0.18645,"a_ref":1.9781,"I_L_ref":3.5210000000000004,"I_o_ref":1.27e-12,"R_s":2.7539999999999996,"R_sh_ref":187.04,"Adjust":-23.57,"PTC":119.2,"pdc0":130.0,"gamma_pdc":-0.0034999999999999996,"gamma_r":-0.35}