{"Date":"1/14/2013","Version":"NRELv1","Technology":"CIGS","BIPV":"N","A_c":1.0859999999999999,"N_s":133.0,"T_NOCT":46.9,"I_sc_ref":2.52,"V_oc_ref":80.45,"I_mp_ref":2.27,"V_mp_ref":63.87,"alpha_sc":0.001761,"beta_oc":-0.2864,"a_ref":2.9689,"I_L_ref":2.532,"I_o_ref":4.03e-12,"R_s":3.332,"R_sh_ref":479.5,"Adjust":-21.0,"PTC":134.8,"pdc0":145.0,"gamma_pdc":-0.00298,"gamma_r":-0.298}