{"Date":"10.05.2009","Version":"MM106","Technology":"Multi-c-Si","BIPV":"N","A_c":1.594,"N_s":60.0,"T_NOCT":48.8,"I_sc_ref":8.13,"V_oc_ref":37.2,"I_mp_ref":7.49,"V_mp_ref":30.6,"alpha_sc":0.010406,"beta_oc":-0.14396,"a_ref":1.8549,"I_L_ref":8.138,"I_o_ref":1.55e-08,"R_s":0.17800000000000002,"R_sh_ref":173.27,"Adjust":28.5,"PTC":198.0,"pdc0":230.0,"gamma_pdc":-0.005520000000000001,"gamma_r":-0.552}