{"Date":"9/26/2011","Version":"MM107","Technology":"Multi-c-Si","BIPV":"N","A_c":1.594,"N_s":60.0,"T_NOCT":49.1,"I_sc_ref":7.78,"V_oc_ref":36.96,"I_mp_ref":7.28,"V_mp_ref":31.02,"alpha_sc":0.007391,"beta_oc":-0.13158,"a_ref":1.6644,"I_L_ref":7.784,"I_o_ref":1.7399999999999998e-09,"R_s":0.14,"R_sh_ref":304.68,"Adjust":17.3,"PTC":198.3,"pdc0":225.0,"gamma_pdc":-0.00462,"gamma_r":-0.462}