{"Date":"12.01.2011","Version":"NRELv1","Technology":"Mono-c-Si","BIPV":"N","A_c":1.499,"N_s":54.0,"T_NOCT":46.9,"I_sc_ref":8.84,"V_oc_ref":34.69,"I_mp_ref":8.25,"V_mp_ref":28.59,"alpha_sc":0.001768,"beta_oc":-0.11795,"a_ref":1.4531,"I_L_ref":8.85,"I_o_ref":3.7199999999999996e-10,"R_s":0.214,"R_sh_ref":188.8,"Adjust":8.277000000000001,"PTC":210.8,"pdc0":236.0,"gamma_pdc":-0.004699999999999999,"gamma_r":-0.47}