{"Date":"12.01.2011","Version":"NRELv1","Technology":"Multi-c-Si","BIPV":"N","A_c":1.6580000000000001,"N_s":60.0,"T_NOCT":46.4,"I_sc_ref":8.09,"V_oc_ref":36.8,"I_mp_ref":7.67,"V_mp_ref":29.2,"alpha_sc":0.007281,"beta_oc":-0.12512,"a_ref":1.5962,"I_L_ref":8.175,"I_o_ref":7.89e-10,"R_s":0.396,"R_sh_ref":830.91,"Adjust":14.94,"PTC":199.7,"pdc0":224.0,"gamma_pdc":-0.004699999999999999,"gamma_r":-0.47}