{"Date":"12.01.2011","Version":"NRELv1","Technology":"Mono-c-Si","BIPV":"N","A_c":1.499,"N_s":54.0,"T_NOCT":46.9,"I_sc_ref":8.62,"V_oc_ref":34.02,"I_mp_ref":7.92,"V_mp_ref":28.3,"alpha_sc":0.0017239999999999998,"beta_oc":-0.11567000000000001,"a_ref":1.4469,"I_L_ref":8.635,"I_o_ref":5.09e-10,"R_s":0.17300000000000001,"R_sh_ref":97.41,"Adjust":11.34,"PTC":199.7,"pdc0":224.0,"gamma_pdc":-0.004699999999999999,"gamma_r":-0.47}