{"Date":"12.01.2011","Version":"NRELv1","Technology":"Mono-c-Si","BIPV":"N","A_c":1.341,"N_s":48.0,"T_NOCT":46.9,"I_sc_ref":8.54,"V_oc_ref":30.14,"I_mp_ref":7.74,"V_mp_ref":25.06,"alpha_sc":0.0017079999999999999,"beta_oc":-0.10248,"a_ref":1.2929,"I_L_ref":8.561,"I_o_ref":6.07e-10,"R_s":0.154,"R_sh_ref":62.09,"Adjust":13.06,"PTC":172.8,"pdc0":194.0,"gamma_pdc":-0.004699999999999999,"gamma_r":-0.47}