{"Date":"12.01.2011","Version":"NRELv1","Technology":"Multi-c-Si","BIPV":"N","A_c":1.6580000000000001,"N_s":60.0,"T_NOCT":46.4,"I_sc_ref":8.42,"V_oc_ref":37.38,"I_mp_ref":8.03,"V_mp_ref":30.14,"alpha_sc":0.0075780000000000005,"beta_oc":-0.12709,"a_ref":1.6395,"I_L_ref":8.597000000000001,"I_o_ref":1.06e-09,"R_s":0.311,"R_sh_ref":341.66,"Adjust":17.33,"PTC":216.2,"pdc0":242.0,"gamma_pdc":-0.004699999999999999,"gamma_r":-0.47}