{"Date":"12.01.2011","Version":"NRELv1","Technology":"Multi-c-Si","BIPV":"N","A_c":1.341,"N_s":48.0,"T_NOCT":46.4,"I_sc_ref":8.23,"V_oc_ref":30.79,"I_mp_ref":7.93,"V_mp_ref":25.21,"alpha_sc":0.0074069999999999995,"beta_oc":-0.10469,"a_ref":1.3545,"I_L_ref":8.396,"I_o_ref":1.1199999999999999e-09,"R_s":0.20600000000000002,"R_sh_ref":2412.09,"Adjust":18.05,"PTC":178.8,"pdc0":200.0,"gamma_pdc":-0.004699999999999999,"gamma_r":-0.47}