{"Date":"12.01.2011","Version":"NRELv1","Technology":"Mono-c-Si","BIPV":"N","A_c":1.499,"N_s":54.0,"T_NOCT":46.9,"I_sc_ref":8.44,"V_oc_ref":32.7,"I_mp_ref":7.56,"V_mp_ref":28.05,"alpha_sc":0.0016879999999999998,"beta_oc":-0.11118,"a_ref":1.4419,"I_L_ref":8.445,"I_o_ref":1.11e-09,"R_s":0.03,"R_sh_ref":54.45,"Adjust":18.89,"PTC":188.7,"pdc0":212.0,"gamma_pdc":-0.004699999999999999,"gamma_r":-0.47}