{"Date":"12.01.2011","Version":"NRELv1","Technology":"Mono-c-Si","BIPV":"N","A_c":1.341,"N_s":48.0,"T_NOCT":46.9,"I_sc_ref":8.44,"V_oc_ref":30.02,"I_mp_ref":7.54,"V_mp_ref":24.94,"alpha_sc":0.0016879999999999998,"beta_oc":-0.10207000000000001,"a_ref":1.2997,"I_L_ref":8.467,"I_o_ref":7.3e-10,"R_s":0.154,"R_sh_ref":48.17,"Adjust":14.93,"PTC":167.3,"pdc0":188.0,"gamma_pdc":-0.004699999999999999,"gamma_r":-0.47}