{"Date":"02.11.2010","Version":"MM107","Technology":"Multi-c-Si","BIPV":"N","A_c":1.6580000000000001,"N_s":60.0,"T_NOCT":45.9,"I_sc_ref":8.09,"V_oc_ref":36.8,"I_mp_ref":7.67,"V_mp_ref":29.2,"alpha_sc":0.004814,"beta_oc":-0.1207,"a_ref":1.4984,"I_L_ref":8.113,"I_o_ref":1.7500000000000002e-10,"R_s":0.423,"R_sh_ref":100000.0,"Adjust":5.7,"PTC":202.1,"pdc0":224.0,"gamma_pdc":-0.00434,"gamma_r":-0.434}