{"Date":"12.01.2011","Version":"NRELv1","Technology":"Mono-c-Si","BIPV":"N","A_c":1.341,"N_s":48.0,"T_NOCT":46.9,"I_sc_ref":8.84,"V_oc_ref":30.5,"I_mp_ref":8.34,"V_mp_ref":25.42,"alpha_sc":0.001768,"beta_oc":-0.1037,"a_ref":1.2777,"I_L_ref":8.843,"I_o_ref":3.76e-10,"R_s":0.15,"R_sh_ref":407.06,"Adjust":8.345,"PTC":189.4,"pdc0":212.0,"gamma_pdc":-0.004699999999999999,"gamma_r":-0.47}