{"Date":"12.01.2011","Version":"NRELv1","Technology":"Multi-c-Si","BIPV":"N","A_c":1.499,"N_s":54.0,"T_NOCT":46.4,"I_sc_ref":7.84,"V_oc_ref":32.45,"I_mp_ref":7.29,"V_mp_ref":26.62,"alpha_sc":0.007056000000000001,"beta_oc":-0.11033,"a_ref":1.4444,"I_L_ref":7.849,"I_o_ref":1.3400000000000001e-09,"R_s":0.221,"R_sh_ref":194.24,"Adjust":20.5,"PTC":172.8,"pdc0":194.0,"gamma_pdc":-0.004699999999999999,"gamma_r":-0.47}