{"Date":"12.01.2011","Version":"NRELv1","Technology":"Mono-c-Si","BIPV":"N","A_c":1.6580000000000001,"N_s":60.0,"T_NOCT":46.9,"I_sc_ref":8.74,"V_oc_ref":37.98,"I_mp_ref":8.15,"V_mp_ref":31.17,"alpha_sc":0.001748,"beta_oc":-0.12913,"a_ref":1.5878,"I_L_ref":8.751,"I_o_ref":3.5000000000000003e-10,"R_s":0.256,"R_sh_ref":202.9,"Adjust":7.8660000000000005,"PTC":226.7,"pdc0":254.0,"gamma_pdc":-0.004699999999999999,"gamma_r":-0.47}