{"Date":"12.01.2011","Version":"NRELv1","Technology":"Mono-c-Si","BIPV":"N","A_c":1.341,"N_s":48.0,"T_NOCT":46.9,"I_sc_ref":8.74,"V_oc_ref":30.38,"I_mp_ref":8.14,"V_mp_ref":25.3,"alpha_sc":0.001748,"beta_oc":-0.10329,"a_ref":1.2819999999999998,"I_L_ref":8.749,"I_o_ref":4.36e-10,"R_s":0.151,"R_sh_ref":143.79,"Adjust":9.788,"PTC":183.8,"pdc0":206.0,"gamma_pdc":-0.004699999999999999,"gamma_r":-0.47}