{"Date":"12.01.2011","Version":"NRELv1","Technology":"Multi-c-Si","BIPV":"N","A_c":1.499,"N_s":54.0,"T_NOCT":46.4,"I_sc_ref":8.11,"V_oc_ref":33.37,"I_mp_ref":7.54,"V_mp_ref":27.32,"alpha_sc":0.007298999999999999,"beta_oc":-0.11345999999999999,"a_ref":1.4837,"I_L_ref":8.12,"I_o_ref":1.36e-09,"R_s":0.228,"R_sh_ref":193.28,"Adjust":20.25,"PTC":183.8,"pdc0":206.0,"gamma_pdc":-0.004699999999999999,"gamma_r":-0.47}