{"Date":"12.01.2011","Version":"NRELv1","Technology":"Multi-c-Si","BIPV":"N","A_c":1.6580000000000001,"N_s":60.0,"T_NOCT":46.4,"I_sc_ref":8.35,"V_oc_ref":36.8,"I_mp_ref":8.0,"V_mp_ref":29.5,"alpha_sc":0.007515000000000001,"beta_oc":-0.12512,"a_ref":1.6042,"I_L_ref":8.522,"I_o_ref":9.239999999999999e-10,"R_s":0.335,"R_sh_ref":705.96,"Adjust":16.04,"PTC":210.7,"pdc0":236.0,"gamma_pdc":-0.004699999999999999,"gamma_r":-0.47}