{"Date":"02.11.2010","Version":"MM107","Technology":"Multi-c-Si","BIPV":"N","A_c":1.6580000000000001,"N_s":60.0,"T_NOCT":45.9,"I_sc_ref":8.22,"V_oc_ref":36.8,"I_mp_ref":7.8,"V_mp_ref":29.5,"alpha_sc":0.0048909999999999995,"beta_oc":-0.1207,"a_ref":1.5062,"I_L_ref":8.242,"I_o_ref":2.02e-10,"R_s":0.371,"R_sh_ref":100000.0,"Adjust":6.8,"PTC":207.6,"pdc0":230.0,"gamma_pdc":-0.00434,"gamma_r":-0.434}