{"Date":"02.11.2010","Version":"MM107","Technology":"Multi-c-Si","BIPV":"N","A_c":1.6580000000000001,"N_s":60.0,"T_NOCT":45.9,"I_sc_ref":7.89,"V_oc_ref":36.41,"I_mp_ref":7.47,"V_mp_ref":28.36,"alpha_sc":0.004695,"beta_oc":-0.11942,"a_ref":1.4683,"I_L_ref":7.917000000000001,"I_o_ref":1.35e-10,"R_s":0.513,"R_sh_ref":100000.0,"Adjust":3.7,"PTC":191.0,"pdc0":212.0,"gamma_pdc":-0.00434,"gamma_r":-0.434}