{"Date":"12.01.2011","Version":"NRELv1","Technology":"Multi-c-Si","BIPV":"N","A_c":1.341,"N_s":48.0,"T_NOCT":46.4,"I_sc_ref":8.11,"V_oc_ref":29.66,"I_mp_ref":7.49,"V_mp_ref":24.29,"alpha_sc":0.007298999999999999,"beta_oc":-0.10084,"a_ref":1.3244,"I_L_ref":8.123,"I_o_ref":1.4800000000000003e-09,"R_s":0.2,"R_sh_ref":123.65,"Adjust":21.14,"PTC":162.3,"pdc0":182.0,"gamma_pdc":-0.004699999999999999,"gamma_r":-0.47}