{"Date":"12.01.2011","Version":"NRELv1","Technology":"Mono-c-Si","BIPV":"N","A_c":1.341,"N_s":48.0,"T_NOCT":46.9,"I_sc_ref":8.64,"V_oc_ref":30.24,"I_mp_ref":7.95,"V_mp_ref":25.15,"alpha_sc":0.0017280000000000002,"beta_oc":-0.10282000000000001,"a_ref":1.2847,"I_L_ref":8.655,"I_o_ref":4.99e-10,"R_s":0.155,"R_sh_ref":90.34,"Adjust":11.13,"PTC":178.3,"pdc0":200.0,"gamma_pdc":-0.004699999999999999,"gamma_r":-0.47}