{"Date":"12.01.2011","Version":"NRELv1","Technology":"Mono-c-Si","BIPV":"N","A_c":1.6580000000000001,"N_s":60.0,"T_NOCT":46.9,"I_sc_ref":8.09,"V_oc_ref":36.8,"I_mp_ref":7.67,"V_mp_ref":29.2,"alpha_sc":0.0016179999999999999,"beta_oc":-0.12512,"a_ref":1.5027,"I_L_ref":8.177999999999999,"I_o_ref":1.88e-10,"R_s":0.42,"R_sh_ref":480.69,"Adjust":3.112,"PTC":199.2,"pdc0":224.0,"gamma_pdc":-0.004699999999999999,"gamma_r":-0.47}