{"Date":"12.01.2011","Version":"NRELv1","Technology":"Multi-c-Si","BIPV":"N","A_c":1.499,"N_s":54.0,"T_NOCT":46.4,"I_sc_ref":8.21,"V_oc_ref":33.75,"I_mp_ref":7.59,"V_mp_ref":27.92,"alpha_sc":0.007389,"beta_oc":-0.11475,"a_ref":1.5151,"I_L_ref":8.221,"I_o_ref":1.6899999999999997e-09,"R_s":0.182,"R_sh_ref":140.79,"Adjust":22.34,"PTC":189.3,"pdc0":212.0,"gamma_pdc":-0.004699999999999999,"gamma_r":-0.47}