{"Date":"12.01.2011","Version":"NRELv1","Technology":"Multi-c-Si","BIPV":"N","A_c":1.341,"N_s":48.0,"T_NOCT":46.4,"I_sc_ref":7.84,"V_oc_ref":28.85,"I_mp_ref":7.19,"V_mp_ref":23.66,"alpha_sc":0.007056000000000001,"beta_oc":-0.09809,"a_ref":1.2949,"I_L_ref":7.856,"I_o_ref":1.59e-09,"R_s":0.195,"R_sh_ref":95.96,"Adjust":22.24,"PTC":151.3,"pdc0":170.0,"gamma_pdc":-0.004699999999999999,"gamma_r":-0.47}