{"Date":"02.11.2010","Version":"MM107","Technology":"Multi-c-Si","BIPV":"N","A_c":1.6580000000000001,"N_s":60.0,"T_NOCT":45.9,"I_sc_ref":8.65,"V_oc_ref":36.85,"I_mp_ref":8.0,"V_mp_ref":29.45,"alpha_sc":0.005147,"beta_oc":-0.12087,"a_ref":1.5259,"I_L_ref":8.672,"I_o_ref":2.74e-10,"R_s":0.366,"R_sh_ref":145.95,"Adjust":9.1,"PTC":213.2,"pdc0":236.0,"gamma_pdc":-0.00434,"gamma_r":-0.434}