{"Date":"12.01.2011","Version":"NRELv1","Technology":"Multi-c-Si","BIPV":"N","A_c":1.341,"N_s":48.0,"T_NOCT":46.4,"I_sc_ref":8.22,"V_oc_ref":30.39,"I_mp_ref":7.79,"V_mp_ref":24.89,"alpha_sc":0.007398,"beta_oc":-0.10332999999999999,"a_ref":1.3432,"I_L_ref":8.307,"I_o_ref":1.23e-09,"R_s":0.203,"R_sh_ref":370.63,"Adjust":19.03,"PTC":173.3,"pdc0":194.0,"gamma_pdc":-0.004699999999999999,"gamma_r":-0.47}