{"Date":"12.01.2011","Version":"NRELv1","Technology":"Multi-c-Si","BIPV":"N","A_c":1.499,"N_s":54.0,"T_NOCT":46.4,"I_sc_ref":8.22,"V_oc_ref":34.21,"I_mp_ref":7.7,"V_mp_ref":28.31,"alpha_sc":0.007398,"beta_oc":-0.11631,"a_ref":1.5237,"I_L_ref":8.225,"I_o_ref":1.4400000000000002e-09,"R_s":0.18600000000000003,"R_sh_ref":319.54,"Adjust":20.7,"PTC":194.8,"pdc0":218.0,"gamma_pdc":-0.004699999999999999,"gamma_r":-0.47}