{"Date":"5/22/2012","Version":"NRELv1","Technology":"Multi-c-Si","BIPV":"N","A_c":1.9369999999999998,"N_s":72.0,"T_NOCT":46.0,"I_sc_ref":8.78,"V_oc_ref":44.2,"I_mp_ref":8.06,"V_mp_ref":36.0,"alpha_sc":0.007244,"beta_oc":-0.16552999999999998,"a_ref":1.9128,"I_L_ref":8.801,"I_o_ref":7.8e-10,"R_s":0.319,"R_sh_ref":130.83,"Adjust":3.6860000000000004,"PTC":262.3,"pdc0":290.0,"gamma_pdc":-0.004320000000000001,"gamma_r":-0.43200000000000005}