{"Date":"5/22/2012","Version":"NRELv1","Technology":"Multi-c-Si","BIPV":"N","A_c":1.9369999999999998,"N_s":72.0,"T_NOCT":46.5,"I_sc_ref":8.52,"V_oc_ref":44.5,"I_mp_ref":7.91,"V_mp_ref":35.38,"alpha_sc":0.007642,"beta_oc":-0.17684,"a_ref":1.9126,"I_L_ref":8.536,"I_o_ref":6.569999999999999e-10,"R_s":0.456,"R_sh_ref":248.01,"Adjust":-3.593,"PTC":243.0,"pdc0":270.0,"gamma_pdc":-0.00435,"gamma_r":-0.435}