{"Date":"5/22/2012","Version":"NRELv1","Technology":"Mono-c-Si","BIPV":"N","A_c":1.9369999999999998,"N_s":72.0,"T_NOCT":46.3,"I_sc_ref":8.88,"V_oc_ref":44.3,"I_mp_ref":8.17,"V_mp_ref":36.1,"alpha_sc":0.006234,"beta_oc":-0.16737,"a_ref":1.8955,"I_L_ref":8.901,"I_o_ref":6.07e-10,"R_s":0.319,"R_sh_ref":137.21,"Adjust":0.7498,"PTC":266.5,"pdc0":295.0,"gamma_pdc":-0.00433,"gamma_r":-0.433}