{"Technology":"Mono-c-Si","BIPV":"N","A_c":1.6369999999999998,"N_s":60.0,"T_NOCT":46.0,"PTC":207.8,"pdc0":230.0,"gamma_pdc":-0.004308}