{"Date":"12.01.2013","Version":"NRELv1","Technology":"Mono-c-Si","BIPV":"N","A_c":1.2790000000000001,"N_s":72.0,"T_NOCT":45.8,"I_sc_ref":5.27,"V_oc_ref":46.1,"I_mp_ref":4.79,"V_mp_ref":38.6,"alpha_sc":0.0038520000000000004,"beta_oc":-0.17371,"a_ref":2.0301,"I_L_ref":5.279,"I_o_ref":6.87e-10,"R_s":0.295,"R_sh_ref":166.71,"Adjust":6.471,"PTC":167.3,"pdc0":185.0,"gamma_pdc":-0.00434,"gamma_r":-0.434}