{"Vac":410.0,"Paco":1000000.0,"Pdco":1023056.109,"Vdco":720.4444444000001,"Pso":1178.245813,"C0":2.8399999999999997e-09,"C1":3.6700000000000004e-05,"C2":0.0023899999999999998,"C3":-0.0047799999999999995,"Pnt":350.0,"Vdcmax":1200.0,"Mppt_low":0.0,"Mppt_high":0.0}