{"Date":"9/23/2011","Version":"MM107","Technology":"Mono-c-Si","BIPV":"N","A_c":1.615,"N_s":60.0,"T_NOCT":47.5,"I_sc_ref":8.6,"V_oc_ref":37.6,"I_mp_ref":8.2,"V_mp_ref":30.5,"alpha_sc":0.003689,"beta_oc":-0.13701,"a_ref":1.6312,"I_L_ref":8.676,"I_o_ref":8.46e-10,"R_s":0.28800000000000003,"R_sh_ref":100000.0,"Adjust":7.6,"PTC":220.9,"pdc0":250.0,"gamma_pdc":-0.0049700000000000005,"gamma_r":-0.49700000000000005}