{"Date":"9/23/2011","Version":"MM107","Technology":"Mono-c-Si","BIPV":"N","A_c":1.615,"N_s":60.0,"T_NOCT":47.5,"I_sc_ref":8.5,"V_oc_ref":37.4,"I_mp_ref":8.1,"V_mp_ref":30.3,"alpha_sc":0.003647,"beta_oc":-0.13629000000000002,"a_ref":1.6217,"I_L_ref":8.571,"I_o_ref":8.26e-10,"R_s":0.29600000000000004,"R_sh_ref":100000.0,"Adjust":7.5,"PTC":216.3,"pdc0":245.0,"gamma_pdc":-0.0049700000000000005,"gamma_r":-0.49700000000000005}