{"Date":"9/23/2011","Version":"MM107","Technology":"Multi-c-Si","BIPV":"N","A_c":1.615,"N_s":60.0,"T_NOCT":45.9,"I_sc_ref":8.56,"V_oc_ref":37.35,"I_mp_ref":7.98,"V_mp_ref":30.49,"alpha_sc":0.003407,"beta_oc":-0.13162000000000001,"a_ref":1.5906,"I_L_ref":8.571,"I_o_ref":5.32e-10,"R_s":0.272,"R_sh_ref":218.12,"Adjust":7.4,"PTC":217.9,"pdc0":243.0,"gamma_pdc":-0.004699999999999999,"gamma_r":-0.47}