{"Date":"9/23/2011","Version":"MM107","Technology":"Multi-c-Si","BIPV":"N","A_c":1.615,"N_s":60.0,"T_NOCT":45.9,"I_sc_ref":8.47,"V_oc_ref":37.14,"I_mp_ref":7.88,"V_mp_ref":30.22,"alpha_sc":0.0033710000000000003,"beta_oc":-0.13088,"a_ref":1.5809,"I_L_ref":8.482000000000001,"I_o_ref":5.2e-10,"R_s":0.28800000000000003,"R_sh_ref":197.3,"Adjust":7.3,"PTC":213.3,"pdc0":238.0,"gamma_pdc":-0.004699999999999999,"gamma_r":-0.47}