{"Date":"9/26/2011","Version":"MM107","Technology":"Mono-c-Si","BIPV":"N","A_c":1.615,"N_s":60.0,"T_NOCT":47.5,"I_sc_ref":8.78,"V_oc_ref":38.06,"I_mp_ref":8.38,"V_mp_ref":30.96,"alpha_sc":0.0037670000000000004,"beta_oc":-0.13869,"a_ref":1.6536,"I_L_ref":8.863999999999999,"I_o_ref":8.95e-10,"R_s":0.273,"R_sh_ref":100000.0,"Adjust":7.9,"PTC":229.1,"pdc0":259.0,"gamma_pdc":-0.0049700000000000005,"gamma_r":-0.49700000000000005}