{"Date":"9/23/2011","Version":"MM107","Technology":"Multi-c-Si","BIPV":"N","A_c":1.615,"N_s":60.0,"T_NOCT":45.9,"I_sc_ref":8.22,"V_oc_ref":36.51,"I_mp_ref":7.66,"V_mp_ref":29.52,"alpha_sc":0.0032719999999999997,"beta_oc":-0.12866,"a_ref":1.5464,"I_L_ref":8.232000000000001,"I_o_ref":4.5e-10,"R_s":0.321,"R_sh_ref":227.3,"Adjust":6.3,"PTC":202.2,"pdc0":226.0,"gamma_pdc":-0.004699999999999999,"gamma_r":-0.47}