{"Date":"9/23/2011","Version":"MM107","Technology":"Mono-c-Si","BIPV":"N","A_c":1.615,"N_s":60.0,"T_NOCT":47.5,"I_sc_ref":8.48,"V_oc_ref":37.34,"I_mp_ref":8.08,"V_mp_ref":30.24,"alpha_sc":0.003638,"beta_oc":-0.13607,"a_ref":1.6183,"I_L_ref":8.55,"I_o_ref":8.150000000000001e-10,"R_s":0.298,"R_sh_ref":100000.0,"Adjust":7.4,"PTC":215.4,"pdc0":244.0,"gamma_pdc":-0.0049700000000000005,"gamma_r":-0.49700000000000005}