{"Date":"9/23/2011","Version":"MM107","Technology":"Multi-c-Si","BIPV":"N","A_c":1.615,"N_s":60.0,"T_NOCT":45.9,"I_sc_ref":8.52,"V_oc_ref":37.27,"I_mp_ref":7.94,"V_mp_ref":30.39,"alpha_sc":0.0033909999999999995,"beta_oc":-0.13134,"a_ref":1.5864,"I_L_ref":8.531,"I_o_ref":5.24e-10,"R_s":0.278,"R_sh_ref":215.27,"Adjust":7.3,"PTC":216.1,"pdc0":241.0,"gamma_pdc":-0.004699999999999999,"gamma_r":-0.47}