{"Date":"9/23/2011","Version":"MM107","Technology":"Multi-c-Si","BIPV":"N","A_c":1.615,"N_s":60.0,"T_NOCT":45.9,"I_sc_ref":8.3,"V_oc_ref":36.75,"I_mp_ref":7.74,"V_mp_ref":29.74,"alpha_sc":0.003303,"beta_oc":-0.12951,"a_ref":1.5565,"I_L_ref":8.311,"I_o_ref":4.55e-10,"R_s":0.316,"R_sh_ref":236.16,"Adjust":6.3,"PTC":205.9,"pdc0":230.0,"gamma_pdc":-0.004699999999999999,"gamma_r":-0.47}