{"Date":"9/23/2011","Version":"MM107","Technology":"Mono-c-Si","BIPV":"N","A_c":1.615,"N_s":60.0,"T_NOCT":43.0,"I_sc_ref":8.22,"V_oc_ref":37.55,"I_mp_ref":7.75,"V_mp_ref":30.64,"alpha_sc":0.002836,"beta_oc":-0.14119,"a_ref":1.6354,"I_L_ref":8.222000000000001,"I_o_ref":8.740000000000001e-10,"R_s":0.276,"R_sh_ref":1142.46,"Adjust":5.1,"PTC":228.2,"pdc0":252.0,"gamma_pdc":-0.00503,"gamma_r":-0.503}