{"Date":"9/23/2011","Version":"MM107","Technology":"Mono-c-Si","BIPV":"N","A_c":1.615,"N_s":60.0,"T_NOCT":43.0,"I_sc_ref":7.98,"V_oc_ref":37.07,"I_mp_ref":7.51,"V_mp_ref":30.16,"alpha_sc":0.0027530000000000002,"beta_oc":-0.13938,"a_ref":1.6138,"I_L_ref":7.983,"I_o_ref":8.38e-10,"R_s":0.294,"R_sh_ref":781.0,"Adjust":5.0,"PTC":217.1,"pdc0":240.0,"gamma_pdc":-0.00503,"gamma_r":-0.503}