{"Date":"9/23/2011","Version":"MM107","Technology":"Multi-c-Si","BIPV":"N","A_c":1.615,"N_s":60.0,"T_NOCT":45.9,"I_sc_ref":8.54,"V_oc_ref":37.31,"I_mp_ref":7.96,"V_mp_ref":30.44,"alpha_sc":0.003399,"beta_oc":-0.13147999999999999,"a_ref":1.5889,"I_L_ref":8.551,"I_o_ref":5.31e-10,"R_s":0.275,"R_sh_ref":216.85,"Adjust":7.4,"PTC":217.0,"pdc0":242.0,"gamma_pdc":-0.004699999999999999,"gamma_r":-0.47}