{"Date":"9/26/2011","Version":"MM107","Technology":"Mono-c-Si","BIPV":"N","A_c":1.615,"N_s":60.0,"T_NOCT":47.5,"I_sc_ref":8.8,"V_oc_ref":38.1,"I_mp_ref":8.4,"V_mp_ref":31.0,"alpha_sc":0.003775,"beta_oc":-0.13884000000000002,"a_ref":1.6553,"I_L_ref":8.885,"I_o_ref":8.97e-10,"R_s":0.272,"R_sh_ref":100000.0,"Adjust":7.9,"PTC":230.0,"pdc0":260.0,"gamma_pdc":-0.0049700000000000005,"gamma_r":-0.49700000000000005}