{"Date":"9/23/2011","Version":"MM107","Technology":"Mono-c-Si","BIPV":"N","A_c":1.615,"N_s":60.0,"T_NOCT":47.5,"I_sc_ref":8.38,"V_oc_ref":37.06,"I_mp_ref":7.98,"V_mp_ref":29.96,"alpha_sc":0.003595,"beta_oc":-0.13505,"a_ref":1.6045,"I_L_ref":8.446,"I_o_ref":7.870000000000001e-10,"R_s":0.307,"R_sh_ref":100000.0,"Adjust":7.2,"PTC":210.8,"pdc0":239.0,"gamma_pdc":-0.0049700000000000005,"gamma_r":-0.49700000000000005}