{"Date":"9/23/2011","Version":"MM107","Technology":"Mono-c-Si","BIPV":"N","A_c":1.615,"N_s":60.0,"T_NOCT":43.0,"I_sc_ref":8.14,"V_oc_ref":37.39,"I_mp_ref":7.67,"V_mp_ref":30.48,"alpha_sc":0.0028079999999999997,"beta_oc":-0.14059000000000002,"a_ref":1.6285,"I_L_ref":8.142000000000001,"I_o_ref":8.649999999999999e-10,"R_s":0.282,"R_sh_ref":993.7,"Adjust":5.1,"PTC":224.5,"pdc0":248.0,"gamma_pdc":-0.00503,"gamma_r":-0.503}