{"Date":"9/23/2011","Version":"MM107","Technology":"Multi-c-Si","BIPV":"N","A_c":1.615,"N_s":60.0,"T_NOCT":45.9,"I_sc_ref":8.4,"V_oc_ref":36.96,"I_mp_ref":7.8,"V_mp_ref":30.01,"alpha_sc":0.003343,"beta_oc":-0.13025,"a_ref":1.5726,"I_L_ref":8.414,"I_o_ref":5.1e-10,"R_s":0.298,"R_sh_ref":180.12,"Adjust":7.2,"PTC":209.6,"pdc0":234.0,"gamma_pdc":-0.004699999999999999,"gamma_r":-0.47}