{"Date":"9/23/2011","Version":"MM107","Technology":"Mono-c-Si","BIPV":"N","A_c":1.615,"N_s":60.0,"T_NOCT":43.0,"I_sc_ref":8.04,"V_oc_ref":37.19,"I_mp_ref":7.57,"V_mp_ref":30.28,"alpha_sc":0.002774,"beta_oc":-0.13982999999999998,"a_ref":1.6198,"I_L_ref":8.043,"I_o_ref":8.55e-10,"R_s":0.29,"R_sh_ref":852.85,"Adjust":5.1,"PTC":219.9,"pdc0":243.0,"gamma_pdc":-0.00503,"gamma_r":-0.503}