{"Date":"9/23/2011","Version":"MM107","Technology":"Multi-c-Si","BIPV":"N","A_c":1.615,"N_s":60.0,"T_NOCT":45.9,"I_sc_ref":8.42,"V_oc_ref":37.02,"I_mp_ref":7.82,"V_mp_ref":30.07,"alpha_sc":0.003351,"beta_oc":-0.13046,"a_ref":1.5751,"I_L_ref":8.434,"I_o_ref":5.11e-10,"R_s":0.297,"R_sh_ref":181.37,"Adjust":7.2,"PTC":210.5,"pdc0":235.0,"gamma_pdc":-0.004699999999999999,"gamma_r":-0.47}