{"Date":"9/26/2011","Version":"MM107","Technology":"Mono-c-Si","BIPV":"N","A_c":1.615,"N_s":60.0,"T_NOCT":47.5,"I_sc_ref":8.84,"V_oc_ref":38.18,"I_mp_ref":8.44,"V_mp_ref":31.08,"alpha_sc":0.0037920000000000002,"beta_oc":-0.13913,"a_ref":1.6596,"I_L_ref":8.927,"I_o_ref":9.11e-10,"R_s":0.26899999999999996,"R_sh_ref":100000.0,"Adjust":8.0,"PTC":231.8,"pdc0":262.0,"gamma_pdc":-0.0049700000000000005,"gamma_r":-0.49700000000000005}