{"Date":"9/23/2011","Version":"MM107","Technology":"Multi-c-Si","BIPV":"N","A_c":1.615,"N_s":60.0,"T_NOCT":45.9,"I_sc_ref":8.5,"V_oc_ref":37.23,"I_mp_ref":7.92,"V_mp_ref":30.34,"alpha_sc":0.0033829999999999997,"beta_oc":-0.1312,"a_ref":1.5847,"I_L_ref":8.511000000000001,"I_o_ref":5.220000000000001e-10,"R_s":0.281,"R_sh_ref":214.02,"Adjust":7.3,"PTC":215.1,"pdc0":240.0,"gamma_pdc":-0.004699999999999999,"gamma_r":-0.47}