{"Date":"9/23/2011","Version":"MM107","Technology":"Multi-c-Si","BIPV":"N","A_c":1.615,"N_s":60.0,"T_NOCT":45.9,"I_sc_ref":8.28,"V_oc_ref":36.69,"I_mp_ref":7.72,"V_mp_ref":29.69,"alpha_sc":0.003295,"beta_oc":-0.1293,"a_ref":1.554,"I_L_ref":8.291,"I_o_ref":4.53e-10,"R_s":0.317,"R_sh_ref":233.61,"Adjust":6.3,"PTC":205.0,"pdc0":229.0,"gamma_pdc":-0.004699999999999999,"gamma_r":-0.47}