{"Date":"9/23/2011","Version":"MM107","Technology":"Multi-c-Si","BIPV":"N","A_c":1.615,"N_s":60.0,"T_NOCT":45.9,"I_sc_ref":8.36,"V_oc_ref":36.84,"I_mp_ref":7.76,"V_mp_ref":29.89,"alpha_sc":0.003327,"beta_oc":-0.12982,"a_ref":1.5675,"I_L_ref":8.374,"I_o_ref":5.07e-10,"R_s":0.302,"R_sh_ref":177.66,"Adjust":7.2,"PTC":207.8,"pdc0":232.0,"gamma_pdc":-0.004699999999999999,"gamma_r":-0.47}