{"Date":"9/23/2011","Version":"MM107","Technology":"Mono-c-Si","BIPV":"N","A_c":1.615,"N_s":60.0,"T_NOCT":47.5,"I_sc_ref":8.66,"V_oc_ref":37.78,"I_mp_ref":8.26,"V_mp_ref":30.68,"alpha_sc":0.003715,"beta_oc":-0.13767000000000001,"a_ref":1.6398,"I_L_ref":8.738,"I_o_ref":8.62e-10,"R_s":0.28300000000000003,"R_sh_ref":100000.0,"Adjust":7.7,"PTC":223.6,"pdc0":253.0,"gamma_pdc":-0.0049700000000000005,"gamma_r":-0.49700000000000005}