{"Date":"9/23/2011","Version":"MM107","Technology":"Multi-c-Si","BIPV":"N","A_c":1.615,"N_s":60.0,"T_NOCT":45.9,"I_sc_ref":8.34,"V_oc_ref":36.79,"I_mp_ref":7.75,"V_mp_ref":29.84,"alpha_sc":0.003319,"beta_oc":-0.12965,"a_ref":1.5638,"I_L_ref":8.353,"I_o_ref":4.95e-10,"R_s":0.304,"R_sh_ref":188.55,"Adjust":7.0,"PTC":206.8,"pdc0":231.0,"gamma_pdc":-0.004699999999999999,"gamma_r":-0.47}