{"Date":"9/23/2011","Version":"MM107","Technology":"Multi-c-Si","BIPV":"N","A_c":1.615,"N_s":60.0,"T_NOCT":45.9,"I_sc_ref":8.58,"V_oc_ref":37.39,"I_mp_ref":8.0,"V_mp_ref":30.54,"alpha_sc":0.003415,"beta_oc":-0.13176,"a_ref":1.5931,"I_L_ref":8.591000000000001,"I_o_ref":5.4e-10,"R_s":0.26899999999999996,"R_sh_ref":219.73,"Adjust":7.5,"PTC":218.8,"pdc0":244.0,"gamma_pdc":-0.004699999999999999,"gamma_r":-0.47}