{"Date":"9/23/2011","Version":"MM107","Technology":"Mono-c-Si","BIPV":"N","A_c":1.615,"N_s":60.0,"T_NOCT":43.0,"I_sc_ref":8.0,"V_oc_ref":37.11,"I_mp_ref":7.53,"V_mp_ref":30.2,"alpha_sc":0.0027600000000000003,"beta_oc":-0.13953,"a_ref":1.6155,"I_L_ref":8.003,"I_o_ref":8.400000000000001e-10,"R_s":0.293,"R_sh_ref":802.14,"Adjust":5.0,"PTC":218.0,"pdc0":241.0,"gamma_pdc":-0.00503,"gamma_r":-0.503}