{"Date":"9/23/2011","Version":"MM107","Technology":"Multi-c-Si","BIPV":"N","A_c":1.615,"N_s":60.0,"T_NOCT":45.9,"I_sc_ref":8.26,"V_oc_ref":36.63,"I_mp_ref":7.7,"V_mp_ref":29.63,"alpha_sc":0.0032869999999999996,"beta_oc":-0.12908,"a_ref":1.5514,"I_L_ref":8.271,"I_o_ref":4.52e-10,"R_s":0.319,"R_sh_ref":231.66,"Adjust":6.3,"PTC":204.1,"pdc0":228.0,"gamma_pdc":-0.004699999999999999,"gamma_r":-0.47}