{"Date":"9/23/2011","Version":"MM107","Technology":"Multi-c-Si","BIPV":"N","A_c":1.615,"N_s":60.0,"T_NOCT":45.9,"I_sc_ref":8.6,"V_oc_ref":37.43,"I_mp_ref":8.02,"V_mp_ref":30.59,"alpha_sc":0.003423,"beta_oc":-0.1319,"a_ref":1.5948,"I_L_ref":8.61,"I_o_ref":5.41e-10,"R_s":0.266,"R_sh_ref":221.03,"Adjust":7.5,"PTC":219.7,"pdc0":245.0,"gamma_pdc":-0.004699999999999999,"gamma_r":-0.47}