{"Date":"09.02.2010","Version":"MM107","Technology":"1-a-Si","BIPV":"N","A_c":1.455,"N_s":108.0,"T_NOCT":43.0,"I_sc_ref":1.67,"V_oc_ref":93.0,"I_mp_ref":1.39,"V_mp_ref":66.5,"alpha_sc":0.001962,"beta_oc":-0.35619,"a_ref":3.4608,"I_L_ref":1.732,"I_o_ref":3.0899999999999996e-12,"R_s":12.039000000000001,"R_sh_ref":325.46,"Adjust":-26.5,"PTC":86.8,"pdc0":92.0,"gamma_pdc":-0.0026,"gamma_r":-0.26}