{"Date":"09.02.2010","Version":"MM107","Technology":"1-a-Si","BIPV":"N","A_c":1.455,"N_s":108.0,"T_NOCT":43.0,"I_sc_ref":1.68,"V_oc_ref":94.0,"I_mp_ref":1.4,"V_mp_ref":68.0,"alpha_sc":0.001974,"beta_oc":-0.36002,"a_ref":3.5260000000000002,"I_L_ref":1.7380000000000002,"I_o_ref":3.84e-12,"R_s":11.397,"R_sh_ref":330.99,"Adjust":-25.2,"PTC":89.6,"pdc0":95.0,"gamma_pdc":-0.0026,"gamma_r":-0.26}