{"Date":"09.02.2010","Version":"MM107","Technology":"1-a-Si","BIPV":"N","A_c":1.455,"N_s":108.0,"T_NOCT":43.0,"I_sc_ref":1.69,"V_oc_ref":95.0,"I_mp_ref":1.41,"V_mp_ref":68.5,"alpha_sc":0.001986,"beta_oc":-0.36385,"a_ref":3.5523,"I_L_ref":1.749,"I_o_ref":3.5599999999999998e-12,"R_s":11.638,"R_sh_ref":335.55,"Adjust":-25.7,"PTC":90.6,"pdc0":96.0,"gamma_pdc":-0.0026,"gamma_r":-0.26}