{"Date":"5/22/2012","Version":"NRELv1","Technology":"Mono-c-Si","BIPV":"N","A_c":1.2770000000000001,"N_s":72.0,"T_NOCT":46.2,"I_sc_ref":5.41,"V_oc_ref":44.6,"I_mp_ref":5.32,"V_mp_ref":36.7,"alpha_sc":0.003933,"beta_oc":-0.17519,"a_ref":1.9068,"I_L_ref":5.631,"I_o_ref":3.9e-10,"R_s":0.428,"R_sh_ref":2313.05,"Adjust":-3.102,"PTC":175.9,"pdc0":195.0,"gamma_pdc":-0.00441,"gamma_r":-0.441}