{"Date":"5/22/2012","Version":"NRELv1","Technology":"Mono-c-Si","BIPV":"N","A_c":1.2770000000000001,"N_s":72.0,"T_NOCT":45.5,"I_sc_ref":4.9,"V_oc_ref":43.5,"I_mp_ref":4.52,"V_mp_ref":34.3,"alpha_sc":0.002999,"beta_oc":-0.16591,"a_ref":1.8245,"I_L_ref":4.914,"I_o_ref":2.11e-10,"R_s":0.8690000000000001,"R_sh_ref":296.38,"Adjust":-3.801,"PTC":167.1,"pdc0":185.0,"gamma_pdc":-0.00444,"gamma_r":-0.444}