{"Date":"5/22/2012","Version":"NRELv1","Technology":"Mono-c-Si","BIPV":"N","A_c":1.2770000000000001,"N_s":72.0,"T_NOCT":45.5,"I_sc_ref":5.12,"V_oc_ref":44.2,"I_mp_ref":4.83,"V_mp_ref":36.3,"alpha_sc":0.003133,"beta_oc":-0.16858,"a_ref":1.8749,"I_L_ref":5.122000000000001,"I_o_ref":2.9399999999999997e-10,"R_s":0.489,"R_sh_ref":1479.85,"Adjust":-1.578,"PTC":157.9,"pdc0":175.0,"gamma_pdc":-0.00444,"gamma_r":-0.444}