{"Date":"03.09.2011","Version":"MM107","Technology":"Multi-c-Si","BIPV":"N","A_c":1.94,"N_s":72.0,"T_NOCT":46.5,"I_sc_ref":8.13,"V_oc_ref":44.3,"I_mp_ref":7.62,"V_mp_ref":34.8,"alpha_sc":0.004634,"beta_oc":-0.14087,"a_ref":1.8344,"I_L_ref":8.137,"I_o_ref":2.62e-10,"R_s":0.5539999999999999,"R_sh_ref":618.18,"Adjust":12.7,"PTC":237.0,"pdc0":265.0,"gamma_pdc":-0.00457,"gamma_r":-0.457}