{"Date":"03.09.2011","Version":"MM107","Technology":"Multi-c-Si","BIPV":"N","A_c":1.94,"N_s":72.0,"T_NOCT":46.5,"I_sc_ref":7.92,"V_oc_ref":44.0,"I_mp_ref":7.37,"V_mp_ref":34.6,"alpha_sc":0.004514,"beta_oc":-0.13992000000000002,"a_ref":1.8298,"I_L_ref":7.935,"I_o_ref":2.81e-10,"R_s":0.56,"R_sh_ref":302.12,"Adjust":13.6,"PTC":227.9,"pdc0":255.0,"gamma_pdc":-0.00457,"gamma_r":-0.457}