{"Date":"03.09.2011","Version":"MM107","Technology":"Multi-c-Si","BIPV":"N","A_c":1.94,"N_s":72.0,"T_NOCT":46.5,"I_sc_ref":7.78,"V_oc_ref":43.8,"I_mp_ref":7.1,"V_mp_ref":34.5,"alpha_sc":0.004435000000000001,"beta_oc":-0.13928,"a_ref":1.8442,"I_L_ref":7.814,"I_o_ref":3.6200000000000004e-10,"R_s":0.5589999999999999,"R_sh_ref":128.51,"Adjust":16.2,"PTC":218.7,"pdc0":245.0,"gamma_pdc":-0.00457,"gamma_r":-0.457}