{"Technology":"Mono-c-Si","BIPV":"N","A_c":1.2770000000000001,"N_s":72.0,"T_NOCT":46.6,"PTC":185.2,"pdc0":205.0,"gamma_pdc":-0.004333}