{"Technology":"Mono-c-Si","BIPV":"N","A_c":1.6369999999999998,"N_s":60.0,"T_NOCT":47.6,"PTC":184.5,"pdc0":220.0,"gamma_pdc":-0.006618000000000001}