{"Technology":"Mono-c-Si","BIPV":"N","A_c":1.6369999999999998,"N_s":60.0,"T_NOCT":46.8,"PTC":215.6,"pdc0":240.0,"gamma_pdc":-0.004414}