{"Date":"03.10.2011","Version":"MM107","Technology":"Multi-c-Si","BIPV":"N","A_c":1.659,"N_s":60.0,"T_NOCT":46.5,"I_sc_ref":8.31,"V_oc_ref":37.2,"I_mp_ref":7.81,"V_mp_ref":30.78,"alpha_sc":0.005118999999999999,"beta_oc":-0.12548,"a_ref":1.61,"I_L_ref":8.314,"I_o_ref":7.59e-10,"R_s":0.213,"R_sh_ref":426.19,"Adjust":15.5,"PTC":205.4,"pdc0":230.0,"gamma_pdc":-0.0046500000000000005,"gamma_r":-0.465}