{"Date":"10.01.2014","Version":"NRELv1","Technology":"Multi-c-Si","BIPV":"N","A_c":1.6369999999999998,"N_s":60.0,"T_NOCT":45.8,"I_sc_ref":8.62,"V_oc_ref":37.99,"I_mp_ref":8.07,"V_mp_ref":30.43,"alpha_sc":0.005413,"beta_oc":-0.12624000000000002,"a_ref":1.5679,"I_L_ref":8.63,"I_o_ref":2.55e-10,"R_s":0.368,"R_sh_ref":321.27,"Adjust":7.19,"PTC":221.8,"pdc0":245.0,"gamma_pdc":-0.00434,"gamma_r":-0.434}