{"Date":"03.10.2011","Version":"MM107","Technology":"Multi-c-Si","BIPV":"N","A_c":1.95,"N_s":72.0,"T_NOCT":46.5,"I_sc_ref":8.31,"V_oc_ref":44.35,"I_mp_ref":7.81,"V_mp_ref":36.72,"alpha_sc":0.005118999999999999,"beta_oc":-0.14959,"a_ref":1.9203,"I_L_ref":8.314,"I_o_ref":7.67e-10,"R_s":0.25,"R_sh_ref":505.12,"Adjust":15.6,"PTC":245.6,"pdc0":275.0,"gamma_pdc":-0.0046500000000000005,"gamma_r":-0.465}