{"Date":"10.01.2014","Version":"NRELv1","Technology":"Multi-c-Si","BIPV":"N","A_c":1.946,"N_s":72.0,"T_NOCT":46.3,"I_sc_ref":8.85,"V_oc_ref":46.53,"I_mp_ref":8.29,"V_mp_ref":37.42,"alpha_sc":0.005071,"beta_oc":-0.15369000000000002,"a_ref":1.9117,"I_L_ref":8.86,"I_o_ref":2.35e-10,"R_s":0.42100000000000004,"R_sh_ref":379.59,"Adjust":6.956,"PTC":280.4,"pdc0":310.0,"gamma_pdc":-0.004320000000000001,"gamma_r":-0.43200000000000005}