{"Date":"07.12.2010","Version":"MM107","Technology":"Mono-c-Si","BIPV":"N","A_c":1.632,"N_s":60.0,"T_NOCT":49.2,"I_sc_ref":8.53,"V_oc_ref":37.3,"I_mp_ref":7.95,"V_mp_ref":29.6,"alpha_sc":0.0038469999999999997,"beta_oc":-0.12544,"a_ref":1.5949,"I_L_ref":8.542,"I_o_ref":5.86e-10,"R_s":0.391,"R_sh_ref":274.09,"Adjust":13.4,"PTC":204.9,"pdc0":235.0,"gamma_pdc":-0.00499,"gamma_r":-0.499}