{"Technology":"Mono-c-Si","BIPV":"N","A_c":1.3130000000000002,"N_s":48.0,"T_NOCT":45.6,"PTC":190.0,"pdc0":215.0,"gamma_pdc":-0.0055000000000000005}