{"Technology":"Mono-c-Si","BIPV":"N","A_c":1.6269999999999998,"N_s":60.0,"T_NOCT":45.6,"PTC":234.1,"pdc0":265.0,"gamma_pdc":-0.0055000000000000005}