{"Date":"07.06.2011","Version":"MM107","Technology":"Multi-c-Si","BIPV":"N","A_c":1.682,"N_s":60.0,"T_NOCT":43.1,"I_sc_ref":8.46,"V_oc_ref":37.5,"I_mp_ref":7.97,"V_mp_ref":30.72,"alpha_sc":0.0035700000000000003,"beta_oc":-0.13879,"a_ref":1.7106,"I_L_ref":8.461,"I_o_ref":2.55e-09,"R_s":0.231,"R_sh_ref":1618.27,"Adjust":16.1,"PTC":214.9,"pdc0":240.0,"gamma_pdc":-0.00542,"gamma_r":-0.542}