{"Date":"07.06.2011","Version":"MM107","Technology":"Multi-c-Si","BIPV":"N","A_c":1.682,"N_s":60.0,"T_NOCT":43.1,"I_sc_ref":8.05,"V_oc_ref":35.94,"I_mp_ref":7.58,"V_mp_ref":29.34,"alpha_sc":0.003397,"beta_oc":-0.13301,"a_ref":1.6363,"I_L_ref":8.051,"I_o_ref":2.32e-09,"R_s":0.249,"R_sh_ref":1516.62,"Adjust":15.7,"PTC":191.9,"pdc0":215.0,"gamma_pdc":-0.00542,"gamma_r":-0.542}