{"Date":"07.06.2011","Version":"MM107","Technology":"Multi-c-Si","BIPV":"N","A_c":1.682,"N_s":60.0,"T_NOCT":43.1,"I_sc_ref":8.41,"V_oc_ref":37.32,"I_mp_ref":7.92,"V_mp_ref":30.54,"alpha_sc":0.003549,"beta_oc":-0.13812,"a_ref":1.7016,"I_L_ref":8.411,"I_o_ref":2.5e-09,"R_s":0.23600000000000002,"R_sh_ref":1444.02,"Adjust":16.0,"PTC":210.3,"pdc0":235.0,"gamma_pdc":-0.00542,"gamma_r":-0.542}