{"Technology":"Mono-c-Si","BIPV":"N","A_c":1.2770000000000001,"N_s":72.0,"T_NOCT":47.0,"PTC":174.7,"pdc0":195.0,"gamma_pdc":-0.0045197}