{"Technology":"Multi-c-Si","BIPV":"N","A_c":1.6130000000000002,"N_s":60.0,"T_NOCT":45.7,"PTC":231.3,"pdc0":255.0,"gamma_pdc":-0.004320000000000001}