{"Vac":240.0,"Paco":12500.0,"Pdco":12866.8,"Vdco":660.0,"Pso":45.3442,"C0":-3.92518e-07,"C1":-3.58642e-05,"C2":-0.00146944,"C3":-0.00376866,"Pnt":0.32,"Vdcmax":800.0,"Mppt_low":260.0,"Mppt_high":800.0}