{"Vac":480.0,"Paco":20000.0,"Pdco":20467.5,"Vdco":712.0,"Pso":62.4993,"C0":-2.3016300000000002e-07,"C1":-3.35713e-05,"C2":-0.00155902,"C3":-0.00134763,"Pnt":1.04,"Vdcmax":800.0,"Mppt_low":450.0,"Mppt_high":800.0}