{"Vac":208.0,"Paco":12000.0,"Pdco":12525.2,"Vdco":350.0,"Pso":24.7794,"C0":-1.37163e-06,"C1":-2.4455100000000002e-05,"C2":0.00281077,"C3":-0.00147967,"Pnt":0.61,"Vdcmax":480.0,"Mppt_low":300.0,"Mppt_high":480.0}