{"Vac":208.0,"Paco":6000.0,"Pdco":6168.1,"Vdco":660.0,"Pso":43.5772,"C0":-1.93123e-06,"C1":-2.46227e-05,"C2":-6.39315e-05,"C3":-0.00038205,"Pnt":0.41,"Vdcmax":800.0,"Mppt_low":100.0,"Mppt_high":800.0}