{"Vac":240.0,"Paco":9995.0,"Pdco":10296.0,"Vdco":655.0,"Pso":44.271,"C0":-7.997350000000001e-07,"C1":-2.80823e-05,"C2":-0.000619261,"C3":0.000286392,"Pnt":0.32,"Vdcmax":800.0,"Mppt_low":100.0,"Mppt_high":800.0}