{"Vac":480.0,"Paco":22730.0,"Pdco":23259.6,"Vdco":720.0,"Pso":62.3086,"C0":-2.62782e-07,"C1":-3.54837e-05,"C2":-0.00188684,"C3":-0.00226219,"Pnt":1.03,"Vdcmax":800.0,"Mppt_low":500.0,"Mppt_high":800.0}