{"Vac":240.0,"Paco":7600.0,"Pdco":7802.58,"Vdco":660.0,"Pso":38.7617,"C0":-1.4791399999999998e-06,"C1":-2.7965399999999998e-05,"C2":-0.000608272,"C3":-0.000576404,"Pnt":0.55,"Vdcmax":800.0,"Mppt_low":100.0,"Mppt_high":800.0}