{"Vac":240.0,"Paco":11400.0,"Pdco":11738.7,"Vdco":660.0,"Pso":49.129,"C0":-6.68227e-07,"C1":-3.28238e-05,"C2":-0.0007237739999999999,"C3":-0.00076513,"Pnt":0.32,"Vdcmax":800.0,"Mppt_low":240.0,"Mppt_high":800.0}