{"Vac":208.0,"Paco":12500.0,"Pdco":12891.5,"Vdco":665.0,"Pso":43.3101,"C0":-6.708669999999999e-07,"C1":-3.29869e-05,"C2":-0.00141,"C3":-0.00233542,"Pnt":0.24,"Vdcmax":800.0,"Mppt_low":260.0,"Mppt_high":800.0}