{"Vac":208.0,"Paco":5000.0,"Pdco":5139.91,"Vdco":650.0,"Pso":46.4407,"C0":-2.52356e-06,"C1":-2.31676e-05,"C2":2.78202e-05,"C3":-3.96338e-05,"Pnt":0.41,"Vdcmax":800.0,"Mppt_low":100.0,"Mppt_high":800.0}