{"Date":"04.01.2011","Version":"MM107","Technology":"Mono-c-Si","BIPV":"N","A_c":1.903,"N_s":72.0,"T_NOCT":46.1,"I_sc_ref":5.44,"V_oc_ref":45.4,"I_mp_ref":5.25,"V_mp_ref":36.2,"alpha_sc":0.0028829999999999997,"beta_oc":-0.15617999999999999,"a_ref":1.8935,"I_L_ref":5.556,"I_o_ref":2.1499999999999998e-10,"R_s":0.7070000000000001,"R_sh_ref":100000.0,"Adjust":5.7,"PTC":169.0,"pdc0":190.0,"gamma_pdc":-0.0046,"gamma_r":-0.46}