{"Date":"04.01.2011","Version":"MM107","Technology":"Mono-c-Si","BIPV":"N","A_c":1.903,"N_s":72.0,"T_NOCT":46.1,"I_sc_ref":5.17,"V_oc_ref":44.8,"I_mp_ref":4.86,"V_mp_ref":36.0,"alpha_sc":0.00274,"beta_oc":-0.15411,"a_ref":1.8836,"I_L_ref":5.172999999999999,"I_o_ref":2.41e-10,"R_s":0.6809999999999999,"R_sh_ref":1131.55,"Adjust":7.3,"PTC":155.4,"pdc0":175.0,"gamma_pdc":-0.0046,"gamma_r":-0.46}