{"Date":"2/14/2011","Version":"MM107","Technology":"Mono-c-Si","BIPV":"N","A_c":1.9680000000000002,"N_s":72.0,"T_NOCT":46.6,"I_sc_ref":8.81,"V_oc_ref":44.8,"I_mp_ref":8.19,"V_mp_ref":36.0,"alpha_sc":0.004405,"beta_oc":-0.14784,"a_ref":1.8684,"I_L_ref":8.826,"I_o_ref":3.3300000000000004e-10,"R_s":0.406,"R_sh_ref":223.31,"Adjust":10.1,"PTC":264.8,"pdc0":295.0,"gamma_pdc":-0.0045000000000000005,"gamma_r":-0.45}