{"Date":"07.08.2010","Version":"MM107","Technology":"Multi-c-Si","BIPV":"N","A_c":1.597,"N_s":60.0,"T_NOCT":48.1,"I_sc_ref":8.46,"V_oc_ref":37.0,"I_mp_ref":7.58,"V_mp_ref":29.7,"alpha_sc":0.004809000000000001,"beta_oc":-0.14470999999999998,"a_ref":1.7695,"I_L_ref":8.496,"I_o_ref":6.620000000000001e-09,"R_s":0.299,"R_sh_ref":70.75,"Adjust":18.8,"PTC":194.2,"pdc0":225.0,"gamma_pdc":-0.00555,"gamma_r":-0.555}