{"Date":"7/13/2012","Version":"NRELv1","Technology":"Multi-c-Si","BIPV":"N","A_c":1.94,"N_s":72.0,"T_NOCT":46.6,"I_sc_ref":8.38,"V_oc_ref":44.53,"I_mp_ref":7.98,"V_mp_ref":35.11,"alpha_sc":0.004817,"beta_oc":-0.14612,"a_ref":1.8731,"I_L_ref":8.464,"I_o_ref":4e-10,"R_s":0.507,"R_sh_ref":12818.4,"Adjust":12.78,"PTC":249.6,"pdc0":280.0,"gamma_pdc":-0.004739999999999999,"gamma_r":-0.474}