{"Date":"08.08.2014","Version":"NRELv1","Technology":"Multi-c-Si","BIPV":"N","A_c":1.624,"N_s":60.0,"T_NOCT":50.2,"I_sc_ref":7.95,"V_oc_ref":36.06,"I_mp_ref":7.3,"V_mp_ref":30.12,"alpha_sc":0.004357,"beta_oc":-0.13068,"a_ref":1.673,"I_L_ref":7.959,"I_o_ref":3.3399999999999996e-09,"R_s":0.14,"R_sh_ref":123.15,"Adjust":22.01,"PTC":189.1,"pdc0":220.0,"gamma_pdc":-0.0052,"gamma_r":-0.52}