{"Date":"08.08.2014","Version":"NRELv1","Technology":"Multi-c-Si","BIPV":"N","A_c":1.624,"N_s":60.0,"T_NOCT":46.4,"I_sc_ref":8.32,"V_oc_ref":36.84,"I_mp_ref":7.83,"V_mp_ref":30.72,"alpha_sc":0.00807,"beta_oc":-0.13226,"a_ref":1.694,"I_L_ref":8.322000000000001,"I_o_ref":2.97e-09,"R_s":0.15,"R_sh_ref":705.34,"Adjust":21.01,"PTC":213.3,"pdc0":240.0,"gamma_pdc":-0.00493,"gamma_r":-0.493}