{"Date":"09.02.2010","Version":"MM107","Technology":"Mono-c-Si","BIPV":"N","A_c":1.453,"N_s":54.0,"T_NOCT":50.3,"I_sc_ref":8.52,"V_oc_ref":33.9,"I_mp_ref":7.93,"V_mp_ref":26.5,"alpha_sc":0.002726,"beta_oc":-0.11187000000000001,"a_ref":1.381,"I_L_ref":8.537,"I_o_ref":1.8300000000000001e-10,"R_s":0.431,"R_sh_ref":215.09,"Adjust":5.4,"PTC":184.1,"pdc0":210.0,"gamma_pdc":-0.0046,"gamma_r":-0.46}