{"Vac":120.0,"Paco":210.0,"Pdco":223.544,"Vdco":50.0,"Pso":3.5304300000000004,"C0":-0.000273975,"C1":-0.000309696,"C2":0.016368999999999998,"C3":-0.0109955,"Pnt":0.0,"Vdcmax":55.0,"Mppt_low":36.0,"Mppt_high":55.0}