{"Date":"04.01.2011","Version":"MM107","Technology":"Multi-c-Si","BIPV":"N","A_c":1.952,"N_s":72.0,"T_NOCT":47.5,"I_sc_ref":8.03,"V_oc_ref":42.62,"I_mp_ref":7.5,"V_mp_ref":34.65,"alpha_sc":0.0022960000000000003,"beta_oc":-0.13493,"a_ref":1.8033,"I_L_ref":8.039,"I_o_ref":4.2999999999999996e-10,"R_s":0.355,"R_sh_ref":304.81,"Adjust":18.3,"PTC":229.6,"pdc0":260.0,"gamma_pdc":-0.0048200000000000005,"gamma_r":-0.48200000000000004}