{"Date":"10.05.2010","Version":"MM107","Technology":"Multi-c-Si","BIPV":"N","A_c":1.663,"N_s":60.0,"T_NOCT":47.2,"I_sc_ref":8.29,"V_oc_ref":36.7,"I_mp_ref":7.74,"V_mp_ref":29.2,"alpha_sc":0.0038799999999999998,"beta_oc":-0.11600999999999999,"a_ref":1.5508,"I_L_ref":8.301,"I_o_ref":4.32e-10,"R_s":0.389,"R_sh_ref":299.45,"Adjust":18.0,"PTC":199.3,"pdc0":225.0,"gamma_pdc":-0.00477,"gamma_r":-0.47700000000000004}