{"Date":"11/30/2009","Version":"MM106","Technology":"Mono-c-Si","BIPV":"N","A_c":1.2770000000000001,"N_s":72.0,"T_NOCT":46.3,"I_sc_ref":5.12,"V_oc_ref":44.5,"I_mp_ref":4.74,"V_mp_ref":35.9,"alpha_sc":0.002816,"beta_oc":-0.16688,"a_ref":1.8517,"I_L_ref":5.131,"I_o_ref":1.8200000000000002e-10,"R_s":0.6629999999999999,"R_sh_ref":301.64,"Adjust":-3.7,"PTC":153.1,"pdc0":170.0,"gamma_pdc":-0.00431,"gamma_r":-0.431}