{"Date":"11/30/2009","Version":"MM106","Technology":"Mono-c-Si","BIPV":"N","A_c":1.2770000000000001,"N_s":72.0,"T_NOCT":46.3,"I_sc_ref":5.13,"V_oc_ref":44.7,"I_mp_ref":4.97,"V_mp_ref":36.2,"alpha_sc":0.002822,"beta_oc":-0.16763,"a_ref":1.8376,"I_L_ref":5.246,"I_o_ref":1.43e-10,"R_s":0.621,"R_sh_ref":100000.0,"Adjust":-5.8,"PTC":162.4,"pdc0":180.0,"gamma_pdc":-0.00431,"gamma_r":-0.431}