{"Date":"11/30/2009","Version":"MM106","Technology":"Mono-c-Si","BIPV":"N","A_c":1.2770000000000001,"N_s":72.0,"T_NOCT":46.3,"I_sc_ref":5.12,"V_oc_ref":44.6,"I_mp_ref":4.86,"V_mp_ref":36.0,"alpha_sc":0.002816,"beta_oc":-0.16725,"a_ref":1.8317,"I_L_ref":5.132000000000001,"I_o_ref":1.37e-10,"R_s":0.662,"R_sh_ref":100000.0,"Adjust":-6.0,"PTC":157.8,"pdc0":175.0,"gamma_pdc":-0.00431,"gamma_r":-0.431}