{"Vac":208.0,"Paco":5500.0,"Pdco":5698.26,"Vdco":380.0,"Pso":36.6961,"C0":-3.82532e-06,"C1":-3.4685300000000005e-05,"C2":-0.000347898,"C3":-0.000584445,"Pnt":1.0,"Vdcmax":470.0,"Mppt_low":100.0,"Mppt_high":470.0}