{"Vac":480.0,"Paco":50000.0,"Pdco":50831.5,"Vdco":730.0,"Pso":96.1106,"C0":-1.44393e-07,"C1":-2.42745e-05,"C2":-0.00361293,"C3":-0.00128937,"Pnt":0.88,"Vdcmax":850.0,"Mppt_low":480.0,"Mppt_high":850.0}