{"Vac":480.0,"Paco":23000.0,"Pdco":23426.2,"Vdco":720.0,"Pso":56.7846,"C0":-3.2225900000000005e-07,"C1":-3.5393000000000005e-05,"C2":0.000128191,"C3":0.000390902,"Pnt":1.0,"Vdcmax":800.0,"Mppt_low":480.0,"Mppt_high":800.0}