{"Vac":480.0,"Paco":100000.0,"Pdco":104271.0,"Vdco":430.0,"Pso":611.163,"C0":-2.25343e-07,"C1":3.07981e-05,"C2":0.00202539,"C3":0.0007735039999999999,"Pnt":34.0,"Vdcmax":500.0,"Mppt_low":330.0,"Mppt_high":500.0}