{"Vac":480.0,"Paco":60000.0,"Pdco":61067.7,"Vdco":730.0,"Pso":96.21799999999999,"C0":-1.5132099999999998e-07,"C1":-2.46459e-05,"C2":-0.00371277,"C3":-0.00174064,"Pnt":0.88,"Vdcmax":850.0,"Mppt_low":540.0,"Mppt_high":850.0}