{"Vac":208.0,"Paco":4610.0,"Pdco":4784.18,"Vdco":390.0,"Pso":25.1245,"C0":-5.90467e-06,"C1":-4.69434e-05,"C2":-0.000503519,"C3":-0.000597723,"Pnt":0.7,"Vdcmax":470.0,"Mppt_low":100.0,"Mppt_high":470.0}