{"Vac":208.0,"Paco":14000.0,"Pdco":14675.1,"Vdco":385.0,"Pso":38.1395,"C0":-1.36814e-06,"C1":-3.03155e-05,"C2":0.00139209,"C3":-0.000424051,"Pnt":4.0,"Vdcmax":540.0,"Mppt_low":300.0,"Mppt_high":540.0}