{"Vac":208.0,"Paco":5680.0,"Pdco":5857.65,"Vdco":360.0,"Pso":28.7384,"C0":-2.7788799999999996e-06,"C1":4.94183e-06,"C2":0.00173774,"C3":0.000291613,"Pnt":0.11,"Vdcmax":470.0,"Mppt_low":100.0,"Mppt_high":470.0}