{"Vac":277.0,"Paco":7010.0,"Pdco":7219.11,"Vdco":360.0,"Pso":29.9981,"C0":-1.97699e-06,"C1":-2.9276799999999997e-05,"C2":-0.0007202339999999999,"C3":-0.000752061,"Pnt":0.02,"Vdcmax":450.0,"Mppt_low":100.0,"Mppt_high":450.0}