{"Vac":480.0,"Paco":60000.0,"Pdco":61072.3,"Vdco":730.0,"Pso":95.6528,"C0":-1.48067e-07,"C1":-2.2354e-05,"C2":-0.00341481,"C3":-0.00119879,"Pnt":0.88,"Vdcmax":850.0,"Mppt_low":540.0,"Mppt_high":850.0}