{"Vac":277.0,"Paco":6010.0,"Pdco":6184.18,"Vdco":360.0,"Pso":28.4963,"C0":-2.38613e-06,"C1":-2.07792e-05,"C2":0.000300694,"C3":0.000470627,"Pnt":0.08,"Vdcmax":450.0,"Mppt_low":100.0,"Mppt_high":450.0}