{"Date":"10.06.2013","Version":"NRELv1","Technology":"Mono-c-Si","BIPV":"N","A_c":1.305,"N_s":48.0,"T_NOCT":46.7,"I_sc_ref":8.68,"V_oc_ref":29.1,"I_mp_ref":8.04,"V_mp_ref":23.65,"alpha_sc":0.004731,"beta_oc":-0.10563,"a_ref":1.3575,"I_L_ref":8.691,"I_o_ref":4.17e-09,"R_s":0.19399999999999998,"R_sh_ref":152.01,"Adjust":23.11,"PTC":165.9,"pdc0":190.0,"gamma_pdc":-0.00551,"gamma_r":-0.551}