{"Date":"11.03.2013","Version":"NRELv1","Technology":"Mono-c-Si","BIPV":"N","A_c":1.942,"N_s":72.0,"T_NOCT":46.7,"I_sc_ref":8.79,"V_oc_ref":43.85,"I_mp_ref":8.14,"V_mp_ref":35.65,"alpha_sc":0.004790999999999999,"beta_oc":-0.15918,"a_ref":2.0464,"I_L_ref":8.801,"I_o_ref":4.25e-09,"R_s":0.287,"R_sh_ref":222.89,"Adjust":23.19,"PTC":253.5,"pdc0":290.0,"gamma_pdc":-0.00551,"gamma_r":-0.551}