{"Date":"10/25/2013","Version":"NRELv1","Technology":"Mono-c-Si","BIPV":"N","A_c":1.624,"N_s":60.0,"T_NOCT":46.7,"I_sc_ref":8.9,"V_oc_ref":36.6,"I_mp_ref":8.24,"V_mp_ref":29.75,"alpha_sc":0.004850999999999999,"beta_oc":-0.13285999999999998,"a_ref":1.7081,"I_L_ref":8.912,"I_o_ref":4.31e-09,"R_s":0.23800000000000002,"R_sh_ref":181.6,"Adjust":23.19,"PTC":214.2,"pdc0":245.0,"gamma_pdc":-0.00551,"gamma_r":-0.551}