{"Date":"10/17/2013","Version":"NRELv1","Technology":"Mono-c-Si","BIPV":"N","A_c":1.469,"N_s":54.0,"T_NOCT":46.7,"I_sc_ref":8.95,"V_oc_ref":33.4,"I_mp_ref":8.29,"V_mp_ref":27.15,"alpha_sc":0.004878,"beta_oc":-0.12124000000000001,"a_ref":1.5583,"I_L_ref":8.961,"I_o_ref":4.31e-09,"R_s":0.21600000000000003,"R_sh_ref":168.95,"Adjust":23.14,"PTC":196.8,"pdc0":225.0,"gamma_pdc":-0.00551,"gamma_r":-0.551}