{"Date":"11.02.2013","Version":"NRELv1","Technology":"Multi-c-Si","BIPV":"N","A_c":1.942,"N_s":72.0,"T_NOCT":46.3,"I_sc_ref":8.76,"V_oc_ref":43.4,"I_mp_ref":8.15,"V_mp_ref":35.0,"alpha_sc":0.005712,"beta_oc":-0.15567999999999999,"a_ref":1.9248,"I_L_ref":8.771,"I_o_ref":1.3900000000000002e-09,"R_s":0.349,"R_sh_ref":269.08,"Adjust":13.67,"PTC":253.3,"pdc0":285.0,"gamma_pdc":-0.0049499999999999995,"gamma_r":-0.495}