{"Date":"10/29/2013","Version":"NRELv1","Technology":"Multi-c-Si","BIPV":"N","A_c":1.942,"N_s":72.0,"T_NOCT":46.3,"I_sc_ref":8.62,"V_oc_ref":42.61,"I_mp_ref":7.98,"V_mp_ref":34.5,"alpha_sc":0.00562,"beta_oc":-0.15284,"a_ref":1.9002,"I_L_ref":8.634,"I_o_ref":1.54e-09,"R_s":0.327,"R_sh_ref":196.89,"Adjust":14.78,"PTC":244.1,"pdc0":275.0,"gamma_pdc":-0.0049499999999999995,"gamma_r":-0.495}