{"Date":"06.09.2010","Version":"MM107","Technology":"Mono-c-Si","BIPV":"N","A_c":1.635,"N_s":60.0,"T_NOCT":46.3,"I_sc_ref":8.91,"V_oc_ref":36.2,"I_mp_ref":7.95,"V_mp_ref":30.2,"alpha_sc":0.0032700000000000003,"beta_oc":-0.10747999999999999,"a_ref":1.5367,"I_L_ref":8.937999999999999,"I_o_ref":4.86e-10,"R_s":0.16699999999999998,"R_sh_ref":53.09,"Adjust":26.5,"PTC":216.3,"pdc0":240.0,"gamma_pdc":-0.004379999999999999,"gamma_r":-0.43799999999999994}