{"Date":"06.09.2010","Version":"MM107","Technology":"Mono-c-Si","BIPV":"N","A_c":1.635,"N_s":60.0,"T_NOCT":46.3,"I_sc_ref":8.11,"V_oc_ref":34.8,"I_mp_ref":7.24,"V_mp_ref":29.0,"alpha_sc":0.0029760000000000003,"beta_oc":-0.10332000000000001,"a_ref":1.4754,"I_L_ref":8.136000000000001,"I_o_ref":4.29e-10,"R_s":0.182,"R_sh_ref":56.52,"Adjust":26.2,"PTC":188.7,"pdc0":210.0,"gamma_pdc":-0.004379999999999999,"gamma_r":-0.43799999999999994}