{"Date":"06.09.2010","Version":"MM107","Technology":"Mono-c-Si","BIPV":"N","A_c":1.635,"N_s":60.0,"T_NOCT":46.3,"I_sc_ref":8.77,"V_oc_ref":36.0,"I_mp_ref":7.83,"V_mp_ref":30.0,"alpha_sc":0.0032189999999999996,"beta_oc":-0.10687999999999999,"a_ref":1.5263,"I_L_ref":8.798,"I_o_ref":4.6399999999999995e-10,"R_s":0.174,"R_sh_ref":54.16,"Adjust":26.2,"PTC":211.7,"pdc0":235.0,"gamma_pdc":-0.004379999999999999,"gamma_r":-0.43799999999999994}