{"Date":"06.09.2010","Version":"MM107","Technology":"Multi-c-Si","BIPV":"N","A_c":1.635,"N_s":60.0,"T_NOCT":46.7,"I_sc_ref":8.55,"V_oc_ref":35.4,"I_mp_ref":7.63,"V_mp_ref":29.5,"alpha_sc":0.00396,"beta_oc":-0.11197,"a_ref":1.5308,"I_L_ref":8.576,"I_o_ref":7.190000000000001e-10,"R_s":0.16699999999999998,"R_sh_ref":54.95,"Adjust":22.8,"PTC":201.7,"pdc0":225.0,"gamma_pdc":-0.00445,"gamma_r":-0.445}