{"Date":"06.09.2010","Version":"MM107","Technology":"Multi-c-Si","BIPV":"N","A_c":1.635,"N_s":60.0,"T_NOCT":46.7,"I_sc_ref":8.59,"V_oc_ref":36.0,"I_mp_ref":7.67,"V_mp_ref":30.0,"alpha_sc":0.003978,"beta_oc":-0.11387,"a_ref":1.5561,"I_L_ref":8.616,"I_o_ref":7.149999999999999e-10,"R_s":0.16899999999999998,"R_sh_ref":56.11,"Adjust":22.7,"PTC":206.3,"pdc0":230.0,"gamma_pdc":-0.00445,"gamma_r":-0.445}