{"Date":"5/22/2012","Version":"NRELv1","Technology":"Mono-c-Si","BIPV":"N","A_c":1.69,"N_s":96.0,"T_NOCT":50.0,"I_sc_ref":5.43,"V_oc_ref":60.09,"I_mp_ref":5.07,"V_mp_ref":51.25,"alpha_sc":0.003421,"beta_oc":-0.21511999999999998,"a_ref":2.6402,"I_L_ref":5.432,"I_o_ref":6.93e-10,"R_s":0.17300000000000001,"R_sh_ref":515.05,"Adjust":11.96,"PTC":229.3,"pdc0":260.0,"gamma_pdc":-0.004529999999999999,"gamma_r":-0.45299999999999996}