{"Date":"04.02.2013","Version":"NRELv1","Technology":"Multi-c-Si","BIPV":"N","A_c":1.624,"N_s":60.0,"T_NOCT":47.2,"I_sc_ref":8.86,"V_oc_ref":37.62,"I_mp_ref":8.33,"V_mp_ref":30.6,"alpha_sc":0.003544,"beta_oc":-0.11285999999999999,"a_ref":1.5472,"I_L_ref":8.866,"I_o_ref":2.42e-10,"R_s":0.293,"R_sh_ref":399.35,"Adjust":18.3,"PTC":223.9,"pdc0":250.0,"gamma_pdc":-0.0045000000000000005,"gamma_r":-0.45}