{"Date":"5/22/2012","Version":"NRELv1","Technology":"Mono-c-Si","BIPV":"N","A_c":1.936,"N_s":72.0,"T_NOCT":47.0,"I_sc_ref":8.68,"V_oc_ref":44.5,"I_mp_ref":8.11,"V_mp_ref":35.8,"alpha_sc":0.003472,"beta_oc":-0.17800000000000002,"a_ref":2.0541,"I_L_ref":8.686,"I_o_ref":3.3600000000000004e-09,"R_s":0.353,"R_sh_ref":522.35,"Adjust":9.8,"PTC":252.4,"pdc0":290.0,"gamma_pdc":-0.005600000000000001,"gamma_r":-0.56}