{"Technology":"Multi-c-Si","BIPV":"N","A_c":1.6130000000000002,"N_s":60.0,"T_NOCT":46.9,"PTC":248.2,"pdc0":275.0,"gamma_pdc":-0.004375}