{"Date":"7/13/2012","Version":"NRELv1","Technology":"Multi-c-Si","BIPV":"N","A_c":1.624,"N_s":60.0,"T_NOCT":46.8,"I_sc_ref":8.67,"V_oc_ref":36.9,"I_mp_ref":8.11,"V_mp_ref":29.6,"alpha_sc":0.006069,"beta_oc":-0.13652999999999998,"a_ref":1.6583,"I_L_ref":8.676,"I_o_ref":1.8600000000000002e-09,"R_s":0.316,"R_sh_ref":443.66,"Adjust":12.87,"PTC":211.8,"pdc0":240.0,"gamma_pdc":-0.0051,"gamma_r":-0.51}