{"Date":"7/13/2012","Version":"NRELv1","Technology":"Mono-c-Si","BIPV":"N","A_c":1.624,"N_s":60.0,"T_NOCT":46.7,"I_sc_ref":8.98,"V_oc_ref":38.2,"I_mp_ref":8.55,"V_mp_ref":31.0,"alpha_sc":0.00449,"beta_oc":-0.12988,"a_ref":1.6216,"I_L_ref":9.073,"I_o_ref":5.31e-10,"R_s":0.287,"R_sh_ref":857.35,"Adjust":10.8,"PTC":237.2,"pdc0":265.0,"gamma_pdc":-0.004699999999999999,"gamma_r":-0.47}