{"Date":"7/13/2012","Version":"NRELv1","Technology":"Multi-c-Si","BIPV":"N","A_c":1.624,"N_s":60.0,"T_NOCT":46.8,"I_sc_ref":8.92,"V_oc_ref":37.9,"I_mp_ref":8.39,"V_mp_ref":30.4,"alpha_sc":0.0062439999999999996,"beta_oc":-0.14023,"a_ref":1.6975,"I_L_ref":8.922,"I_o_ref":1.79e-09,"R_s":0.316,"R_sh_ref":1709.32,"Adjust":12.22,"PTC":225.5,"pdc0":255.0,"gamma_pdc":-0.0051,"gamma_r":-0.51}