{"Date":"5/22/2012","Version":"NRELv1","Technology":"Mono-c-Si","BIPV":"N","A_c":1.2770000000000001,"N_s":72.0,"T_NOCT":45.8,"I_sc_ref":5.34,"V_oc_ref":44.5,"I_mp_ref":4.96,"V_mp_ref":35.3,"alpha_sc":0.001478,"beta_oc":-0.14665999999999998,"a_ref":1.8485,"I_L_ref":5.351,"I_o_ref":1.8399999999999998e-10,"R_s":0.772,"R_sh_ref":374.02,"Adjust":9.831,"PTC":156.5,"pdc0":175.0,"gamma_pdc":-0.004739999999999999,"gamma_r":-0.474}