{"Date":"5/22/2012","Version":"NRELv1","Technology":"Mono-c-Si","BIPV":"N","A_c":1.465,"N_s":54.0,"T_NOCT":47.7,"I_sc_ref":9.09,"V_oc_ref":34.0,"I_mp_ref":8.7,"V_mp_ref":27.6,"alpha_sc":0.004545,"beta_oc":-0.136,"a_ref":1.5721,"I_L_ref":9.276,"I_o_ref":3.74e-09,"R_s":0.21899999999999997,"R_sh_ref":642.31,"Adjust":10.06,"PTC":209.2,"pdc0":240.0,"gamma_pdc":-0.0055000000000000005,"gamma_r":-0.55}