{"Date":"7/13/2012","Version":"NRELv1","Technology":"Mono-c-Si","BIPV":"N","A_c":1.624,"N_s":60.0,"T_NOCT":46.7,"I_sc_ref":8.85,"V_oc_ref":37.4,"I_mp_ref":8.44,"V_mp_ref":30.2,"alpha_sc":0.004425,"beta_oc":-0.12716,"a_ref":1.5816,"I_L_ref":8.94,"I_o_ref":4.79e-10,"R_s":0.306,"R_sh_ref":1885.94,"Adjust":10.01,"PTC":228.0,"pdc0":255.0,"gamma_pdc":-0.004699999999999999,"gamma_r":-0.47}