{"Date":"5/22/2012","Version":"NRELv1","Technology":"Mono-c-Si","BIPV":"N","A_c":1.936,"N_s":72.0,"T_NOCT":46.2,"I_sc_ref":8.59,"V_oc_ref":44.4,"I_mp_ref":7.99,"V_mp_ref":35.7,"alpha_sc":0.00335,"beta_oc":-0.13631,"a_ref":1.7755,"I_L_ref":8.607999999999999,"I_o_ref":1.1599999999999999e-10,"R_s":0.429,"R_sh_ref":209.89,"Adjust":9.28,"PTC":258.0,"pdc0":285.0,"gamma_pdc":-0.00423,"gamma_r":-0.423}