{"Date":"5/22/2012","Version":"NRELv1","Technology":"Multi-c-Si","BIPV":"N","A_c":1.61,"N_s":60.0,"T_NOCT":45.7,"I_sc_ref":8.36,"V_oc_ref":36.7,"I_mp_ref":7.68,"V_mp_ref":29.3,"alpha_sc":0.005016,"beta_oc":-0.13579000000000002,"a_ref":1.6346,"I_L_ref":8.382,"I_o_ref":1.4400000000000002e-09,"R_s":0.353,"R_sh_ref":131.92,"Adjust":11.0,"PTC":200.1,"pdc0":225.0,"gamma_pdc":-0.005,"gamma_r":-0.5}