{"Date":"5/22/2012","Version":"NRELv1","Technology":"Multi-c-Si","BIPV":"N","A_c":1.936,"N_s":72.0,"T_NOCT":47.4,"I_sc_ref":8.48,"V_oc_ref":43.8,"I_mp_ref":7.82,"V_mp_ref":35.2,"alpha_sc":0.00424,"beta_oc":-0.16205999999999998,"a_ref":1.9553,"I_L_ref":8.498,"I_o_ref":1.54e-09,"R_s":0.38,"R_sh_ref":177.78,"Adjust":11.61,"PTC":241.6,"pdc0":275.0,"gamma_pdc":-0.0051,"gamma_r":-0.51}