{"Date":"5/22/2012","Version":"NRELv1","Technology":"Multi-c-Si","BIPV":"N","A_c":1.61,"N_s":60.0,"T_NOCT":45.7,"I_sc_ref":8.54,"V_oc_ref":36.8,"I_mp_ref":7.94,"V_mp_ref":29.6,"alpha_sc":0.005124,"beta_oc":-0.13616,"a_ref":1.6344,"I_L_ref":8.552,"I_o_ref":1.4000000000000001e-09,"R_s":0.314,"R_sh_ref":229.13,"Adjust":10.52,"PTC":209.2,"pdc0":235.0,"gamma_pdc":-0.005,"gamma_r":-0.5}