{"Date":"5/22/2012","Version":"NRELv1","Technology":"Mono-c-Si","BIPV":"N","A_c":1.624,"N_s":60.0,"T_NOCT":46.2,"I_sc_ref":8.62,"V_oc_ref":37.0,"I_mp_ref":8.06,"V_mp_ref":29.8,"alpha_sc":0.0033619999999999995,"beta_oc":-0.11359000000000001,"a_ref":1.4767,"I_L_ref":8.633,"I_o_ref":1.11e-10,"R_s":0.349,"R_sh_ref":236.48,"Adjust":8.884,"PTC":217.3,"pdc0":240.0,"gamma_pdc":-0.00423,"gamma_r":-0.423}