{"Date":"7/13/2012","Version":"NRELv1","Technology":"Multi-c-Si","BIPV":"N","A_c":1.624,"N_s":60.0,"T_NOCT":46.8,"I_sc_ref":9.01,"V_oc_ref":38.0,"I_mp_ref":8.5,"V_mp_ref":30.6,"alpha_sc":0.006307,"beta_oc":-0.1406,"a_ref":1.7124,"I_L_ref":9.107999999999999,"I_o_ref":2.07e-09,"R_s":0.293,"R_sh_ref":349.19,"Adjust":13.42,"PTC":230.1,"pdc0":260.0,"gamma_pdc":-0.0051,"gamma_r":-0.51}