{"Date":"5/22/2012","Version":"NRELv1","Technology":"Mono-c-Si","BIPV":"N","A_c":1.465,"N_s":54.0,"T_NOCT":48.8,"I_sc_ref":8.62,"V_oc_ref":33.4,"I_mp_ref":7.99,"V_mp_ref":26.9,"alpha_sc":0.0043100000000000005,"beta_oc":-0.13026,"a_ref":1.534,"I_L_ref":8.632,"I_o_ref":2.9600000000000005e-09,"R_s":0.265,"R_sh_ref":186.15,"Adjust":11.46,"PTC":185.8,"pdc0":215.0,"gamma_pdc":-0.0054,"gamma_r":-0.54}