{"Date":"7/13/2012","Version":"NRELv1","Technology":"Mono-c-Si","BIPV":"N","A_c":1.624,"N_s":60.0,"T_NOCT":46.7,"I_sc_ref":8.78,"V_oc_ref":37.3,"I_mp_ref":8.31,"V_mp_ref":30.1,"alpha_sc":0.00439,"beta_oc":-0.12682000000000002,"a_ref":1.5837,"I_L_ref":8.876,"I_o_ref":5.18e-10,"R_s":0.31,"R_sh_ref":355.94,"Adjust":10.8,"PTC":223.4,"pdc0":250.0,"gamma_pdc":-0.004699999999999999,"gamma_r":-0.47}