{"Date":"5/22/2012","Version":"NRELv1","Technology":"Mono-c-Si","BIPV":"N","A_c":1.936,"N_s":72.0,"T_NOCT":47.7,"I_sc_ref":9.06,"V_oc_ref":45.7,"I_mp_ref":8.68,"V_mp_ref":36.9,"alpha_sc":0.004529999999999999,"beta_oc":-0.1828,"a_ref":2.1047,"I_L_ref":9.244,"I_o_ref":3.42e-09,"R_s":0.32299999999999995,"R_sh_ref":1319.08,"Adjust":9.3,"PTC":279.0,"pdc0":320.0,"gamma_pdc":-0.0055000000000000005,"gamma_r":-0.55}