{"Date":"5/22/2012","Version":"NRELv1","Technology":"Mono-c-Si","BIPV":"N","A_c":1.936,"N_s":72.0,"T_NOCT":47.7,"I_sc_ref":8.99,"V_oc_ref":45.5,"I_mp_ref":8.59,"V_mp_ref":36.7,"alpha_sc":0.004495,"beta_oc":-0.182,"a_ref":2.0976,"I_L_ref":9.175,"I_o_ref":3.4600000000000005e-09,"R_s":0.32899999999999996,"R_sh_ref":706.48,"Adjust":9.479,"PTC":274.5,"pdc0":315.0,"gamma_pdc":-0.0055000000000000005,"gamma_r":-0.55}