{"Date":"5/22/2012","Version":"NRELv1","Technology":"Mono-c-Si","BIPV":"N","A_c":1.936,"N_s":72.0,"T_NOCT":48.0,"I_sc_ref":8.8,"V_oc_ref":44.8,"I_mp_ref":8.32,"V_mp_ref":36.1,"alpha_sc":0.00352,"beta_oc":-0.17472000000000001,"a_ref":1.9897,"I_L_ref":8.894,"I_o_ref":1.4699999999999999e-09,"R_s":0.358,"R_sh_ref":496.88,"Adjust":5.083,"PTC":262.6,"pdc0":300.0,"gamma_pdc":-0.0052,"gamma_r":-0.52}