{"Date":"5/22/2012","Version":"NRELv1","Technology":"Mono-c-Si","BIPV":"N","A_c":1.936,"N_s":72.0,"T_NOCT":47.7,"I_sc_ref":8.87,"V_oc_ref":45.0,"I_mp_ref":8.41,"V_mp_ref":36.3,"alpha_sc":0.004435000000000001,"beta_oc":-0.18,"a_ref":2.0727,"I_L_ref":8.961,"I_o_ref":3.32e-09,"R_s":0.33299999999999996,"R_sh_ref":1202.08,"Adjust":9.312000000000001,"PTC":265.5,"pdc0":305.0,"gamma_pdc":-0.0055000000000000005,"gamma_r":-0.55}