{"Vac":230.0,"Paco":5300.0,"Pdco":5655.993982999999,"Vdco":376.5293651,"Pso":27.42532346,"C0":-3.91e-06,"C1":-2.2100000000000002e-05,"C2":0.00161,"C3":0.00351,"Pnt":0.96,"Vdcmax":950.0,"Mppt_low":360.0,"Mppt_high":850.0}