{"Date":"7/13/2012","Version":"NRELv1","Technology":"Multi-c-Si","BIPV":"N","A_c":1.629,"N_s":60.0,"T_NOCT":45.1,"I_sc_ref":8.73,"V_oc_ref":37.16,"I_mp_ref":8.21,"V_mp_ref":29.21,"alpha_sc":0.0049759999999999995,"beta_oc":-0.1353,"a_ref":1.5916,"I_L_ref":8.732000000000001,"I_o_ref":6.320000000000001e-10,"R_s":0.41700000000000004,"R_sh_ref":2055.61,"Adjust":5.117,"PTC":215.1,"pdc0":240.0,"gamma_pdc":-0.00487,"gamma_r":-0.48700000000000004}