{"Date":"05.05.2011","Version":"MM107","Technology":"Mono-c-Si","BIPV":"N","A_c":1.6119999999999999,"N_s":60.0,"T_NOCT":46.3,"I_sc_ref":8.84,"V_oc_ref":36.92,"I_mp_ref":8.17,"V_mp_ref":28.87,"alpha_sc":0.0025989999999999997,"beta_oc":-0.14144,"a_ref":1.5937,"I_L_ref":8.862,"I_o_ref":7.51e-10,"R_s":0.431,"R_sh_ref":172.6,"Adjust":1.4,"PTC":207.9,"pdc0":235.0,"gamma_pdc":-0.00512,"gamma_r":-0.512}