{"Date":"05.05.2011","Version":"MM107","Technology":"Mono-c-Si","BIPV":"N","A_c":1.6119999999999999,"N_s":60.0,"T_NOCT":46.3,"I_sc_ref":8.78,"V_oc_ref":37.62,"I_mp_ref":8.04,"V_mp_ref":30.11,"alpha_sc":0.002581,"beta_oc":-0.14412,"a_ref":1.6571,"I_L_ref":8.807,"I_o_ref":1.1699999999999999e-09,"R_s":0.33899999999999997,"R_sh_ref":111.25,"Adjust":5.2,"PTC":214.3,"pdc0":242.0,"gamma_pdc":-0.00512,"gamma_r":-0.512}