{"Date":"05.05.2011","Version":"MM107","Technology":"Mono-c-Si","BIPV":"N","A_c":1.6119999999999999,"N_s":60.0,"T_NOCT":46.3,"I_sc_ref":8.76,"V_oc_ref":38.04,"I_mp_ref":8.2,"V_mp_ref":29.75,"alpha_sc":0.002575,"beta_oc":-0.14573,"a_ref":1.63,"I_L_ref":8.767000000000001,"I_o_ref":6.38e-10,"R_s":0.447,"R_sh_ref":585.54,"Adjust":0.1,"PTC":216.1,"pdc0":244.0,"gamma_pdc":-0.00512,"gamma_r":-0.512}