{"Date":"05.05.2011","Version":"MM107","Technology":"Mono-c-Si","BIPV":"N","A_c":1.6119999999999999,"N_s":60.0,"T_NOCT":46.3,"I_sc_ref":8.82,"V_oc_ref":37.74,"I_mp_ref":8.19,"V_mp_ref":29.39,"alpha_sc":0.002593,"beta_oc":-0.14458,"a_ref":1.621,"I_L_ref":8.837,"I_o_ref":6.72e-10,"R_s":0.45899999999999996,"R_sh_ref":245.31,"Adjust":0.5,"PTC":212.5,"pdc0":240.0,"gamma_pdc":-0.00512,"gamma_r":-0.512}