{"Date":"6/16/2011","Version":"MM107","Technology":"Multi-c-Si","BIPV":"N","A_c":1.923,"N_s":72.0,"T_NOCT":45.1,"I_sc_ref":8.5,"V_oc_ref":43.9,"I_mp_ref":8.2,"V_mp_ref":35.4,"alpha_sc":0.007684000000000001,"beta_oc":-0.15628,"a_ref":1.8839,"I_L_ref":8.677999999999999,"I_o_ref":6.58e-10,"R_s":0.37,"R_sh_ref":100000.0,"Adjust":7.4,"PTC":262.7,"pdc0":290.0,"gamma_pdc":-0.00446,"gamma_r":-0.446}