{"Vac":240.0,"Paco":250.0,"Pdco":263.0102983,"Vdco":29.06026914,"Pso":2.259020186,"C0":-0.000129,"C1":-0.000981,"C2":0.0303,"C3":-0.057,"Pnt":0.08,"Vdcmax":44.0,"Mppt_low":24.0,"Mppt_high":35.0}