{"Vac":0.0,"Paco":225.0,"Pdco":237.942,"Vdco":29.0,"Pso":5.33216,"C0":-0.000127263,"C1":-0.000222883,"C2":0.0333792,"C3":-0.0631317,"Pnt":0.03,"Vdcmax":35.0,"Mppt_low":23.0,"Mppt_high":35.0}