{"Vac":0.0,"Paco":265.0,"Pdco":279.05,"Vdco":34.0,"Pso":5.0871699999999995,"C0":-0.000143637,"C1":-0.000206924,"C2":0.0360985,"C3":-0.0181908,"Pnt":0.03,"Vdcmax":42.0,"Mppt_low":30.0,"Mppt_high":42.0}