{"Vac":0.0,"Paco":220.0,"Pdco":234.767,"Vdco":34.0,"Pso":4.26639,"C0":-0.000171176,"C1":-0.000284815,"C2":0.0379588,"C3":-0.029999900000000003,"Pnt":0.06,"Vdcmax":42.0,"Mppt_low":30.0,"Mppt_high":42.0}