{"Date":"3/30/2011","Version":"MM107","Technology":"1-a-Si","BIPV":"N","A_c":1.555,"N_s":119.0,"T_NOCT":47.2,"I_sc_ref":1.65,"V_oc_ref":99.0,"I_mp_ref":1.29,"V_mp_ref":77.0,"alpha_sc":0.001538,"beta_oc":-0.36482,"a_ref":4.2064,"I_L_ref":1.6969999999999998,"I_o_ref":7.83e-11,"R_s":7.196000000000001,"R_sh_ref":250.84,"Adjust":0.1,"PTC":91.7,"pdc0":100.0,"gamma_pdc":-0.00312,"gamma_r":-0.312}