{"Date":"02.07.2011","Version":"MM107","Technology":"Multi-c-Si","BIPV":"N","A_c":1.3219999999999998,"N_s":48.0,"T_NOCT":46.7,"I_sc_ref":7.8,"V_oc_ref":29.0,"I_mp_ref":7.4,"V_mp_ref":23.0,"alpha_sc":0.00468,"beta_oc":-0.1015,"a_ref":1.2156,"I_L_ref":7.8389999999999995,"I_o_ref":3.42e-10,"R_s":0.337,"R_sh_ref":100000.0,"Adjust":4.8,"PTC":151.5,"pdc0":170.0,"gamma_pdc":-0.0046,"gamma_r":-0.46}