{"Date":"02.07.2011","Version":"MM107","Technology":"Multi-c-Si","BIPV":"N","A_c":1.3219999999999998,"N_s":48.0,"T_NOCT":46.7,"I_sc_ref":8.62,"V_oc_ref":29.4,"I_mp_ref":7.69,"V_mp_ref":23.4,"alpha_sc":0.0051719999999999995,"beta_oc":-0.1029,"a_ref":1.2790000000000001,"I_L_ref":8.674,"I_o_ref":8.37e-10,"R_s":0.29600000000000004,"R_sh_ref":47.05,"Adjust":12.0,"PTC":160.7,"pdc0":180.0,"gamma_pdc":-0.0046,"gamma_r":-0.46}