{"Date":"02.07.2011","Version":"MM107","Technology":"Mono-c-Si","BIPV":"N","A_c":1.3219999999999998,"N_s":48.0,"T_NOCT":46.8,"I_sc_ref":8.62,"V_oc_ref":29.4,"I_mp_ref":7.69,"V_mp_ref":23.4,"alpha_sc":0.0025859999999999998,"beta_oc":-0.10584,"a_ref":1.2694,"I_L_ref":8.675,"I_o_ref":7.030000000000001e-10,"R_s":0.299,"R_sh_ref":46.75,"Adjust":7.7,"PTC":159.8,"pdc0":180.0,"gamma_pdc":-0.0048,"gamma_r":-0.48}