{"Date":"02.07.2011","Version":"MM107","Technology":"Mono-c-Si","BIPV":"N","A_c":1.3219999999999998,"N_s":48.0,"T_NOCT":46.8,"I_sc_ref":8.8,"V_oc_ref":29.6,"I_mp_ref":7.83,"V_mp_ref":23.62,"alpha_sc":0.00264,"beta_oc":-0.10655999999999999,"a_ref":1.2819999999999998,"I_L_ref":8.857000000000001,"I_o_ref":7.679999999999999e-10,"R_s":0.285,"R_sh_ref":44.06,"Adjust":8.3,"PTC":164.3,"pdc0":185.0,"gamma_pdc":-0.0048,"gamma_r":-0.48}