{"Date":"02.07.2011","Version":"MM107","Technology":"Mono-c-Si","BIPV":"N","A_c":1.3219999999999998,"N_s":48.0,"T_NOCT":46.8,"I_sc_ref":8.91,"V_oc_ref":29.6,"I_mp_ref":8.04,"V_mp_ref":23.62,"alpha_sc":0.002673,"beta_oc":-0.10655999999999999,"a_ref":1.2705,"I_L_ref":8.955,"I_o_ref":6.42e-10,"R_s":0.28300000000000003,"R_sh_ref":56.46,"Adjust":6.6,"PTC":168.9,"pdc0":190.0,"gamma_pdc":-0.0048,"gamma_r":-0.48}