{"Date":"02.07.2011","Version":"MM107","Technology":"Mono-c-Si","BIPV":"N","A_c":1.9480000000000002,"N_s":72.0,"T_NOCT":46.8,"I_sc_ref":7.83,"V_oc_ref":43.2,"I_mp_ref":7.02,"V_mp_ref":34.2,"alpha_sc":0.002349,"beta_oc":-0.15552,"a_ref":1.8528,"I_L_ref":7.879,"I_o_ref":5.5e-10,"R_s":0.515,"R_sh_ref":83.0,"Adjust":6.4,"PTC":212.4,"pdc0":240.0,"gamma_pdc":-0.0048,"gamma_r":-0.48}