{"Date":"02.07.2011","Version":"MM107","Technology":"Multi-c-Si","BIPV":"N","A_c":1.6340000000000001,"N_s":60.0,"T_NOCT":46.7,"I_sc_ref":8.48,"V_oc_ref":36.69,"I_mp_ref":7.8,"V_mp_ref":28.22,"alpha_sc":0.0050880000000000005,"beta_oc":-0.12842,"a_ref":1.5331,"I_L_ref":8.511000000000001,"I_o_ref":3.34e-10,"R_s":0.529,"R_sh_ref":143.34,"Adjust":4.0,"PTC":196.3,"pdc0":220.0,"gamma_pdc":-0.0046,"gamma_r":-0.46}