{"Date":"02.07.2011","Version":"MM107","Technology":"Multi-c-Si","BIPV":"N","A_c":1.9480000000000002,"N_s":72.0,"T_NOCT":46.7,"I_sc_ref":8.72,"V_oc_ref":44.4,"I_mp_ref":7.76,"V_mp_ref":35.42,"alpha_sc":0.005232,"beta_oc":-0.1554,"a_ref":1.9373,"I_L_ref":8.776,"I_o_ref":9.04e-10,"R_s":0.429,"R_sh_ref":67.29,"Adjust":12.6,"PTC":245.7,"pdc0":275.0,"gamma_pdc":-0.0046,"gamma_r":-0.46}