{"Date":"02.07.2011","Version":"MM107","Technology":"Mono-c-Si","BIPV":"N","A_c":1.9480000000000002,"N_s":72.0,"T_NOCT":46.8,"I_sc_ref":8.72,"V_oc_ref":44.4,"I_mp_ref":7.76,"V_mp_ref":35.42,"alpha_sc":0.002616,"beta_oc":-0.15984,"a_ref":1.9229,"I_L_ref":8.776,"I_o_ref":7.610000000000001e-10,"R_s":0.433,"R_sh_ref":66.89,"Adjust":8.3,"PTC":244.3,"pdc0":275.0,"gamma_pdc":-0.0048,"gamma_r":-0.48}