{"Date":"02.07.2011","Version":"MM107","Technology":"Mono-c-Si","BIPV":"N","A_c":1.9480000000000002,"N_s":72.0,"T_NOCT":46.8,"I_sc_ref":8.89,"V_oc_ref":44.4,"I_mp_ref":7.91,"V_mp_ref":35.42,"alpha_sc":0.002667,"beta_oc":-0.15984,"a_ref":1.9229,"I_L_ref":8.948,"I_o_ref":7.76e-10,"R_s":0.425,"R_sh_ref":65.43,"Adjust":8.3,"PTC":248.9,"pdc0":280.0,"gamma_pdc":-0.0048,"gamma_r":-0.48}