{"Date":"02.07.2011","Version":"MM107","Technology":"Mono-c-Si","BIPV":"N","A_c":1.9480000000000002,"N_s":72.0,"T_NOCT":46.8,"I_sc_ref":8.52,"V_oc_ref":43.8,"I_mp_ref":7.61,"V_mp_ref":34.8,"alpha_sc":0.0025559999999999997,"beta_oc":-0.15768,"a_ref":1.8873,"I_L_ref":8.574,"I_o_ref":6.64e-10,"R_s":0.46,"R_sh_ref":72.03,"Adjust":7.3,"PTC":235.2,"pdc0":265.0,"gamma_pdc":-0.0048,"gamma_r":-0.48}