{"Date":"02.07.2011","Version":"MM107","Technology":"Multi-c-Si","BIPV":"N","A_c":1.9480000000000002,"N_s":72.0,"T_NOCT":46.7,"I_sc_ref":8.62,"V_oc_ref":44.1,"I_mp_ref":7.69,"V_mp_ref":35.1,"alpha_sc":0.0051719999999999995,"beta_oc":-0.15435,"a_ref":1.9185,"I_L_ref":8.674,"I_o_ref":8.37e-10,"R_s":0.444,"R_sh_ref":70.57,"Adjust":12.0,"PTC":241.1,"pdc0":270.0,"gamma_pdc":-0.0046,"gamma_r":-0.46}