{"Date":"02.07.2011","Version":"MM107","Technology":"Mono-c-Si","BIPV":"N","A_c":1.475,"N_s":54.0,"T_NOCT":46.8,"I_sc_ref":8.73,"V_oc_ref":33.1,"I_mp_ref":7.79,"V_mp_ref":26.33,"alpha_sc":0.0026190000000000002,"beta_oc":-0.11915999999999999,"a_ref":1.4284,"I_L_ref":8.786,"I_o_ref":7.04e-10,"R_s":0.33399999999999996,"R_sh_ref":52.2,"Adjust":7.6,"PTC":182.0,"pdc0":205.0,"gamma_pdc":-0.0048,"gamma_r":-0.48}