{"Date":"02.07.2011","Version":"MM107","Technology":"Mono-c-Si","BIPV":"N","A_c":1.6340000000000001,"N_s":60.0,"T_NOCT":46.8,"I_sc_ref":8.9,"V_oc_ref":36.76,"I_mp_ref":8.15,"V_mp_ref":28.22,"alpha_sc":0.00267,"beta_oc":-0.13234,"a_ref":1.5264,"I_L_ref":8.941,"I_o_ref":3e-10,"R_s":0.516,"R_sh_ref":113.44,"Adjust":0.2,"PTC":204.3,"pdc0":230.0,"gamma_pdc":-0.0048,"gamma_r":-0.48}