{"Date":"02.07.2011","Version":"MM107","Technology":"Multi-c-Si","BIPV":"N","A_c":1.6340000000000001,"N_s":60.0,"T_NOCT":46.7,"I_sc_ref":8.68,"V_oc_ref":36.74,"I_mp_ref":7.99,"V_mp_ref":28.18,"alpha_sc":0.005208,"beta_oc":-0.12859,"a_ref":1.5321,"I_L_ref":8.711,"I_o_ref":3.2599999999999996e-10,"R_s":0.529,"R_sh_ref":146.91,"Adjust":3.6,"PTC":200.9,"pdc0":225.0,"gamma_pdc":-0.0046,"gamma_r":-0.46}