{"Date":"02.11.2010","Version":"MM107","Technology":"Mono-c-Si","BIPV":"N","A_c":1.2770000000000001,"N_s":72.0,"T_NOCT":45.2,"I_sc_ref":5.15,"V_oc_ref":44.0,"I_mp_ref":4.86,"V_mp_ref":35.0,"alpha_sc":0.002189,"beta_oc":-0.14845999999999998,"a_ref":1.8124,"I_L_ref":5.151,"I_o_ref":1.4699999999999998e-10,"R_s":0.768,"R_sh_ref":3982.99,"Adjust":5.3,"PTC":153.0,"pdc0":170.0,"gamma_pdc":-0.00458,"gamma_r":-0.45799999999999996}