{"Date":"02.11.2010","Version":"MM107","Technology":"Mono-c-Si","BIPV":"N","A_c":1.2770000000000001,"N_s":72.0,"T_NOCT":45.2,"I_sc_ref":5.25,"V_oc_ref":44.2,"I_mp_ref":4.97,"V_mp_ref":35.2,"alpha_sc":0.002226,"beta_oc":-0.14912999999999998,"a_ref":1.8197,"I_L_ref":5.257999999999999,"I_o_ref":1.49e-10,"R_s":0.746,"R_sh_ref":100000.0,"Adjust":5.2,"PTC":157.6,"pdc0":175.0,"gamma_pdc":-0.00458,"gamma_r":-0.45799999999999996}