{"Date":"06.02.2011","Version":"MM107","Technology":"Mono-c-Si","BIPV":"N","A_c":1.6340000000000001,"N_s":60.0,"T_NOCT":45.2,"I_sc_ref":5.7,"V_oc_ref":44.38,"I_mp_ref":5.27,"V_mp_ref":35.16,"alpha_sc":0.0017100000000000001,"beta_oc":-0.15089,"a_ref":1.8459,"I_L_ref":5.715,"I_o_ref":2.01e-10,"R_s":0.732,"R_sh_ref":276.78,"Adjust":6.5,"PTC":165.4,"pdc0":185.0,"gamma_pdc":-0.004699999999999999,"gamma_r":-0.47}