{"Date":"02.11.2010","Version":"MM107","Technology":"Mono-c-Si","BIPV":"N","A_c":1.2770000000000001,"N_s":72.0,"T_NOCT":45.2,"I_sc_ref":5.05,"V_oc_ref":43.6,"I_mp_ref":4.62,"V_mp_ref":34.6,"alpha_sc":0.002156,"beta_oc":-0.14711,"a_ref":1.8257,"I_L_ref":5.07,"I_o_ref":2.07e-10,"R_s":0.797,"R_sh_ref":206.33,"Adjust":8.5,"PTC":143.8,"pdc0":160.0,"gamma_pdc":-0.00458,"gamma_r":-0.45799999999999996}