{"Date":"02.11.2010","Version":"MM107","Technology":"Mono-c-Si","BIPV":"N","A_c":1.2770000000000001,"N_s":72.0,"T_NOCT":45.2,"I_sc_ref":5.1,"V_oc_ref":43.8,"I_mp_ref":4.74,"V_mp_ref":34.8,"alpha_sc":0.002173,"beta_oc":-0.14778,"a_ref":1.8182,"I_L_ref":5.11,"I_o_ref":1.73e-10,"R_s":0.7829999999999999,"R_sh_ref":395.0,"Adjust":6.8,"PTC":148.4,"pdc0":165.0,"gamma_pdc":-0.00458,"gamma_r":-0.45799999999999996}