{"Date":"07.06.2011","Version":"MM107","Technology":"Mono-c-Si","BIPV":"Y","A_c":2.052,"N_s":96.0,"T_NOCT":46.2,"I_sc_ref":5.2,"V_oc_ref":60.02,"I_mp_ref":4.81,"V_mp_ref":48.95,"alpha_sc":0.0041600000000000005,"beta_oc":-0.21666999999999997,"a_ref":2.6214,"I_L_ref":5.209,"I_o_ref":5.77e-10,"R_s":0.705,"R_sh_ref":406.68,"Adjust":9.4,"PTC":210.0,"pdc0":235.0,"gamma_pdc":-0.00451,"gamma_r":-0.451}