{"Date":"07.06.2011","Version":"MM107","Technology":"Mono-c-Si","BIPV":"Y","A_c":2.052,"N_s":96.0,"T_NOCT":46.2,"I_sc_ref":5.1,"V_oc_ref":59.8,"I_mp_ref":4.75,"V_mp_ref":48.8,"alpha_sc":0.004079999999999999,"beta_oc":-0.21588000000000002,"a_ref":2.6009,"I_L_ref":5.106,"I_o_ref":5.18e-10,"R_s":0.7120000000000001,"R_sh_ref":589.27,"Adjust":8.6,"PTC":205.4,"pdc0":230.0,"gamma_pdc":-0.00451,"gamma_r":-0.451}