{"Date":"10/19/2009","Version":"MM106","Technology":"Mono-c-Si","BIPV":"N","A_c":1.5659999999999998,"N_s":60.0,"T_NOCT":48.3,"I_sc_ref":8.0,"V_oc_ref":37.1,"I_mp_ref":7.4,"V_mp_ref":29.1,"alpha_sc":0.0108,"beta_oc":-0.13801,"a_ref":1.7209,"I_L_ref":8.014,"I_o_ref":3.4100000000000004e-09,"R_s":0.433,"R_sh_ref":250.61,"Adjust":17.9,"PTC":183.7,"pdc0":210.0,"gamma_pdc":-0.00499,"gamma_r":-0.499}