{"Date":"09.01.2013","Version":"NRELv1","Technology":"Multi-c-Si","BIPV":"N","A_c":1.635,"N_s":60.0,"T_NOCT":47.5,"I_sc_ref":8.4,"V_oc_ref":36.4,"I_mp_ref":7.8,"V_mp_ref":28.4,"alpha_sc":0.0031079999999999997,"beta_oc":-0.14087,"a_ref":1.6105,"I_L_ref":8.414,"I_o_ref":1.27e-09,"R_s":0.445,"R_sh_ref":276.15,"Adjust":5.175,"PTC":191.5,"pdc0":220.0,"gamma_pdc":-0.005350000000000001,"gamma_r":-0.535}