{"Date":"09.01.2013","Version":"NRELv1","Technology":"Multi-c-Si","BIPV":"N","A_c":1.635,"N_s":60.0,"T_NOCT":47.5,"I_sc_ref":8.5,"V_oc_ref":36.9,"I_mp_ref":8.0,"V_mp_ref":29.5,"alpha_sc":0.003145,"beta_oc":-0.1428,"a_ref":1.6441,"I_L_ref":8.501,"I_o_ref":1.52e-09,"R_s":0.33899999999999997,"R_sh_ref":3080.68,"Adjust":6.604,"PTC":205.0,"pdc0":235.0,"gamma_pdc":-0.005350000000000001,"gamma_r":-0.535}