{"Date":"09.01.2013","Version":"NRELv1","Technology":"Multi-c-Si","BIPV":"N","A_c":1.635,"N_s":60.0,"T_NOCT":47.5,"I_sc_ref":8.7,"V_oc_ref":37.5,"I_mp_ref":8.2,"V_mp_ref":30.0,"alpha_sc":0.0032189999999999996,"beta_oc":-0.14513,"a_ref":1.6797,"I_L_ref":8.795,"I_o_ref":1.75e-09,"R_s":0.33,"R_sh_ref":341.32,"Adjust":7.575,"PTC":214.0,"pdc0":245.0,"gamma_pdc":-0.005350000000000001,"gamma_r":-0.535}