{"Date":"04.02.2013","Version":"NRELv1","Technology":"Multi-c-Si","BIPV":"N","A_c":1.6380000000000001,"N_s":60.0,"T_NOCT":47.6,"I_sc_ref":7.95,"V_oc_ref":36.06,"I_mp_ref":7.3,"V_mp_ref":30.12,"alpha_sc":0.0045780000000000005,"beta_oc":-0.12050999999999999,"a_ref":1.5614,"I_L_ref":7.962000000000001,"I_o_ref":7.13e-10,"R_s":0.172,"R_sh_ref":111.52,"Adjust":16.72,"PTC":195.9,"pdc0":220.0,"gamma_pdc":-0.0045000000000000005,"gamma_r":-0.45}