{"Date":"08.03.2011","Version":"MM107","Technology":"Mono-c-Si","BIPV":"N","A_c":1.2770000000000001,"N_s":72.0,"T_NOCT":47.4,"I_sc_ref":5.36,"V_oc_ref":44.8,"I_mp_ref":4.93,"V_mp_ref":36.5,"alpha_sc":0.002573,"beta_oc":-0.15859,"a_ref":1.9453,"I_L_ref":5.372000000000001,"I_o_ref":5.16e-10,"R_s":0.524,"R_sh_ref":233.17,"Adjust":10.7,"PTC":159.6,"pdc0":180.0,"gamma_pdc":-0.004739999999999999,"gamma_r":-0.474}