{"Date":"10/20/2011","Version":"NRELv1","Technology":"Multi-c-Si","BIPV":"N","A_c":1.614,"N_s":60.0,"T_NOCT":46.3,"I_sc_ref":8.15,"V_oc_ref":37.0,"I_mp_ref":7.63,"V_mp_ref":29.5,"alpha_sc":0.006194,"beta_oc":-0.13209,"a_ref":1.6175,"I_L_ref":8.156,"I_o_ref":9.4e-10,"R_s":0.375,"R_sh_ref":488.78,"Adjust":11.16,"PTC":200.3,"pdc0":225.0,"gamma_pdc":-0.00481,"gamma_r":-0.48100000000000004}