{"Date":"10/20/2009","Version":"MM106","Technology":"Mono-c-Si","BIPV":"N","A_c":1.2770000000000001,"N_s":72.0,"T_NOCT":44.7,"I_sc_ref":5.35,"V_oc_ref":44.2,"I_mp_ref":4.98,"V_mp_ref":35.2,"alpha_sc":0.0016589999999999999,"beta_oc":-0.12995,"a_ref":1.7376,"I_L_ref":5.362,"I_o_ref":4.7e-11,"R_s":0.774,"R_sh_ref":353.21,"Adjust":10.2,"PTC":159.4,"pdc0":175.0,"gamma_pdc":-0.00421,"gamma_r":-0.42100000000000004}