{"Date":"10.05.2009","Version":"MM106","Technology":"Multi-c-Si","BIPV":"N","A_c":1.465,"N_s":54.0,"T_NOCT":45.3,"I_sc_ref":7.8,"V_oc_ref":32.0,"I_mp_ref":7.4,"V_mp_ref":27.0,"alpha_sc":0.001092,"beta_oc":-0.10655999999999999,"a_ref":1.3122,"I_L_ref":7.801,"I_o_ref":1.99e-10,"R_s":0.13699999999999998,"R_sh_ref":973.72,"Adjust":6.1,"PTC":180.2,"pdc0":200.0,"gamma_pdc":-0.004529999999999999,"gamma_r":-0.45299999999999996}