{"Date":"11.09.2009","Version":"MM106","Technology":"Mono-c-Si","BIPV":"N","A_c":1.7,"N_s":96.0,"T_NOCT":42.4,"I_sc_ref":5.18,"V_oc_ref":58.6,"I_mp_ref":4.76,"V_mp_ref":47.2,"alpha_sc":0.00461,"beta_oc":-0.21921999999999997,"a_ref":2.6362,"I_L_ref":5.192,"I_o_ref":1.11e-09,"R_s":0.799,"R_sh_ref":338.02,"Adjust":11.3,"PTC":204.8,"pdc0":225.0,"gamma_pdc":-0.00476,"gamma_r":-0.47600000000000003}