{"Vac":0.0,"Paco":20200.0,"Pdco":20548.9,"Vdco":720.0,"Pso":45.6798,"C0":-2.61147e-07,"C1":-2.97875e-05,"C2":-0.0021177,"C3":-0.00128544,"Pnt":0.82,"Vdcmax":800.0,"Mppt_low":500.0,"Mppt_high":800.0}