{"Vac":208.0,"Paco":5990.0,"Pdco":6187.36,"Vdco":370.0,"Pso":18.1409,"C0":-3.04935e-06,"C1":-5.56084e-05,"C2":0.00256538,"C3":0.000551822,"Pnt":1.087,"Vdcmax":400.0,"Mppt_low":280.0,"Mppt_high":400.0}