{"Vac":208.0,"Paco":3320.0,"Pdco":3414.58,"Vdco":380.0,"Pso":14.6304,"C0":-4.57847e-06,"C1":-1.2156600000000001e-05,"C2":-0.00045963,"C3":-0.000852225,"Pnt":1.14,"Vdcmax":500.0,"Mppt_low":100.0,"Mppt_high":500.0}