{"Vac":208.0,"Paco":6600.0,"Pdco":6802.75,"Vdco":380.0,"Pso":35.0166,"C0":-3.5210300000000002e-06,"C1":-2.6374699999999997e-05,"C2":-0.00038994400000000003,"C3":-0.000993779,"Pnt":1.23,"Vdcmax":500.0,"Mppt_low":100.0,"Mppt_high":500.0}