{"Vac":240.0,"Paco":7600.0,"Pdco":7805.28,"Vdco":380.0,"Pso":33.8774,"C0":-2.64648e-06,"C1":-3.20588e-05,"C2":-0.000495117,"C3":-0.00133452,"Pnt":1.43,"Vdcmax":500.0,"Mppt_low":100.0,"Mppt_high":500.0}