{"Vac":240.0,"Paco":5200.0,"Pdco":5312.69,"Vdco":380.0,"Pso":29.1212,"C0":-1.9746e-06,"C1":-2.4496700000000002e-05,"C2":-0.00024157400000000002,"C3":-0.00123983,"Pnt":1.42,"Vdcmax":500.0,"Mppt_low":100.0,"Mppt_high":500.0}