{"Vac":240.0,"Paco":6600.0,"Pdco":6761.18,"Vdco":380.0,"Pso":33.203,"C0":-2.51834e-06,"C1":-2.63813e-05,"C2":-0.000370185,"C3":-0.000872105,"Pnt":1.45,"Vdcmax":500.0,"Mppt_low":100.0,"Mppt_high":500.0}