{"Date":"06.01.2013","Version":"NRELv1","Technology":"Mono-c-Si","BIPV":"N","A_c":1.611,"N_s":60.0,"T_NOCT":47.3,"I_sc_ref":8.66,"V_oc_ref":37.86,"I_mp_ref":8.22,"V_mp_ref":30.82,"alpha_sc":0.005145,"beta_oc":-0.11410999999999999,"a_ref":1.564,"I_L_ref":8.754,"I_o_ref":2.66e-10,"R_s":0.293,"R_sh_ref":366.72,"Adjust":18.56,"PTC":224.6,"pdc0":250.0,"gamma_pdc":-0.004370000000000001,"gamma_r":-0.43700000000000006}