{"Date":"03.09.2011","Version":"MM107","Technology":"Multi-c-Si","BIPV":"N","A_c":1.6680000000000001,"N_s":60.0,"T_NOCT":45.7,"I_sc_ref":7.77,"V_oc_ref":36.6,"I_mp_ref":7.2,"V_mp_ref":29.91,"alpha_sc":0.004584,"beta_oc":-0.12334,"a_ref":1.5757,"I_L_ref":7.7829999999999995,"I_o_ref":6.189999999999999e-10,"R_s":0.285,"R_sh_ref":173.05,"Adjust":14.4,"PTC":192.7,"pdc0":215.0,"gamma_pdc":-0.00461,"gamma_r":-0.461}