{"Date":"5/22/2012","Version":"NRELv1","Technology":"Multi-c-Si","BIPV":"N","A_c":1.611,"N_s":60.0,"T_NOCT":45.7,"I_sc_ref":8.49,"V_oc_ref":37.01,"I_mp_ref":7.94,"V_mp_ref":29.23,"alpha_sc":0.005009,"beta_oc":-0.12472000000000001,"a_ref":1.5522,"I_L_ref":8.5,"I_o_ref":3.71e-10,"R_s":0.41700000000000004,"R_sh_ref":368.23,"Adjust":9.087,"PTC":206.6,"pdc0":230.0,"gamma_pdc":-0.00461,"gamma_r":-0.461}