{"Date":"04.02.2013","Version":"NRELv1","Technology":"Mono-c-Si","BIPV":"N","A_c":1.6380000000000001,"N_s":60.0,"T_NOCT":47.3,"I_sc_ref":8.84,"V_oc_ref":38.04,"I_mp_ref":8.54,"V_mp_ref":30.96,"alpha_sc":0.005684000000000001,"beta_oc":-0.13158,"a_ref":1.6207,"I_L_ref":9.115,"I_o_ref":5.77e-10,"R_s":0.272,"R_sh_ref":345.3,"Adjust":9.47,"PTC":237.2,"pdc0":265.0,"gamma_pdc":-0.00456,"gamma_r":-0.456}