{"Date":"07.01.2014","Version":"NRELv1","Technology":"Mono-c-Si","BIPV":"N","A_c":1.611,"N_s":60.0,"T_NOCT":46.5,"I_sc_ref":9.11,"V_oc_ref":39.5,"I_mp_ref":8.61,"V_mp_ref":33.7,"alpha_sc":0.005785,"beta_oc":-0.1294,"a_ref":1.7128,"I_L_ref":9.111,"I_o_ref":8.73e-10,"R_s":0.07400000000000001,"R_sh_ref":591.61,"Adjust":19.55,"PTC":261.7,"pdc0":290.0,"gamma_pdc":-0.00454,"gamma_r":-0.45399999999999996}