{"Date":"04.02.2013","Version":"NRELv1","Technology":"Mono-c-Si","BIPV":"N","A_c":1.6380000000000001,"N_s":60.0,"T_NOCT":47.3,"I_sc_ref":8.72,"V_oc_ref":37.92,"I_mp_ref":8.34,"V_mp_ref":30.86,"alpha_sc":0.005607,"beta_oc":-0.13117,"a_ref":1.6165,"I_L_ref":8.902000000000001,"I_o_ref":5.71e-10,"R_s":0.278,"R_sh_ref":350.74,"Adjust":9.579,"PTC":228.0,"pdc0":255.0,"gamma_pdc":-0.00456,"gamma_r":-0.456}