{"Date":"9/18/2014","Version":"NRELv1","Technology":"Mono-c-Si","BIPV":"N","A_c":1.611,"N_s":60.0,"T_NOCT":46.5,"I_sc_ref":9.03,"V_oc_ref":38.7,"I_mp_ref":8.52,"V_mp_ref":32.3,"alpha_sc":0.005734,"beta_oc":-0.12678,"a_ref":1.6589,"I_L_ref":9.033,"I_o_ref":6.63e-10,"R_s":0.171,"R_sh_ref":590.38,"Adjust":17.0,"PTC":247.8,"pdc0":275.0,"gamma_pdc":-0.00454,"gamma_r":-0.45399999999999996}