{"Date":"02.01.2012","Version":"NRELv1","Technology":"Multi-c-Si","BIPV":"N","A_c":1.9509999999999998,"N_s":72.0,"T_NOCT":47.0,"I_sc_ref":8.1,"V_oc_ref":43.7,"I_mp_ref":7.41,"V_mp_ref":36.43,"alpha_sc":0.0038590000000000005,"beta_oc":-0.18653,"a_ref":2.2285,"I_L_ref":8.107000000000001,"I_o_ref":2.3799999999999998e-08,"R_s":0.12300000000000001,"R_sh_ref":151.55,"Adjust":21.71,"PTC":230.6,"pdc0":270.0,"gamma_pdc":-0.0062,"gamma_r":-0.62}