{"Date":"3/16/2011","Version":"MM107","Technology":"Mono-c-Si","BIPV":"N","A_c":1.2770000000000001,"N_s":72.0,"T_NOCT":48.3,"I_sc_ref":6.07,"V_oc_ref":44.25,"I_mp_ref":5.37,"V_mp_ref":36.3,"alpha_sc":0.003035,"beta_oc":-0.15045,"a_ref":1.9317,"I_L_ref":6.099,"I_o_ref":6.29e-10,"R_s":0.406,"R_sh_ref":86.07,"Adjust":16.1,"PTC":173.6,"pdc0":195.0,"gamma_pdc":-0.0045000000000000005,"gamma_r":-0.45}