{"Date":"3/17/2011","Version":"MM107","Technology":"Mono-c-Si","BIPV":"N","A_c":1.2770000000000001,"N_s":72.0,"T_NOCT":48.3,"I_sc_ref":6.23,"V_oc_ref":44.16,"I_mp_ref":5.51,"V_mp_ref":36.3,"alpha_sc":0.0031149999999999997,"beta_oc":-0.15014,"a_ref":1.9305,"I_L_ref":6.257999999999999,"I_o_ref":6.660000000000001e-10,"R_s":0.379,"R_sh_ref":83.34,"Adjust":16.4,"PTC":178.2,"pdc0":200.0,"gamma_pdc":-0.0045000000000000005,"gamma_r":-0.45}