{"Date":"3/16/2011","Version":"MM107","Technology":"Mono-c-Si","BIPV":"N","A_c":1.2770000000000001,"N_s":72.0,"T_NOCT":48.3,"I_sc_ref":5.5,"V_oc_ref":44.25,"I_mp_ref":4.83,"V_mp_ref":36.24,"alpha_sc":0.00275,"beta_oc":-0.15045,"a_ref":1.9394,"I_L_ref":5.529,"I_o_ref":6.18e-10,"R_s":0.45899999999999996,"R_sh_ref":86.13,"Adjust":16.9,"PTC":155.3,"pdc0":175.0,"gamma_pdc":-0.0045000000000000005,"gamma_r":-0.45}