{"Date":"3/16/2011","Version":"MM107","Technology":"Mono-c-Si","BIPV":"N","A_c":1.2770000000000001,"N_s":72.0,"T_NOCT":48.3,"I_sc_ref":5.02,"V_oc_ref":43.6,"I_mp_ref":4.49,"V_mp_ref":35.62,"alpha_sc":0.00251,"beta_oc":-0.14824,"a_ref":1.8840000000000001,"I_L_ref":5.042,"I_o_ref":4.17e-10,"R_s":0.529,"R_sh_ref":121.41,"Adjust":14.0,"PTC":141.7,"pdc0":160.0,"gamma_pdc":-0.0045000000000000005,"gamma_r":-0.45}