{"Date":"3/16/2011","Version":"MM107","Technology":"Mono-c-Si","BIPV":"N","A_c":1.2770000000000001,"N_s":72.0,"T_NOCT":48.3,"I_sc_ref":5.8,"V_oc_ref":44.6,"I_mp_ref":5.09,"V_mp_ref":36.3,"alpha_sc":0.0029,"beta_oc":-0.15164,"a_ref":1.9484,"I_L_ref":5.835,"I_o_ref":6.06e-10,"R_s":0.491,"R_sh_ref":81.62,"Adjust":16.2,"PTC":164.5,"pdc0":185.0,"gamma_pdc":-0.0045000000000000005,"gamma_r":-0.45}