{"Date":"3/17/2011","Version":"MM107","Technology":"Multi-c-Si","BIPV":"N","A_c":1.6269999999999998,"N_s":60.0,"T_NOCT":48.5,"I_sc_ref":8.3,"V_oc_ref":36.5,"I_mp_ref":7.99,"V_mp_ref":29.0,"alpha_sc":0.00415,"beta_oc":-0.12045,"a_ref":1.5119999999999998,"I_L_ref":8.457,"I_o_ref":2.7799999999999997e-10,"R_s":0.39,"R_sh_ref":100000.0,"Adjust":8.8,"PTC":208.1,"pdc0":235.0,"gamma_pdc":-0.0046,"gamma_r":-0.46}