{"Date":"3/17/2011","Version":"MM107","Technology":"Multi-c-Si","BIPV":"N","A_c":1.94,"N_s":72.0,"T_NOCT":48.8,"I_sc_ref":8.51,"V_oc_ref":43.75,"I_mp_ref":8.17,"V_mp_ref":36.72,"alpha_sc":0.004255,"beta_oc":-0.14875,"a_ref":1.8681,"I_L_ref":8.603,"I_o_ref":5.800000000000001e-10,"R_s":0.177,"R_sh_ref":100000.0,"Adjust":11.9,"PTC":266.5,"pdc0":300.0,"gamma_pdc":-0.0046,"gamma_r":-0.46}