{"Date":"3/17/2011","Version":"MM107","Technology":"Multi-c-Si","BIPV":"N","A_c":1.94,"N_s":72.0,"T_NOCT":48.8,"I_sc_ref":7.79,"V_oc_ref":43.49,"I_mp_ref":7.23,"V_mp_ref":36.0,"alpha_sc":0.0038950000000000005,"beta_oc":-0.14787,"a_ref":1.8689,"I_L_ref":7.8,"I_o_ref":5.95e-10,"R_s":0.267,"R_sh_ref":207.98,"Adjust":13.1,"PTC":230.0,"pdc0":260.0,"gamma_pdc":-0.0046,"gamma_r":-0.46}