{"Date":"3/17/2011","Version":"MM107","Technology":"Multi-c-Si","BIPV":"N","A_c":1.94,"N_s":72.0,"T_NOCT":48.8,"I_sc_ref":8.4,"V_oc_ref":43.88,"I_mp_ref":8.08,"V_mp_ref":36.5,"alpha_sc":0.0042,"beta_oc":-0.14919000000000002,"a_ref":1.8648,"I_L_ref":8.515,"I_o_ref":5.14e-10,"R_s":0.22699999999999998,"R_sh_ref":100000.0,"Adjust":10.9,"PTC":261.9,"pdc0":295.0,"gamma_pdc":-0.0046,"gamma_r":-0.46}