{"Date":"3/17/2011","Version":"MM107","Technology":"Multi-c-Si","BIPV":"N","A_c":1.94,"N_s":72.0,"T_NOCT":48.8,"I_sc_ref":7.96,"V_oc_ref":43.78,"I_mp_ref":7.49,"V_mp_ref":36.4,"alpha_sc":0.00398,"beta_oc":-0.14885,"a_ref":1.8708,"I_L_ref":7.9639999999999995,"I_o_ref":5.41e-10,"R_s":0.242,"R_sh_ref":530.39,"Adjust":12.0,"PTC":243.6,"pdc0":275.0,"gamma_pdc":-0.0046,"gamma_r":-0.46}