{"Date":"5/22/2012","Version":"NRELv1","Technology":"Multi-c-Si","BIPV":"N","A_c":1.6269999999999998,"N_s":60.0,"T_NOCT":46.1,"I_sc_ref":8.2,"V_oc_ref":36.8,"I_mp_ref":7.71,"V_mp_ref":29.2,"alpha_sc":0.0078060000000000004,"beta_oc":-0.15324000000000002,"a_ref":1.5777,"I_L_ref":8.203,"I_o_ref":6.06e-10,"R_s":0.39899999999999997,"R_sh_ref":1125.05,"Adjust":-8.441,"PTC":203.0,"pdc0":225.0,"gamma_pdc":-0.004320000000000001,"gamma_r":-0.43200000000000005}