{"Date":"12.01.2011","Version":"NRELv1","Technology":"Multi-c-Si","BIPV":"N","A_c":1.6369999999999998,"N_s":60.0,"T_NOCT":45.8,"I_sc_ref":8.3,"V_oc_ref":36.86,"I_mp_ref":7.72,"V_mp_ref":29.81,"alpha_sc":0.0043159999999999995,"beta_oc":-0.12053,"a_ref":1.5451,"I_L_ref":8.314,"I_o_ref":3.54e-10,"R_s":0.325,"R_sh_ref":196.13,"Adjust":12.35,"PTC":207.0,"pdc0":230.0,"gamma_pdc":-0.00451,"gamma_r":-0.451}