{"Date":"7/13/2012","Version":"NRELv1","Technology":"Multi-c-Si","BIPV":"N","A_c":1.931,"N_s":72.0,"T_NOCT":45.9,"I_sc_ref":7.96,"V_oc_ref":44.28,"I_mp_ref":7.42,"V_mp_ref":36.43,"alpha_sc":0.005078,"beta_oc":-0.14945,"a_ref":1.9280000000000002,"I_L_ref":7.968,"I_o_ref":8.28e-10,"R_s":0.293,"R_sh_ref":280.54,"Adjust":16.83,"PTC":241.7,"pdc0":270.0,"gamma_pdc":-0.00469,"gamma_r":-0.469}