{"Date":"7/13/2012","Version":"NRELv1","Technology":"Mono-c-Si","BIPV":"N","A_c":1.931,"N_s":72.0,"T_NOCT":47.1,"I_sc_ref":8.21,"V_oc_ref":44.64,"I_mp_ref":7.43,"V_mp_ref":36.43,"alpha_sc":0.004869,"beta_oc":-0.17704,"a_ref":2.1435,"I_L_ref":8.231,"I_o_ref":7.06e-09,"R_s":0.27699999999999997,"R_sh_ref":107.6,"Adjust":18.18,"PTC":234.8,"pdc0":270.0,"gamma_pdc":-0.005529999999999999,"gamma_r":-0.5529999999999999}