{"Date":"2/14/2011","Version":"MM107","Technology":"Mono-c-Si","BIPV":"N","A_c":1.6159999999999999,"N_s":60.0,"T_NOCT":48.1,"I_sc_ref":7.85,"V_oc_ref":36.72,"I_mp_ref":7.38,"V_mp_ref":29.82,"alpha_sc":0.002355,"beta_oc":-0.12118,"a_ref":1.5019,"I_L_ref":7.856,"I_o_ref":1.8700000000000003e-10,"R_s":0.332,"R_sh_ref":433.04,"Adjust":6.3,"PTC":195.4,"pdc0":220.0,"gamma_pdc":-0.0045000000000000005,"gamma_r":-0.45}