{"Date":"7/13/2012","Version":"NRELv1","Technology":"Mono-c-Si","BIPV":"N","A_c":1.931,"N_s":72.0,"T_NOCT":47.1,"I_sc_ref":8.16,"V_oc_ref":44.28,"I_mp_ref":7.32,"V_mp_ref":35.57,"alpha_sc":0.004839,"beta_oc":-0.17561,"a_ref":2.1171,"I_L_ref":8.193,"I_o_ref":6.35e-09,"R_s":0.36700000000000005,"R_sh_ref":89.89,"Adjust":17.23,"PTC":225.8,"pdc0":260.0,"gamma_pdc":-0.005529999999999999,"gamma_r":-0.5529999999999999}