{"Date":"5/22/2012","Version":"NRELv1","Technology":"Mono-c-Si","BIPV":"N","A_c":1.931,"N_s":72.0,"T_NOCT":47.1,"I_sc_ref":8.11,"V_oc_ref":44.1,"I_mp_ref":7.16,"V_mp_ref":34.99,"alpha_sc":0.004809000000000001,"beta_oc":-0.1749,"a_ref":2.1149,"I_L_ref":8.162,"I_o_ref":6.609999999999999e-09,"R_s":0.43700000000000006,"R_sh_ref":68.37,"Adjust":17.71,"PTC":216.8,"pdc0":250.0,"gamma_pdc":-0.005529999999999999,"gamma_r":-0.5529999999999999}