{"Date":"09.01.2013","Version":"NRELv1","Technology":"Multi-c-Si","BIPV":"N","A_c":1.635,"N_s":60.0,"T_NOCT":47.5,"I_sc_ref":8.8,"V_oc_ref":38.0,"I_mp_ref":8.3,"V_mp_ref":30.6,"alpha_sc":0.003256,"beta_oc":-0.14706,"a_ref":1.7083,"I_L_ref":8.896,"I_o_ref":1.92e-09,"R_s":0.301,"R_sh_ref":344.45,"Adjust":8.288,"PTC":223.0,"pdc0":255.0,"gamma_pdc":-0.005350000000000001,"gamma_r":-0.535}