{"Vac":240.0,"Paco":479.0,"Pdco":512.7919999999999,"Vdco":60.0,"Pso":6.91366,"C0":-4.41346e-05,"C1":0.00022518400000000002,"C2":-0.00182003,"C3":-0.0307947,"Pnt":0.38,"Vdcmax":65.0,"Mppt_low":55.0,"Mppt_high":65.0}