{"Date":"08.05.2009","Version":"MM106","Technology":"Mono-c-Si","BIPV":"N","A_c":1.2770000000000001,"N_s":72.0,"T_NOCT":45.8,"I_sc_ref":5.0,"V_oc_ref":43.1,"I_mp_ref":4.56,"V_mp_ref":34.1,"alpha_sc":0.00302,"beta_oc":-0.17119,"a_ref":1.9821,"I_L_ref":5.0169999999999995,"I_o_ref":1.7399999999999998e-09,"R_s":0.745,"R_sh_ref":218.31,"Adjust":9.3,"PTC":136.2,"pdc0":155.0,"gamma_pdc":-0.0053100000000000005,"gamma_r":-0.531}