{"Date":"08.05.2009","Version":"MM106","Technology":"Mono-c-Si","BIPV":"N","A_c":1.2770000000000001,"N_s":72.0,"T_NOCT":45.8,"I_sc_ref":5.2,"V_oc_ref":45.4,"I_mp_ref":4.86,"V_mp_ref":37.0,"alpha_sc":0.003141,"beta_oc":-0.18033,"a_ref":2.0946,"I_L_ref":5.202999999999999,"I_o_ref":1.99e-09,"R_s":0.491,"R_sh_ref":756.84,"Adjust":10.1,"PTC":158.8,"pdc0":180.0,"gamma_pdc":-0.0053100000000000005,"gamma_r":-0.531}