{"Date":"08.08.2014","Version":"NRELv1","Technology":"Multi-c-Si","BIPV":"N","A_c":1.6340000000000001,"N_s":60.0,"T_NOCT":46.9,"I_sc_ref":8.85,"V_oc_ref":37.81,"I_mp_ref":8.23,"V_mp_ref":30.4,"alpha_sc":0.004806,"beta_oc":-0.11905999999999999,"a_ref":1.5347,"I_L_ref":8.867,"I_o_ref":1.73e-10,"R_s":0.349,"R_sh_ref":177.77,"Adjust":9.55,"PTC":225.8,"pdc0":250.0,"gamma_pdc":-0.004220000000000001,"gamma_r":-0.42200000000000004}