{"Date":"08.08.2014","Version":"NRELv1","Technology":"Multi-c-Si","BIPV":"N","A_c":1.473,"N_s":54.0,"T_NOCT":47.0,"I_sc_ref":8.87,"V_oc_ref":34.8,"I_mp_ref":8.27,"V_mp_ref":27.22,"alpha_sc":0.005189,"beta_oc":-0.1124,"a_ref":1.4124,"I_L_ref":8.886000000000001,"I_o_ref":1.74e-10,"R_s":0.423,"R_sh_ref":237.56,"Adjust":6.752000000000001,"PTC":202.5,"pdc0":225.0,"gamma_pdc":-0.00434,"gamma_r":-0.434}