{"Date":"10/26/2011","Version":"NRELv1","Technology":"Mono-c-Si","BIPV":"N","A_c":1.675,"N_s":96.0,"T_NOCT":46.2,"I_sc_ref":5.03,"V_oc_ref":59.0,"I_mp_ref":4.67,"V_mp_ref":49.2,"alpha_sc":0.0036369999999999996,"beta_oc":-0.2245,"a_ref":2.5832,"I_L_ref":5.035,"I_o_ref":5.899999999999999e-10,"R_s":0.45299999999999996,"R_sh_ref":447.59,"Adjust":4.468999999999999,"PTC":206.7,"pdc0":230.0,"gamma_pdc":-0.00445,"gamma_r":-0.445}