{"Date":"10/26/2011","Version":"NRELv1","Technology":"Multi-c-Si","BIPV":"N","A_c":1.9340000000000002,"N_s":72.0,"T_NOCT":46.2,"I_sc_ref":8.1,"V_oc_ref":43.5,"I_mp_ref":7.4,"V_mp_ref":35.8,"alpha_sc":0.006504,"beta_oc":-0.16734000000000002,"a_ref":1.9146,"I_L_ref":8.119,"I_o_ref":1.0499999999999999e-09,"R_s":0.276,"R_sh_ref":120.2,"Adjust":4.132,"PTC":238.5,"pdc0":265.0,"gamma_pdc":-0.00439,"gamma_r":-0.439}