{"Date":"10/26/2011","Version":"NRELv1","Technology":"Mono-c-Si","BIPV":"N","A_c":0.9670000000000001,"N_s":54.0,"T_NOCT":46.2,"I_sc_ref":5.73,"V_oc_ref":33.2,"I_mp_ref":5.28,"V_mp_ref":28.4,"alpha_sc":0.004143,"beta_oc":-0.12633,"a_ref":1.4837,"I_L_ref":5.732,"I_o_ref":1.06e-09,"R_s":0.061,"R_sh_ref":157.24,"Adjust":8.431000000000001,"PTC":135.2,"pdc0":150.0,"gamma_pdc":-0.00445,"gamma_r":-0.445}