{"Date":"10/26/2011","Version":"NRELv1","Technology":"Multi-c-Si","BIPV":"N","A_c":1.3090000000000002,"N_s":48.0,"T_NOCT":46.2,"I_sc_ref":8.16,"V_oc_ref":29.1,"I_mp_ref":7.4,"V_mp_ref":24.4,"alpha_sc":0.006552,"beta_oc":-0.11195,"a_ref":1.3024,"I_L_ref":8.174,"I_o_ref":1.5299999999999999e-09,"R_s":0.109,"R_sh_ref":65.47,"Adjust":7.317,"PTC":162.0,"pdc0":180.0,"gamma_pdc":-0.00439,"gamma_r":-0.439}