{"Date":"10/26/2011","Version":"NRELv1","Technology":"Multi-c-Si","BIPV":"N","A_c":1.9340000000000002,"N_s":72.0,"T_NOCT":46.2,"I_sc_ref":8.43,"V_oc_ref":44.2,"I_mp_ref":7.76,"V_mp_ref":36.7,"alpha_sc":0.006769,"beta_oc":-0.17004,"a_ref":1.9465,"I_L_ref":8.443,"I_o_ref":1.1199999999999999e-09,"R_s":0.222,"R_sh_ref":145.31,"Adjust":4.292,"PTC":257.0,"pdc0":285.0,"gamma_pdc":-0.00439,"gamma_r":-0.439}