{"Date":"10.05.2010","Version":"MM107","Technology":"Mono-c-Si","BIPV":"N","A_c":1.262,"N_s":72.0,"T_NOCT":47.5,"I_sc_ref":5.52,"V_oc_ref":42.6,"I_mp_ref":4.93,"V_mp_ref":35.5,"alpha_sc":0.0027600000000000003,"beta_oc":-0.13632,"a_ref":1.8581,"I_L_ref":5.5360000000000005,"I_o_ref":5.67e-10,"R_s":0.304,"R_sh_ref":104.38,"Adjust":23.3,"PTC":156.0,"pdc0":175.0,"gamma_pdc":-0.0045000000000000005,"gamma_r":-0.45}