{"Date":"10/20/2011","Version":"NRELv1","Technology":"Mono-c-Si","BIPV":"N","A_c":1.94,"N_s":72.0,"T_NOCT":50.8,"I_sc_ref":8.36,"V_oc_ref":44.9,"I_mp_ref":7.74,"V_mp_ref":36.2,"alpha_sc":0.0033520000000000004,"beta_oc":-0.15473,"a_ref":1.9611,"I_L_ref":8.376,"I_o_ref":9.3e-10,"R_s":0.389,"R_sh_ref":208.97,"Adjust":15.31,"PTC":241.7,"pdc0":280.0,"gamma_pdc":-0.005,"gamma_r":-0.5}