{"Date":"10/20/2011","Version":"NRELv1","Technology":"Mono-c-Si","BIPV":"N","A_c":1.254,"N_s":72.0,"T_NOCT":46.4,"I_sc_ref":5.4,"V_oc_ref":44.2,"I_mp_ref":5.14,"V_mp_ref":36.0,"alpha_sc":0.003091,"beta_oc":-0.16079000000000002,"a_ref":1.946,"I_L_ref":5.455,"I_o_ref":7.43e-10,"R_s":0.496,"R_sh_ref":2263.98,"Adjust":10.75,"PTC":164.3,"pdc0":185.0,"gamma_pdc":-0.0049499999999999995,"gamma_r":-0.495}