{"Date":"10/20/2011","Version":"NRELv1","Technology":"Multi-c-Si","BIPV":"N","A_c":1.6669999999999998,"N_s":60.0,"T_NOCT":46.9,"I_sc_ref":8.2,"V_oc_ref":36.6,"I_mp_ref":7.6,"V_mp_ref":28.9,"alpha_sc":0.006062,"beta_oc":-0.31231,"a_ref":1.7075,"I_L_ref":8.212,"I_o_ref":3.96e-09,"R_s":0.385,"R_sh_ref":268.61,"Adjust":-47.99,"PTC":193.8,"pdc0":220.0,"gamma_pdc":-0.00503,"gamma_r":-0.503}