{"Date":"10/20/2011","Version":"NRELv1","Technology":"Multi-c-Si","BIPV":"N","A_c":1.6669999999999998,"N_s":60.0,"T_NOCT":46.9,"I_sc_ref":8.4,"V_oc_ref":36.7,"I_mp_ref":7.9,"V_mp_ref":29.4,"alpha_sc":0.00621,"beta_oc":-0.31316,"a_ref":1.723,"I_L_ref":8.492,"I_o_ref":4.7100000000000005e-09,"R_s":0.309,"R_sh_ref":347.68,"Adjust":-47.39,"PTC":207.4,"pdc0":235.0,"gamma_pdc":-0.00503,"gamma_r":-0.503}