{"Vac":240.0,"Paco":240.0,"Pdco":252.486,"Vdco":32.0,"Pso":1.67325,"C0":-5.7707299999999996e-05,"C1":-0.0006909510000000001,"C2":0.0406551,"C3":-0.0885235,"Pnt":0.15,"Vdcmax":37.0,"Mppt_low":25.0,"Mppt_high":37.0}