{"Date":"9/23/2011","Version":"MM107","Technology":"Multi-c-Si","BIPV":"N","A_c":1.615,"N_s":60.0,"T_NOCT":45.9,"I_sc_ref":8.2,"V_oc_ref":36.45,"I_mp_ref":7.64,"V_mp_ref":29.47,"alpha_sc":0.003264,"beta_oc":-0.12845,"a_ref":1.5438,"I_L_ref":8.212,"I_o_ref":4.49e-10,"R_s":0.322,"R_sh_ref":224.9,"Adjust":6.3,"PTC":201.3,"pdc0":225.0,"gamma_pdc":-0.004699999999999999,"gamma_r":-0.47}