{"Date":"9/23/2011","Version":"MM107","Technology":"Multi-c-Si","BIPV":"N","A_c":1.615,"N_s":60.0,"T_NOCT":45.9,"I_sc_ref":8.49,"V_oc_ref":37.18,"I_mp_ref":7.9,"V_mp_ref":30.27,"alpha_sc":0.003379,"beta_oc":-0.13102,"a_ref":1.5826,"I_L_ref":8.502,"I_o_ref":5.220000000000001e-10,"R_s":0.285,"R_sh_ref":198.39,"Adjust":7.3,"PTC":214.2,"pdc0":239.0,"gamma_pdc":-0.004699999999999999,"gamma_r":-0.47}