{"Date":"9/23/2011","Version":"MM107","Technology":"Mono-c-Si","BIPV":"N","A_c":1.615,"N_s":60.0,"T_NOCT":43.0,"I_sc_ref":8.08,"V_oc_ref":37.27,"I_mp_ref":7.61,"V_mp_ref":30.36,"alpha_sc":0.002788,"beta_oc":-0.14014000000000001,"a_ref":1.6233,"I_L_ref":8.083,"I_o_ref":8.59e-10,"R_s":0.287,"R_sh_ref":904.35,"Adjust":5.1,"PTC":221.7,"pdc0":245.0,"gamma_pdc":-0.00503,"gamma_r":-0.503}