{"Date":"9/23/2011","Version":"MM107","Technology":"Mono-c-Si","BIPV":"N","A_c":1.615,"N_s":60.0,"T_NOCT":47.5,"I_sc_ref":8.62,"V_oc_ref":37.66,"I_mp_ref":8.22,"V_mp_ref":30.56,"alpha_sc":0.003698,"beta_oc":-0.13723,"a_ref":1.6338,"I_L_ref":8.696,"I_o_ref":8.48e-10,"R_s":0.28600000000000003,"R_sh_ref":100000.0,"Adjust":7.6,"PTC":221.8,"pdc0":251.0,"gamma_pdc":-0.0049700000000000005,"gamma_r":-0.49700000000000005}