{"Date":"9/23/2011","Version":"MM107","Technology":"Multi-c-Si","BIPV":"N","A_c":1.615,"N_s":60.0,"T_NOCT":45.9,"I_sc_ref":8.24,"V_oc_ref":36.57,"I_mp_ref":7.68,"V_mp_ref":29.58,"alpha_sc":0.00328,"beta_oc":-0.12887,"a_ref":1.5489,"I_L_ref":8.251,"I_o_ref":4.51e-10,"R_s":0.319,"R_sh_ref":229.19,"Adjust":6.3,"PTC":203.2,"pdc0":227.0,"gamma_pdc":-0.004699999999999999,"gamma_r":-0.47}