{"Date":"9/23/2011","Version":"MM107","Technology":"Mono-c-Si","BIPV":"N","A_c":1.615,"N_s":60.0,"T_NOCT":47.5,"I_sc_ref":8.52,"V_oc_ref":37.44,"I_mp_ref":8.12,"V_mp_ref":30.34,"alpha_sc":0.003655,"beta_oc":-0.13643,"a_ref":1.6234,"I_L_ref":8.592,"I_o_ref":8.28e-10,"R_s":0.294,"R_sh_ref":100000.0,"Adjust":7.5,"PTC":217.2,"pdc0":246.0,"gamma_pdc":-0.0049700000000000005,"gamma_r":-0.49700000000000005}