{"Date":"9/23/2011","Version":"MM107","Technology":"Mono-c-Si","BIPV":"N","A_c":1.615,"N_s":60.0,"T_NOCT":47.5,"I_sc_ref":8.44,"V_oc_ref":37.22,"I_mp_ref":8.04,"V_mp_ref":30.12,"alpha_sc":0.003621,"beta_oc":-0.13563,"a_ref":1.6123,"I_L_ref":8.508,"I_o_ref":8.019999999999999e-10,"R_s":0.301,"R_sh_ref":100000.0,"Adjust":7.3,"PTC":213.6,"pdc0":242.0,"gamma_pdc":-0.0049700000000000005,"gamma_r":-0.49700000000000005}