{"Date":"9/26/2011","Version":"MM107","Technology":"Mono-c-Si","BIPV":"N","A_c":1.615,"N_s":60.0,"T_NOCT":47.5,"I_sc_ref":8.72,"V_oc_ref":37.94,"I_mp_ref":8.32,"V_mp_ref":30.84,"alpha_sc":0.0037409999999999995,"beta_oc":-0.13825,"a_ref":1.6476,"I_L_ref":8.801,"I_o_ref":8.780000000000001e-10,"R_s":0.278,"R_sh_ref":100000.0,"Adjust":7.8,"PTC":226.3,"pdc0":256.0,"gamma_pdc":-0.0049700000000000005,"gamma_r":-0.49700000000000005}