{"Date":"9/23/2011","Version":"MM107","Technology":"Mono-c-Si","BIPV":"N","A_c":1.615,"N_s":60.0,"T_NOCT":43.0,"I_sc_ref":8.2,"V_oc_ref":37.51,"I_mp_ref":7.73,"V_mp_ref":30.6,"alpha_sc":0.002829,"beta_oc":-0.14104,"a_ref":1.6345,"I_L_ref":8.202,"I_o_ref":8.820000000000001e-10,"R_s":0.27699999999999997,"R_sh_ref":1109.91,"Adjust":5.2,"PTC":227.3,"pdc0":251.0,"gamma_pdc":-0.00503,"gamma_r":-0.503}