{"Technology":"Mono-c-Si","BIPV":"N","A_c":1.7309999999999999,"N_s":60.0,"T_NOCT":50.3,"PTC":219.1,"pdc0":255.0,"gamma_pdc":-0.0052710000000000005}