{"Date":"03.03.2014","Version":"NRELv1","Technology":"Mono-c-Si","BIPV":"N","A_c":1.6369999999999998,"N_s":60.0,"T_NOCT":49.2,"I_sc_ref":8.7,"V_oc_ref":36.3,"I_mp_ref":8.0,"V_mp_ref":30.5,"alpha_sc":0.004533,"beta_oc":-0.12727,"a_ref":1.6211,"I_L_ref":8.71,"I_o_ref":1.58e-09,"R_s":0.121,"R_sh_ref":110.36,"Adjust":17.83,"PTC":210.5,"pdc0":240.0,"gamma_pdc":-0.00481,"gamma_r":-0.48100000000000004}