{"Date":"03.03.2014","Version":"NRELv1","Technology":"Mono-c-Si","BIPV":"N","A_c":1.6369999999999998,"N_s":60.0,"T_NOCT":49.2,"I_sc_ref":8.8,"V_oc_ref":38.19,"I_mp_ref":8.35,"V_mp_ref":31.73,"alpha_sc":0.0045850000000000005,"beta_oc":-0.13389,"a_ref":1.6704,"I_L_ref":8.892000000000001,"I_o_ref":1.0400000000000001e-09,"R_s":0.182,"R_sh_ref":392.82,"Adjust":13.58,"PTC":233.2,"pdc0":265.0,"gamma_pdc":-0.00481,"gamma_r":-0.48100000000000004}