{"Date":"03.03.2014","Version":"NRELv1","Technology":"Multi-c-Si","BIPV":"N","A_c":1.6369999999999998,"N_s":60.0,"T_NOCT":49.9,"I_sc_ref":8.4,"V_oc_ref":36.2,"I_mp_ref":7.9,"V_mp_ref":30.2,"alpha_sc":0.004872,"beta_oc":-0.11975,"a_ref":1.5527,"I_L_ref":8.404,"I_o_ref":6.23e-10,"R_s":0.17300000000000001,"R_sh_ref":383.3,"Adjust":16.03,"PTC":206.6,"pdc0":235.0,"gamma_pdc":-0.00457,"gamma_r":-0.457}