{"Date":"03.03.2014","Version":"NRELv1","Technology":"Multi-c-Si","BIPV":"N","A_c":1.6369999999999998,"N_s":60.0,"T_NOCT":49.9,"I_sc_ref":8.6,"V_oc_ref":36.8,"I_mp_ref":8.1,"V_mp_ref":31.0,"alpha_sc":0.004988,"beta_oc":-0.12172999999999999,"a_ref":1.5859,"I_L_ref":8.603,"I_o_ref":7.12e-10,"R_s":0.129,"R_sh_ref":412.56,"Adjust":17.07,"PTC":220.3,"pdc0":250.0,"gamma_pdc":-0.00457,"gamma_r":-0.457}