{"Date":"03.03.2014","Version":"NRELv1","Technology":"Mono-c-Si","BIPV":"N","A_c":1.95,"N_s":72.0,"T_NOCT":49.2,"I_sc_ref":8.8,"V_oc_ref":45.2,"I_mp_ref":8.2,"V_mp_ref":37.0,"alpha_sc":0.0045850000000000005,"beta_oc":-0.15847,"a_ref":1.9703,"I_L_ref":8.81,"I_o_ref":9.41e-10,"R_s":0.295,"R_sh_ref":262.5,"Adjust":12.81,"PTC":268.1,"pdc0":305.0,"gamma_pdc":-0.00481,"gamma_r":-0.48100000000000004}