{"Date":"05.01.2014","Version":"NRELv1","Technology":"Mono-c-Si","BIPV":"N","A_c":1.95,"N_s":72.0,"T_NOCT":49.2,"I_sc_ref":8.8,"V_oc_ref":45.8,"I_mp_ref":8.3,"V_mp_ref":37.2,"alpha_sc":0.00458,"beta_oc":-0.16058,"a_ref":1.9729,"I_L_ref":8.802,"I_o_ref":7.26e-10,"R_s":0.34299999999999997,"R_sh_ref":1503.54,"Adjust":10.42,"PTC":272.6,"pdc0":310.0,"gamma_pdc":-0.00481,"gamma_r":-0.48100000000000004}