{"Date":"03.03.2014","Version":"NRELv1","Technology":"Mono-c-Si","BIPV":"N","A_c":1.95,"N_s":72.0,"T_NOCT":49.2,"I_sc_ref":8.6,"V_oc_ref":44.5,"I_mp_ref":8.0,"V_mp_ref":36.1,"alpha_sc":0.004481000000000001,"beta_oc":-0.15602,"a_ref":1.9313,"I_L_ref":8.612,"I_o_ref":8.3e-10,"R_s":0.34600000000000003,"R_sh_ref":248.77,"Adjust":11.88,"PTC":254.5,"pdc0":290.0,"gamma_pdc":-0.00481,"gamma_r":-0.48100000000000004}