{"Date":"05.01.2014","Version":"NRELv1","Technology":"Mono-c-Si","BIPV":"N","A_c":1.95,"N_s":72.0,"T_NOCT":49.2,"I_sc_ref":8.9,"V_oc_ref":46.5,"I_mp_ref":8.4,"V_mp_ref":37.7,"alpha_sc":0.00464,"beta_oc":-0.16303,"a_ref":2.0001,"I_L_ref":8.901,"I_o_ref":7.099999999999999e-10,"R_s":0.354,"R_sh_ref":2197.89,"Adjust":10.12,"PTC":281.8,"pdc0":320.0,"gamma_pdc":-0.00481,"gamma_r":-0.48100000000000004}