{"Date":"05.01.2014","Version":"NRELv1","Technology":"Mono-c-Si","BIPV":"N","A_c":1.95,"N_s":72.0,"T_NOCT":49.2,"I_sc_ref":8.7,"V_oc_ref":44.8,"I_mp_ref":8.1,"V_mp_ref":36.5,"alpha_sc":0.004529999999999999,"beta_oc":-0.15707000000000002,"a_ref":1.9484,"I_L_ref":8.711,"I_o_ref":8.81e-10,"R_s":0.321,"R_sh_ref":255.54,"Adjust":12.32,"PTC":259.0,"pdc0":295.0,"gamma_pdc":-0.00481,"gamma_r":-0.48100000000000004}