{"Date":"03.03.2014","Version":"NRELv1","Technology":"Mono-c-Si","BIPV":"N","A_c":1.95,"N_s":72.0,"T_NOCT":49.2,"I_sc_ref":8.8,"V_oc_ref":45.2,"I_mp_ref":8.2,"V_mp_ref":36.7,"alpha_sc":0.0045850000000000005,"beta_oc":-0.15847,"a_ref":1.9607,"I_L_ref":8.811,"I_o_ref":8.42e-10,"R_s":0.33899999999999997,"R_sh_ref":273.98,"Adjust":11.79,"PTC":263.6,"pdc0":300.0,"gamma_pdc":-0.00481,"gamma_r":-0.48100000000000004}