{"Date":"03.03.2014","Version":"NRELv1","Technology":"Multi-c-Si","BIPV":"N","A_c":1.95,"N_s":72.0,"T_NOCT":49.9,"I_sc_ref":8.7,"V_oc_ref":45.2,"I_mp_ref":8.1,"V_mp_ref":37.7,"alpha_sc":0.005046,"beta_oc":-0.14952000000000001,"a_ref":1.9504,"I_L_ref":8.708,"I_o_ref":7.320000000000001e-10,"R_s":0.207,"R_sh_ref":220.68,"Adjust":17.27,"PTC":273.5,"pdc0":310.0,"gamma_pdc":-0.00457,"gamma_r":-0.457}