{"Date":"05.01.2014","Version":"NRELv1","Technology":"Multi-c-Si","BIPV":"N","A_c":1.95,"N_s":72.0,"T_NOCT":49.9,"I_sc_ref":8.7,"V_oc_ref":44.9,"I_mp_ref":8.1,"V_mp_ref":37.4,"alpha_sc":0.00505,"beta_oc":-0.14853,"a_ref":1.9359,"I_L_ref":8.708,"I_o_ref":7.190000000000001e-10,"R_s":0.213,"R_sh_ref":220.24,"Adjust":17.1,"PTC":268.9,"pdc0":305.0,"gamma_pdc":-0.00457,"gamma_r":-0.457}