{"Date":"10.01.2013","Version":"NRELv1","Technology":"Mono-c-Si","BIPV":"N","A_c":1.635,"N_s":60.0,"T_NOCT":48.0,"I_sc_ref":8.64,"V_oc_ref":38.1,"I_mp_ref":8.18,"V_mp_ref":31.16,"alpha_sc":0.005504,"beta_oc":-0.12943,"a_ref":1.6408,"I_L_ref":8.732999999999999,"I_o_ref":7.099999999999999e-10,"R_s":0.259,"R_sh_ref":348.91,"Adjust":13.76,"PTC":226.6,"pdc0":255.0,"gamma_pdc":-0.0046500000000000005,"gamma_r":-0.465}