{"Date":"10.01.2013","Version":"NRELv1","Technology":"Mono-c-Si","BIPV":"N","A_c":1.635,"N_s":60.0,"T_NOCT":48.0,"I_sc_ref":8.67,"V_oc_ref":38.28,"I_mp_ref":8.29,"V_mp_ref":31.36,"alpha_sc":0.005522999999999999,"beta_oc":-0.13004000000000002,"a_ref":1.6406,"I_L_ref":8.757,"I_o_ref":6.439999999999999e-10,"R_s":0.254,"R_sh_ref":16218.3,"Adjust":12.8,"PTC":231.2,"pdc0":260.0,"gamma_pdc":-0.0046500000000000005,"gamma_r":-0.465}