{"Date":"10.01.2013","Version":"NRELv1","Technology":"Mono-c-Si","BIPV":"N","A_c":1.2770000000000001,"N_s":72.0,"T_NOCT":47.6,"I_sc_ref":5.73,"V_oc_ref":45.9,"I_mp_ref":5.55,"V_mp_ref":37.86,"alpha_sc":0.0035240000000000002,"beta_oc":-0.16184,"a_ref":1.9677,"I_L_ref":5.907,"I_o_ref":4.33e-10,"R_s":0.4,"R_sh_ref":757.52,"Adjust":8.676,"PTC":187.8,"pdc0":210.0,"gamma_pdc":-0.00457,"gamma_r":-0.457}