{"Date":"09.01.2013","Version":"NRELv1","Technology":"Mono-c-Si","BIPV":"N","A_c":1.9380000000000002,"N_s":72.0,"T_NOCT":48.0,"I_sc_ref":8.68,"V_oc_ref":46.1,"I_mp_ref":8.08,"V_mp_ref":37.13,"alpha_sc":0.005529,"beta_oc":-0.1566,"a_ref":1.9766,"I_L_ref":8.693,"I_o_ref":6.34e-10,"R_s":0.39799999999999996,"R_sh_ref":270.49,"Adjust":12.77,"PTC":266.6,"pdc0":300.0,"gamma_pdc":-0.0046500000000000005,"gamma_r":-0.465}