{"Date":"09.01.2013","Version":"NRELv1","Technology":"Multi-c-Si","BIPV":"N","A_c":1.952,"N_s":72.0,"T_NOCT":46.7,"I_sc_ref":8.32,"V_oc_ref":44.2,"I_mp_ref":7.62,"V_mp_ref":36.75,"alpha_sc":0.004992,"beta_oc":-0.14586,"a_ref":1.9323,"I_L_ref":8.335,"I_o_ref":9.279999999999999e-10,"R_s":0.221,"R_sh_ref":123.77,"Adjust":20.31,"PTC":250.3,"pdc0":280.0,"gamma_pdc":-0.0046,"gamma_r":-0.46}