{"Date":"10.01.2013","Version":"NRELv1","Technology":"Multi-c-Si","BIPV":"N","A_c":1.952,"N_s":72.0,"T_NOCT":46.7,"I_sc_ref":8.38,"V_oc_ref":44.4,"I_mp_ref":7.7,"V_mp_ref":37.01,"alpha_sc":0.005028,"beta_oc":-0.14652,"a_ref":1.94,"I_L_ref":8.392999999999999,"I_o_ref":9.27e-10,"R_s":0.20800000000000002,"R_sh_ref":135.3,"Adjust":20.21,"PTC":254.9,"pdc0":285.0,"gamma_pdc":-0.0046,"gamma_r":-0.46}