{"Date":"11.01.2013","Version":"NRELv1","Technology":"Multi-c-Si","BIPV":"N","A_c":1.94,"N_s":72.0,"T_NOCT":46.6,"I_sc_ref":8.4,"V_oc_ref":45.37,"I_mp_ref":8.14,"V_mp_ref":38.08,"alpha_sc":0.004389,"beta_oc":-0.1518,"a_ref":1.9048,"I_L_ref":8.568999999999999,"I_o_ref":3.88e-10,"R_s":0.192,"R_sh_ref":8607.77,"Adjust":10.26,"PTC":279.3,"pdc0":310.0,"gamma_pdc":-0.00443,"gamma_r":-0.44299999999999995}