{"Date":"02.07.2011","Version":"MM107","Technology":"Multi-c-Si","BIPV":"N","A_c":1.61,"N_s":60.0,"T_NOCT":46.5,"I_sc_ref":8.59,"V_oc_ref":36.46,"I_mp_ref":8.19,"V_mp_ref":28.65,"alpha_sc":0.010565999999999999,"beta_oc":-0.1287,"a_ref":1.5802,"I_L_ref":8.701,"I_o_ref":8.3e-10,"R_s":0.40700000000000003,"R_sh_ref":100000.0,"Adjust":10.0,"PTC":211.3,"pdc0":235.0,"gamma_pdc":-0.00444,"gamma_r":-0.444}