{"Date":"02.07.2011","Version":"MM107","Technology":"Multi-c-Si","BIPV":"N","A_c":1.61,"N_s":60.0,"T_NOCT":46.5,"I_sc_ref":8.7,"V_oc_ref":36.53,"I_mp_ref":8.35,"V_mp_ref":28.75,"alpha_sc":0.010701,"beta_oc":-0.12895,"a_ref":1.584,"I_L_ref":8.87,"I_o_ref":8.55e-10,"R_s":0.39299999999999996,"R_sh_ref":100000.0,"Adjust":10.1,"PTC":215.9,"pdc0":240.0,"gamma_pdc":-0.00444,"gamma_r":-0.444}