{"Date":"5/22/2012","Version":"NRELv1","Technology":"Mono-c-Si","BIPV":"N","A_c":1.94,"N_s":72.0,"T_NOCT":47.4,"I_sc_ref":8.11,"V_oc_ref":44.25,"I_mp_ref":7.58,"V_mp_ref":36.94,"alpha_sc":0.006894,"beta_oc":-0.16328,"a_ref":1.9831,"I_L_ref":8.115,"I_o_ref":1.6300000000000002e-09,"R_s":0.193,"R_sh_ref":327.79,"Adjust":12.4,"PTC":249.1,"pdc0":280.0,"gamma_pdc":-0.0046500000000000005,"gamma_r":-0.465}