{"Date":"5/22/2012","Version":"NRELv1","Technology":"Mono-c-Si","BIPV":"N","A_c":1.69,"N_s":96.0,"T_NOCT":50.7,"I_sc_ref":5.35,"V_oc_ref":59.95,"I_mp_ref":5.0,"V_mp_ref":50.98,"alpha_sc":0.003317,"beta_oc":-0.21161999999999997,"a_ref":2.6478,"I_L_ref":5.352,"I_o_ref":7.71e-10,"R_s":0.204,"R_sh_ref":567.64,"Adjust":14.68,"PTC":223.2,"pdc0":255.0,"gamma_pdc":-0.00463,"gamma_r":-0.46299999999999997}