{"Date":"10/26/2011","Version":"NRELv1","Technology":"Multi-c-Si","BIPV":"N","A_c":1.575,"N_s":60.0,"T_NOCT":43.1,"I_sc_ref":8.42,"V_oc_ref":36.5,"I_mp_ref":7.74,"V_mp_ref":29.7,"alpha_sc":0.004025,"beta_oc":-0.11675999999999999,"a_ref":1.5383,"I_L_ref":8.442,"I_o_ref":4.03e-10,"R_s":0.29,"R_sh_ref":113.52,"Adjust":16.03,"PTC":210.1,"pdc0":230.0,"gamma_pdc":-0.00451,"gamma_r":-0.451}