{"Date":"10/26/2011","Version":"NRELv1","Technology":"Multi-c-Si","BIPV":"N","A_c":1.882,"N_s":72.0,"T_NOCT":43.1,"I_sc_ref":8.41,"V_oc_ref":43.6,"I_mp_ref":7.72,"V_mp_ref":35.6,"alpha_sc":0.00402,"beta_oc":-0.13948,"a_ref":1.8429,"I_L_ref":8.431000000000001,"I_o_ref":4.2999999999999996e-10,"R_s":0.32799999999999996,"R_sh_ref":129.07,"Adjust":16.66,"PTC":251.2,"pdc0":275.0,"gamma_pdc":-0.00451,"gamma_r":-0.451}