{"Date":"10/26/2011","Version":"NRELv1","Technology":"Multi-c-Si","BIPV":"N","A_c":1.882,"N_s":72.0,"T_NOCT":43.1,"I_sc_ref":8.44,"V_oc_ref":44.0,"I_mp_ref":7.78,"V_mp_ref":36.0,"alpha_sc":0.004034,"beta_oc":-0.14076,"a_ref":1.8573,"I_L_ref":8.458,"I_o_ref":4.2000000000000005e-10,"R_s":0.319,"R_sh_ref":148.25,"Adjust":16.39,"PTC":255.9,"pdc0":280.0,"gamma_pdc":-0.00451,"gamma_r":-0.451}