{"Date":"10/26/2011","Version":"NRELv1","Technology":"Multi-c-Si","BIPV":"N","A_c":1.575,"N_s":60.0,"T_NOCT":43.1,"I_sc_ref":8.27,"V_oc_ref":35.5,"I_mp_ref":7.37,"V_mp_ref":29.2,"alpha_sc":0.003953,"beta_oc":-0.11356,"a_ref":1.5359,"I_L_ref":8.304,"I_o_ref":7.030000000000001e-10,"R_s":0.231,"R_sh_ref":56.22,"Adjust":21.67,"PTC":196.1,"pdc0":215.0,"gamma_pdc":-0.00451,"gamma_r":-0.451}