{"Date":"10/26/2011","Version":"NRELv1","Technology":"Multi-c-Si","BIPV":"N","A_c":1.882,"N_s":72.0,"T_NOCT":43.1,"I_sc_ref":8.47,"V_oc_ref":44.4,"I_mp_ref":7.83,"V_mp_ref":36.4,"alpha_sc":0.0040490000000000005,"beta_oc":-0.14204,"a_ref":1.8731,"I_L_ref":8.486,"I_o_ref":4.17e-10,"R_s":0.311,"R_sh_ref":164.86,"Adjust":16.29,"PTC":260.6,"pdc0":285.0,"gamma_pdc":-0.00451,"gamma_r":-0.451}