{"Date":"10/26/2011","Version":"NRELv1","Technology":"Multi-c-Si","BIPV":"N","A_c":1.575,"N_s":60.0,"T_NOCT":43.1,"I_sc_ref":8.48,"V_oc_ref":37.2,"I_mp_ref":7.86,"V_mp_ref":30.5,"alpha_sc":0.004053,"beta_oc":-0.11900000000000001,"a_ref":1.567,"I_L_ref":8.494,"I_o_ref":4.04e-10,"R_s":0.26,"R_sh_ref":153.71,"Adjust":15.97,"PTC":219.5,"pdc0":240.0,"gamma_pdc":-0.00451,"gamma_r":-0.451}