{"Date":"10/26/2011","Version":"NRELv1","Technology":"Multi-c-Si","BIPV":"N","A_c":1.575,"N_s":60.0,"T_NOCT":43.1,"I_sc_ref":8.55,"V_oc_ref":38.0,"I_mp_ref":7.99,"V_mp_ref":31.3,"alpha_sc":0.0040869999999999995,"beta_oc":-0.12155999999999999,"a_ref":1.5972,"I_L_ref":8.559,"I_o_ref":3.9e-10,"R_s":0.244,"R_sh_ref":236.05,"Adjust":15.54,"PTC":228.8,"pdc0":250.0,"gamma_pdc":-0.00451,"gamma_r":-0.451}