{"Date":"10/26/2011","Version":"NRELv1","Technology":"Multi-c-Si","BIPV":"N","A_c":1.575,"N_s":60.0,"T_NOCT":43.1,"I_sc_ref":8.33,"V_oc_ref":35.9,"I_mp_ref":7.54,"V_mp_ref":29.2,"alpha_sc":0.003982,"beta_oc":-0.11484000000000001,"a_ref":1.5271,"I_L_ref":8.362,"I_o_ref":4.87e-10,"R_s":0.28800000000000003,"R_sh_ref":75.39,"Adjust":17.98,"PTC":200.8,"pdc0":220.0,"gamma_pdc":-0.00451,"gamma_r":-0.451}