{"Date":"10/26/2011","Version":"NRELv1","Technology":"Multi-c-Si","BIPV":"N","A_c":1.882,"N_s":72.0,"T_NOCT":43.1,"I_sc_ref":8.5,"V_oc_ref":44.8,"I_mp_ref":7.88,"V_mp_ref":36.8,"alpha_sc":0.004063000000000001,"beta_oc":-0.14332,"a_ref":1.889,"I_L_ref":8.514,"I_o_ref":4.15e-10,"R_s":0.302,"R_sh_ref":185.15,"Adjust":16.18,"PTC":265.2,"pdc0":290.0,"gamma_pdc":-0.00451,"gamma_r":-0.451}