{"Date":"10/26/2011","Version":"NRELv1","Technology":"Multi-c-Si","BIPV":"N","A_c":1.882,"N_s":72.0,"T_NOCT":43.1,"I_sc_ref":8.29,"V_oc_ref":42.7,"I_mp_ref":7.43,"V_mp_ref":35.0,"alpha_sc":0.003963,"beta_oc":-0.1366,"a_ref":1.8365,"I_L_ref":8.323,"I_o_ref":6.189999999999999e-10,"R_s":0.298,"R_sh_ref":74.15,"Adjust":20.38,"PTC":237.2,"pdc0":260.0,"gamma_pdc":-0.00451,"gamma_r":-0.451}