{"Date":"10/26/2011","Version":"NRELv1","Technology":"Multi-c-Si","BIPV":"N","A_c":1.575,"N_s":60.0,"T_NOCT":43.1,"I_sc_ref":8.53,"V_oc_ref":37.5,"I_mp_ref":7.93,"V_mp_ref":30.9,"alpha_sc":0.004077,"beta_oc":-0.11996,"a_ref":1.5814,"I_L_ref":8.542,"I_o_ref":4.19e-10,"R_s":0.23800000000000002,"R_sh_ref":173.93,"Adjust":16.23,"PTC":224.1,"pdc0":245.0,"gamma_pdc":-0.00451,"gamma_r":-0.451}