{"Date":"08.04.2010","Version":"MM107","Technology":"Mono-c-Si","BIPV":"N","A_c":1.2770000000000001,"N_s":72.0,"T_NOCT":47.1,"I_sc_ref":5.2,"V_oc_ref":45.0,"I_mp_ref":5.0,"V_mp_ref":36.0,"alpha_sc":0.001768,"beta_oc":-0.1476,"a_ref":1.8199,"I_L_ref":5.282,"I_o_ref":9.640000000000001e-11,"R_s":0.733,"R_sh_ref":100000.0,"Adjust":4.6,"PTC":161.0,"pdc0":180.0,"gamma_pdc":-0.00448,"gamma_r":-0.44799999999999995}