{"Date":"12/27/2012","Version":"NRELv1","Technology":"Multi-c-Si","BIPV":"N","A_c":1.626,"N_s":60.0,"T_NOCT":45.8,"I_sc_ref":8.65,"V_oc_ref":38.19,"I_mp_ref":8.27,"V_mp_ref":30.3,"alpha_sc":0.008320999999999999,"beta_oc":-0.15799000000000002,"a_ref":1.6449,"I_L_ref":8.83,"I_o_ref":7.23e-10,"R_s":0.384,"R_sh_ref":543.14,"Adjust":-7.041,"PTC":226.3,"pdc0":250.0,"gamma_pdc":-0.004370000000000001,"gamma_r":-0.43700000000000006}