{"Date":"12/27/2012","Version":"NRELv1","Technology":"Multi-c-Si","BIPV":"N","A_c":1.642,"N_s":60.0,"T_NOCT":43.4,"I_sc_ref":8.59,"V_oc_ref":37.77,"I_mp_ref":8.13,"V_mp_ref":29.54,"alpha_sc":0.0044670000000000005,"beta_oc":-0.12997,"a_ref":1.5762,"I_L_ref":8.683,"I_o_ref":3.3799999999999997e-10,"R_s":0.45799999999999996,"R_sh_ref":559.33,"Adjust":5.909,"PTC":218.1,"pdc0":240.0,"gamma_pdc":-0.00469,"gamma_r":-0.469}