{"Date":"08.04.2010","Version":"MM107","Technology":"Multi-c-Si","BIPV":"N","A_c":1.652,"N_s":60.0,"T_NOCT":45.3,"I_sc_ref":7.82,"V_oc_ref":36.2,"I_mp_ref":7.08,"V_mp_ref":29.7,"alpha_sc":0.004301,"beta_oc":-0.11765,"a_ref":1.5556,"I_L_ref":7.845,"I_o_ref":5.79e-10,"R_s":0.264,"R_sh_ref":81.18,"Adjust":18.1,"PTC":189.2,"pdc0":210.0,"gamma_pdc":-0.00448,"gamma_r":-0.44799999999999995}