{"Date":"08.04.2010","Version":"MM107","Technology":"Multi-c-Si","BIPV":"N","A_c":1.494,"N_s":54.0,"T_NOCT":47.0,"I_sc_ref":8.06,"V_oc_ref":32.7,"I_mp_ref":7.28,"V_mp_ref":26.8,"alpha_sc":0.003143,"beta_oc":-0.10595,"a_ref":1.4169,"I_L_ref":8.087,"I_o_ref":7.22e-10,"R_s":0.23199999999999998,"R_sh_ref":68.26,"Adjust":20.5,"PTC":173.1,"pdc0":195.0,"gamma_pdc":-0.004699999999999999,"gamma_r":-0.47}