{"Date":"5/22/2012","Version":"NRELv1","Technology":"Multi-c-Si","BIPV":"N","A_c":1.6680000000000001,"N_s":60.0,"T_NOCT":45.7,"I_sc_ref":8.02,"V_oc_ref":37.5,"I_mp_ref":7.55,"V_mp_ref":31.14,"alpha_sc":0.004732,"beta_oc":-0.12638,"a_ref":1.6133,"I_L_ref":8.023,"I_o_ref":6.39e-10,"R_s":0.20800000000000002,"R_sh_ref":506.95,"Adjust":14.52,"PTC":211.1,"pdc0":235.0,"gamma_pdc":-0.00461,"gamma_r":-0.461}