{"Date":"08.01.2012","Version":"NRELv1","Technology":"Mono-c-Si","BIPV":"N","A_c":1.626,"N_s":60.0,"T_NOCT":46.2,"I_sc_ref":8.58,"V_oc_ref":37.78,"I_mp_ref":8.08,"V_mp_ref":29.75,"alpha_sc":0.007712999999999999,"beta_oc":-0.15562,"a_ref":1.6165,"I_L_ref":8.581,"I_o_ref":6.07e-10,"R_s":0.424,"R_sh_ref":7167.07,"Adjust":-7.707000000000001,"PTC":216.2,"pdc0":240.0,"gamma_pdc":-0.00443,"gamma_r":-0.44299999999999995}