{"Date":"08.04.2010","Version":"MM107","Technology":"Multi-c-Si","BIPV":"N","A_c":1.652,"N_s":60.0,"T_NOCT":45.3,"I_sc_ref":8.34,"V_oc_ref":36.8,"I_mp_ref":7.67,"V_mp_ref":30.0,"alpha_sc":0.004587,"beta_oc":-0.1196,"a_ref":1.5599,"I_L_ref":8.36,"I_o_ref":4.5699999999999997e-10,"R_s":0.284,"R_sh_ref":117.75,"Adjust":15.2,"PTC":207.6,"pdc0":230.0,"gamma_pdc":-0.00448,"gamma_r":-0.44799999999999995}