{"Date":"08.01.2012","Version":"NRELv1","Technology":"Mono-c-Si","BIPV":"N","A_c":1.626,"N_s":60.0,"T_NOCT":45.9,"I_sc_ref":8.7,"V_oc_ref":38.39,"I_mp_ref":8.38,"V_mp_ref":31.19,"alpha_sc":0.006776999999999999,"beta_oc":-0.15475,"a_ref":1.6273,"I_L_ref":8.877,"I_o_ref":5.03e-10,"R_s":0.29,"R_sh_ref":1425.02,"Adjust":-7.194,"PTC":235.8,"pdc0":260.0,"gamma_pdc":-0.0043,"gamma_r":-0.43}