{"Date":"8/31/2010","Version":"MM107","Technology":"Mono-c-Si","BIPV":"N","A_c":1.2770000000000001,"N_s":72.0,"T_NOCT":45.9,"I_sc_ref":5.17,"V_oc_ref":44.8,"I_mp_ref":4.86,"V_mp_ref":36.0,"alpha_sc":0.00212,"beta_oc":-0.14515,"a_ref":1.8096,"I_L_ref":5.1739999999999995,"I_o_ref":9.07e-11,"R_s":0.7120000000000001,"R_sh_ref":855.4,"Adjust":5.5,"PTC":158.0,"pdc0":175.0,"gamma_pdc":-0.00434,"gamma_r":-0.434}