{"Date":"08.03.2011","Version":"MM107","Technology":"Mono-c-Si","BIPV":"N","A_c":1.642,"N_s":60.0,"T_NOCT":47.2,"I_sc_ref":8.61,"V_oc_ref":37.78,"I_mp_ref":8.08,"V_mp_ref":29.75,"alpha_sc":0.0029809999999999997,"beta_oc":-0.12395999999999999,"a_ref":1.555,"I_L_ref":8.617,"I_o_ref":2.4e-10,"R_s":0.43799999999999994,"R_sh_ref":552.49,"Adjust":8.2,"PTC":213.6,"pdc0":240.0,"gamma_pdc":-0.00469,"gamma_r":-0.469}