{"Date":"8/31/2010","Version":"MM107","Technology":"Mono-c-Si","BIPV":"N","A_c":1.2770000000000001,"N_s":72.0,"T_NOCT":45.9,"I_sc_ref":5.23,"V_oc_ref":45.3,"I_mp_ref":5.12,"V_mp_ref":36.1,"alpha_sc":0.002144,"beta_oc":-0.14677,"a_ref":1.8118,"I_L_ref":5.4079999999999995,"I_o_ref":7.490000000000001e-11,"R_s":0.759,"R_sh_ref":100000.0,"Adjust":3.5,"PTC":167.2,"pdc0":185.0,"gamma_pdc":-0.00434,"gamma_r":-0.434}