{"Date":"10/20/2009","Version":"MM106","Technology":"Mono-c-Si","BIPV":"N","A_c":1.2770000000000001,"N_s":72.0,"T_NOCT":46.6,"I_sc_ref":5.0,"V_oc_ref":43.2,"I_mp_ref":4.65,"V_mp_ref":34.4,"alpha_sc":0.002219,"beta_oc":-0.16943,"a_ref":1.9432,"I_L_ref":5.007,"I_o_ref":1.09e-09,"R_s":0.7040000000000001,"R_sh_ref":539.5,"Adjust":6.7,"PTC":139.9,"pdc0":160.0,"gamma_pdc":-0.00532,"gamma_r":-0.532}