{"Date":"05.09.2011","Version":"MM107","Technology":"Mono-c-Si","BIPV":"N","A_c":1.611,"N_s":60.0,"T_NOCT":52.7,"I_sc_ref":8.44,"V_oc_ref":37.0,"I_mp_ref":7.84,"V_mp_ref":30.5,"alpha_sc":0.00486,"beta_oc":-0.13579000000000002,"a_ref":1.6411,"I_L_ref":8.45,"I_o_ref":1.3300000000000002e-09,"R_s":0.214,"R_sh_ref":187.11,"Adjust":11.0,"PTC":206.2,"pdc0":240.0,"gamma_pdc":-0.00484,"gamma_r":-0.484}