{"Date":"7/14/2009","Version":"MM106","Technology":"Mono-c-Si","BIPV":"N","A_c":1.2790000000000001,"N_s":72.0,"T_NOCT":44.4,"I_sc_ref":5.1,"V_oc_ref":43.6,"I_mp_ref":4.7,"V_mp_ref":35.4,"alpha_sc":0.002407,"beta_oc":-0.16533,"a_ref":1.9557,"I_L_ref":5.11,"I_o_ref":1.0300000000000002e-09,"R_s":0.5379999999999999,"R_sh_ref":276.06,"Adjust":9.7,"PTC":147.3,"pdc0":165.0,"gamma_pdc":-0.00509,"gamma_r":-0.509}