{"Date":"7/14/2009","Version":"MM106","Technology":"Mono-c-Si","BIPV":"N","A_c":1.2790000000000001,"N_s":72.0,"T_NOCT":44.4,"I_sc_ref":5.3,"V_oc_ref":44.2,"I_mp_ref":4.9,"V_mp_ref":35.8,"alpha_sc":0.002502,"beta_oc":-0.16760999999999998,"a_ref":1.9754,"I_L_ref":5.309,"I_o_ref":9.91e-10,"R_s":0.547,"R_sh_ref":311.96,"Adjust":9.0,"PTC":156.4,"pdc0":175.0,"gamma_pdc":-0.00509,"gamma_r":-0.509}