{"Date":"10/20/2011","Version":"NRELv1","Technology":"Mono-c-Si","BIPV":"N","A_c":1.9680000000000002,"N_s":72.0,"T_NOCT":46.0,"I_sc_ref":8.56,"V_oc_ref":44.6,"I_mp_ref":7.92,"V_mp_ref":36.0,"alpha_sc":0.005555,"beta_oc":-0.17019,"a_ref":1.8892,"I_L_ref":8.578,"I_o_ref":4.65e-10,"R_s":0.386,"R_sh_ref":182.28,"Adjust":-2.0540000000000003,"PTC":257.3,"pdc0":285.0,"gamma_pdc":-0.004370000000000001,"gamma_r":-0.43700000000000006}