{"Technology":"Mono-c-Si","BIPV":"N","A_c":1.9680000000000002,"N_s":72.0,"T_NOCT":46.0,"PTC":234.2,"pdc0":260.0,"gamma_pdc":-0.004370000000000001}