{"Date":"08.01.2013","Version":"NRELv1","Technology":"Mono-c-Si","BIPV":"N","A_c":1.94,"N_s":72.0,"T_NOCT":45.6,"I_sc_ref":8.82,"V_oc_ref":45.5,"I_mp_ref":8.4,"V_mp_ref":36.2,"alpha_sc":0.007347,"beta_oc":-0.18778,"a_ref":1.9240000000000002,"I_L_ref":8.908999999999999,"I_o_ref":4.77e-10,"R_s":0.447,"R_sh_ref":3362.6,"Adjust":-9.855,"PTC":281.4,"pdc0":310.0,"gamma_pdc":-0.004320000000000001,"gamma_r":-0.43200000000000005}