{"Date":"10/20/2011","Version":"NRELv1","Technology":"Mono-c-Si","BIPV":"N","A_c":1.496,"N_s":54.0,"T_NOCT":46.2,"I_sc_ref":8.44,"V_oc_ref":33.6,"I_mp_ref":7.78,"V_mp_ref":27.0,"alpha_sc":0.006051,"beta_oc":-0.1264,"a_ref":1.432,"I_L_ref":8.461,"I_o_ref":5.28e-10,"R_s":0.311,"R_sh_ref":122.65,"Adjust":0.4254,"PTC":189.2,"pdc0":210.0,"gamma_pdc":-0.004379999999999999,"gamma_r":-0.43799999999999994}