{"Date":"10/20/2011","Version":"NRELv1","Technology":"Mono-c-Si","BIPV":"N","A_c":1.652,"N_s":60.0,"T_NOCT":46.0,"I_sc_ref":8.06,"V_oc_ref":36.8,"I_mp_ref":7.46,"V_mp_ref":29.5,"alpha_sc":0.005706,"beta_oc":-0.15287,"a_ref":1.5807,"I_L_ref":8.077,"I_o_ref":6.090000000000001e-10,"R_s":0.363,"R_sh_ref":173.3,"Adjust":-7.726,"PTC":197.8,"pdc0":220.0,"gamma_pdc":-0.00444,"gamma_r":-0.444}