{"Date":"10/20/2011","Version":"NRELv1","Technology":"Mono-c-Si","BIPV":"N","A_c":1.2770000000000001,"N_s":72.0,"T_NOCT":46.0,"I_sc_ref":5.17,"V_oc_ref":44.8,"I_mp_ref":4.86,"V_mp_ref":36.0,"alpha_sc":0.0031850000000000003,"beta_oc":-0.16558,"a_ref":1.8584,"I_L_ref":5.1739999999999995,"I_o_ref":1.74e-10,"R_s":0.6920000000000001,"R_sh_ref":1019.36,"Adjust":-2.71,"PTC":157.9,"pdc0":175.0,"gamma_pdc":-0.00434,"gamma_r":-0.434}