{"Date":"10/20/2011","Version":"NRELv1","Technology":"Mono-c-Si","BIPV":"N","A_c":1.9680000000000002,"N_s":72.0,"T_NOCT":46.0,"I_sc_ref":8.86,"V_oc_ref":44.5,"I_mp_ref":7.82,"V_mp_ref":35.8,"alpha_sc":0.00575,"beta_oc":-0.16981,"a_ref":1.9399,"I_L_ref":8.918,"I_o_ref":8.88e-10,"R_s":0.382,"R_sh_ref":57.93,"Adjust":3.0589999999999997,"PTC":252.6,"pdc0":280.0,"gamma_pdc":-0.004370000000000001,"gamma_r":-0.43700000000000006}