{"Date":"10/20/2011","Version":"NRELv1","Technology":"Mono-c-Si","BIPV":"N","A_c":1.652,"N_s":60.0,"T_NOCT":46.0,"I_sc_ref":8.45,"V_oc_ref":37.2,"I_mp_ref":7.83,"V_mp_ref":30.0,"alpha_sc":0.005983,"beta_oc":-0.15453,"a_ref":1.6028,"I_L_ref":8.466000000000001,"I_o_ref":6.859999999999999e-10,"R_s":0.32299999999999995,"R_sh_ref":172.81,"Adjust":-7.185,"PTC":211.7,"pdc0":235.0,"gamma_pdc":-0.00444,"gamma_r":-0.444}