{"Date":"1/14/2013","Version":"NRELv1","Technology":"Multi-c-Si","BIPV":"N","A_c":1.921,"N_s":72.0,"T_NOCT":44.0,"I_sc_ref":8.29,"V_oc_ref":44.34,"I_mp_ref":7.6,"V_mp_ref":35.52,"alpha_sc":0.005803,"beta_oc":-0.15785,"a_ref":1.9393,"I_L_ref":8.315,"I_o_ref":9.41e-10,"R_s":0.42200000000000004,"R_sh_ref":142.32,"Adjust":11.47,"PTC":244.2,"pdc0":270.0,"gamma_pdc":-0.004699999999999999,"gamma_r":-0.47}