{"Date":"1/14/2013","Version":"NRELv1","Technology":"Multi-c-Si","BIPV":"N","A_c":1.921,"N_s":72.0,"T_NOCT":44.0,"I_sc_ref":8.36,"V_oc_ref":44.8,"I_mp_ref":7.86,"V_mp_ref":36.3,"alpha_sc":0.005852,"beta_oc":-0.15949000000000002,"a_ref":1.943,"I_L_ref":8.363999999999999,"I_o_ref":8.06e-10,"R_s":0.363,"R_sh_ref":787.59,"Adjust":9.915,"PTC":258.1,"pdc0":285.0,"gamma_pdc":-0.004699999999999999,"gamma_r":-0.47}