{"Date":"5/22/2012","Version":"NRELv1","Technology":"Multi-c-Si","BIPV":"N","A_c":1.921,"N_s":72.0,"T_NOCT":43.3,"I_sc_ref":8.86,"V_oc_ref":46.0,"I_mp_ref":8.38,"V_mp_ref":37.9,"alpha_sc":0.00443,"beta_oc":-0.1518,"a_ref":1.8879,"I_L_ref":8.862,"I_o_ref":2.3099999999999998e-10,"R_s":0.294,"R_sh_ref":1067.51,"Adjust":6.96,"PTC":289.5,"pdc0":315.0,"gamma_pdc":-0.0043,"gamma_r":-0.43}