{"Date":"05.01.2013","Version":"NRELv1","Technology":"Multi-c-Si","BIPV":"N","A_c":1.68,"N_s":60.0,"T_NOCT":48.1,"I_sc_ref":8.8,"V_oc_ref":37.6,"I_mp_ref":8.39,"V_mp_ref":30.4,"alpha_sc":0.005236,"beta_oc":-0.09941,"a_ref":1.4042,"I_L_ref":8.895,"I_o_ref":2.0699999999999997e-11,"R_s":0.35100000000000003,"R_sh_ref":418.41,"Adjust":9.93,"PTC":233.3,"pdc0":255.0,"gamma_pdc":-0.0035200000000000006,"gamma_r":-0.35200000000000004}