{"Date":"5/22/2012","Version":"NRELv1","Technology":"Multi-c-Si","BIPV":"N","A_c":1.921,"N_s":72.0,"T_NOCT":44.0,"I_sc_ref":8.25,"V_oc_ref":44.3,"I_mp_ref":7.6,"V_mp_ref":35.5,"alpha_sc":0.00495,"beta_oc":-0.15947999999999998,"a_ref":1.9167,"I_L_ref":8.271,"I_o_ref":7.34e-10,"R_s":0.426,"R_sh_ref":167.82,"Adjust":8.158999999999999,"PTC":244.2,"pdc0":270.0,"gamma_pdc":-0.004699999999999999,"gamma_r":-0.47}