{"Date":"1/14/2013","Version":"NRELv1","Technology":"Multi-c-Si","BIPV":"N","A_c":1.921,"N_s":72.0,"T_NOCT":44.0,"I_sc_ref":8.49,"V_oc_ref":44.5,"I_mp_ref":7.86,"V_mp_ref":36.25,"alpha_sc":0.005943,"beta_oc":-0.15842,"a_ref":1.9544,"I_L_ref":8.504,"I_o_ref":1.07e-09,"R_s":0.32299999999999995,"R_sh_ref":195.6,"Adjust":12.4,"PTC":258.1,"pdc0":285.0,"gamma_pdc":-0.004699999999999999,"gamma_r":-0.47}