{"Date":"10.01.2012","Version":"NRELv1","Technology":"Multi-c-Si","BIPV":"N","A_c":1.618,"N_s":60.0,"T_NOCT":45.0,"I_sc_ref":8.37,"V_oc_ref":37.2,"I_mp_ref":7.89,"V_mp_ref":30.4,"alpha_sc":0.0049039999999999995,"beta_oc":-0.12267,"a_ref":1.5384,"I_L_ref":8.374,"I_o_ref":2.62e-10,"R_s":0.284,"R_sh_ref":586.32,"Adjust":8.532,"PTC":218.1,"pdc0":240.0,"gamma_pdc":-0.004320000000000001,"gamma_r":-0.43200000000000005}