{"Date":"07.08.2009","Version":"MM106","Technology":"Mono-c-Si","BIPV":"N","A_c":1.2790000000000001,"N_s":72.0,"T_NOCT":45.2,"I_sc_ref":5.25,"V_oc_ref":43.6,"I_mp_ref":4.76,"V_mp_ref":35.8,"alpha_sc":0.002205,"beta_oc":-0.15827,"a_ref":1.9261,"I_L_ref":5.265,"I_o_ref":7.359999999999999e-10,"R_s":0.44299999999999995,"R_sh_ref":154.48,"Adjust":11.4,"PTC":152.1,"pdc0":170.0,"gamma_pdc":-0.0048200000000000005,"gamma_r":-0.48200000000000004}