{"Date":"5/22/2012","Version":"NRELv1","Technology":"Mono-c-Si","BIPV":"N","A_c":1.262,"N_s":72.0,"T_NOCT":45.3,"I_sc_ref":5.52,"V_oc_ref":45.1,"I_mp_ref":5.18,"V_mp_ref":36.8,"alpha_sc":0.0027600000000000003,"beta_oc":-0.15785,"a_ref":1.9111,"I_L_ref":5.524,"I_o_ref":3.08e-10,"R_s":0.516,"R_sh_ref":695.29,"Adjust":7.205,"PTC":171.4,"pdc0":190.0,"gamma_pdc":-0.0046,"gamma_r":-0.46}