{"Date":"5/22/2012","Version":"NRELv1","Technology":"Mono-c-Si","BIPV":"N","A_c":1.618,"N_s":60.0,"T_NOCT":46.3,"I_sc_ref":8.18,"V_oc_ref":37.0,"I_mp_ref":7.66,"V_mp_ref":30.0,"alpha_sc":0.002838,"beta_oc":-0.13927,"a_ref":1.6428,"I_L_ref":8.186,"I_o_ref":1.3400000000000001e-09,"R_s":0.294,"R_sh_ref":424.08,"Adjust":8.899,"PTC":202.8,"pdc0":230.0,"gamma_pdc":-0.00522,"gamma_r":-0.522}