{"Date":"5/22/2012","Version":"NRELv1","Technology":"Multi-c-Si","BIPV":"N","A_c":1.921,"N_s":72.0,"T_NOCT":44.0,"I_sc_ref":8.47,"V_oc_ref":44.9,"I_mp_ref":7.97,"V_mp_ref":36.4,"alpha_sc":0.005082,"beta_oc":-0.16164,"a_ref":1.9314,"I_L_ref":8.474,"I_o_ref":6.75e-10,"R_s":0.36,"R_sh_ref":838.72,"Adjust":7.132999999999999,"PTC":262.8,"pdc0":290.0,"gamma_pdc":-0.004699999999999999,"gamma_r":-0.47}