{"Date":"10.01.2012","Version":"NRELv1","Technology":"Multi-c-Si","BIPV":"N","A_c":1.618,"N_s":60.0,"T_NOCT":45.0,"I_sc_ref":8.26,"V_oc_ref":37.0,"I_mp_ref":7.72,"V_mp_ref":29.8,"alpha_sc":0.00484,"beta_oc":-0.12201,"a_ref":1.5248,"I_L_ref":8.271,"I_o_ref":2.35e-10,"R_s":0.35100000000000003,"R_sh_ref":266.44,"Adjust":7.747999999999999,"PTC":208.8,"pdc0":230.0,"gamma_pdc":-0.004320000000000001,"gamma_r":-0.43200000000000005}