{"Date":"07.08.2009","Version":"MM106","Technology":"Mono-c-Si","BIPV":"N","A_c":1.305,"N_s":48.0,"T_NOCT":45.8,"I_sc_ref":8.2,"V_oc_ref":29.8,"I_mp_ref":7.62,"V_mp_ref":25.0,"alpha_sc":0.0032159999999999997,"beta_oc":-0.10934,"a_ref":1.3443,"I_L_ref":8.206,"I_o_ref":1.89e-09,"R_s":0.10800000000000001,"R_sh_ref":150.89,"Adjust":14.7,"PTC":168.7,"pdc0":190.0,"gamma_pdc":-0.00508,"gamma_r":-0.508}