{"Date":"5/22/2012","Version":"NRELv1","Technology":"Multi-c-Si","BIPV":"N","A_c":1.618,"N_s":60.0,"T_NOCT":44.1,"I_sc_ref":8.37,"V_oc_ref":37.2,"I_mp_ref":7.89,"V_mp_ref":30.4,"alpha_sc":0.0050219999999999996,"beta_oc":-0.1302,"a_ref":1.5731,"I_L_ref":8.373,"I_o_ref":4.4699999999999996e-10,"R_s":0.275,"R_sh_ref":710.44,"Adjust":6.704,"PTC":218.2,"pdc0":240.0,"gamma_pdc":-0.0045000000000000005,"gamma_r":-0.45}