{"Date":"07.08.2009","Version":"MM106","Technology":"Mono-c-Si","BIPV":"N","A_c":1.2790000000000001,"N_s":72.0,"T_NOCT":45.2,"I_sc_ref":5.35,"V_oc_ref":44.2,"I_mp_ref":4.9,"V_mp_ref":36.8,"alpha_sc":0.002247,"beta_oc":-0.16058,"a_ref":1.9567,"I_L_ref":5.359,"I_o_ref":7.939999999999999e-10,"R_s":0.32299999999999995,"R_sh_ref":195.18,"Adjust":11.8,"PTC":161.3,"pdc0":180.0,"gamma_pdc":-0.0048200000000000005,"gamma_r":-0.48200000000000004}