{"Date":"1/14/2013","Version":"NRELv1","Technology":"Multi-c-Si","BIPV":"N","A_c":1.921,"N_s":72.0,"T_NOCT":46.2,"I_sc_ref":8.6,"V_oc_ref":45.0,"I_mp_ref":8.08,"V_mp_ref":36.5,"alpha_sc":0.00602,"beta_oc":-0.1602,"a_ref":1.8823,"I_L_ref":8.606,"I_o_ref":3.5299999999999997e-10,"R_s":0.36700000000000005,"R_sh_ref":517.76,"Adjust":2.575,"PTC":266.9,"pdc0":295.0,"gamma_pdc":-0.0043,"gamma_r":-0.43}