{"Date":"07.08.2009","Version":"MM106","Technology":"Mono-c-Si","BIPV":"N","A_c":1.305,"N_s":48.0,"T_NOCT":45.8,"I_sc_ref":7.82,"V_oc_ref":29.4,"I_mp_ref":7.25,"V_mp_ref":24.2,"alpha_sc":0.0030670000000000003,"beta_oc":-0.10787000000000001,"a_ref":1.3128,"I_L_ref":7.83,"I_o_ref":1.4400000000000002e-09,"R_s":0.187,"R_sh_ref":148.53,"Adjust":12.6,"PTC":155.0,"pdc0":175.0,"gamma_pdc":-0.00508,"gamma_r":-0.508}