{"Date":"5/22/2012","Version":"NRELv1","Technology":"Multi-c-Si","BIPV":"N","A_c":1.618,"N_s":60.0,"T_NOCT":43.6,"I_sc_ref":9.02,"V_oc_ref":38.2,"I_mp_ref":8.31,"V_mp_ref":31.3,"alpha_sc":0.00451,"beta_oc":-0.12605999999999998,"a_ref":1.587,"I_L_ref":9.04,"I_o_ref":3.06e-10,"R_s":0.26,"R_sh_ref":114.69,"Adjust":9.367,"PTC":238.5,"pdc0":260.0,"gamma_pdc":-0.0043,"gamma_r":-0.43}