{"Date":"5/22/2012","Version":"NRELv1","Technology":"Multi-c-Si","BIPV":"N","A_c":1.921,"N_s":72.0,"T_NOCT":43.3,"I_sc_ref":8.78,"V_oc_ref":45.6,"I_mp_ref":8.27,"V_mp_ref":36.9,"alpha_sc":0.00439,"beta_oc":-0.15048,"a_ref":1.8568,"I_L_ref":8.785,"I_o_ref":1.88e-10,"R_s":0.38799999999999996,"R_sh_ref":642.68,"Adjust":5.2989999999999995,"PTC":280.1,"pdc0":305.0,"gamma_pdc":-0.0043,"gamma_r":-0.43}