{"Date":"07.08.2009","Version":"MM106","Technology":"Mono-c-Si","BIPV":"N","A_c":1.305,"N_s":48.0,"T_NOCT":45.8,"I_sc_ref":7.72,"V_oc_ref":29.2,"I_mp_ref":7.1,"V_mp_ref":24.0,"alpha_sc":0.0030280000000000003,"beta_oc":-0.10712999999999999,"a_ref":1.3094,"I_L_ref":7.734,"I_o_ref":1.54e-09,"R_s":0.192,"R_sh_ref":107.84,"Adjust":13.4,"PTC":150.5,"pdc0":170.0,"gamma_pdc":-0.00508,"gamma_r":-0.508}