{"Date":"04.02.2013","Version":"NRELv1","Technology":"Multi-c-Si","BIPV":"N","A_c":1.921,"N_s":72.0,"T_NOCT":44.0,"I_sc_ref":8.33,"V_oc_ref":44.4,"I_mp_ref":7.78,"V_mp_ref":36.0,"alpha_sc":0.004998,"beta_oc":-0.15984,"a_ref":1.9186,"I_L_ref":8.339,"I_o_ref":7.31e-10,"R_s":0.36,"R_sh_ref":337.64,"Adjust":7.997999999999999,"PTC":253.5,"pdc0":280.0,"gamma_pdc":-0.004699999999999999,"gamma_r":-0.47}