{"Date":"1/14/2013","Version":"NRELv1","Technology":"Multi-c-Si","BIPV":"N","A_c":1.921,"N_s":72.0,"T_NOCT":44.0,"I_sc_ref":8.27,"V_oc_ref":44.3,"I_mp_ref":7.73,"V_mp_ref":35.6,"alpha_sc":0.005789,"beta_oc":-0.15771,"a_ref":1.9186,"I_L_ref":8.277999999999999,"I_o_ref":7.66e-10,"R_s":0.40700000000000003,"R_sh_ref":403.13,"Adjust":9.577,"PTC":248.9,"pdc0":275.0,"gamma_pdc":-0.004699999999999999,"gamma_r":-0.47}