{"Date":"1/21/2014","Version":"NRELv1","Technology":"Multi-c-Si","BIPV":"N","A_c":1.921,"N_s":72.0,"T_NOCT":46.2,"I_sc_ref":8.6,"V_oc_ref":45.0,"I_mp_ref":8.08,"V_mp_ref":36.5,"alpha_sc":0.003165,"beta_oc":-0.14351,"a_ref":1.8106,"I_L_ref":8.607999999999999,"I_o_ref":1.37e-10,"R_s":0.385,"R_sh_ref":421.58,"Adjust":6.571000000000001,"PTC":266.9,"pdc0":295.0,"gamma_pdc":-0.0043,"gamma_r":-0.43}