{"Date":"04.02.2013","Version":"NRELv1","Technology":"Multi-c-Si","BIPV":"N","A_c":1.921,"N_s":72.0,"T_NOCT":46.2,"I_sc_ref":8.94,"V_oc_ref":45.3,"I_mp_ref":8.42,"V_mp_ref":36.8,"alpha_sc":0.00329,"beta_oc":-0.14445999999999998,"a_ref":1.8218,"I_L_ref":8.946,"I_o_ref":1.41e-10,"R_s":0.365,"R_sh_ref":534.05,"Adjust":6.48,"PTC":280.8,"pdc0":310.0,"gamma_pdc":-0.0043,"gamma_r":-0.43}