{"Date":"5/22/2012","Version":"NRELv1","Technology":"Multi-c-Si","BIPV":"N","A_c":1.618,"N_s":60.0,"T_NOCT":43.6,"I_sc_ref":9.07,"V_oc_ref":38.3,"I_mp_ref":8.39,"V_mp_ref":31.6,"alpha_sc":0.004535,"beta_oc":-0.12639,"a_ref":1.5937,"I_L_ref":9.086,"I_o_ref":3.21e-10,"R_s":0.22899999999999998,"R_sh_ref":130.09,"Adjust":9.732000000000001,"PTC":243.2,"pdc0":265.0,"gamma_pdc":-0.0043,"gamma_r":-0.43}