{"Date":"07.08.2009","Version":"MM106","Technology":"Mono-c-Si","BIPV":"N","A_c":1.2790000000000001,"N_s":72.0,"T_NOCT":45.2,"I_sc_ref":5.3,"V_oc_ref":43.9,"I_mp_ref":4.85,"V_mp_ref":36.2,"alpha_sc":0.002226,"beta_oc":-0.15949000000000002,"a_ref":1.933,"I_L_ref":5.311,"I_o_ref":6.96e-10,"R_s":0.409,"R_sh_ref":193.63,"Adjust":10.7,"PTC":156.7,"pdc0":175.0,"gamma_pdc":-0.0048200000000000005,"gamma_r":-0.48200000000000004}