{"Date":"06.02.2014","Version":"NRELv1","Technology":"Multi-c-Si","BIPV":"N","A_c":1.68,"N_s":60.0,"T_NOCT":44.1,"I_sc_ref":8.6,"V_oc_ref":37.4,"I_mp_ref":8.14,"V_mp_ref":30.1,"alpha_sc":0.004972,"beta_oc":-0.11529,"a_ref":1.5079,"I_L_ref":9.049,"I_o_ref":1.1599999999999999e-10,"R_s":0.293,"R_sh_ref":297.68,"Adjust":9.312999999999999,"PTC":225.7,"pdc0":245.0,"gamma_pdc":-0.004039999999999999,"gamma_r":-0.40399999999999997}