{"Date":"5/22/2012","Version":"NRELv1","Technology":"Mono-c-Si","BIPV":"N","A_c":1.262,"N_s":72.0,"T_NOCT":45.3,"I_sc_ref":5.48,"V_oc_ref":44.6,"I_mp_ref":5.14,"V_mp_ref":36.1,"alpha_sc":0.00274,"beta_oc":-0.1561,"a_ref":1.8815,"I_L_ref":5.484,"I_o_ref":2.75e-10,"R_s":0.581,"R_sh_ref":709.53,"Adjust":6.297999999999999,"PTC":166.7,"pdc0":185.0,"gamma_pdc":-0.0046,"gamma_r":-0.46}