{"Date":"5/22/2012","Version":"NRELv1","Technology":"Mono-c-Si","BIPV":"N","A_c":1.262,"N_s":72.0,"T_NOCT":45.3,"I_sc_ref":5.62,"V_oc_ref":46.2,"I_mp_ref":5.26,"V_mp_ref":38.2,"alpha_sc":0.00281,"beta_oc":-0.1617,"a_ref":1.9761,"I_L_ref":5.625,"I_o_ref":3.8899999999999995e-10,"R_s":0.406,"R_sh_ref":502.5,"Adjust":9.102,"PTC":180.6,"pdc0":200.0,"gamma_pdc":-0.0046,"gamma_r":-0.46}