{"Date":"07.08.2009","Version":"MM106","Technology":"Multi-c-Si","BIPV":"N","A_c":1.305,"N_s":48.0,"T_NOCT":46.3,"I_sc_ref":7.82,"V_oc_ref":29.4,"I_mp_ref":7.25,"V_mp_ref":24.2,"alpha_sc":0.0057020000000000005,"beta_oc":-0.11080999999999999,"a_ref":1.3934,"I_L_ref":7.827000000000001,"I_o_ref":5.25e-09,"R_s":0.16399999999999998,"R_sh_ref":173.43,"Adjust":21.5,"PTC":153.2,"pdc0":175.0,"gamma_pdc":-0.00542,"gamma_r":-0.542}