{"Date":"5/22/2012","Version":"NRELv1","Technology":"Multi-c-Si","BIPV":"N","A_c":1.921,"N_s":72.0,"T_NOCT":43.3,"I_sc_ref":8.75,"V_oc_ref":45.4,"I_mp_ref":8.2,"V_mp_ref":36.6,"alpha_sc":0.004375,"beta_oc":-0.14982,"a_ref":1.8499,"I_L_ref":8.76,"I_o_ref":1.9e-10,"R_s":0.40700000000000003,"R_sh_ref":367.57,"Adjust":5.415,"PTC":275.4,"pdc0":300.0,"gamma_pdc":-0.0043,"gamma_r":-0.43}