{"Date":"5/22/2012","Version":"NRELv1","Technology":"Mono-c-Si","BIPV":"N","A_c":1.618,"N_s":60.0,"T_NOCT":46.3,"I_sc_ref":8.38,"V_oc_ref":37.5,"I_mp_ref":7.84,"V_mp_ref":30.6,"alpha_sc":0.002908,"beta_oc":-0.14115,"a_ref":1.6725,"I_L_ref":8.386000000000001,"I_o_ref":1.52e-09,"R_s":0.261,"R_sh_ref":356.34,"Adjust":9.783,"PTC":211.9,"pdc0":240.0,"gamma_pdc":-0.00522,"gamma_r":-0.522}