{"Date":"1/14/2013","Version":"NRELv1","Technology":"Multi-c-Si","BIPV":"N","A_c":1.618,"N_s":60.0,"T_NOCT":44.1,"I_sc_ref":8.37,"V_oc_ref":37.2,"I_mp_ref":7.89,"V_mp_ref":30.4,"alpha_sc":0.0058590000000000005,"beta_oc":-0.13243,"a_ref":1.5895,"I_L_ref":8.373,"I_o_ref":5.71e-10,"R_s":0.27,"R_sh_ref":789.22,"Adjust":6.871,"PTC":218.2,"pdc0":240.0,"gamma_pdc":-0.0045000000000000005,"gamma_r":-0.45}