{"Date":"06.02.2014","Version":"NRELv1","Technology":"Multi-c-Si","BIPV":"N","A_c":1.68,"N_s":60.0,"T_NOCT":44.1,"I_sc_ref":8.8,"V_oc_ref":37.6,"I_mp_ref":8.39,"V_mp_ref":30.4,"alpha_sc":0.0038979999999999996,"beta_oc":-0.1062,"a_ref":1.4999,"I_L_ref":9.29,"I_o_ref":7.94e-11,"R_s":0.285,"R_sh_ref":256.55,"Adjust":16.35,"PTC":235.1,"pdc0":255.0,"gamma_pdc":-0.004039999999999999,"gamma_r":-0.40399999999999997}