{"Date":"06.02.2014","Version":"NRELv1","Technology":"Multi-c-Si","BIPV":"N","A_c":1.9880000000000002,"N_s":72.0,"T_NOCT":44.1,"I_sc_ref":8.85,"V_oc_ref":45.5,"I_mp_ref":8.38,"V_mp_ref":37.0,"alpha_sc":0.001164,"beta_oc":-0.12357,"a_ref":1.6704,"I_L_ref":8.961,"I_o_ref":1.6600000000000003e-11,"R_s":0.405,"R_sh_ref":326.74,"Adjust":4.747,"PTC":286.0,"pdc0":310.0,"gamma_pdc":-0.0038299999999999996,"gamma_r":-0.38299999999999995}