{"Date":"1/14/2013","Version":"NRELv1","Technology":"Multi-c-Si","BIPV":"N","A_c":1.921,"N_s":72.0,"T_NOCT":46.2,"I_sc_ref":8.82,"V_oc_ref":45.2,"I_mp_ref":8.31,"V_mp_ref":36.7,"alpha_sc":0.006174,"beta_oc":-0.16091,"a_ref":1.8887,"I_L_ref":8.824,"I_o_ref":3.54e-10,"R_s":0.354,"R_sh_ref":768.77,"Adjust":2.3890000000000002,"PTC":276.2,"pdc0":305.0,"gamma_pdc":-0.0043,"gamma_r":-0.43}