{"Date":"5/22/2012","Version":"NRELv1","Technology":"Multi-c-Si","BIPV":"N","A_c":1.618,"N_s":60.0,"T_NOCT":46.1,"I_sc_ref":8.15,"V_oc_ref":36.8,"I_mp_ref":7.6,"V_mp_ref":29.0,"alpha_sc":0.004075,"beta_oc":-0.11408,"a_ref":1.5086,"I_L_ref":8.164,"I_o_ref":2.0500000000000002e-10,"R_s":0.451,"R_sh_ref":268.09,"Adjust":13.6,"PTC":197.5,"pdc0":220.0,"gamma_pdc":-0.0045000000000000005,"gamma_r":-0.45}