{"Technology":"Mono-c-Si","BIPV":"N","A_c":1.6369999999999998,"N_s":60.0,"T_NOCT":46.3,"PTC":252.0,"pdc0":280.0,"gamma_pdc":-0.004625000000000001}