{"Date":"04.02.2013","Version":"NRELv1","Technology":"Multi-c-Si","BIPV":"N","A_c":1.618,"N_s":60.0,"T_NOCT":44.1,"I_sc_ref":8.31,"V_oc_ref":37.1,"I_mp_ref":7.81,"V_mp_ref":30.1,"alpha_sc":0.004986,"beta_oc":-0.12985,"a_ref":1.565,"I_L_ref":8.315,"I_o_ref":4.17e-10,"R_s":0.308,"R_sh_ref":484.17,"Adjust":6.182,"PTC":213.6,"pdc0":235.0,"gamma_pdc":-0.0045000000000000005,"gamma_r":-0.45}