{"Date":"04.02.2013","Version":"NRELv1","Technology":"Multi-c-Si","BIPV":"N","A_c":1.618,"N_s":60.0,"T_NOCT":44.1,"I_sc_ref":8.62,"V_oc_ref":37.7,"I_mp_ref":8.12,"V_mp_ref":31.4,"alpha_sc":0.0051719999999999995,"beta_oc":-0.13195,"a_ref":1.6127,"I_L_ref":8.623,"I_o_ref":6.02e-10,"R_s":0.184,"R_sh_ref":478.28,"Adjust":9.05,"PTC":232.2,"pdc0":255.0,"gamma_pdc":-0.0045000000000000005,"gamma_r":-0.45}