{"Date":"05.01.2013","Version":"NRELv1","Technology":"Multi-c-Si","BIPV":"N","A_c":1.68,"N_s":60.0,"T_NOCT":48.1,"I_sc_ref":8.93,"V_oc_ref":37.7,"I_mp_ref":8.52,"V_mp_ref":30.5,"alpha_sc":0.005313,"beta_oc":-0.09967999999999999,"a_ref":1.4078,"I_L_ref":9.026,"I_o_ref":2.1e-11,"R_s":0.344,"R_sh_ref":450.69,"Adjust":9.926,"PTC":237.9,"pdc0":260.0,"gamma_pdc":-0.0035200000000000006,"gamma_r":-0.35200000000000004}