{"Date":"1/14/2013","Version":"NRELv1","Technology":"Multi-c-Si","BIPV":"N","A_c":1.618,"N_s":60.0,"T_NOCT":44.1,"I_sc_ref":8.62,"V_oc_ref":37.7,"I_mp_ref":8.12,"V_mp_ref":31.4,"alpha_sc":0.006034,"beta_oc":-0.13421,"a_ref":1.6297,"I_L_ref":8.623,"I_o_ref":7.679999999999999e-10,"R_s":0.18,"R_sh_ref":511.65,"Adjust":9.221,"PTC":232.2,"pdc0":255.0,"gamma_pdc":-0.0045000000000000005,"gamma_r":-0.45}