{"Date":"06.02.2014","Version":"NRELv1","Technology":"Multi-c-Si","BIPV":"N","A_c":1.921,"N_s":72.0,"T_NOCT":43.8,"I_sc_ref":8.47,"V_oc_ref":44.9,"I_mp_ref":7.97,"V_mp_ref":36.4,"alpha_sc":0.004895,"beta_oc":-0.14167000000000002,"a_ref":1.8248,"I_L_ref":8.906,"I_o_ref":1.17e-10,"R_s":0.377,"R_sh_ref":595.53,"Adjust":7.773,"PTC":263.8,"pdc0":290.0,"gamma_pdc":-0.004079999999999999,"gamma_r":-0.408}