{"Date":"5/22/2012","Version":"NRELv1","Technology":"Mono-c-Si","BIPV":"N","A_c":1.262,"N_s":72.0,"T_NOCT":45.3,"I_sc_ref":5.66,"V_oc_ref":46.6,"I_mp_ref":5.32,"V_mp_ref":38.6,"alpha_sc":0.00283,"beta_oc":-0.1631,"a_ref":1.9902,"I_L_ref":5.662999999999999,"I_o_ref":3.8e-10,"R_s":0.39299999999999996,"R_sh_ref":729.45,"Adjust":8.818999999999999,"PTC":185.3,"pdc0":205.0,"gamma_pdc":-0.0046,"gamma_r":-0.46}