{"Date":"5/22/2012","Version":"NRELv1","Technology":"Mono-c-Si","BIPV":"N","A_c":1.262,"N_s":72.0,"T_NOCT":45.7,"I_sc_ref":5.48,"V_oc_ref":44.6,"I_mp_ref":5.14,"V_mp_ref":36.1,"alpha_sc":0.0021920000000000004,"beta_oc":-0.15164,"a_ref":1.861,"I_L_ref":5.485,"I_o_ref":2.12e-10,"R_s":0.589,"R_sh_ref":670.58,"Adjust":7.279,"PTC":166.4,"pdc0":185.0,"gamma_pdc":-0.0046,"gamma_r":-0.46}