{"Date":"5/22/2012","Version":"NRELv1","Technology":"Multi-c-Si","BIPV":"N","A_c":1.618,"N_s":60.0,"T_NOCT":43.6,"I_sc_ref":9.13,"V_oc_ref":38.5,"I_mp_ref":8.46,"V_mp_ref":31.9,"alpha_sc":0.004565,"beta_oc":-0.12705,"a_ref":1.6043,"I_L_ref":9.144,"I_o_ref":3.3500000000000003e-10,"R_s":0.21,"R_sh_ref":137.44,"Adjust":10.05,"PTC":247.9,"pdc0":270.0,"gamma_pdc":-0.0043,"gamma_r":-0.43}