{"Date":"04.02.2013","Version":"NRELv1","Technology":"Multi-c-Si","BIPV":"N","A_c":1.618,"N_s":60.0,"T_NOCT":44.1,"I_sc_ref":8.26,"V_oc_ref":37.0,"I_mp_ref":7.72,"V_mp_ref":29.8,"alpha_sc":0.004956,"beta_oc":-0.1295,"a_ref":1.5591,"I_L_ref":8.27,"I_o_ref":4.02e-10,"R_s":0.342,"R_sh_ref":289.86,"Adjust":5.932,"PTC":208.9,"pdc0":230.0,"gamma_pdc":-0.0045000000000000005,"gamma_r":-0.45}