{"Date":"06.02.2014","Version":"NRELv1","Technology":"Multi-c-Si","BIPV":"N","A_c":1.68,"N_s":60.0,"T_NOCT":44.1,"I_sc_ref":8.93,"V_oc_ref":37.7,"I_mp_ref":8.52,"V_mp_ref":30.5,"alpha_sc":0.0039310000000000005,"beta_oc":-0.10675,"a_ref":1.5073,"I_L_ref":9.369,"I_o_ref":7.97e-11,"R_s":0.27899999999999997,"R_sh_ref":292.28,"Adjust":16.29,"PTC":239.8,"pdc0":260.0,"gamma_pdc":-0.004039999999999999,"gamma_r":-0.40399999999999997}