{"Date":"1/14/2013","Version":"NRELv1","Technology":"Multi-c-Si","BIPV":"N","A_c":1.921,"N_s":72.0,"T_NOCT":44.0,"I_sc_ref":8.39,"V_oc_ref":44.4,"I_mp_ref":7.68,"V_mp_ref":35.85,"alpha_sc":0.005873,"beta_oc":-0.15805999999999998,"a_ref":1.9533,"I_L_ref":8.414,"I_o_ref":1.0800000000000002e-09,"R_s":0.373,"R_sh_ref":131.78,"Adjust":12.66,"PTC":248.9,"pdc0":275.0,"gamma_pdc":-0.004699999999999999,"gamma_r":-0.47}