{"Date":"1/14/2013","Version":"NRELv1","Technology":"Multi-c-Si","BIPV":"N","A_c":1.618,"N_s":60.0,"T_NOCT":44.1,"I_sc_ref":8.38,"V_oc_ref":37.5,"I_mp_ref":7.84,"V_mp_ref":30.6,"alpha_sc":0.005866,"beta_oc":-0.1335,"a_ref":1.6081,"I_L_ref":8.388,"I_o_ref":6.16e-10,"R_s":0.278,"R_sh_ref":299.13,"Adjust":7.553999999999999,"PTC":218.2,"pdc0":240.0,"gamma_pdc":-0.0045000000000000005,"gamma_r":-0.45}