{"Date":"06.02.2014","Version":"NRELv1","Technology":"Multi-c-Si","BIPV":"N","A_c":1.9880000000000002,"N_s":72.0,"T_NOCT":44.1,"I_sc_ref":8.53,"V_oc_ref":44.9,"I_mp_ref":8.04,"V_mp_ref":36.1,"alpha_sc":0.004939,"beta_oc":-0.14229,"a_ref":1.8321,"I_L_ref":8.984,"I_o_ref":1.18e-10,"R_s":0.37,"R_sh_ref":779.74,"Adjust":7.7010000000000005,"PTC":267.1,"pdc0":290.0,"gamma_pdc":-0.004079999999999999,"gamma_r":-0.408}