{"Date":"5/22/2012","Version":"NRELv1","Technology":"Multi-c-Si","BIPV":"N","A_c":1.921,"N_s":72.0,"T_NOCT":46.6,"I_sc_ref":8.29,"V_oc_ref":44.34,"I_mp_ref":7.6,"V_mp_ref":35.52,"alpha_sc":0.004145,"beta_oc":-0.14189000000000002,"a_ref":1.8199,"I_L_ref":8.318999999999999,"I_o_ref":2.0899999999999998e-10,"R_s":0.45399999999999996,"R_sh_ref":129.05,"Adjust":10.15,"PTC":243.2,"pdc0":270.0,"gamma_pdc":-0.0043,"gamma_r":-0.43}