{"Date":"5/22/2012","Version":"NRELv1","Technology":"Multi-c-Si","BIPV":"N","A_c":1.921,"N_s":72.0,"T_NOCT":46.6,"I_sc_ref":8.45,"V_oc_ref":44.44,"I_mp_ref":7.78,"V_mp_ref":36.01,"alpha_sc":0.004225,"beta_oc":-0.14221,"a_ref":1.8316,"I_L_ref":8.472999999999999,"I_o_ref":2.37e-10,"R_s":0.384,"R_sh_ref":142.26,"Adjust":11.08,"PTC":252.5,"pdc0":280.0,"gamma_pdc":-0.0043,"gamma_r":-0.43}