{"Date":"1/14/2013","Version":"NRELv1","Technology":"Multi-c-Si","BIPV":"N","A_c":1.618,"N_s":60.0,"T_NOCT":44.1,"I_sc_ref":8.67,"V_oc_ref":37.9,"I_mp_ref":8.2,"V_mp_ref":31.7,"alpha_sc":0.006069,"beta_oc":-0.13492,"a_ref":1.6384,"I_L_ref":8.671,"I_o_ref":7.76e-10,"R_s":0.162,"R_sh_ref":1082.71,"Adjust":9.255,"PTC":236.9,"pdc0":260.0,"gamma_pdc":-0.0045000000000000005,"gamma_r":-0.45}