{"Technology":"Mono-c-Si","BIPV":"N","A_c":1.6580000000000001,"N_s":60.0,"T_NOCT":47.2,"PTC":254.9,"pdc0":285.0,"gamma_pdc":-0.004698}