{"Date":"05.04.2011","Version":"MM107","Technology":"1-a-Si","BIPV":"N","A_c":1.43,"N_s":159.0,"T_NOCT":47.3,"I_sc_ref":1.13,"V_oc_ref":134.0,"I_mp_ref":0.89,"V_mp_ref":101.0,"alpha_sc":0.000983,"beta_oc":-0.43818,"a_ref":4.9157,"I_L_ref":1.177,"I_o_ref":1.31e-12,"R_s":20.221,"R_sh_ref":487.11,"Adjust":-16.4,"PTC":84.5,"pdc0":90.0,"gamma_pdc":-0.00227,"gamma_r":-0.22699999999999998}