{"Date":"03.09.2011","Version":"MM107","Technology":"1-a-Si","BIPV":"N","A_c":1.43,"N_s":159.0,"T_NOCT":47.1,"I_sc_ref":1.12,"V_oc_ref":135.0,"I_mp_ref":0.87,"V_mp_ref":98.0,"alpha_sc":0.000671,"beta_oc":-0.54513,"a_ref":4.6937,"I_L_ref":1.187,"I_o_ref":2.85e-13,"R_s":26.329,"R_sh_ref":443.33,"Adjust":-40.0,"PTC":79.9,"pdc0":85.0,"gamma_pdc":-0.00224,"gamma_r":-0.22399999999999998}