{"Date":"07.08.2010","Version":"MM107","Technology":"1-a-Si","BIPV":"N","A_c":1.43,"N_s":159.0,"T_NOCT":47.1,"I_sc_ref":1.14,"V_oc_ref":136.0,"I_mp_ref":0.9,"V_mp_ref":100.0,"alpha_sc":0.000683,"beta_oc":-0.5491699999999999,"a_ref":4.7153,"I_L_ref":1.197,"I_o_ref":2.7300000000000005e-13,"R_s":24.153000000000002,"R_sh_ref":481.7,"Adjust":-40.3,"PTC":84.7,"pdc0":90.0,"gamma_pdc":-0.00224,"gamma_r":-0.22399999999999998}