{"Date":"05.04.2011","Version":"MM107","Technology":"1-a-Si","BIPV":"N","A_c":1.43,"N_s":159.0,"T_NOCT":47.3,"I_sc_ref":1.22,"V_oc_ref":138.0,"I_mp_ref":0.96,"V_mp_ref":104.0,"alpha_sc":0.0010609999999999999,"beta_oc":-0.45126000000000005,"a_ref":5.0653,"I_L_ref":1.271,"I_o_ref":1.43e-12,"R_s":19.311,"R_sh_ref":462.4,"Adjust":-16.3,"PTC":94.0,"pdc0":100.0,"gamma_pdc":-0.00227,"gamma_r":-0.22699999999999998}