{"Date":"01.05.2010","Version":"MM106","Technology":"Multi-c-Si","BIPV":"N","A_c":1.284,"N_s":48.0,"T_NOCT":44.1,"I_sc_ref":8.1,"V_oc_ref":29.0,"I_mp_ref":7.39,"V_mp_ref":23.0,"alpha_sc":0.003611,"beta_oc":-0.09558,"a_ref":1.2056,"I_L_ref":8.135,"I_o_ref":2.7799999999999997e-10,"R_s":0.336,"R_sh_ref":78.15,"Adjust":9.5,"PTC":154.2,"pdc0":170.0,"gamma_pdc":-0.00449,"gamma_r":-0.449}