{"Date":"01.05.2010","Version":"MM106","Technology":"Multi-c-Si","BIPV":"N","A_c":1.465,"N_s":54.0,"T_NOCT":46.5,"I_sc_ref":8.22,"V_oc_ref":33.3,"I_mp_ref":7.74,"V_mp_ref":26.5,"alpha_sc":0.0041259999999999995,"beta_oc":-0.11232,"a_ref":1.4207,"I_L_ref":8.222000000000001,"I_o_ref":5.42e-10,"R_s":0.35,"R_sh_ref":1403.74,"Adjust":12.6,"PTC":182.1,"pdc0":205.0,"gamma_pdc":-0.00486,"gamma_r":-0.486}