{"Date":"01.05.2010","Version":"MM106","Technology":"Multi-c-Si","BIPV":"N","A_c":1.6340000000000001,"N_s":60.0,"T_NOCT":45.3,"I_sc_ref":8.28,"V_oc_ref":36.5,"I_mp_ref":7.63,"V_mp_ref":29.5,"alpha_sc":0.004703,"beta_oc":-0.12739,"a_ref":1.5787,"I_L_ref":8.299,"I_o_ref":7.31e-10,"R_s":0.313,"R_sh_ref":134.75,"Adjust":11.4,"PTC":202.0,"pdc0":225.0,"gamma_pdc":-0.00469,"gamma_r":-0.469}