{"Date":"01.05.2010","Version":"MM106","Technology":"Multi-c-Si","BIPV":"N","A_c":1.6340000000000001,"N_s":60.0,"T_NOCT":45.3,"I_sc_ref":8.15,"V_oc_ref":36.5,"I_mp_ref":7.59,"V_mp_ref":29.0,"alpha_sc":0.004629,"beta_oc":-0.12739,"a_ref":1.5524,"I_L_ref":8.163,"I_o_ref":4.93e-10,"R_s":0.39799999999999996,"R_sh_ref":255.67,"Adjust":8.0,"PTC":197.4,"pdc0":220.0,"gamma_pdc":-0.00469,"gamma_r":-0.469}