{"Date":"08.01.2012","Version":"NRELv1","Technology":"Multi-c-Si","BIPV":"N","A_c":1.6340000000000001,"N_s":60.0,"T_NOCT":44.8,"I_sc_ref":8.54,"V_oc_ref":37.0,"I_mp_ref":7.97,"V_mp_ref":29.5,"alpha_sc":0.0037409999999999995,"beta_oc":-0.12469000000000001,"a_ref":1.5375,"I_L_ref":8.552999999999999,"I_o_ref":2.98e-10,"R_s":0.379,"R_sh_ref":258.82,"Adjust":7.314,"PTC":212.3,"pdc0":235.0,"gamma_pdc":-0.0045899999999999995,"gamma_r":-0.45899999999999996}