{"Date":"08.01.2012","Version":"NRELv1","Technology":"Multi-c-Si","BIPV":"N","A_c":1.6340000000000001,"N_s":60.0,"T_NOCT":44.8,"I_sc_ref":8.63,"V_oc_ref":37.8,"I_mp_ref":8.11,"V_mp_ref":30.2,"alpha_sc":0.0037799999999999995,"beta_oc":-0.12739,"a_ref":1.5665,"I_L_ref":8.636000000000001,"I_o_ref":2.84e-10,"R_s":0.374,"R_sh_ref":543.5,"Adjust":6.791,"PTC":221.6,"pdc0":245.0,"gamma_pdc":-0.0045899999999999995,"gamma_r":-0.45899999999999996}