{"Date":"08.01.2012","Version":"NRELv1","Technology":"Multi-c-Si","BIPV":"N","A_c":1.6340000000000001,"N_s":60.0,"T_NOCT":44.8,"I_sc_ref":8.79,"V_oc_ref":38.4,"I_mp_ref":8.24,"V_mp_ref":30.4,"alpha_sc":0.00385,"beta_oc":-0.12941,"a_ref":1.5851,"I_L_ref":8.798,"I_o_ref":2.63e-10,"R_s":0.413,"R_sh_ref":432.3,"Adjust":5.968,"PTC":226.2,"pdc0":250.0,"gamma_pdc":-0.0045899999999999995,"gamma_r":-0.45899999999999996}