{"Date":"01.05.2012","Version":"NRELv1","Technology":"Mono-c-Si","BIPV":"N","A_c":1.6340000000000001,"N_s":60.0,"T_NOCT":45.0,"I_sc_ref":9.1,"V_oc_ref":37.6,"I_mp_ref":8.57,"V_mp_ref":29.5,"alpha_sc":0.004004,"beta_oc":-0.1128,"a_ref":1.4094,"I_L_ref":9.109,"I_o_ref":2.34e-11,"R_s":0.45899999999999996,"R_sh_ref":483.76,"Adjust":-2.219,"PTC":230.3,"pdc0":250.0,"gamma_pdc":-0.00377,"gamma_r":-0.377}