{"Date":"01.05.2010","Version":"MM106","Technology":"Multi-c-Si","BIPV":"N","A_c":1.774,"N_s":66.0,"T_NOCT":48.6,"I_sc_ref":8.4,"V_oc_ref":41.0,"I_mp_ref":7.85,"V_mp_ref":32.5,"alpha_sc":0.003385,"beta_oc":-0.13899,"a_ref":1.7081,"I_L_ref":8.411,"I_o_ref":3.12e-10,"R_s":0.45299999999999996,"R_sh_ref":351.97,"Adjust":7.1,"PTC":225.1,"pdc0":255.0,"gamma_pdc":-0.00468,"gamma_r":-0.46799999999999997}