{"Date":"01.05.2012","Version":"NRELv1","Technology":"Mono-c-Si","BIPV":"N","A_c":1.6340000000000001,"N_s":60.0,"T_NOCT":45.0,"I_sc_ref":9.16,"V_oc_ref":37.9,"I_mp_ref":8.62,"V_mp_ref":29.9,"alpha_sc":0.00403,"beta_oc":-0.1137,"a_ref":1.4254,"I_L_ref":9.17,"I_o_ref":2.57e-11,"R_s":0.43700000000000006,"R_sh_ref":404.73,"Adjust":-1.5219999999999998,"PTC":235.0,"pdc0":255.0,"gamma_pdc":-0.00377,"gamma_r":-0.377}