{"Date":"01.05.2010","Version":"MM106","Technology":"Multi-c-Si","BIPV":"N","A_c":1.931,"N_s":72.0,"T_NOCT":45.9,"I_sc_ref":8.15,"V_oc_ref":44.6,"I_mp_ref":7.5,"V_mp_ref":35.3,"alpha_sc":0.00448,"beta_oc":-0.15298,"a_ref":1.9029,"I_L_ref":8.175,"I_o_ref":5.24e-10,"R_s":0.508,"R_sh_ref":168.04,"Adjust":10.5,"PTC":237.0,"pdc0":265.0,"gamma_pdc":-0.004699999999999999,"gamma_r":-0.47}