{"Date":"01.05.2012","Version":"NRELv1","Technology":"Mono-c-Si","BIPV":"N","A_c":1.6340000000000001,"N_s":60.0,"T_NOCT":45.0,"I_sc_ref":9.22,"V_oc_ref":38.2,"I_mp_ref":8.67,"V_mp_ref":30.3,"alpha_sc":0.004057,"beta_oc":-0.1146,"a_ref":1.4415,"I_L_ref":9.231,"I_o_ref":2.82e-11,"R_s":0.41600000000000004,"R_sh_ref":349.93,"Adjust":-0.8327,"PTC":239.7,"pdc0":260.0,"gamma_pdc":-0.00377,"gamma_r":-0.377}