{"Date":"12/23/2014","Version":"NRELv1","Technology":"Multi-c-Si","BIPV":"N","A_c":1.624,"N_s":60.0,"T_NOCT":46.6,"I_sc_ref":8.15,"V_oc_ref":44.6,"I_mp_ref":7.5,"V_mp_ref":35.3,"alpha_sc":0.004075,"beta_oc":-0.14272,"a_ref":1.8137,"I_L_ref":8.177999999999999,"I_o_ref":1.65e-10,"R_s":0.532,"R_sh_ref":153.77,"Adjust":8.189,"PTC":239.7,"pdc0":265.0,"gamma_pdc":-0.0043,"gamma_r":-0.43}