{"Date":"02.01.2012","Version":"NRELv1","Technology":"Mono-c-Si","BIPV":"N","A_c":1.6340000000000001,"N_s":60.0,"T_NOCT":45.0,"I_sc_ref":9.35,"V_oc_ref":38.28,"I_mp_ref":8.73,"V_mp_ref":30.38,"alpha_sc":0.0041140000000000005,"beta_oc":-0.11484000000000001,"a_ref":1.4502,"I_L_ref":9.37,"I_o_ref":3.15e-11,"R_s":0.41,"R_sh_ref":194.16,"Adjust":-0.03344,"PTC":244.4,"pdc0":265.0,"gamma_pdc":-0.00377,"gamma_r":-0.377}