{"Date":"12/23/2014","Version":"NRELv1","Technology":"Multi-c-Si","BIPV":"N","A_c":1.624,"N_s":60.0,"T_NOCT":46.6,"I_sc_ref":8.04,"V_oc_ref":44.6,"I_mp_ref":7.43,"V_mp_ref":35.0,"alpha_sc":0.00402,"beta_oc":-0.14272,"a_ref":1.8004,"I_L_ref":8.065,"I_o_ref":1.37e-10,"R_s":0.5870000000000001,"R_sh_ref":189.44,"Adjust":6.655,"PTC":235.0,"pdc0":260.0,"gamma_pdc":-0.0043,"gamma_r":-0.43}