{"Date":"01.05.2010","Version":"MM106","Technology":"Multi-c-Si","BIPV":"N","A_c":1.931,"N_s":72.0,"T_NOCT":45.9,"I_sc_ref":8.2,"V_oc_ref":44.8,"I_mp_ref":7.65,"V_mp_ref":35.3,"alpha_sc":0.003542,"beta_oc":-0.15366,"a_ref":1.8718,"I_L_ref":8.212,"I_o_ref":3.2599999999999996e-10,"R_s":0.537,"R_sh_ref":364.44,"Adjust":6.4,"PTC":241.6,"pdc0":270.0,"gamma_pdc":-0.004699999999999999,"gamma_r":-0.47}