{"Date":"01.05.2010","Version":"MM106","Technology":"Multi-c-Si","BIPV":"N","A_c":1.931,"N_s":72.0,"T_NOCT":45.9,"I_sc_ref":8.3,"V_oc_ref":45.0,"I_mp_ref":7.75,"V_mp_ref":35.5,"alpha_sc":0.0035859999999999998,"beta_oc":-0.15435,"a_ref":1.8801,"I_L_ref":8.311,"I_o_ref":3.3e-10,"R_s":0.527,"R_sh_ref":386.49,"Adjust":6.4,"PTC":246.2,"pdc0":275.0,"gamma_pdc":-0.004699999999999999,"gamma_r":-0.47}