{"Date":"06.09.2010","Version":"MM107","Technology":"Multi-c-Si","BIPV":"N","A_c":1.62,"N_s":60.0,"T_NOCT":50.8,"I_sc_ref":8.4,"V_oc_ref":37.03,"I_mp_ref":7.64,"V_mp_ref":29.54,"alpha_sc":0.003032,"beta_oc":-0.13994,"a_ref":1.7041,"I_L_ref":8.429,"I_o_ref":2.9399999999999998e-09,"R_s":0.345,"R_sh_ref":99.87,"Adjust":15.3,"PTC":190.9,"pdc0":225.0,"gamma_pdc":-0.0055000000000000005,"gamma_r":-0.55}