{"Date":"06.09.2010","Version":"MM107","Technology":"Multi-c-Si","BIPV":"N","A_c":1.834,"N_s":72.0,"T_NOCT":50.8,"I_sc_ref":7.99,"V_oc_ref":44.6,"I_mp_ref":7.45,"V_mp_ref":35.3,"alpha_sc":0.006648,"beta_oc":-0.17831,"a_ref":2.0909999999999997,"I_L_ref":7.996,"I_o_ref":4.320000000000001e-09,"R_s":0.465,"R_sh_ref":650.04,"Adjust":12.3,"PTC":229.7,"pdc0":270.0,"gamma_pdc":-0.00548,"gamma_r":-0.5479999999999999}