{"Date":"06.09.2010","Version":"MM107","Technology":"Mono-c-Si","BIPV":"N","A_c":1.62,"N_s":72.0,"T_NOCT":49.8,"I_sc_ref":8.34,"V_oc_ref":37.5,"I_mp_ref":7.79,"V_mp_ref":30.15,"alpha_sc":0.005596,"beta_oc":-0.14695999999999998,"a_ref":1.7081,"I_L_ref":8.346,"I_o_ref":2.41e-09,"R_s":0.318,"R_sh_ref":408.9,"Adjust":9.0,"PTC":202.9,"pdc0":235.0,"gamma_pdc":-0.0052,"gamma_r":-0.52}