{"Date":"06.09.2010","Version":"MM107","Technology":"Mono-c-Si","BIPV":"N","A_c":1.62,"N_s":72.0,"T_NOCT":49.8,"I_sc_ref":8.46,"V_oc_ref":37.7,"I_mp_ref":7.97,"V_mp_ref":30.75,"alpha_sc":0.005677000000000001,"beta_oc":-0.14775,"a_ref":1.7237,"I_L_ref":8.461,"I_o_ref":2.6800000000000003e-09,"R_s":0.251,"R_sh_ref":2368.17,"Adjust":9.8,"PTC":211.9,"pdc0":245.0,"gamma_pdc":-0.0052,"gamma_r":-0.52}