{"Date":"06.09.2010","Version":"MM107","Technology":"Multi-c-Si","BIPV":"N","A_c":1.62,"N_s":60.0,"T_NOCT":50.8,"I_sc_ref":8.06,"V_oc_ref":36.33,"I_mp_ref":7.27,"V_mp_ref":28.9,"alpha_sc":0.006495999999999999,"beta_oc":-0.13205999999999998,"a_ref":1.6857,"I_L_ref":8.095,"I_o_ref":3.3500000000000002e-09,"R_s":0.363,"R_sh_ref":83.28,"Adjust":21.1,"PTC":179.6,"pdc0":210.0,"gamma_pdc":-0.005180000000000001,"gamma_r":-0.518}