{"Date":"06.09.2010","Version":"MM107","Technology":"Multi-c-Si","BIPV":"N","A_c":1.62,"N_s":60.0,"T_NOCT":50.8,"I_sc_ref":8.46,"V_oc_ref":37.1,"I_mp_ref":7.73,"V_mp_ref":29.63,"alpha_sc":0.003054,"beta_oc":-0.1402,"a_ref":1.7037,"I_L_ref":8.485,"I_o_ref":2.85e-09,"R_s":0.33899999999999997,"R_sh_ref":114.15,"Adjust":14.9,"PTC":195.3,"pdc0":230.0,"gamma_pdc":-0.0055000000000000005,"gamma_r":-0.55}