{"Technology":"Multi-c-Si","BIPV":"N","A_c":1.6269999999999998,"N_s":60.0,"T_NOCT":47.5,"PTC":221.2,"pdc0":245.0,"gamma_pdc":-0.00411}