{"Vac":0.0,"Paco":7600.0,"Pdco":7798.69,"Vdco":380.0,"Pso":25.2449,"C0":-1.1188200000000001e-06,"C1":-3.96965e-05,"C2":-0.00127353,"C3":-0.00525238,"Pnt":7.0,"Vdcmax":500.0,"Mppt_low":200.0,"Mppt_high":500.0}