{"Vac":0.0,"Paco":9000.0,"Pdco":9249.34,"Vdco":380.0,"Pso":37.8561,"C0":-1.74011e-06,"C1":-2.7354899999999998e-05,"C2":-0.00076047,"C3":-0.00204304,"Pnt":7.0,"Vdcmax":500.0,"Mppt_low":250.0,"Mppt_high":500.0}