{"Vac":0.0,"Paco":7000.0,"Pdco":7210.84,"Vdco":380.0,"Pso":31.7873,"C0":-2.6118e-06,"C1":-4.08992e-05,"C2":-0.00289321,"C3":-0.00474946,"Pnt":7.0,"Vdcmax":500.0,"Mppt_low":250.0,"Mppt_high":500.0}