{"Vac":0.0,"Paco":6000.0,"Pdco":6158.23,"Vdco":380.0,"Pso":18.3318,"C0":-9.77495e-07,"C1":-3.8235700000000004e-05,"C2":-0.00390874,"C3":-0.013702,"Pnt":6.0,"Vdcmax":500.0,"Mppt_low":200.0,"Mppt_high":500.0}