{"Date":"12.03.2009","Version":"MM106","Technology":"Mono-c-Si","BIPV":"N","A_c":1.2770000000000001,"N_s":72.0,"T_NOCT":46.1,"I_sc_ref":5.3,"V_oc_ref":44.8,"I_mp_ref":5.0,"V_mp_ref":36.0,"alpha_sc":0.00233,"beta_oc":-0.16079000000000002,"a_ref":1.8994,"I_L_ref":5.301,"I_o_ref":3.02e-10,"R_s":0.657,"R_sh_ref":3487.48,"Adjust":4.6,"PTC":160.7,"pdc0":180.0,"gamma_pdc":-0.00477,"gamma_r":-0.47700000000000004}