{"Date":"04.02.2013","Version":"NRELv1","Technology":"Multi-c-Si","BIPV":"N","A_c":1.936,"N_s":72.0,"T_NOCT":47.1,"I_sc_ref":8.4,"V_oc_ref":44.46,"I_mp_ref":7.91,"V_mp_ref":35.39,"alpha_sc":0.003276,"beta_oc":-0.15116,"a_ref":1.868,"I_L_ref":8.402999999999999,"I_o_ref":3.85e-10,"R_s":0.46399999999999997,"R_sh_ref":1375.36,"Adjust":8.763,"PTC":248.5,"pdc0":280.0,"gamma_pdc":-0.0048,"gamma_r":-0.48}