{"Date":"03.10.2011","Version":"MM107","Technology":"Multi-c-Si","BIPV":"N","A_c":1.6230000000000002,"N_s":60.0,"T_NOCT":46.1,"I_sc_ref":8.15,"V_oc_ref":36.35,"I_mp_ref":7.7,"V_mp_ref":29.3,"alpha_sc":0.00489,"beta_oc":-0.12359,"a_ref":1.5355,"I_L_ref":8.151,"I_o_ref":4.26e-10,"R_s":0.335,"R_sh_ref":3649.05,"Adjust":9.5,"PTC":201.6,"pdc0":225.0,"gamma_pdc":-0.0046,"gamma_r":-0.46}