{"Date":"10/30/2012","Version":"NRELv1","Technology":"Multi-c-Si","BIPV":"N","A_c":1.6230000000000002,"N_s":60.0,"T_NOCT":47.1,"I_sc_ref":8.08,"V_oc_ref":36.95,"I_mp_ref":7.7,"V_mp_ref":29.22,"alpha_sc":0.003151,"beta_oc":-0.12563,"a_ref":1.5443,"I_L_ref":8.161,"I_o_ref":3.31e-10,"R_s":0.426,"R_sh_ref":11799.2,"Adjust":7.69,"PTC":199.4,"pdc0":225.0,"gamma_pdc":-0.0048,"gamma_r":-0.48}