{"Date":"10/30/2012","Version":"NRELv1","Technology":"Multi-c-Si","BIPV":"N","A_c":1.936,"N_s":72.0,"T_NOCT":47.1,"I_sc_ref":8.88,"V_oc_ref":44.82,"I_mp_ref":8.26,"V_mp_ref":36.3,"alpha_sc":0.0034630000000000004,"beta_oc":-0.15239,"a_ref":1.916,"I_L_ref":8.892999999999999,"I_o_ref":6.03e-10,"R_s":0.35200000000000004,"R_sh_ref":234.0,"Adjust":12.31,"PTC":266.8,"pdc0":300.0,"gamma_pdc":-0.0048,"gamma_r":-0.48}