{"Technology":"Mono-c-Si","BIPV":"N","A_c":1.7309999999999999,"N_s":60.0,"T_NOCT":43.6,"PTC":232.3,"pdc0":255.0,"gamma_pdc":-0.004529999999999999}