{"Date":"05.11.2009","Version":"MM106","Technology":"CdTe","BIPV":"N","A_c":0.72,"N_s":116.0,"T_NOCT":45.9,"I_sc_ref":1.18,"V_oc_ref":87.0,"I_mp_ref":1.05,"V_mp_ref":64.2,"alpha_sc":0.000575,"beta_oc":-0.21907,"a_ref":2.5133,"I_L_ref":1.202,"I_o_ref":1.01e-15,"R_s":14.360999999999999,"R_sh_ref":784.25,"Adjust":-41.4,"PTC":64.8,"pdc0":67.5,"gamma_pdc":-0.0016699999999999998,"gamma_r":-0.16699999999999998}