{"Date":"05.11.2009","Version":"MM106","Technology":"CdTe","BIPV":"N","A_c":0.72,"N_s":116.0,"T_NOCT":45.9,"I_sc_ref":1.19,"V_oc_ref":89.0,"I_mp_ref":1.07,"V_mp_ref":67.9,"alpha_sc":0.00058,"beta_oc":-0.2241,"a_ref":2.6,"I_L_ref":1.206,"I_o_ref":1.5099999999999999e-15,"R_s":12.079,"R_sh_ref":920.1,"Adjust":-39.2,"PTC":67.2,"pdc0":70.0,"gamma_pdc":-0.0016699999999999998,"gamma_r":-0.16699999999999998}