{"Date":"05.01.2014","Version":"NRELv1","Technology":"CdTe","BIPV":"N","A_c":0.72,"N_s":146.0,"T_NOCT":44.6,"I_sc_ref":2.27,"V_oc_ref":56.9,"I_mp_ref":2.03,"V_mp_ref":44.4,"alpha_sc":0.0008900000000000001,"beta_oc":-0.14219,"a_ref":1.8503,"I_L_ref":2.295,"I_o_ref":9.29e-14,"R_s":3.32,"R_sh_ref":297.67,"Adjust":-16.22,"PTC":85.2,"pdc0":90.0,"gamma_pdc":-0.00249,"gamma_r":-0.249}