{"Date":"08.03.2011","Version":"MM107","Technology":"CdTe","BIPV":"N","A_c":0.72,"N_s":77.0,"T_NOCT":44.9,"I_sc_ref":1.76,"V_oc_ref":61.7,"I_mp_ref":1.58,"V_mp_ref":50.7,"alpha_sc":1.9e-05,"beta_oc":-0.10575,"a_ref":1.8444,"I_L_ref":1.7730000000000001,"I_o_ref":4.82e-15,"R_s":3.095,"R_sh_ref":414.99,"Adjust":-2.8,"PTC":76.0,"pdc0":80.0,"gamma_pdc":-0.0022500000000000003,"gamma_r":-0.225}