{"Date":"01.05.2012","Version":"NRELv1","Technology":"CdTe","BIPV":"N","A_c":0.72,"N_s":77.0,"T_NOCT":48.4,"I_sc_ref":2.04,"V_oc_ref":61.0,"I_mp_ref":1.83,"V_mp_ref":49.2,"alpha_sc":0.000877,"beta_oc":-0.14396,"a_ref":1.8471,"I_L_ref":2.0580000000000003,"I_o_ref":1e-14,"R_s":3.161,"R_sh_ref":353.32,"Adjust":-27.28,"PTC":85.8,"pdc0":90.0,"gamma_pdc":-0.00183,"gamma_r":-0.183}