{"Date":"05.01.2014","Version":"NRELv1","Technology":"CdTe","BIPV":"N","A_c":0.72,"N_s":146.0,"T_NOCT":44.6,"I_sc_ref":2.26,"V_oc_ref":56.0,"I_mp_ref":2.01,"V_mp_ref":43.6,"alpha_sc":0.00088,"beta_oc":-0.13994,"a_ref":1.8238,"I_L_ref":2.2880000000000003,"I_o_ref":9.63e-14,"R_s":3.346,"R_sh_ref":271.87,"Adjust":-15.92,"PTC":82.8,"pdc0":87.5,"gamma_pdc":-0.00249,"gamma_r":-0.249}