{"Date":"1/14/2013","Version":"NRELv1","Technology":"CdTe","BIPV":"N","A_c":0.72,"N_s":77.0,"T_NOCT":46.0,"I_sc_ref":2.06,"V_oc_ref":61.0,"I_mp_ref":1.87,"V_mp_ref":49.5,"alpha_sc":0.001442,"beta_oc":-0.21716,"a_ref":1.9959,"I_L_ref":2.073,"I_o_ref":1.0300000000000002e-13,"R_s":2.7439999999999998,"R_sh_ref":443.74,"Adjust":-40.73,"PTC":88.5,"pdc0":92.5,"gamma_pdc":-0.0019,"gamma_r":-0.19}