{"Date":"08.03.2011","Version":"MM107","Technology":"CdTe","BIPV":"N","A_c":0.72,"N_s":77.0,"T_NOCT":44.9,"I_sc_ref":1.74,"V_oc_ref":60.6,"I_mp_ref":1.46,"V_mp_ref":48.1,"alpha_sc":1.9e-05,"beta_oc":-0.10387,"a_ref":1.8415,"I_L_ref":1.777,"I_o_ref":7.6e-15,"R_s":4.42,"R_sh_ref":208.97,"Adjust":1.7,"PTC":66.4,"pdc0":70.0,"gamma_pdc":-0.0022500000000000003,"gamma_r":-0.225}