{"Date":"08.03.2011","Version":"MM107","Technology":"CdTe","BIPV":"N","A_c":0.72,"N_s":77.0,"T_NOCT":44.9,"I_sc_ref":1.75,"V_oc_ref":61.4,"I_mp_ref":1.46,"V_mp_ref":49.5,"alpha_sc":1.9e-05,"beta_oc":-0.10524000000000001,"a_ref":1.8849,"I_L_ref":1.7830000000000001,"I_o_ref":1.06e-14,"R_s":3.862,"R_sh_ref":204.59,"Adjust":4.7,"PTC":68.8,"pdc0":72.5,"gamma_pdc":-0.0022500000000000003,"gamma_r":-0.225}