{"Date":"05.01.2014","Version":"NRELv1","Technology":"CdTe","BIPV":"N","A_c":0.72,"N_s":146.0,"T_NOCT":44.6,"I_sc_ref":2.28,"V_oc_ref":57.7,"I_mp_ref":2.05,"V_mp_ref":45.2,"alpha_sc":0.0008900000000000001,"beta_oc":-0.14419,"a_ref":1.8751,"I_L_ref":2.303,"I_o_ref":9.2e-14,"R_s":3.245,"R_sh_ref":326.82,"Adjust":-16.34,"PTC":87.6,"pdc0":92.5,"gamma_pdc":-0.00249,"gamma_r":-0.249}