{"Date":"9/18/2014","Version":"NRELv1","Technology":"CdTe","BIPV":"N","A_c":0.72,"N_s":216.0,"T_NOCT":44.6,"I_sc_ref":1.58,"V_oc_ref":88.2,"I_mp_ref":1.49,"V_mp_ref":70.4,"alpha_sc":0.000942,"beta_oc":-0.23188000000000003,"a_ref":2.9695,"I_L_ref":1.5830000000000002,"I_o_ref":1.9699999999999997e-13,"R_s":5.785,"R_sh_ref":3640.03,"Adjust":-13.09,"PTC":99.3,"pdc0":105.0,"gamma_pdc":-0.00264,"gamma_r":-0.264}