{"Date":"9/18/2014","Version":"NRELv1","Technology":"CdTe","BIPV":"N","A_c":0.72,"N_s":216.0,"T_NOCT":44.6,"I_sc_ref":1.55,"V_oc_ref":87.0,"I_mp_ref":1.42,"V_mp_ref":68.7,"alpha_sc":0.000924,"beta_oc":-0.22871999999999998,"a_ref":2.9536,"I_L_ref":1.5590000000000002,"I_o_ref":2.39e-13,"R_s":6.474,"R_sh_ref":1090.5,"Adjust":-11.43,"PTC":92.1,"pdc0":98.0,"gamma_pdc":-0.00264,"gamma_r":-0.264}