{"Date":"9/18/2014","Version":"NRELv1","Technology":"CdTe","BIPV":"N","A_c":0.72,"N_s":216.0,"T_NOCT":44.6,"I_sc_ref":1.55,"V_oc_ref":86.5,"I_mp_ref":1.4,"V_mp_ref":67.9,"alpha_sc":0.000924,"beta_oc":-0.22741,"a_ref":2.9482,"I_L_ref":1.5630000000000002,"I_o_ref":2.6400000000000004e-13,"R_s":6.803999999999999,"R_sh_ref":806.27,"Adjust":-10.65,"PTC":89.7,"pdc0":95.0,"gamma_pdc":-0.00264,"gamma_r":-0.264}