{"Date":"12/23/2014","Version":"NRELv1","Technology":"CdTe","BIPV":"N","A_c":0.72,"N_s":216.0,"T_NOCT":47.0,"I_sc_ref":1.75,"V_oc_ref":87.2,"I_mp_ref":1.59,"V_mp_ref":69.4,"alpha_sc":0.000753,"beta_oc":-0.2337,"a_ref":3.0979,"I_L_ref":1.761,"I_o_ref":9.87e-13,"R_s":5.2139999999999995,"R_sh_ref":824.55,"Adjust":-3.0180000000000002,"PTC":102.1,"pdc0":110.0,"gamma_pdc":-0.00312,"gamma_r":-0.312}