{"Date":"9/18/2014","Version":"NRELv1","Technology":"CdTe","BIPV":"N","A_c":0.72,"N_s":216.0,"T_NOCT":44.6,"I_sc_ref":1.53,"V_oc_ref":85.5,"I_mp_ref":1.36,"V_mp_ref":66.5,"alpha_sc":0.0009119999999999999,"beta_oc":-0.22478,"a_ref":2.9236,"I_L_ref":1.548,"I_o_ref":2.81e-13,"R_s":7.377999999999999,"R_sh_ref":625.83,"Adjust":-10.03,"PTC":84.9,"pdc0":90.0,"gamma_pdc":-0.00264,"gamma_r":-0.264}