{"Date":"5/22/2012","Version":"NRELv1","Technology":"Mono-c-Si","BIPV":"N","A_c":1.631,"N_s":60.0,"T_NOCT":47.5,"I_sc_ref":8.49,"V_oc_ref":37.75,"I_mp_ref":8.0,"V_mp_ref":30.7,"alpha_sc":0.0061979999999999995,"beta_oc":-0.13552,"a_ref":1.632,"I_L_ref":8.493,"I_o_ref":7.610000000000001e-10,"R_s":0.28600000000000003,"R_sh_ref":951.18,"Adjust":8.312000000000001,"PTC":218.2,"pdc0":245.0,"gamma_pdc":-0.00462,"gamma_r":-0.462}