{"Date":"08.01.2013","Version":"NRELv1","Technology":"Multi-c-Si","BIPV":"N","A_c":1.6369999999999998,"N_s":60.0,"T_NOCT":45.3,"I_sc_ref":8.66,"V_oc_ref":37.66,"I_mp_ref":8.01,"V_mp_ref":31.28,"alpha_sc":0.007188,"beta_oc":-0.13294,"a_ref":1.6629,"I_L_ref":8.671,"I_o_ref":1.23e-09,"R_s":0.182,"R_sh_ref":145.04,"Adjust":14.33,"PTC":226.0,"pdc0":250.0,"gamma_pdc":-0.00451,"gamma_r":-0.451}