{"Date":"08.01.2013","Version":"NRELv1","Technology":"Mono-c-Si","BIPV":"N","A_c":1.6369999999999998,"N_s":60.0,"T_NOCT":46.0,"I_sc_ref":8.79,"V_oc_ref":38.34,"I_mp_ref":8.1,"V_mp_ref":31.48,"alpha_sc":0.0047469999999999995,"beta_oc":-0.13266,"a_ref":1.649,"I_L_ref":8.807,"I_o_ref":6.79e-10,"R_s":0.244,"R_sh_ref":125.0,"Adjust":11.38,"PTC":229.5,"pdc0":255.0,"gamma_pdc":-0.00457,"gamma_r":-0.457}