{"Date":"02.01.2012","Version":"NRELv1","Technology":"Mono-c-Si","BIPV":"N","A_c":1.6369999999999998,"N_s":60.0,"T_NOCT":46.5,"I_sc_ref":8.57,"V_oc_ref":37.46,"I_mp_ref":7.94,"V_mp_ref":30.91,"alpha_sc":0.00228,"beta_oc":-0.1335,"a_ref":1.6716,"I_L_ref":8.581,"I_o_ref":1.55e-09,"R_s":0.207,"R_sh_ref":164.9,"Adjust":16.1,"PTC":216.2,"pdc0":245.0,"gamma_pdc":-0.00519,"gamma_r":-0.519}