{"Date":"10/20/2011","Version":"NRELv1","Technology":"Mono-c-Si","BIPV":"N","A_c":1.2770000000000001,"N_s":72.0,"T_NOCT":45.8,"I_sc_ref":5.58,"V_oc_ref":45.28,"I_mp_ref":5.28,"V_mp_ref":36.94,"alpha_sc":0.00279,"beta_oc":-0.14942,"a_ref":1.903,"I_L_ref":5.581,"I_o_ref":2.59e-10,"R_s":0.518,"R_sh_ref":5610.6,"Adjust":12.03,"PTC":175.5,"pdc0":195.0,"gamma_pdc":-0.0046,"gamma_r":-0.46}