{"Date":"10/20/2011","Version":"NRELv1","Technology":"Multi-c-Si","BIPV":"N","A_c":1.6230000000000002,"N_s":60.0,"T_NOCT":43.3,"I_sc_ref":8.37,"V_oc_ref":36.45,"I_mp_ref":7.98,"V_mp_ref":29.5,"alpha_sc":0.003725,"beta_oc":-0.1509,"a_ref":1.7741,"I_L_ref":8.542,"I_o_ref":1.01e-08,"R_s":0.24600000000000002,"R_sh_ref":626.28,"Adjust":16.28,"PTC":207.1,"pdc0":235.0,"gamma_pdc":-0.00611,"gamma_r":-0.611}