{"Date":"02.01.2012","Version":"NRELv1","Technology":"Mono-c-Si","BIPV":"N","A_c":1.6369999999999998,"N_s":60.0,"T_NOCT":46.5,"I_sc_ref":8.39,"V_oc_ref":37.06,"I_mp_ref":7.79,"V_mp_ref":30.18,"alpha_sc":0.002232,"beta_oc":-0.13207,"a_ref":1.6382,"I_L_ref":8.402000000000001,"I_o_ref":1.23e-09,"R_s":0.271,"R_sh_ref":195.19,"Adjust":14.13,"PTC":207.1,"pdc0":235.0,"gamma_pdc":-0.00519,"gamma_r":-0.519}