{"Date":"5/22/2012","Version":"NRELv1","Technology":"Mono-c-Si","BIPV":"N","A_c":1.601,"N_s":60.0,"T_NOCT":46.4,"I_sc_ref":8.85,"V_oc_ref":37.5,"I_mp_ref":8.35,"V_mp_ref":30.0,"alpha_sc":0.0070799999999999995,"beta_oc":-0.13538,"a_ref":1.6161,"I_L_ref":8.85,"I_o_ref":7.399999999999999e-10,"R_s":0.341,"R_sh_ref":9273.23,"Adjust":7.007999999999999,"PTC":224.2,"pdc0":250.0,"gamma_pdc":-0.00463,"gamma_r":-0.46299999999999997}