{"Date":"1/14/2013","Version":"NRELv1","Technology":"Mono-c-Si","BIPV":"N","A_c":1.631,"N_s":60.0,"T_NOCT":46.8,"I_sc_ref":8.7,"V_oc_ref":37.7,"I_mp_ref":8.21,"V_mp_ref":30.55,"alpha_sc":0.00609,"beta_oc":-0.13421,"a_ref":1.6316,"I_L_ref":8.701,"I_o_ref":8.019999999999999e-10,"R_s":0.293,"R_sh_ref":2060.06,"Adjust":9.505,"PTC":223.3,"pdc0":250.0,"gamma_pdc":-0.004699999999999999,"gamma_r":-0.47}