{"Vac":240.0,"Paco":4030.0,"Pdco":4266.31,"Vdco":310.0,"Pso":38.8693,"C0":-9.24791e-06,"C1":-2.75442e-05,"C2":0.00279769,"C3":-0.00119511,"Pnt":0.19,"Vdcmax":440.0,"Mppt_low":250.0,"Mppt_high":440.0}