{"Date":"10/20/2011","Version":"NRELv1","Technology":"Mono-c-Si","BIPV":"N","A_c":1.2770000000000001,"N_s":72.0,"T_NOCT":51.8,"I_sc_ref":5.3,"V_oc_ref":43.9,"I_mp_ref":5.0,"V_mp_ref":36.0,"alpha_sc":0.002125,"beta_oc":-0.15277000000000002,"a_ref":1.9416,"I_L_ref":5.301,"I_o_ref":8.01e-10,"R_s":0.449,"R_sh_ref":2733.14,"Adjust":16.97,"PTC":153.6,"pdc0":180.0,"gamma_pdc":-0.0051400000000000005,"gamma_r":-0.514}