{"Date":"10/20/2011","Version":"NRELv1","Technology":"Mono-c-Si","BIPV":"N","A_c":1.6269999999999998,"N_s":60.0,"T_NOCT":50.8,"I_sc_ref":8.3,"V_oc_ref":36.8,"I_mp_ref":7.69,"V_mp_ref":29.7,"alpha_sc":0.004225,"beta_oc":-0.12615,"a_ref":1.6197,"I_L_ref":8.314,"I_o_ref":1.1e-09,"R_s":0.313,"R_sh_ref":181.54,"Adjust":17.46,"PTC":198.5,"pdc0":230.0,"gamma_pdc":-0.00499,"gamma_r":-0.499}