{"Date":"10/20/2011","Version":"NRELv1","Technology":"Multi-c-Si","BIPV":"N","A_c":1.936,"N_s":72.0,"T_NOCT":50.6,"I_sc_ref":8.3,"V_oc_ref":44.0,"I_mp_ref":7.75,"V_mp_ref":35.5,"alpha_sc":0.0033280000000000002,"beta_oc":-0.15259,"a_ref":2.2385,"I_L_ref":8.302,"I_o_ref":2.4e-08,"R_s":0.298,"R_sh_ref":1213.99,"Adjust":49.74,"PTC":224.2,"pdc0":275.0,"gamma_pdc":-0.006790000000000001,"gamma_r":-0.679}