{"Date":"01.01.2003","Version":NaN,"Technology":"Multi-c-Si","BIPV":"N","A_c":1.66,"N_s":60.0,"T_NOCT":45.0,"I_sc_ref":7.98,"V_oc_ref":37.0,"I_mp_ref":7.19,"V_mp_ref":30.6,"alpha_sc":0.06,"beta_oc":-0.032,"a_ref":1.65677,"I_L_ref":8.00184,"I_o_ref":1.5e-09,"R_s":0.20685900000000002,"R_sh_ref":75.5723,"Adjust":29.3932,"PTC":NaN,"pdc0":220.0,"gamma_pdc":-0.0048,"gamma_r":-0.48}