{"Date":"04.01.2011","Version":"MM107","Technology":"Mono-c-Si","BIPV":"N","A_c":1.663,"N_s":60.0,"T_NOCT":46.0,"I_sc_ref":8.7,"V_oc_ref":36.8,"I_mp_ref":8.0,"V_mp_ref":30.0,"alpha_sc":0.0013599999999999999,"beta_oc":-0.11599000000000001,"a_ref":1.4918,"I_L_ref":8.724,"I_o_ref":1.6199999999999998e-10,"R_s":0.29100000000000004,"R_sh_ref":105.31,"Adjust":9.4,"PTC":216.3,"pdc0":240.0,"gamma_pdc":-0.00443,"gamma_r":-0.44299999999999995}