{"Date":"04.01.2011","Version":"MM107","Technology":"Mono-c-Si","BIPV":"N","A_c":1.663,"N_s":60.0,"T_NOCT":46.0,"I_sc_ref":8.69,"V_oc_ref":36.7,"I_mp_ref":7.9,"V_mp_ref":29.75,"alpha_sc":0.001358,"beta_oc":-0.11567999999999999,"a_ref":1.4931,"I_L_ref":8.725,"I_o_ref":1.7500000000000002e-10,"R_s":0.314,"R_sh_ref":78.35,"Adjust":10.1,"PTC":211.7,"pdc0":235.0,"gamma_pdc":-0.00443,"gamma_r":-0.44299999999999995}