{"Date":"04.01.2011","Version":"MM107","Technology":"Multi-c-Si","BIPV":"N","A_c":1.663,"N_s":60.0,"T_NOCT":47.2,"I_sc_ref":8.1,"V_oc_ref":36.5,"I_mp_ref":7.6,"V_mp_ref":28.6,"alpha_sc":0.0037909999999999997,"beta_oc":-0.11538,"a_ref":1.5243,"I_L_ref":8.105,"I_o_ref":3.21e-10,"R_s":0.465,"R_sh_ref":710.23,"Adjust":15.4,"PTC":190.2,"pdc0":215.0,"gamma_pdc":-0.00477,"gamma_r":-0.47700000000000004}