{"Date":"04.01.2011","Version":"MM107","Technology":"Multi-c-Si","BIPV":"N","A_c":1.663,"N_s":60.0,"T_NOCT":47.2,"I_sc_ref":8.38,"V_oc_ref":36.8,"I_mp_ref":7.8,"V_mp_ref":29.5,"alpha_sc":0.003922,"beta_oc":-0.11632,"a_ref":1.5125,"I_L_ref":8.395,"I_o_ref":2.23e-10,"R_s":0.366,"R_sh_ref":202.46,"Adjust":11.8,"PTC":203.9,"pdc0":230.0,"gamma_pdc":-0.00443,"gamma_r":-0.44299999999999995}