{"Date":"04.01.2011","Version":"MM107","Technology":"Mono-c-Si","BIPV":"N","A_c":1.952,"N_s":72.0,"T_NOCT":47.5,"I_sc_ref":8.56,"V_oc_ref":44.65,"I_mp_ref":8.0,"V_mp_ref":36.25,"alpha_sc":0.002261,"beta_oc":-0.13908,"a_ref":1.7904,"I_L_ref":8.572000000000001,"I_o_ref":1.2399999999999999e-10,"R_s":0.382,"R_sh_ref":266.49,"Adjust":8.3,"PTC":260.2,"pdc0":290.0,"gamma_pdc":-0.00434,"gamma_r":-0.434}