{"Date":"5/22/2012","Version":"NRELv1","Technology":"Mono-c-Si","BIPV":"N","A_c":2.574,"N_s":96.0,"T_NOCT":46.9,"I_sc_ref":8.95,"V_oc_ref":60.4,"I_mp_ref":8.43,"V_mp_ref":49.23,"alpha_sc":0.007876000000000001,"beta_oc":-0.21986,"a_ref":2.6706,"I_L_ref":8.952,"I_o_ref":1.3400000000000001e-09,"R_s":0.406,"R_sh_ref":1624.42,"Adjust":11.22,"PTC":370.9,"pdc0":415.0,"gamma_pdc":-0.004699999999999999,"gamma_r":-0.47}