{"Date":"5/22/2012","Version":"NRELv1","Technology":"Mono-c-Si","BIPV":"N","A_c":2.574,"N_s":96.0,"T_NOCT":46.9,"I_sc_ref":8.86,"V_oc_ref":60.0,"I_mp_ref":8.32,"V_mp_ref":48.68,"alpha_sc":0.007797,"beta_oc":-0.2184,"a_ref":2.6505,"I_L_ref":8.863999999999999,"I_o_ref":1.3e-09,"R_s":0.43799999999999994,"R_sh_ref":910.35,"Adjust":11.0,"PTC":361.7,"pdc0":405.0,"gamma_pdc":-0.004699999999999999,"gamma_r":-0.47}