{"Date":"5/22/2012","Version":"NRELv1","Technology":"Mono-c-Si","BIPV":"N","A_c":2.574,"N_s":96.0,"T_NOCT":46.9,"I_sc_ref":8.9,"V_oc_ref":60.25,"I_mp_ref":8.37,"V_mp_ref":48.98,"alpha_sc":0.007831999999999999,"beta_oc":-0.21930999999999998,"a_ref":2.6623,"I_L_ref":8.902999999999999,"I_o_ref":1.31e-09,"R_s":0.425,"R_sh_ref":1168.95,"Adjust":11.08,"PTC":366.3,"pdc0":410.0,"gamma_pdc":-0.004699999999999999,"gamma_r":-0.47}