{"Date":"09.01.2013","Version":"NRELv1","Technology":"Multi-c-Si","BIPV":"N","A_c":1.9069999999999998,"N_s":72.0,"T_NOCT":48.5,"I_sc_ref":8.15,"V_oc_ref":43.92,"I_mp_ref":7.66,"V_mp_ref":36.58,"alpha_sc":0.004564,"beta_oc":-0.16865,"a_ref":2.0592,"I_L_ref":8.152000000000001,"I_o_ref":4.42e-09,"R_s":0.179,"R_sh_ref":818.94,"Adjust":17.44,"PTC":242.1,"pdc0":280.0,"gamma_pdc":-0.00545,"gamma_r":-0.545}