{"Date":"09.01.2013","Version":"NRELv1","Technology":"Multi-c-Si","BIPV":"N","A_c":1.9069999999999998,"N_s":72.0,"T_NOCT":48.5,"I_sc_ref":8.05,"V_oc_ref":43.2,"I_mp_ref":7.5,"V_mp_ref":36.0,"alpha_sc":0.004508,"beta_oc":-0.16589,"a_ref":2.0378,"I_L_ref":8.054,"I_o_ref":4.92e-09,"R_s":0.171,"R_sh_ref":308.48,"Adjust":18.63,"PTC":233.2,"pdc0":270.0,"gamma_pdc":-0.00545,"gamma_r":-0.545}