{"Technology":"Multi-c-Si","BIPV":"N","A_c":1.9169999999999998,"N_s":72.0,"T_NOCT":43.7,"PTC":283.7,"pdc0":310.0,"gamma_pdc":-0.00439}