{"Date":"9/27/2011","Version":"MM107","Technology":"3-a-Si","BIPV":"Y","A_c":1.442,"N_s":12.0,"T_NOCT":51.5,"I_sc_ref":5.7,"V_oc_ref":26.0,"I_mp_ref":4.6,"V_mp_ref":19.1,"alpha_sc":0.007751999999999999,"beta_oc":-0.10244,"a_ref":1.0235,"I_L_ref":5.925,"I_o_ref":4.3799999999999994e-11,"R_s":0.858,"R_sh_ref":21.71,"Adjust":-20.0,"PTC":81.1,"pdc0":88.0,"gamma_pdc":-0.0024600000000000004,"gamma_r":-0.24600000000000002}