{"Date":"9/28/2011","Version":"MM107","Technology":"3-a-Si","BIPV":"Y","A_c":4.33,"N_s":36.0,"T_NOCT":51.7,"I_sc_ref":6.35,"V_oc_ref":81.0,"I_mp_ref":5.25,"V_mp_ref":60.0,"alpha_sc":0.007684000000000001,"beta_oc":-0.3078,"a_ref":3.0277,"I_L_ref":6.557,"I_o_ref":1.2999999999999999e-11,"R_s":2.311,"R_sh_ref":70.88,"Adjust":-25.3,"PTC":292.2,"pdc0":315.0,"gamma_pdc":-0.0023,"gamma_r":-0.23}