{"Date":"9/28/2011","Version":"MM107","Technology":"3-a-Si","BIPV":"Y","A_c":4.57,"N_s":38.0,"T_NOCT":51.7,"I_sc_ref":6.35,"V_oc_ref":83.92,"I_mp_ref":5.0,"V_mp_ref":61.43,"alpha_sc":0.007684000000000001,"beta_oc":-0.3189,"a_ref":3.2248,"I_L_ref":6.6579999999999995,"I_o_ref":2.5500000000000002e-11,"R_s":2.611,"R_sh_ref":53.78,"Adjust":-21.1,"PTC":284.6,"pdc0":307.0,"gamma_pdc":-0.0023,"gamma_r":-0.23}