{"Date":"9/27/2011","Version":"MM107","Technology":"3-a-Si","BIPV":"Y","A_c":2.124,"N_s":23.0,"T_NOCT":51.7,"I_sc_ref":6.35,"V_oc_ref":39.75,"I_mp_ref":5.0,"V_mp_ref":29.1,"alpha_sc":0.007684000000000001,"beta_oc":-0.15105,"a_ref":1.5284,"I_L_ref":6.6579999999999995,"I_o_ref":2.59e-11,"R_s":1.236,"R_sh_ref":25.48,"Adjust":-21.0,"PTC":135.4,"pdc0":146.0,"gamma_pdc":-0.0023,"gamma_r":-0.23}