{"Date":"10/30/2012","Version":"NRELv1","Technology":"3-a-Si","BIPV":"Y","A_c":1.002,"N_s":10.0,"T_NOCT":61.5,"I_sc_ref":5.39,"V_oc_ref":22.5,"I_mp_ref":4.24,"V_mp_ref":16.67,"alpha_sc":0.007654,"beta_oc":-0.0864,"a_ref":0.9440000000000001,"I_L_ref":5.617000000000001,"I_o_ref":1.93e-10,"R_s":0.732,"R_sh_ref":17.41,"Adjust":-6.801,"PTC":62.5,"pdc0":71.0,"gamma_pdc":-0.0027899999999999995,"gamma_r":-0.27899999999999997}