{"Date":"10/30/2012","Version":"NRELv1","Technology":"3-a-Si","BIPV":"Y","A_c":1.002,"N_s":10.0,"T_NOCT":61.5,"I_sc_ref":5.39,"V_oc_ref":22.5,"I_mp_ref":4.45,"V_mp_ref":16.67,"alpha_sc":0.007654,"beta_oc":-0.0864,"a_ref":0.9082,"I_L_ref":5.556,"I_o_ref":8.01e-11,"R_s":0.725,"R_sh_ref":23.59,"Adjust":-13.25,"PTC":65.2,"pdc0":74.0,"gamma_pdc":-0.0027899999999999995,"gamma_r":-0.27899999999999997}