{"Date":"01.04.2010","Version":"MM106","Technology":"Mono-c-Si","BIPV":"N","A_c":1.2770000000000001,"N_s":72.0,"T_NOCT":46.5,"I_sc_ref":5.6,"V_oc_ref":43.2,"I_mp_ref":5.0,"V_mp_ref":36.0,"alpha_sc":0.00232,"beta_oc":-0.16969,"a_ref":2.0732,"I_L_ref":5.611000000000001,"I_o_ref":4.66e-09,"R_s":0.225,"R_sh_ref":111.6,"Adjust":19.1,"PTC":157.6,"pdc0":180.0,"gamma_pdc":-0.00542,"gamma_r":-0.542}