{"Date":"01.04.2010","Version":"MM106","Technology":"Mono-c-Si","BIPV":"N","A_c":1.2770000000000001,"N_s":60.0,"T_NOCT":47.7,"I_sc_ref":8.05,"V_oc_ref":34.2,"I_mp_ref":7.16,"V_mp_ref":28.5,"alpha_sc":0.006719,"beta_oc":-0.12049000000000001,"a_ref":1.5819,"I_L_ref":8.07,"I_o_ref":3.05e-09,"R_s":0.14,"R_sh_ref":56.05,"Adjust":24.1,"PTC":182.4,"pdc0":205.0,"gamma_pdc":-0.004710000000000001,"gamma_r":-0.47100000000000003}