{"Date":"01.04.2010","Version":"MM106","Technology":"Multi-c-Si","BIPV":"N","A_c":1.6369999999999998,"N_s":60.0,"T_NOCT":47.7,"I_sc_ref":8.36,"V_oc_ref":35.4,"I_mp_ref":7.46,"V_mp_ref":29.5,"alpha_sc":0.005601,"beta_oc":-0.13537000000000002,"a_ref":1.7135,"I_L_ref":8.376,"I_o_ref":8.31e-09,"R_s":0.11900000000000001,"R_sh_ref":61.07,"Adjust":23.9,"PTC":191.5,"pdc0":220.0,"gamma_pdc":-0.0053,"gamma_r":-0.53}