{"Date":"01.04.2010","Version":"MM106","Technology":"Mono-c-Si","BIPV":"N","A_c":1.2770000000000001,"N_s":60.0,"T_NOCT":47.7,"I_sc_ref":8.11,"V_oc_ref":34.8,"I_mp_ref":7.24,"V_mp_ref":29.0,"alpha_sc":0.006769,"beta_oc":-0.1226,"a_ref":1.6058,"I_L_ref":8.129,"I_o_ref":2.93e-09,"R_s":0.14300000000000002,"R_sh_ref":60.04,"Adjust":23.6,"PTC":187.0,"pdc0":210.0,"gamma_pdc":-0.004710000000000001,"gamma_r":-0.47100000000000003}