{"Date":"01.04.2010","Version":"MM106","Technology":"Multi-c-Si","BIPV":"N","A_c":1.2770000000000001,"N_s":60.0,"T_NOCT":47.7,"I_sc_ref":8.3,"V_oc_ref":34.8,"I_mp_ref":7.41,"V_mp_ref":29.0,"alpha_sc":0.005561,"beta_oc":-0.13308,"a_ref":1.6844,"I_L_ref":8.316,"I_o_ref":8.25e-09,"R_s":0.11800000000000001,"R_sh_ref":60.98,"Adjust":23.9,"PTC":188.6,"pdc0":215.0,"gamma_pdc":-0.0053,"gamma_r":-0.53}