{"Date":"02.03.2014","Version":"NRELv1","Technology":"Mono-c-Si","BIPV":"N","A_c":1.6369999999999998,"N_s":60.0,"T_NOCT":47.0,"I_sc_ref":8.95,"V_oc_ref":39.1,"I_mp_ref":8.41,"V_mp_ref":31.5,"alpha_sc":0.004744,"beta_oc":-0.14272,"a_ref":1.7042,"I_L_ref":8.954,"I_o_ref":9.66e-10,"R_s":0.318,"R_sh_ref":692.58,"Adjust":8.365,"PTC":235.4,"pdc0":265.0,"gamma_pdc":-0.00493,"gamma_r":-0.493}