{"Date":"02.03.2014","Version":"NRELv1","Technology":"Mono-c-Si","BIPV":"N","A_c":1.6369999999999998,"N_s":60.0,"T_NOCT":47.0,"I_sc_ref":8.86,"V_oc_ref":39.0,"I_mp_ref":8.25,"V_mp_ref":31.5,"alpha_sc":0.004696,"beta_oc":-0.14235,"a_ref":1.7118,"I_L_ref":8.871,"I_o_ref":1.11e-09,"R_s":0.308,"R_sh_ref":241.96,"Adjust":9.722000000000001,"PTC":230.8,"pdc0":260.0,"gamma_pdc":-0.00493,"gamma_r":-0.493}