{"Date":"02.03.2014","Version":"NRELv1","Technology":"Multi-c-Si","BIPV":"N","A_c":1.6369999999999998,"N_s":60.0,"T_NOCT":47.1,"I_sc_ref":8.69,"V_oc_ref":37.4,"I_mp_ref":8.12,"V_mp_ref":30.2,"alpha_sc":0.004693,"beta_oc":-0.1294,"a_ref":1.6205,"I_L_ref":8.699,"I_o_ref":8.12e-10,"R_s":0.307,"R_sh_ref":298.69,"Adjust":13.04,"PTC":217.4,"pdc0":245.0,"gamma_pdc":-0.00484,"gamma_r":-0.484}