{"Date":"02.03.2014","Version":"NRELv1","Technology":"Mono-c-Si","BIPV":"N","A_c":1.6369999999999998,"N_s":60.0,"T_NOCT":47.0,"I_sc_ref":8.79,"V_oc_ref":38.0,"I_mp_ref":8.14,"V_mp_ref":30.7,"alpha_sc":0.004659,"beta_oc":-0.1387,"a_ref":1.6738,"I_L_ref":8.805,"I_o_ref":1.19e-09,"R_s":0.301,"R_sh_ref":171.86,"Adjust":10.4,"PTC":221.6,"pdc0":250.0,"gamma_pdc":-0.00493,"gamma_r":-0.493}