{"Date":"02.03.2014","Version":"NRELv1","Technology":"Mono-c-Si","BIPV":"N","A_c":1.6369999999999998,"N_s":60.0,"T_NOCT":47.0,"I_sc_ref":8.81,"V_oc_ref":38.5,"I_mp_ref":8.23,"V_mp_ref":31.0,"alpha_sc":0.0046689999999999995,"beta_oc":-0.14053,"a_ref":1.6834,"I_L_ref":8.818999999999999,"I_o_ref":1.02e-09,"R_s":0.32,"R_sh_ref":318.07,"Adjust":8.968,"PTC":226.2,"pdc0":255.0,"gamma_pdc":-0.00493,"gamma_r":-0.493}