{"Date":"02.03.2014","Version":"NRELv1","Technology":"Multi-c-Si","BIPV":"N","A_c":1.6369999999999998,"N_s":60.0,"T_NOCT":47.1,"I_sc_ref":8.83,"V_oc_ref":37.8,"I_mp_ref":8.25,"V_mp_ref":30.9,"alpha_sc":0.004768,"beta_oc":-0.13079000000000002,"a_ref":1.6499,"I_L_ref":8.838,"I_o_ref":9.77e-10,"R_s":0.251,"R_sh_ref":269.9,"Adjust":14.6,"PTC":226.6,"pdc0":255.0,"gamma_pdc":-0.00484,"gamma_r":-0.484}