{"Date":"02.03.2014","Version":"NRELv1","Technology":"Multi-c-Si","BIPV":"N","A_c":1.6369999999999998,"N_s":60.0,"T_NOCT":47.1,"I_sc_ref":8.81,"V_oc_ref":37.6,"I_mp_ref":8.23,"V_mp_ref":30.4,"alpha_sc":0.004757,"beta_oc":-0.1301,"a_ref":1.6306,"I_L_ref":8.818999999999999,"I_o_ref":8.41e-10,"R_s":0.299,"R_sh_ref":286.84,"Adjust":13.23,"PTC":222.0,"pdc0":250.0,"gamma_pdc":-0.00484,"gamma_r":-0.484}