{"Date":"02.03.2014","Version":"NRELv1","Technology":"Multi-c-Si","BIPV":"N","A_c":1.94,"N_s":72.0,"T_NOCT":47.1,"I_sc_ref":8.84,"V_oc_ref":45.7,"I_mp_ref":8.25,"V_mp_ref":37.6,"alpha_sc":0.0047740000000000005,"beta_oc":-0.15812,"a_ref":2.0038,"I_L_ref":8.847999999999999,"I_o_ref":1.0800000000000002e-09,"R_s":0.268,"R_sh_ref":288.48,"Adjust":15.56,"PTC":275.7,"pdc0":310.0,"gamma_pdc":-0.00484,"gamma_r":-0.484}