{"Date":"02.03.2014","Version":"NRELv1","Technology":"Mono-c-Si","BIPV":"N","A_c":1.94,"N_s":72.0,"T_NOCT":47.0,"I_sc_ref":8.97,"V_oc_ref":46.1,"I_mp_ref":8.43,"V_mp_ref":37.9,"alpha_sc":0.0047539999999999995,"beta_oc":-0.16827,"a_ref":2.0338,"I_L_ref":8.974,"I_o_ref":1.27e-09,"R_s":0.267,"R_sh_ref":604.77,"Adjust":10.81,"PTC":284.4,"pdc0":320.0,"gamma_pdc":-0.00493,"gamma_r":-0.493}