{"Date":"08.01.2012","Version":"NRELv1","Technology":"Mono-c-Si","BIPV":"N","A_c":1.9569999999999999,"N_s":72.0,"T_NOCT":51.8,"I_sc_ref":8.96,"V_oc_ref":45.35,"I_mp_ref":8.64,"V_mp_ref":37.0,"alpha_sc":0.00439,"beta_oc":-0.14149,"a_ref":1.8442,"I_L_ref":9.142999999999999,"I_o_ref":1.9e-10,"R_s":0.332,"R_sh_ref":1050.84,"Adjust":11.17,"PTC":282.0,"pdc0":320.0,"gamma_pdc":-0.00431,"gamma_r":-0.431}