{"Technology":"Multi-c-Si","BIPV":"N","A_c":1.6369999999999998,"N_s":60.0,"T_NOCT":44.7,"PTC":193.5,"pdc0":215.0,"gamma_pdc":-0.0046700000000000005}