{"Technology":"Multi-c-Si","BIPV":"N","A_c":1.5930000000000002,"N_s":60.0,"T_NOCT":46.2,"PTC":193.2,"pdc0":220.0,"gamma_pdc":-0.005366999999999999}