{"Technology":"Mono-c-Si","BIPV":"N","A_c":1.5930000000000002,"N_s":60.0,"T_NOCT":45.2,"PTC":220.6,"pdc0":245.0,"gamma_pdc":-0.0047243}