{"Technology":"Mono-c-Si","BIPV":"N","A_c":1.6540000000000001,"N_s":60.0,"T_NOCT":46.6,"PTC":295.6,"pdc0":320.0,"gamma_pdc":-0.0036200000000000004}