{"Date":"10/26/2011","Version":"NRELv1","Technology":"Multi-c-Si","BIPV":"N","A_c":1.6280000000000001,"N_s":60.0,"T_NOCT":47.0,"I_sc_ref":8.54,"V_oc_ref":37.4,"I_mp_ref":7.95,"V_mp_ref":29.7,"alpha_sc":0.003672,"beta_oc":-0.11930999999999999,"a_ref":1.5390000000000001,"I_L_ref":8.556000000000001,"I_o_ref":2.34e-10,"R_s":0.40399999999999997,"R_sh_ref":218.07,"Adjust":11.25,"PTC":210.2,"pdc0":235.0,"gamma_pdc":-0.004529999999999999,"gamma_r":-0.45299999999999996}