{"Date":"05.11.2011","Version":"MM107","Technology":"1-a-Si","BIPV":"N","A_c":1.4280000000000002,"N_s":106.0,"T_NOCT":43.7,"I_sc_ref":1.59,"V_oc_ref":95.0,"I_mp_ref":1.31,"V_mp_ref":72.9,"alpha_sc":0.001749,"beta_oc":-0.3705,"a_ref":3.7666,"I_L_ref":1.63,"I_o_ref":1.5e-11,"R_s":8.3,"R_sh_ref":333.3,"Adjust":-17.4,"PTC":89.2,"pdc0":95.0,"gamma_pdc":-0.0027,"gamma_r":-0.27}