{"Date":"04.04.2011","Version":"MM107","Technology":"Mono-c-Si","BIPV":"N","A_c":1.64,"N_s":60.0,"T_NOCT":45.4,"I_sc_ref":8.1,"V_oc_ref":36.7,"I_mp_ref":7.16,"V_mp_ref":30.0,"alpha_sc":0.003116,"beta_oc":-0.12345999999999999,"a_ref":1.6463,"I_L_ref":8.138,"I_o_ref":1.55e-09,"R_s":0.256,"R_sh_ref":53.91,"Adjust":23.5,"PTC":191.7,"pdc0":215.0,"gamma_pdc":-0.0049,"gamma_r":-0.49}