{"Date":"8/31/2010","Version":"MM107","Technology":"Mono-c-Si","BIPV":"N","A_c":1.4069999999999998,"N_s":54.0,"T_NOCT":44.2,"I_sc_ref":8.01,"V_oc_ref":32.83,"I_mp_ref":7.53,"V_mp_ref":25.25,"alpha_sc":0.010894,"beta_oc":-0.1218,"a_ref":1.511,"I_L_ref":8.052,"I_o_ref":2.95e-09,"R_s":0.45799999999999996,"R_sh_ref":100000.0,"Adjust":16.7,"PTC":169.8,"pdc0":190.0,"gamma_pdc":-0.0051400000000000005,"gamma_r":-0.514}