{"Date":"8/31/2010","Version":"MM107","Technology":"Multi-c-Si","BIPV":"N","A_c":1.4069999999999998,"N_s":54.0,"T_NOCT":43.9,"I_sc_ref":8.65,"V_oc_ref":33.61,"I_mp_ref":8.02,"V_mp_ref":26.19,"alpha_sc":0.016434999999999998,"beta_oc":-0.14115999999999998,"a_ref":1.7135,"I_L_ref":8.655,"I_o_ref":2.61e-08,"R_s":0.35100000000000003,"R_sh_ref":576.11,"Adjust":22.3,"PTC":186.1,"pdc0":210.0,"gamma_pdc":-0.00572,"gamma_r":-0.5720000000000001}