{"Vac":0.0,"Paco":1350000.0,"Pdco":1385230.0,"Vdco":960.0,"Pso":6505.65,"C0":-1.54529e-08,"C1":9.01312e-06,"C2":0.000438334,"C3":0.000132213,"Pnt":106.0,"Vdcmax":1200.0,"Mppt_low":875.0,"Mppt_high":1200.0}