{"Vac":0.0,"Paco":2500000.0,"Pdco":2569790.0,"Vdco":900.0,"Pso":10082.5,"C0":-8.22795e-09,"C1":6.8848699999999995e-06,"C2":0.00026714,"C3":2.7210999999999997e-05,"Pnt":235.0,"Vdcmax":1200.0,"Mppt_low":800.0,"Mppt_high":1200.0}