{"Vac":0.0,"Paco":2700000.0,"Pdco":2772900.0,"Vdco":960.0,"Pso":11126.1,"C0":-7.51296e-09,"C1":1.17774e-05,"C2":0.000498754,"C3":0.000611061,"Pnt":265.0,"Vdcmax":1200.0,"Mppt_low":875.0,"Mppt_high":1200.0}