{"Vac":380.0,"Paco":630000.0,"Pdco":639799.7388,"Vdco":616.3146984,"Pso":2079.92389,"C0":-2.02e-08,"C1":1.53e-05,"C2":0.00196,"C3":0.00195,"Pnt":53.0,"Vdcmax":1000.0,"Mppt_low":540.0,"Mppt_high":950.0}