{"Vac":0.0,"Paco":833000.0,"Pdco":855626.0,"Vdco":655.0,"Pso":3778.7,"C0":-2.38375e-08,"C1":1.92389e-05,"C2":0.00101218,"C3":0.000790848,"Pnt":78.0,"Vdcmax":800.0,"Mppt_low":605.0,"Mppt_high":800.0}