{"Vac":418.0,"Paco":1667000.0,"Pdco":1692269.539,"Vdco":656.3636984,"Pso":1053.825478,"C0":-4.7100000000000005e-09,"C1":1.6e-05,"C2":-6.73e-05,"C3":0.000989,"Pnt":100.0,"Vdcmax":1000.0,"Mppt_low":605.0,"Mppt_high":950.0}