{"Vac":300.0,"Paco":500000.0,"Pdco":515839.9442,"Vdco":360.1020317,"Pso":3080.117839,"C0":-4.34e-08,"C1":3.5799999999999996e-05,"C2":0.00218,"C3":0.0017,"Pnt":60.0,"Vdcmax":600.0,"Mppt_low":320.0,"Mppt_high":550.0}