{"Vac":0.0,"Paco":1833000.0,"Pdco":1881320.0,"Vdco":655.0,"Pso":7874.05,"C0":-1.2072799999999999e-08,"C1":1.02161e-05,"C2":9.02445e-05,"C3":-0.000398864,"Pnt":110.0,"Vdcmax":800.0,"Mppt_low":605.0,"Mppt_high":800.0}