{"Date":"07.06.2011","Version":"MM107","Technology":"Multi-c-Si","BIPV":"N","A_c":1.682,"N_s":60.0,"T_NOCT":43.1,"I_sc_ref":8.02,"V_oc_ref":35.9,"I_mp_ref":7.39,"V_mp_ref":29.3,"alpha_sc":0.0033840000000000003,"beta_oc":-0.13287000000000002,"a_ref":1.6571,"I_L_ref":8.033,"I_o_ref":3.04e-09,"R_s":0.24600000000000002,"R_sh_ref":149.04,"Adjust":18.4,"PTC":182.8,"pdc0":205.0,"gamma_pdc":-0.00542,"gamma_r":-0.542}