{"Date":"02.11.2010","Version":"MM107","Technology":"Mono-c-Si","BIPV":"N","A_c":0.966,"N_s":54.0,"T_NOCT":45.4,"I_sc_ref":5.19,"V_oc_ref":30.2,"I_mp_ref":4.83,"V_mp_ref":25.9,"alpha_sc":0.002751,"beta_oc":-0.09996000000000001,"a_ref":1.3176,"I_L_ref":5.191,"I_o_ref":5.609999999999999e-10,"R_s":0.062,"R_sh_ref":220.43,"Adjust":19.5,"PTC":112.4,"pdc0":125.0,"gamma_pdc":-0.00455,"gamma_r":-0.455}