{"Date":"10.04.2010","Version":"MM107","Technology":"Mono-c-Si","BIPV":"N","A_c":1.6369999999999998,"N_s":60.0,"T_NOCT":48.0,"I_sc_ref":8.65,"V_oc_ref":36.2,"I_mp_ref":7.75,"V_mp_ref":30.2,"alpha_sc":0.00346,"beta_oc":-0.13032,"a_ref":1.6546,"I_L_ref":8.67,"I_o_ref":2.55e-09,"R_s":0.14,"R_sh_ref":61.83,"Adjust":19.4,"PTC":206.3,"pdc0":235.0,"gamma_pdc":-0.005,"gamma_r":-0.5}