{"Date":"10.04.2010","Version":"MM107","Technology":"Mono-c-Si","BIPV":"N","A_c":1.6369999999999998,"N_s":60.0,"T_NOCT":48.0,"I_sc_ref":8.7,"V_oc_ref":36.4,"I_mp_ref":7.8,"V_mp_ref":30.4,"alpha_sc":0.0034799999999999996,"beta_oc":-0.13104000000000002,"a_ref":1.6637,"I_L_ref":8.719,"I_o_ref":2.5600000000000003e-09,"R_s":0.135,"R_sh_ref":62.5,"Adjust":19.4,"PTC":210.8,"pdc0":240.0,"gamma_pdc":-0.005,"gamma_r":-0.5}