{"Date":"07.05.2011","Version":"MM107","Technology":"Multi-c-Si","BIPV":"N","A_c":1.64,"N_s":60.0,"T_NOCT":45.1,"I_sc_ref":8.08,"V_oc_ref":36.8,"I_mp_ref":7.35,"V_mp_ref":30.0,"alpha_sc":0.0031079999999999997,"beta_oc":-0.1238,"a_ref":1.6159,"I_L_ref":8.104,"I_o_ref":9.919999999999999e-10,"R_s":0.27899999999999997,"R_sh_ref":92.37,"Adjust":19.0,"PTC":196.7,"pdc0":220.0,"gamma_pdc":-0.0049,"gamma_r":-0.49}