{"Date":"08.03.2011","Version":"MM107","Technology":"Mono-c-Si","BIPV":"N","A_c":1.2770000000000001,"N_s":72.0,"T_NOCT":45.4,"I_sc_ref":5.3,"V_oc_ref":44.8,"I_mp_ref":5.0,"V_mp_ref":36.0,"alpha_sc":0.0022530000000000002,"beta_oc":-0.18095,"a_ref":2.042,"I_L_ref":5.31,"I_o_ref":1.57e-09,"R_s":0.599,"R_sh_ref":100000.0,"Adjust":6.2,"PTC":158.5,"pdc0":180.0,"gamma_pdc":-0.005489999999999999,"gamma_r":-0.5489999999999999}