{"Date":"08.03.2011","Version":"MM107","Technology":"Mono-c-Si","BIPV":"N","A_c":1.642,"N_s":60.0,"T_NOCT":47.0,"I_sc_ref":8.31,"V_oc_ref":36.9,"I_mp_ref":7.62,"V_mp_ref":30.2,"alpha_sc":0.004868,"beta_oc":-0.14284000000000002,"a_ref":1.6969,"I_L_ref":8.326,"I_o_ref":2.8899999999999997e-09,"R_s":0.233,"R_sh_ref":120.57,"Adjust":12.2,"PTC":202.2,"pdc0":230.0,"gamma_pdc":-0.0051400000000000005,"gamma_r":-0.514}