{"Date":"08.03.2011","Version":"MM107","Technology":"Mono-c-Si","BIPV":"N","A_c":1.2770000000000001,"N_s":72.0,"T_NOCT":45.4,"I_sc_ref":5.2,"V_oc_ref":44.2,"I_mp_ref":4.96,"V_mp_ref":35.3,"alpha_sc":0.002211,"beta_oc":-0.17852,"a_ref":2.0072,"I_L_ref":5.271,"I_o_ref":1.4400000000000002e-09,"R_s":0.648,"R_sh_ref":100000.0,"Adjust":5.5,"PTC":153.9,"pdc0":175.0,"gamma_pdc":-0.005489999999999999,"gamma_r":-0.5489999999999999}