{"Vac":240.0,"Paco":3000.0,"Pdco":3154.68,"Vdco":250.0,"Pso":19.677,"C0":-9.932169999999999e-06,"C1":3.49263e-05,"C2":0.0012471,"C3":0.000466272,"Pnt":0.07,"Vdcmax":400.0,"Mppt_low":100.0,"Mppt_high":400.0}