{"Vac":208.0,"Paco":3500.0,"Pdco":3768.36,"Vdco":235.0,"Pso":18.3911,"C0":-1.0538e-05,"C1":3.8773099999999996e-05,"C2":0.00231712,"C3":0.00010618,"Pnt":0.16,"Vdcmax":400.0,"Mppt_low":100.0,"Mppt_high":400.0}