{"Vac":240.0,"Paco":3800.0,"Pdco":4052.09,"Vdco":250.0,"Pso":22.8777,"C0":-8.288989999999999e-06,"C1":3.93835e-05,"C2":0.00151872,"C3":2.4624499999999998e-05,"Pnt":0.16,"Vdcmax":400.0,"Mppt_low":100.0,"Mppt_high":400.0}