{"Vac":208.0,"Paco":3500.0,"Pdco":3702.31,"Vdco":310.0,"Pso":19.118,"C0":-1.0053099999999999e-05,"C1":2.4585300000000003e-05,"C2":0.0007415789999999999,"C3":-0.00017287799999999998,"Pnt":0.14,"Vdcmax":480.0,"Mppt_low":100.0,"Mppt_high":480.0}