{"Vac":277.0,"Paco":5000.0,"Pdco":5213.48,"Vdco":310.0,"Pso":50.4981,"C0":-4.179480000000001e-06,"C1":3.71498e-05,"C2":0.00185705,"C3":0.00118595,"Pnt":1.41,"Vdcmax":480.0,"Mppt_low":100.0,"Mppt_high":480.0}