{"Vac":208.0,"Paco":5000.0,"Pdco":5224.38,"Vdco":310.0,"Pso":52.7601,"C0":-4.9815600000000005e-06,"C1":3.62268e-05,"C2":0.0013224,"C3":0.000180562,"Pnt":0.46,"Vdcmax":480.0,"Mppt_low":100.0,"Mppt_high":480.0}