{"Vac":208.0,"Paco":5200.0,"Pdco":5551.1,"Vdco":334.0,"Pso":44.2622,"C0":-6.85602e-06,"C1":2.89916e-05,"C2":0.00166009,"C3":6.12972e-05,"Pnt":0.2,"Vdcmax":480.0,"Mppt_low":100.0,"Mppt_high":480.0}