{"Vac":240.0,"Paco":6000.0,"Pdco":6282.08,"Vdco":310.0,"Pso":51.5863,"C0":-4.4998099999999995e-06,"C1":3.4134299999999996e-05,"C2":0.000942061,"C3":-0.000431309,"Pnt":0.72,"Vdcmax":480.0,"Mppt_low":100.0,"Mppt_high":480.0}