{"Vac":277.0,"Paco":6000.0,"Pdco":6384.04,"Vdco":310.0,"Pso":39.3958,"C0":-5.28286e-06,"C1":3.04778e-05,"C2":0.00127644,"C3":0.00011518700000000001,"Pnt":0.23,"Vdcmax":480.0,"Mppt_low":100.0,"Mppt_high":480.0}