{"Vac":208.0,"Paco":7000.0,"Pdco":7377.47,"Vdco":310.0,"Pso":47.2514,"C0":-4.7385699999999994e-06,"C1":3.48164e-05,"C2":0.00122516,"C3":-0.000203744,"Pnt":0.46,"Vdcmax":480.0,"Mppt_low":100.0,"Mppt_high":480.0}