{"Vac":277.0,"Paco":8000.0,"Pdco":8410.75,"Vdco":345.0,"Pso":31.6125,"C0":-2.9979500000000002e-06,"C1":2.25457e-05,"C2":0.000579209,"C3":-3.3333699999999996e-05,"Pnt":0.15,"Vdcmax":480.0,"Mppt_low":100.0,"Mppt_high":480.0}