{"Vac":277.0,"Paco":42000.0,"Pdco":43948.1,"Vdco":310.0,"Pso":279.64099999999996,"C0":-7.26128e-07,"C1":6.0335100000000004e-05,"C2":0.00189457,"C3":-0.00038365599999999996,"Pnt":1.41,"Vdcmax":480.0,"Mppt_low":250.0,"Mppt_high":480.0}