{"Vac":120.0,"Paco":1800.0,"Pdco":1983.19,"Vdco":200.0,"Pso":13.8291,"C0":-2.42264e-05,"C1":2.56013e-05,"C2":0.0015983,"C3":-0.000129236,"Pnt":0.2659,"Vdcmax":400.0,"Mppt_low":100.0,"Mppt_high":400.0}