{"Vac":208.0,"Paco":2100.0,"Pdco":2298.27,"Vdco":300.0,"Pso":19.3311,"C0":-2.0195e-05,"C1":4.10974e-05,"C2":0.0014307,"C3":-0.000404357,"Pnt":0.23600000000000002,"Vdcmax":480.0,"Mppt_low":100.0,"Mppt_high":480.0}