{"Vac":240.0,"Paco":2500.0,"Pdco":2699.11,"Vdco":300.0,"Pso":22.3701,"C0":-1.3899300000000001e-05,"C1":3.96054e-05,"C2":0.00153559,"C3":-0.00015769,"Pnt":0.318,"Vdcmax":480.0,"Mppt_low":100.0,"Mppt_high":480.0}