{"Date":"05.04.2011","Version":"MM107","Technology":"1-a-Si","BIPV":"N","A_c":1.43,"N_s":159.0,"T_NOCT":47.3,"I_sc_ref":1.17,"V_oc_ref":138.0,"I_mp_ref":0.93,"V_mp_ref":102.0,"alpha_sc":0.001018,"beta_oc":-0.45126000000000005,"a_ref":4.9548,"I_L_ref":1.2229999999999999,"I_o_ref":7.6e-13,"R_s":22.715999999999998,"R_sh_ref":500.45,"Adjust":-20.3,"PTC":89.3,"pdc0":95.0,"gamma_pdc":-0.00227,"gamma_r":-0.22699999999999998}