{"Date":"07.08.2010","Version":"MM107","Technology":"1-a-Si","BIPV":"N","A_c":1.43,"N_s":159.0,"T_NOCT":47.1,"I_sc_ref":1.17,"V_oc_ref":138.0,"I_mp_ref":0.93,"V_mp_ref":102.0,"alpha_sc":0.000701,"beta_oc":-0.55724,"a_ref":4.78,"I_L_ref":1.225,"I_o_ref":2.7399999999999994e-13,"R_s":23.121,"R_sh_ref":496.12,"Adjust":-40.4,"PTC":89.4,"pdc0":95.0,"gamma_pdc":-0.00224,"gamma_r":-0.22399999999999998}