{"Date":"05.04.2011","Version":"MM107","Technology":"1-a-Si","BIPV":"N","A_c":1.43,"N_s":159.0,"T_NOCT":47.3,"I_sc_ref":1.11,"V_oc_ref":134.0,"I_mp_ref":0.83,"V_mp_ref":97.0,"alpha_sc":0.0009660000000000001,"beta_oc":-0.43818,"a_ref":4.9733,"I_L_ref":1.189,"I_o_ref":1.66e-12,"R_s":26.67,"R_sh_ref":376.05,"Adjust":-14.7,"PTC":75.1,"pdc0":80.0,"gamma_pdc":-0.00227,"gamma_r":-0.22699999999999998}