{"Date":"11.04.2014","Version":"NRELv1","Technology":"Multi-c-Si","BIPV":"N","A_c":1.6269999999999998,"N_s":60.0,"T_NOCT":45.0,"I_sc_ref":9.19,"V_oc_ref":37.9,"I_mp_ref":8.66,"V_mp_ref":30.6,"alpha_sc":-0.001176,"beta_oc":-0.12985,"a_ref":1.4928,"I_L_ref":9.197000000000001,"I_o_ref":8.590000000000001e-11,"R_s":0.32899999999999996,"R_sh_ref":451.2,"Adjust":-4.375,"PTC":239.7,"pdc0":265.0,"gamma_pdc":-0.00464,"gamma_r":-0.46399999999999997}