{"Date":"11.04.2014","Version":"NRELv1","Technology":"Multi-c-Si","BIPV":"N","A_c":1.6269999999999998,"N_s":60.0,"T_NOCT":45.0,"I_sc_ref":8.87,"V_oc_ref":37.5,"I_mp_ref":8.32,"V_mp_ref":30.1,"alpha_sc":-0.001135,"beta_oc":-0.12847999999999998,"a_ref":1.476,"I_L_ref":8.881,"I_o_ref":8.099999999999999e-11,"R_s":0.36200000000000004,"R_sh_ref":294.22,"Adjust":-4.531000000000001,"PTC":225.8,"pdc0":250.0,"gamma_pdc":-0.00464,"gamma_r":-0.46399999999999997}