{"Date":"8/29/2011","Version":"MM107","Technology":"Multi-c-Si","BIPV":"N","A_c":1.902,"N_s":72.0,"T_NOCT":49.8,"I_sc_ref":8.1,"V_oc_ref":44.0,"I_mp_ref":7.8,"V_mp_ref":34.7,"alpha_sc":0.002023,"beta_oc":-0.15765,"a_ref":1.9112,"I_L_ref":8.283999999999999,"I_o_ref":8.309999999999999e-10,"R_s":0.496,"R_sh_ref":100000.0,"Adjust":9.9,"PTC":232.2,"pdc0":270.0,"gamma_pdc":-0.0053100000000000005,"gamma_r":-0.531}