{"Date":"11.04.2014","Version":"NRELv1","Technology":"Multi-c-Si","BIPV":"N","A_c":1.6269999999999998,"N_s":60.0,"T_NOCT":45.0,"I_sc_ref":8.69,"V_oc_ref":37.3,"I_mp_ref":8.11,"V_mp_ref":29.9,"alpha_sc":-0.001112,"beta_oc":-0.12779000000000001,"a_ref":1.4711,"I_L_ref":8.706,"I_o_ref":8.3e-11,"R_s":0.374,"R_sh_ref":207.45,"Adjust":-4.166,"PTC":216.5,"pdc0":240.0,"gamma_pdc":-0.00464,"gamma_r":-0.46399999999999997}