{"Date":"11.04.2014","Version":"NRELv1","Technology":"Multi-c-Si","BIPV":"N","A_c":1.6269999999999998,"N_s":60.0,"T_NOCT":45.0,"I_sc_ref":9.28,"V_oc_ref":38.1,"I_mp_ref":8.77,"V_mp_ref":30.8,"alpha_sc":-0.001188,"beta_oc":-0.13053,"a_ref":1.4994,"I_L_ref":9.283999999999999,"I_o_ref":8.51e-11,"R_s":0.32299999999999995,"R_sh_ref":730.7,"Adjust":-4.5280000000000005,"PTC":244.4,"pdc0":270.0,"gamma_pdc":-0.00464,"gamma_r":-0.46399999999999997}