{"Date":"08.12.2010","Version":"MM107","Technology":"Multi-c-Si","BIPV":"N","A_c":1.624,"N_s":60.0,"T_NOCT":46.9,"I_sc_ref":7.81,"V_oc_ref":36.3,"I_mp_ref":7.31,"V_mp_ref":30.12,"alpha_sc":0.003515,"beta_oc":-0.10382000000000001,"a_ref":1.4994,"I_L_ref":7.817,"I_o_ref":2.35e-10,"R_s":0.22899999999999998,"R_sh_ref":248.5,"Adjust":24.9,"PTC":197.2,"pdc0":220.0,"gamma_pdc":-0.00439,"gamma_r":-0.439}