{"Date":"08.12.2010","Version":"MM107","Technology":"Mono-c-Si","BIPV":"N","A_c":1.69,"N_s":96.0,"T_NOCT":46.9,"I_sc_ref":5.1,"V_oc_ref":59.61,"I_mp_ref":4.77,"V_mp_ref":50.3,"alpha_sc":0.003315,"beta_oc":-0.18181,"a_ref":2.6094,"I_L_ref":5.103,"I_o_ref":6e-10,"R_s":0.314,"R_sh_ref":634.87,"Adjust":30.5,"PTC":213.8,"pdc0":240.0,"gamma_pdc":-0.00468,"gamma_r":-0.46799999999999997}