{"Technology":"Multi-c-Si","BIPV":"N","A_c":1.6269999999999998,"N_s":60.0,"T_NOCT":43.4,"PTC":208.3,"pdc0":230.0,"gamma_pdc":-0.004808}