{"Technology":"Mono-c-Si","BIPV":"N","A_c":1.2770000000000001,"N_s":72.0,"T_NOCT":48.2,"PTC":146.6,"pdc0":170.0,"gamma_pdc":-0.0055000000000000005}