{"Technology":"Multi-c-Si","BIPV":"N","A_c":1.6269999999999998,"N_s":60.0,"T_NOCT":47.0,"PTC":184.0,"pdc0":210.0,"gamma_pdc":-0.005180000000000001}