{"Date":"10.05.2010","Version":"MM107","Technology":"Multi-c-Si","BIPV":"N","A_c":1.607,"N_s":60.0,"T_NOCT":48.9,"I_sc_ref":8.32,"V_oc_ref":37.1,"I_mp_ref":7.87,"V_mp_ref":28.7,"alpha_sc":0.00031600000000000004,"beta_oc":-0.13315,"a_ref":1.5161,"I_L_ref":8.355,"I_o_ref":1.97e-10,"R_s":0.519,"R_sh_ref":100000.0,"Adjust":-2.1,"PTC":196.2,"pdc0":225.0,"gamma_pdc":-0.00501,"gamma_r":-0.501}