{"Date":"01.05.2012","Version":"NRELv1","Technology":"Mono-c-Si","BIPV":"N","A_c":1.5830000000000002,"N_s":60.0,"T_NOCT":46.9,"I_sc_ref":8.3,"V_oc_ref":37.2,"I_mp_ref":7.94,"V_mp_ref":30.85,"alpha_sc":0.003594,"beta_oc":-0.13626,"a_ref":1.6551,"I_L_ref":8.471,"I_o_ref":1.45e-09,"R_s":0.187,"R_sh_ref":366.96,"Adjust":12.24,"PTC":216.8,"pdc0":245.0,"gamma_pdc":-0.00505,"gamma_r":-0.505}