{"Date":"01.05.2012","Version":"NRELv1","Technology":"Mono-c-Si","BIPV":"N","A_c":1.5830000000000002,"N_s":60.0,"T_NOCT":46.9,"I_sc_ref":8.8,"V_oc_ref":38.2,"I_mp_ref":8.17,"V_mp_ref":31.82,"alpha_sc":0.00381,"beta_oc":-0.13993,"a_ref":1.7164,"I_L_ref":8.808,"I_o_ref":1.8600000000000002e-09,"R_s":0.161,"R_sh_ref":176.22,"Adjust":14.19,"PTC":230.5,"pdc0":260.0,"gamma_pdc":-0.00505,"gamma_r":-0.505}