{"Date":"01.05.2012","Version":"NRELv1","Technology":"Mono-c-Si","BIPV":"N","A_c":1.5830000000000002,"N_s":60.0,"T_NOCT":46.9,"I_sc_ref":8.4,"V_oc_ref":37.2,"I_mp_ref":7.99,"V_mp_ref":31.28,"alpha_sc":0.0036369999999999996,"beta_oc":-0.13626,"a_ref":1.6652,"I_L_ref":8.486,"I_o_ref":1.6699999999999998e-09,"R_s":0.124,"R_sh_ref":539.9,"Adjust":13.5,"PTC":221.4,"pdc0":250.0,"gamma_pdc":-0.00505,"gamma_r":-0.505}