{"Date":"01.05.2012","Version":"NRELv1","Technology":"Mono-c-Si","BIPV":"N","A_c":1.5830000000000002,"N_s":60.0,"T_NOCT":46.9,"I_sc_ref":8.9,"V_oc_ref":38.4,"I_mp_ref":8.2,"V_mp_ref":32.31,"alpha_sc":0.003854,"beta_oc":-0.14065999999999998,"a_ref":1.7449,"I_L_ref":8.908,"I_o_ref":2.38e-09,"R_s":0.111,"R_sh_ref":124.78,"Adjust":16.46,"PTC":235.1,"pdc0":265.0,"gamma_pdc":-0.00505,"gamma_r":-0.505}