{"Date":"01.05.2012","Version":"NRELv1","Technology":"Mono-c-Si","BIPV":"N","A_c":1.891,"N_s":72.0,"T_NOCT":45.7,"I_sc_ref":8.4,"V_oc_ref":45.8,"I_mp_ref":8.2,"V_mp_ref":35.98,"alpha_sc":0.002856,"beta_oc":-0.17595999999999998,"a_ref":2.0175,"I_L_ref":8.744,"I_o_ref":1.21e-09,"R_s":0.503,"R_sh_ref":1550.67,"Adjust":5.202000000000001,"PTC":260.8,"pdc0":295.0,"gamma_pdc":-0.005370000000000001,"gamma_r":-0.537}