{"Date":"01.05.2012","Version":"NRELv1","Technology":"Mono-c-Si","BIPV":"N","A_c":1.891,"N_s":72.0,"T_NOCT":45.7,"I_sc_ref":9.09,"V_oc_ref":46.3,"I_mp_ref":8.4,"V_mp_ref":37.5,"alpha_sc":0.003091,"beta_oc":-0.17789000000000002,"a_ref":2.1006,"I_L_ref":9.105,"I_o_ref":2.37e-09,"R_s":0.327,"R_sh_ref":192.96,"Adjust":10.84,"PTC":279.1,"pdc0":315.0,"gamma_pdc":-0.005370000000000001,"gamma_r":-0.537}