{"Date":"01.05.2012","Version":"NRELv1","Technology":"Mono-c-Si","BIPV":"N","A_c":1.891,"N_s":72.0,"T_NOCT":45.7,"I_sc_ref":9.1,"V_oc_ref":46.8,"I_mp_ref":8.45,"V_mp_ref":37.86,"alpha_sc":0.003094,"beta_oc":-0.17981,"a_ref":2.1151,"I_L_ref":9.112,"I_o_ref":2.1899999999999997e-09,"R_s":0.33799999999999997,"R_sh_ref":254.73,"Adjust":10.11,"PTC":283.7,"pdc0":320.0,"gamma_pdc":-0.005370000000000001,"gamma_r":-0.537}