{"Date":"01.05.2012","Version":"NRELv1","Technology":"Mono-c-Si","BIPV":"N","A_c":1.891,"N_s":72.0,"T_NOCT":45.7,"I_sc_ref":8.76,"V_oc_ref":46.1,"I_mp_ref":8.37,"V_mp_ref":37.94,"alpha_sc":0.002978,"beta_oc":-0.17712,"a_ref":2.093,"I_L_ref":8.941,"I_o_ref":2.4e-09,"R_s":0.248,"R_sh_ref":460.41,"Adjust":11.08,"PTC":274.6,"pdc0":310.0,"gamma_pdc":-0.005370000000000001,"gamma_r":-0.537}