{"Date":"01.05.2012","Version":"NRELv1","Technology":"Mono-c-Si","BIPV":"N","A_c":1.891,"N_s":72.0,"T_NOCT":45.7,"I_sc_ref":8.55,"V_oc_ref":45.9,"I_mp_ref":8.3,"V_mp_ref":36.75,"alpha_sc":0.002907,"beta_oc":-0.17635,"a_ref":2.0409,"I_L_ref":8.809,"I_o_ref":1.5e-09,"R_s":0.4,"R_sh_ref":14823.5,"Adjust":7.026,"PTC":270.0,"pdc0":305.0,"gamma_pdc":-0.005370000000000001,"gamma_r":-0.537}