{"Vac":240.0,"Paco":240.0,"Pdco":251.77599999999998,"Vdco":32.0,"Pso":2.5352900000000003,"C0":-7.0555e-05,"C1":-0.0008328669999999999,"C2":0.018496000000000002,"C3":-0.025948099999999998,"Pnt":0.15,"Vdcmax":37.0,"Mppt_low":25.0,"Mppt_high":37.0}