{"Date":"11/14/2013","Version":"NRELv1","Technology":"Mono-c-Si","BIPV":"N","A_c":1.2770000000000001,"N_s":72.0,"T_NOCT":47.6,"I_sc_ref":5.08,"V_oc_ref":43.3,"I_mp_ref":4.79,"V_mp_ref":35.5,"alpha_sc":0.00156,"beta_oc":-0.16277,"a_ref":1.9355,"I_L_ref":5.081,"I_o_ref":9.75e-10,"R_s":0.455,"R_sh_ref":2841.32,"Adjust":10.47,"PTC":148.0,"pdc0":170.0,"gamma_pdc":-0.0053,"gamma_r":-0.53}