{"Date":"11/20/2013","Version":"NRELv1","Technology":"Mono-c-Si","BIPV":"N","A_c":1.2770000000000001,"N_s":72.0,"T_NOCT":47.6,"I_sc_ref":5.92,"V_oc_ref":44.5,"I_mp_ref":5.48,"V_mp_ref":36.5,"alpha_sc":0.0018170000000000003,"beta_oc":-0.16727999999999998,"a_ref":2.013,"I_L_ref":5.928,"I_o_ref":1.45e-09,"R_s":0.39,"R_sh_ref":288.46,"Adjust":12.74,"PTC":175.0,"pdc0":200.0,"gamma_pdc":-0.0053,"gamma_r":-0.53}