{"Date":"12.10.2013","Version":"NRELv1","Technology":"Multi-c-Si","BIPV":"N","A_c":1.6369999999999998,"N_s":60.0,"T_NOCT":47.2,"I_sc_ref":8.74,"V_oc_ref":37.2,"I_mp_ref":8.17,"V_mp_ref":30.0,"alpha_sc":0.0032689999999999998,"beta_oc":-0.13113,"a_ref":1.6309,"I_L_ref":8.748,"I_o_ref":1.07e-09,"R_s":0.304,"R_sh_ref":328.86,"Adjust":13.6,"PTC":215.7,"pdc0":245.0,"gamma_pdc":-0.00512,"gamma_r":-0.512}