{"Date":"12.11.2013","Version":"NRELv1","Technology":"Mono-c-Si","BIPV":"N","A_c":1.6369999999999998,"N_s":60.0,"T_NOCT":45.4,"I_sc_ref":8.8,"V_oc_ref":38.1,"I_mp_ref":8.15,"V_mp_ref":30.7,"alpha_sc":0.0014960000000000002,"beta_oc":-0.14493,"a_ref":1.7233,"I_L_ref":8.814,"I_o_ref":2.15e-09,"R_s":0.301,"R_sh_ref":188.38,"Adjust":11.55,"PTC":220.4,"pdc0":250.0,"gamma_pdc":-0.00555,"gamma_r":-0.555}