{"Date":"12/20/2013","Version":"NRELv1","Technology":"Mono-c-Si","BIPV":"N","A_c":1.683,"N_s":96.0,"T_NOCT":47.6,"I_sc_ref":5.73,"V_oc_ref":59.8,"I_mp_ref":5.31,"V_mp_ref":49.0,"alpha_sc":0.001759,"beta_oc":-0.22479000000000002,"a_ref":2.7015,"I_L_ref":5.737,"I_o_ref":1.36e-09,"R_s":0.5539999999999999,"R_sh_ref":424.34,"Adjust":12.48,"PTC":227.4,"pdc0":260.0,"gamma_pdc":-0.0053,"gamma_r":-0.53}