{"Date":"12/28/2013","Version":"NRELv1","Technology":"Mono-c-Si","BIPV":"N","A_c":1.9409999999999998,"N_s":72.0,"T_NOCT":45.4,"I_sc_ref":8.36,"V_oc_ref":44.9,"I_mp_ref":7.74,"V_mp_ref":36.2,"alpha_sc":0.0014210000000000002,"beta_oc":-0.1708,"a_ref":2.032,"I_L_ref":8.374,"I_o_ref":2.07e-09,"R_s":0.37,"R_sh_ref":229.01,"Adjust":11.66,"PTC":246.4,"pdc0":280.0,"gamma_pdc":-0.00555,"gamma_r":-0.555}