{"Date":"01.02.2014","Version":"NRELv1","Technology":"Multi-c-Si","BIPV":"N","A_c":1.9409999999999998,"N_s":72.0,"T_NOCT":47.2,"I_sc_ref":8.61,"V_oc_ref":44.6,"I_mp_ref":8.05,"V_mp_ref":36.0,"alpha_sc":0.00322,"beta_oc":-0.15722,"a_ref":1.9562,"I_L_ref":8.618,"I_o_ref":1.07e-09,"R_s":0.365,"R_sh_ref":404.5,"Adjust":13.69,"PTC":255.3,"pdc0":290.0,"gamma_pdc":-0.00512,"gamma_r":-0.512}