{"Date":"01.06.2014","Version":"NRELv1","Technology":"Mono-c-Si","BIPV":"N","A_c":1.9409999999999998,"N_s":72.0,"T_NOCT":45.4,"I_sc_ref":8.98,"V_oc_ref":45.5,"I_mp_ref":8.31,"V_mp_ref":36.7,"alpha_sc":0.001527,"beta_oc":-0.17307999999999998,"a_ref":2.0604,"I_L_ref":8.995,"I_o_ref":2.25e-09,"R_s":0.34700000000000003,"R_sh_ref":210.16,"Adjust":11.77,"PTC":269.2,"pdc0":305.0,"gamma_pdc":-0.00555,"gamma_r":-0.555}