{"Date":"06.09.2010","Version":"MM107","Technology":"a-Si","BIPV":"N","A_c":0.7909999999999999,"N_s":39.0,"T_NOCT":43.7,"I_sc_ref":1.2,"V_oc_ref":63.5,"I_mp_ref":0.96,"V_mp_ref":48.0,"alpha_sc":0.00144,"beta_oc":-0.24638000000000002,"a_ref":2.4801,"I_L_ref":1.242,"I_o_ref":7.429999999999999e-12,"R_s":8.43,"R_sh_ref":241.19,"Adjust":-19.9,"PTC":43.6,"pdc0":46.0,"gamma_pdc":-0.00232,"gamma_r":-0.23199999999999998}