{"Date":"06.03.2011","Version":"MM107","Technology":"2-a-Si","BIPV":"N","A_c":1.61,"N_s":60.0,"T_NOCT":46.1,"I_sc_ref":1.04,"V_oc_ref":87.0,"I_mp_ref":0.85,"V_mp_ref":68.0,"alpha_sc":0.000718,"beta_oc":-0.3567,"a_ref":3.0734,"I_L_ref":1.0659999999999998,"I_o_ref":4.4e-13,"R_s":10.998,"R_sh_ref":431.99,"Adjust":-38.5,"PTC":54.8,"pdc0":58.0,"gamma_pdc":-0.0021,"gamma_r":-0.21}