{"Date":"3/30/2011","Version":"MM107","Technology":"2-a-Si","BIPV":"N","A_c":0.7909999999999999,"N_s":39.0,"T_NOCT":46.1,"I_sc_ref":1.09,"V_oc_ref":89.0,"I_mp_ref":0.9,"V_mp_ref":70.0,"alpha_sc":0.000752,"beta_oc":-0.3649,"a_ref":3.1341,"I_L_ref":1.114,"I_o_ref":4.270000000000001e-13,"R_s":10.15,"R_sh_ref":452.03,"Adjust":-38.9,"PTC":59.7,"pdc0":63.0,"gamma_pdc":-0.0021,"gamma_r":-0.21}