{"Date":"08.12.2010","Version":"MM107","Technology":"Mono-c-Si","BIPV":"N","A_c":1.2770000000000001,"N_s":72.0,"T_NOCT":48.7,"I_sc_ref":5.46,"V_oc_ref":44.6,"I_mp_ref":5.03,"V_mp_ref":36.8,"alpha_sc":0.002675,"beta_oc":-0.1677,"a_ref":2.0204,"I_L_ref":5.468,"I_o_ref":1.3699999999999998e-09,"R_s":0.375,"R_sh_ref":249.16,"Adjust":12.6,"PTC":161.5,"pdc0":185.0,"gamma_pdc":-0.00507,"gamma_r":-0.507}