{"Date":"2/17/2011","Version":"MM107","Technology":"Multi-c-Si","BIPV":"N","A_c":1.6369999999999998,"N_s":60.0,"T_NOCT":47.3,"I_sc_ref":8.09,"V_oc_ref":36.9,"I_mp_ref":7.53,"V_mp_ref":29.9,"alpha_sc":0.00445,"beta_oc":-0.13985,"a_ref":1.6598,"I_L_ref":8.099,"I_o_ref":1.7600000000000001e-09,"R_s":0.294,"R_sh_ref":258.56,"Adjust":10.3,"PTC":197.4,"pdc0":225.0,"gamma_pdc":-0.00512,"gamma_r":-0.512}