{"Date":"2/17/2011","Version":"MM107","Technology":"Multi-c-Si","BIPV":"N","A_c":1.6369999999999998,"N_s":60.0,"T_NOCT":47.3,"I_sc_ref":7.93,"V_oc_ref":36.6,"I_mp_ref":7.29,"V_mp_ref":29.5,"alpha_sc":0.00571,"beta_oc":-0.14786,"a_ref":1.7177,"I_L_ref":7.946000000000001,"I_o_ref":4.29e-09,"R_s":0.303,"R_sh_ref":152.31,"Adjust":11.3,"PTC":187.3,"pdc0":215.0,"gamma_pdc":-0.00534,"gamma_r":-0.534}