{"Date":"2/17/2011","Version":"MM107","Technology":"Multi-c-Si","BIPV":"N","A_c":1.6369999999999998,"N_s":60.0,"T_NOCT":47.2,"I_sc_ref":8.18,"V_oc_ref":37.0,"I_mp_ref":7.66,"V_mp_ref":30.0,"alpha_sc":0.004744,"beta_oc":-0.1369,"a_ref":1.5401,"I_L_ref":8.189,"I_o_ref":2.97e-10,"R_s":0.321,"R_sh_ref":308.78,"Adjust":-2.3,"PTC":206.4,"pdc0":230.0,"gamma_pdc":-0.004320000000000001,"gamma_r":-0.43200000000000005}