{"Date":"6/14/2011","Version":"MM107","Technology":"Mono-c-Si","BIPV":"N","A_c":1.6369999999999998,"N_s":60.0,"T_NOCT":48.2,"I_sc_ref":8.7,"V_oc_ref":37.51,"I_mp_ref":8.18,"V_mp_ref":29.48,"alpha_sc":0.0034799999999999996,"beta_oc":-0.12003,"a_ref":1.5332,"I_L_ref":8.705,"I_o_ref":2.0500000000000002e-10,"R_s":0.441,"R_sh_ref":784.76,"Adjust":9.4,"PTC":222.1,"pdc0":250.0,"gamma_pdc":-0.0046,"gamma_r":-0.46}