{"Date":"6/14/2011","Version":"MM107","Technology":"Multi-c-Si","BIPV":"N","A_c":1.95,"N_s":72.0,"T_NOCT":48.5,"I_sc_ref":8.48,"V_oc_ref":44.73,"I_mp_ref":7.91,"V_mp_ref":35.19,"alpha_sc":0.00424,"beta_oc":-0.14314000000000002,"a_ref":1.8179,"I_L_ref":8.495,"I_o_ref":1.72e-10,"R_s":0.539,"R_sh_ref":314.96,"Adjust":8.0,"PTC":244.7,"pdc0":275.0,"gamma_pdc":-0.0044,"gamma_r":-0.44}