{"Date":"6/14/2011","Version":"MM107","Technology":"Mono-c-Si","BIPV":"N","A_c":1.6369999999999998,"N_s":60.0,"T_NOCT":48.2,"I_sc_ref":8.79,"V_oc_ref":37.3,"I_mp_ref":8.13,"V_mp_ref":28.58,"alpha_sc":0.0035159999999999996,"beta_oc":-0.11936,"a_ref":1.5161,"I_L_ref":8.817,"I_o_ref":1.78e-10,"R_s":0.542,"R_sh_ref":177.99,"Adjust":8.1,"PTC":212.9,"pdc0":240.0,"gamma_pdc":-0.0046,"gamma_r":-0.46}