{"Date":"2/17/2011","Version":"MM107","Technology":"Multi-c-Si","BIPV":"N","A_c":1.6369999999999998,"N_s":60.0,"T_NOCT":48.7,"I_sc_ref":8.0,"V_oc_ref":36.8,"I_mp_ref":7.39,"V_mp_ref":29.8,"alpha_sc":0.00496,"beta_oc":-0.13542,"a_ref":1.6827,"I_L_ref":8.013,"I_o_ref":2.48e-09,"R_s":0.293,"R_sh_ref":174.54,"Adjust":16.9,"PTC":190.7,"pdc0":220.0,"gamma_pdc":-0.00521,"gamma_r":-0.521}