{"Date":"6/14/2011","Version":"MM107","Technology":"Mono-c-Si","BIPV":"N","A_c":1.95,"N_s":72.0,"T_NOCT":48.6,"I_sc_ref":8.79,"V_oc_ref":45.02,"I_mp_ref":8.22,"V_mp_ref":35.39,"alpha_sc":0.0035159999999999996,"beta_oc":-0.14857,"a_ref":1.8672,"I_L_ref":8.801,"I_o_ref":2.9399999999999997e-10,"R_s":0.518,"R_sh_ref":431.23,"Adjust":9.1,"PTC":269.8,"pdc0":305.0,"gamma_pdc":-0.004699999999999999,"gamma_r":-0.47}