{"Date":"6/14/2011","Version":"MM107","Technology":"Multi-c-Si","BIPV":"N","A_c":1.95,"N_s":72.0,"T_NOCT":48.5,"I_sc_ref":8.55,"V_oc_ref":44.85,"I_mp_ref":7.99,"V_mp_ref":35.53,"alpha_sc":0.004275,"beta_oc":-0.14352,"a_ref":1.8279,"I_L_ref":8.562000000000001,"I_o_ref":1.8599999999999998e-10,"R_s":0.5,"R_sh_ref":344.99,"Adjust":8.6,"PTC":249.3,"pdc0":280.0,"gamma_pdc":-0.0044,"gamma_r":-0.44}