{"Date":"11.09.2009","Version":"MM106","Technology":"Multi-c-Si","BIPV":"N","A_c":1.6159999999999999,"N_s":60.0,"T_NOCT":44.5,"I_sc_ref":7.79,"V_oc_ref":36.48,"I_mp_ref":7.28,"V_mp_ref":29.52,"alpha_sc":0.004312,"beta_oc":-0.12892,"a_ref":1.6219,"I_L_ref":7.797000000000001,"I_o_ref":1.31e-09,"R_s":0.313,"R_sh_ref":362.26,"Adjust":15.9,"PTC":192.0,"pdc0":215.0,"gamma_pdc":-0.00508,"gamma_r":-0.508}