{"Date":"04.02.2013","Version":"NRELv1","Technology":"Multi-c-Si","BIPV":"N","A_c":1.956,"N_s":72.0,"T_NOCT":49.4,"I_sc_ref":8.31,"V_oc_ref":44.8,"I_mp_ref":7.75,"V_mp_ref":35.5,"alpha_sc":0.004986,"beta_oc":-0.14784,"a_ref":1.8829,"I_L_ref":8.322000000000001,"I_o_ref":3.8e-10,"R_s":0.498,"R_sh_ref":337.47,"Adjust":11.84,"PTC":242.1,"pdc0":275.0,"gamma_pdc":-0.0046,"gamma_r":-0.46}