{"Date":"10/20/2011","Version":"NRELv1","Technology":"Mono-c-Si","BIPV":"N","A_c":1.585,"N_s":60.0,"T_NOCT":46.2,"I_sc_ref":8.6,"V_oc_ref":37.3,"I_mp_ref":8.03,"V_mp_ref":29.3,"alpha_sc":0.00344,"beta_oc":-0.13801,"a_ref":1.6456,"I_L_ref":8.607999999999999,"I_o_ref":1.22e-09,"R_s":0.41700000000000004,"R_sh_ref":451.29,"Adjust":9.453,"PTC":207.2,"pdc0":235.0,"gamma_pdc":-0.0053,"gamma_r":-0.53}