{"Date":"01.09.2013","Version":"NRELv1","Technology":"Multi-c-Si","BIPV":"N","A_c":1.956,"N_s":72.0,"T_NOCT":47.7,"I_sc_ref":8.92,"V_oc_ref":44.71,"I_mp_ref":8.32,"V_mp_ref":34.8,"alpha_sc":0.005352,"beta_oc":-0.15200999999999998,"a_ref":1.8627,"I_L_ref":8.933,"I_o_ref":3.32e-10,"R_s":0.552,"R_sh_ref":375.1,"Adjust":6.7139999999999995,"PTC":258.1,"pdc0":290.0,"gamma_pdc":-0.0046,"gamma_r":-0.46}