{"Date":"08.10.2011","Version":"MM107","Technology":"Multi-c-Si","BIPV":"N","A_c":1.9580000000000002,"N_s":72.0,"T_NOCT":48.3,"I_sc_ref":8.37,"V_oc_ref":45.4,"I_mp_ref":7.86,"V_mp_ref":36.3,"alpha_sc":0.0050219999999999996,"beta_oc":-0.15164,"a_ref":1.9362,"I_L_ref":8.375,"I_o_ref":5.45e-10,"R_s":0.445,"R_sh_ref":742.16,"Adjust":13.5,"PTC":251.7,"pdc0":285.0,"gamma_pdc":-0.00473,"gamma_r":-0.473}