{"Date":"1/14/2013","Version":"NRELv1","Technology":"Mono-c-Si","BIPV":"N","A_c":1.956,"N_s":72.0,"T_NOCT":47.1,"I_sc_ref":9.04,"V_oc_ref":45.48,"I_mp_ref":8.58,"V_mp_ref":36.32,"alpha_sc":0.006328,"beta_oc":-0.16191,"a_ref":1.9728,"I_L_ref":9.134,"I_o_ref":8.84e-10,"R_s":0.40700000000000003,"R_sh_ref":980.58,"Adjust":9.956,"PTC":275.9,"pdc0":310.0,"gamma_pdc":-0.0048,"gamma_r":-0.48}