{"Date":"1/14/2013","Version":"NRELv1","Technology":"Mono-c-Si","BIPV":"N","A_c":1.956,"N_s":72.0,"T_NOCT":47.1,"I_sc_ref":8.95,"V_oc_ref":45.03,"I_mp_ref":8.44,"V_mp_ref":35.5,"alpha_sc":0.006265,"beta_oc":-0.16030999999999998,"a_ref":1.9454,"I_L_ref":9.05,"I_o_ref":7.93e-10,"R_s":0.47200000000000003,"R_sh_ref":423.59,"Adjust":9.096,"PTC":266.7,"pdc0":300.0,"gamma_pdc":-0.0048,"gamma_r":-0.48}