{"Date":"04.01.2011","Version":"MM107","Technology":"Multi-c-Si","BIPV":"N","A_c":1.9580000000000002,"N_s":72.0,"T_NOCT":49.3,"I_sc_ref":8.31,"V_oc_ref":44.8,"I_mp_ref":7.75,"V_mp_ref":35.5,"alpha_sc":0.004903,"beta_oc":-0.1559,"a_ref":1.9441,"I_L_ref":8.32,"I_o_ref":8.06e-10,"R_s":0.48200000000000004,"R_sh_ref":388.7,"Adjust":12.5,"PTC":240.1,"pdc0":275.0,"gamma_pdc":-0.00491,"gamma_r":-0.491}