{"Date":"12/27/2012","Version":"NRELv1","Technology":"Mono-c-Si","BIPV":"N","A_c":1.641,"N_s":60.0,"T_NOCT":45.9,"I_sc_ref":9.1,"V_oc_ref":38.0,"I_mp_ref":8.64,"V_mp_ref":30.1,"alpha_sc":0.00364,"beta_oc":-0.133,"a_ref":1.6274,"I_L_ref":9.193999999999999,"I_o_ref":6.62e-10,"R_s":0.375,"R_sh_ref":1025.74,"Adjust":9.548,"PTC":231.8,"pdc0":260.0,"gamma_pdc":-0.005,"gamma_r":-0.5}