{"Date":"04.02.2013","Version":"NRELv1","Technology":"Multi-c-Si","BIPV":"N","A_c":1.956,"N_s":72.0,"T_NOCT":46.7,"I_sc_ref":8.44,"V_oc_ref":46.0,"I_mp_ref":8.0,"V_mp_ref":37.5,"alpha_sc":0.004220000000000001,"beta_oc":-0.1564,"a_ref":1.982,"I_L_ref":8.53,"I_o_ref":7.030000000000001e-10,"R_s":0.337,"R_sh_ref":513.62,"Adjust":13.93,"PTC":267.4,"pdc0":300.0,"gamma_pdc":-0.0048,"gamma_r":-0.48}