{"Date":"1/14/2013","Version":"NRELv1","Technology":"Multi-c-Si","BIPV":"N","A_c":1.956,"N_s":72.0,"T_NOCT":47.1,"I_sc_ref":8.95,"V_oc_ref":44.89,"I_mp_ref":8.39,"V_mp_ref":35.17,"alpha_sc":0.006265,"beta_oc":-0.15980999999999998,"a_ref":1.9409,"I_L_ref":8.955,"I_o_ref":8.04e-10,"R_s":0.503,"R_sh_ref":973.69,"Adjust":9.282,"PTC":261.6,"pdc0":295.0,"gamma_pdc":-0.00487,"gamma_r":-0.48700000000000004}