{"Date":"04.02.2013","Version":"NRELv1","Technology":"Multi-c-Si","BIPV":"N","A_c":1.956,"N_s":72.0,"T_NOCT":49.4,"I_sc_ref":8.42,"V_oc_ref":45.8,"I_mp_ref":7.98,"V_mp_ref":37.0,"alpha_sc":0.005052,"beta_oc":-0.15114,"a_ref":1.939,"I_L_ref":8.511000000000001,"I_o_ref":4.6399999999999995e-10,"R_s":0.39299999999999996,"R_sh_ref":517.73,"Adjust":13.45,"PTC":260.3,"pdc0":295.0,"gamma_pdc":-0.0046,"gamma_r":-0.46}