{"Date":"1/14/2013","Version":"NRELv1","Technology":"Multi-c-Si","BIPV":"N","A_c":1.956,"N_s":72.0,"T_NOCT":47.1,"I_sc_ref":9.01,"V_oc_ref":45.29,"I_mp_ref":8.51,"V_mp_ref":35.93,"alpha_sc":0.006307,"beta_oc":-0.16122999999999998,"a_ref":1.9747,"I_L_ref":9.107999999999999,"I_o_ref":9.87e-10,"R_s":0.43700000000000006,"R_sh_ref":492.49,"Adjust":10.99,"PTC":270.8,"pdc0":305.0,"gamma_pdc":-0.00487,"gamma_r":-0.48700000000000004}