{"Date":"12/27/2012","Version":"NRELv1","Technology":"Mono-c-Si","BIPV":"N","A_c":1.9580000000000002,"N_s":72.0,"T_NOCT":46.7,"I_sc_ref":8.31,"V_oc_ref":44.8,"I_mp_ref":7.75,"V_mp_ref":35.5,"alpha_sc":0.004155,"beta_oc":-0.14784,"a_ref":1.9029,"I_L_ref":8.322000000000001,"I_o_ref":4.880000000000001e-10,"R_s":0.493,"R_sh_ref":352.62,"Adjust":14.24,"PTC":244.4,"pdc0":275.0,"gamma_pdc":-0.0048,"gamma_r":-0.48}