{"Date":"08.01.2013","Version":"NRELv1","Technology":"Mono-c-Si","BIPV":"N","A_c":1.61,"N_s":60.0,"T_NOCT":48.2,"I_sc_ref":8.84,"V_oc_ref":38.3,"I_mp_ref":8.27,"V_mp_ref":30.8,"alpha_sc":0.005304,"beta_oc":-0.13405,"a_ref":1.673,"I_L_ref":8.847999999999999,"I_o_ref":9.99e-10,"R_s":0.32299999999999995,"R_sh_ref":370.37,"Adjust":13.4,"PTC":224.9,"pdc0":255.0,"gamma_pdc":-0.0049,"gamma_r":-0.49}