{"Date":"08.01.2013","Version":"NRELv1","Technology":"Mono-c-Si","BIPV":"N","A_c":1.61,"N_s":60.0,"T_NOCT":48.2,"I_sc_ref":8.87,"V_oc_ref":38.4,"I_mp_ref":8.4,"V_mp_ref":31.0,"alpha_sc":0.0053219999999999995,"beta_oc":-0.1344,"a_ref":1.6782,"I_L_ref":8.965,"I_o_ref":1.0300000000000002e-09,"R_s":0.303,"R_sh_ref":460.49,"Adjust":13.52,"PTC":229.5,"pdc0":260.0,"gamma_pdc":-0.0049,"gamma_r":-0.49}