{"Vac":240.0,"Paco":4160.0,"Pdco":4340.86,"Vdco":380.0,"Pso":32.6007,"C0":-4.6661900000000005e-06,"C1":-6.20941e-05,"C2":0.000323983,"C3":-0.0008799039999999999,"Pnt":0.2,"Vdcmax":400.0,"Mppt_low":100.0,"Mppt_high":400.0}