{"Vac":277.0,"Paco":4020.0,"Pdco":4194.1,"Vdco":332.0,"Pso":29.4427,"C0":-2.76893e-06,"C1":-2.99717e-05,"C2":-0.000609139,"C3":-0.00134746,"Pnt":0.29,"Vdcmax":360.0,"Mppt_low":100.0,"Mppt_high":360.0}