{"Vac":240.0,"Paco":3010.0,"Pdco":3147.8,"Vdco":325.0,"Pso":24.3896,"C0":-6.6055e-06,"C1":-3.70441e-05,"C2":-0.0006407180000000001,"C3":-0.00179252,"Pnt":0.25,"Vdcmax":360.0,"Mppt_low":100.0,"Mppt_high":360.0}