{"Date":"01.05.2012","Version":"NRELv1","Technology":"CIGS","BIPV":"N","A_c":0.8,"N_s":108.0,"T_NOCT":49.2,"I_sc_ref":2.0,"V_oc_ref":60.3,"I_mp_ref":1.63,"V_mp_ref":42.2,"alpha_sc":0.0004,"beta_oc":-0.19296,"a_ref":2.263,"I_L_ref":2.097,"I_o_ref":4.54e-12,"R_s":7.261,"R_sh_ref":149.89,"Adjust":-8.657,"PTC":62.4,"pdc0":70.0,"gamma_pdc":-0.0039000000000000003,"gamma_r":-0.39}