{"Date":"01.05.2012","Version":"NRELv1","Technology":"CIGS","BIPV":"N","A_c":0.8,"N_s":108.0,"T_NOCT":49.2,"I_sc_ref":2.02,"V_oc_ref":62.1,"I_mp_ref":1.68,"V_mp_ref":46.0,"alpha_sc":0.000404,"beta_oc":-0.19872,"a_ref":2.3893,"I_L_ref":2.081,"I_o_ref":8.96e-12,"R_s":5.462000000000001,"R_sh_ref":180.76,"Adjust":-3.59,"PTC":71.5,"pdc0":80.0,"gamma_pdc":-0.0039000000000000003,"gamma_r":-0.39}