{"Date":"01.05.2012","Version":"NRELv1","Technology":"CIGS","BIPV":"N","A_c":0.8,"N_s":108.0,"T_NOCT":49.2,"I_sc_ref":2.01,"V_oc_ref":61.2,"I_mp_ref":1.65,"V_mp_ref":44.1,"alpha_sc":0.00040199999999999996,"beta_oc":-0.19584000000000001,"a_ref":2.3319,"I_L_ref":2.089,"I_o_ref":6.83e-12,"R_s":6.351,"R_sh_ref":160.78,"Adjust":-5.627999999999999,"PTC":66.9,"pdc0":75.0,"gamma_pdc":-0.0039000000000000003,"gamma_r":-0.39}