{"Date":"08.01.2012","Version":"NRELv1","Technology":"Multi-c-Si","BIPV":"N","A_c":1.94,"N_s":72.0,"T_NOCT":46.1,"I_sc_ref":8.32,"V_oc_ref":44.6,"I_mp_ref":7.73,"V_mp_ref":36.9,"alpha_sc":0.006939,"beta_oc":-0.18875,"a_ref":2.0156,"I_L_ref":8.328,"I_o_ref":2e-09,"R_s":0.233,"R_sh_ref":237.77,"Adjust":-0.6409999999999999,"PTC":255.5,"pdc0":285.0,"gamma_pdc":-0.0046500000000000005,"gamma_r":-0.465}