{"Date":"08.01.2012","Version":"NRELv1","Technology":"Multi-c-Si","BIPV":"N","A_c":1.642,"N_s":60.0,"T_NOCT":46.7,"I_sc_ref":8.4,"V_oc_ref":37.0,"I_mp_ref":7.71,"V_mp_ref":30.5,"alpha_sc":0.006157,"beta_oc":-0.11248,"a_ref":1.6026,"I_L_ref":8.417,"I_o_ref":7.6e-10,"R_s":0.226,"R_sh_ref":110.4,"Adjust":28.33,"PTC":210.4,"pdc0":235.0,"gamma_pdc":-0.004529999999999999,"gamma_r":-0.45299999999999996}