{"Date":"08.01.2012","Version":"NRELv1","Technology":"Multi-c-Si","BIPV":"N","A_c":1.94,"N_s":72.0,"T_NOCT":46.1,"I_sc_ref":8.41,"V_oc_ref":45.1,"I_mp_ref":7.8,"V_mp_ref":37.2,"alpha_sc":0.007014,"beta_oc":-0.19086,"a_ref":2.0366,"I_L_ref":8.42,"I_o_ref":1.98e-09,"R_s":0.249,"R_sh_ref":219.63,"Adjust":-0.7941,"PTC":260.1,"pdc0":290.0,"gamma_pdc":-0.0046500000000000005,"gamma_r":-0.465}