{"Date":"08.01.2012","Version":"NRELv1","Technology":"Multi-c-Si","BIPV":"N","A_c":1.642,"N_s":60.0,"T_NOCT":48.9,"I_sc_ref":8.2,"V_oc_ref":36.6,"I_mp_ref":7.5,"V_mp_ref":30.0,"alpha_sc":0.006765,"beta_oc":-0.14819000000000002,"a_ref":1.6223,"I_L_ref":8.219,"I_o_ref":1.25e-09,"R_s":0.244,"R_sh_ref":105.23,"Adjust":0.1674,"PTC":199.4,"pdc0":225.0,"gamma_pdc":-0.00443,"gamma_r":-0.44299999999999995}