{"Date":"08.01.2012","Version":"NRELv1","Technology":"Multi-c-Si","BIPV":"N","A_c":1.642,"N_s":60.0,"T_NOCT":48.9,"I_sc_ref":8.31,"V_oc_ref":36.9,"I_mp_ref":7.62,"V_mp_ref":30.2,"alpha_sc":0.006856,"beta_oc":-0.14941,"a_ref":1.6312,"I_L_ref":8.328,"I_o_ref":1.2e-09,"R_s":0.251,"R_sh_ref":113.31,"Adjust":-0.3038,"PTC":204.0,"pdc0":230.0,"gamma_pdc":-0.00443,"gamma_r":-0.44299999999999995}