{"Date":"08.01.2012","Version":"NRELv1","Technology":"Mono-c-Si","BIPV":"N","A_c":1.642,"N_s":60.0,"T_NOCT":47.0,"I_sc_ref":8.31,"V_oc_ref":36.9,"I_mp_ref":7.62,"V_mp_ref":30.2,"alpha_sc":0.004868,"beta_oc":-0.14285,"a_ref":1.6963,"I_L_ref":8.326,"I_o_ref":2.8600000000000005e-09,"R_s":0.233,"R_sh_ref":120.5,"Adjust":12.28,"PTC":202.2,"pdc0":230.0,"gamma_pdc":-0.0051400000000000005,"gamma_r":-0.514}