{"Vac":240.0,"Paco":220.0,"Pdco":239.63299999999998,"Vdco":28.0,"Pso":17.8287,"C0":-1.21269e-05,"C1":0.00402587,"C2":0.0644456,"C3":-0.00970134,"Pnt":0.08,"Vdcmax":35.0,"Mppt_low":24.0,"Mppt_high":35.0}