{"Vac":208.0,"Paco":220.0,"Pdco":239.955,"Vdco":28.0,"Pso":17.9366,"C0":-1.33598e-05,"C1":0.00410267,"C2":0.0621485,"C3":-0.013478799999999999,"Pnt":0.04,"Vdcmax":35.0,"Mppt_low":24.0,"Mppt_high":35.0}