{"Vac":240.0,"Paco":289.0,"Pdco":302.901,"Vdco":30.0,"Pso":2.44275,"C0":-0.00011306100000000001,"C1":-0.00100015,"C2":0.0474597,"C3":-0.0219502,"Pnt":0.06,"Vdcmax":32.0,"Mppt_low":28.0,"Mppt_high":32.0}