{"Vac":208.0,"Paco":277.0,"Pdco":291.337,"Vdco":30.0,"Pso":2.49459,"C0":-0.00012285,"C1":-0.00073668,"C2":0.0535781,"C3":-0.0181654,"Pnt":0.02,"Vdcmax":32.0,"Mppt_low":28.0,"Mppt_high":32.0}