{"Technology":"Mono-c-Si","BIPV":"N","A_c":1.5830000000000002,"N_s":60.0,"T_NOCT":45.1,"PTC":258.7,"pdc0":280.0,"gamma_pdc":-0.00377}