{"Technology":"Mono-c-Si","BIPV":"N","A_c":1.8840000000000001,"N_s":72.0,"T_NOCT":45.9,"PTC":313.9,"pdc0":340.0,"gamma_pdc":-0.00369}