{"Date":"1/16/2015","Version":"NRELv1","Technology":"Mono-c-Si","BIPV":"N","A_c":1.6340000000000001,"N_s":60.0,"T_NOCT":46.7,"I_sc_ref":8.35,"V_oc_ref":37.78,"I_mp_ref":7.9,"V_mp_ref":31.64,"alpha_sc":0.003841,"beta_oc":-0.13676,"a_ref":1.6654,"I_L_ref":8.351,"I_o_ref":1.1699999999999999e-09,"R_s":0.153,"R_sh_ref":1695.32,"Adjust":11.68,"PTC":222.1,"pdc0":250.0,"gamma_pdc":-0.004920000000000001,"gamma_r":-0.49200000000000005}