{"Date":"04.04.2011","Version":"MM107","Technology":"Mono-c-Si","BIPV":"N","A_c":1.6340000000000001,"N_s":60.0,"T_NOCT":46.3,"I_sc_ref":8.34,"V_oc_ref":37.2,"I_mp_ref":7.69,"V_mp_ref":31.2,"alpha_sc":0.00417,"beta_oc":-0.1302,"a_ref":1.6844,"I_L_ref":8.347999999999999,"I_o_ref":2.07e-09,"R_s":0.131,"R_sh_ref":133.17,"Adjust":20.9,"PTC":213.0,"pdc0":240.0,"gamma_pdc":-0.005,"gamma_r":-0.5}