{"Date":"05.01.2013","Version":"NRELv1","Technology":"Multi-c-Si","BIPV":"N","A_c":1.641,"N_s":60.0,"T_NOCT":46.1,"I_sc_ref":8.82,"V_oc_ref":37.87,"I_mp_ref":8.39,"V_mp_ref":30.39,"alpha_sc":0.005964,"beta_oc":-0.13137000000000001,"a_ref":1.6115,"I_L_ref":8.911,"I_o_ref":5.530000000000001e-10,"R_s":0.335,"R_sh_ref":1021.42,"Adjust":8.892000000000001,"PTC":229.1,"pdc0":255.0,"gamma_pdc":-0.00461,"gamma_r":-0.461}