{"Date":"07.01.2013","Version":"NRELv1","Technology":"Multi-c-Si","BIPV":"N","A_c":1.6159999999999999,"N_s":60.0,"T_NOCT":47.7,"I_sc_ref":8.73,"V_oc_ref":37.5,"I_mp_ref":8.28,"V_mp_ref":29.6,"alpha_sc":0.004278,"beta_oc":-0.11963,"a_ref":1.5453,"I_L_ref":8.824,"I_o_ref":2.53e-10,"R_s":0.415,"R_sh_ref":575.83,"Adjust":11.56,"PTC":218.3,"pdc0":245.0,"gamma_pdc":-0.00458,"gamma_r":-0.45799999999999996}