{"Date":"11.04.2014","Version":"NRELv1","Technology":"Multi-c-Si","BIPV":"N","A_c":1.67,"N_s":60.0,"T_NOCT":45.8,"I_sc_ref":8.98,"V_oc_ref":38.1,"I_mp_ref":8.42,"V_mp_ref":30.9,"alpha_sc":0.00449,"beta_oc":-0.1143,"a_ref":1.5179,"I_L_ref":8.99,"I_o_ref":1.11e-10,"R_s":0.317,"R_sh_ref":272.19,"Adjust":10.91,"PTC":236.9,"pdc0":260.0,"gamma_pdc":-0.0040999999999999995,"gamma_r":-0.41}