{"Date":"10.01.2014","Version":"NRELv1","Technology":"Multi-c-Si","BIPV":"N","A_c":1.601,"N_s":60.0,"T_NOCT":46.6,"I_sc_ref":8.74,"V_oc_ref":37.2,"I_mp_ref":8.22,"V_mp_ref":30.4,"alpha_sc":0.0052439999999999995,"beta_oc":-0.1116,"a_ref":1.4845,"I_L_ref":8.747,"I_o_ref":1.13e-10,"R_s":0.28600000000000003,"R_sh_ref":338.47,"Adjust":11.18,"PTC":227.5,"pdc0":250.0,"gamma_pdc":-0.004,"gamma_r":-0.4}