{"Date":"10/31/2012","Version":"NRELv1","Technology":"Multi-c-Si","BIPV":"N","A_c":1.652,"N_s":60.0,"T_NOCT":46.9,"I_sc_ref":8.75,"V_oc_ref":37.1,"I_mp_ref":8.13,"V_mp_ref":29.5,"alpha_sc":0.004375,"beta_oc":-0.12985,"a_ref":1.5875,"I_L_ref":8.766,"I_o_ref":6.090000000000001e-10,"R_s":0.37200000000000005,"R_sh_ref":208.79,"Adjust":9.164,"PTC":213.3,"pdc0":240.0,"gamma_pdc":-0.0048,"gamma_r":-0.48}