{"Date":"11.01.2013","Version":"NRELv1","Technology":"Multi-c-Si","BIPV":"N","A_c":1.652,"N_s":60.0,"T_NOCT":46.2,"I_sc_ref":8.95,"V_oc_ref":37.5,"I_mp_ref":8.48,"V_mp_ref":30.1,"alpha_sc":0.0054600000000000004,"beta_oc":-0.13463,"a_ref":1.6022,"I_L_ref":9.046,"I_o_ref":6.14e-10,"R_s":0.325,"R_sh_ref":451.99,"Adjust":6.05,"PTC":228.6,"pdc0":255.0,"gamma_pdc":-0.0046700000000000005,"gamma_r":-0.467}