{"Date":"04.02.2013","Version":"NRELv1","Technology":"Mono-c-Si","BIPV":"N","A_c":1.6159999999999999,"N_s":60.0,"T_NOCT":47.9,"I_sc_ref":8.73,"V_oc_ref":37.6,"I_mp_ref":8.22,"V_mp_ref":30.4,"alpha_sc":0.004278,"beta_oc":-0.11994,"a_ref":1.5692,"I_L_ref":8.734,"I_o_ref":3.4e-10,"R_s":0.316,"R_sh_ref":622.05,"Adjust":14.34,"PTC":222.7,"pdc0":250.0,"gamma_pdc":-0.00458,"gamma_r":-0.45799999999999996}