{"Date":"10/25/2012","Version":"NRELv1","Technology":"Multi-c-Si","BIPV":"N","A_c":1.652,"N_s":60.0,"T_NOCT":46.1,"I_sc_ref":8.65,"V_oc_ref":36.8,"I_mp_ref":8.05,"V_mp_ref":29.1,"alpha_sc":0.006055,"beta_oc":-0.12512,"a_ref":1.5485,"I_L_ref":8.665,"I_o_ref":4.06e-10,"R_s":0.402,"R_sh_ref":231.26,"Adjust":8.645,"PTC":211.2,"pdc0":235.0,"gamma_pdc":-0.0045000000000000005,"gamma_r":-0.45}