{"Date":"11.04.2014","Version":"NRELv1","Technology":"Multi-c-Si","BIPV":"N","A_c":1.67,"N_s":60.0,"T_NOCT":45.8,"I_sc_ref":9.12,"V_oc_ref":38.3,"I_mp_ref":8.53,"V_mp_ref":31.1,"alpha_sc":0.00456,"beta_oc":-0.1149,"a_ref":1.5290000000000001,"I_L_ref":9.133,"I_o_ref":1.18e-10,"R_s":0.308,"R_sh_ref":222.83,"Adjust":11.35,"PTC":241.6,"pdc0":265.0,"gamma_pdc":-0.0040999999999999995,"gamma_r":-0.41}