{"Date":"11.06.2012","Version":"NRELv1","Technology":"Multi-c-Si","BIPV":"N","A_c":1.652,"N_s":60.0,"T_NOCT":46.1,"I_sc_ref":8.8,"V_oc_ref":37.2,"I_mp_ref":8.25,"V_mp_ref":29.7,"alpha_sc":0.0061600000000000005,"beta_oc":-0.12648,"a_ref":1.5676,"I_L_ref":8.808,"I_o_ref":4.31e-10,"R_s":0.358,"R_sh_ref":420.41,"Adjust":8.998,"PTC":220.5,"pdc0":245.0,"gamma_pdc":-0.0045000000000000005,"gamma_r":-0.45}