{"Date":"07.01.2013","Version":"NRELv1","Technology":"Multi-c-Si","BIPV":"N","A_c":1.652,"N_s":60.0,"T_NOCT":47.7,"I_sc_ref":8.82,"V_oc_ref":37.7,"I_mp_ref":8.39,"V_mp_ref":29.8,"alpha_sc":0.0043219999999999995,"beta_oc":-0.12025999999999999,"a_ref":1.5523,"I_L_ref":8.911,"I_o_ref":2.52e-10,"R_s":0.406,"R_sh_ref":1135.47,"Adjust":11.41,"PTC":222.7,"pdc0":250.0,"gamma_pdc":-0.00458,"gamma_r":-0.45799999999999996}