{"Date":"11.04.2014","Version":"NRELv1","Technology":"Multi-c-Si","BIPV":"N","A_c":1.67,"N_s":60.0,"T_NOCT":45.8,"I_sc_ref":8.72,"V_oc_ref":37.6,"I_mp_ref":8.2,"V_mp_ref":30.5,"alpha_sc":0.00436,"beta_oc":-0.1128,"a_ref":1.4957,"I_L_ref":8.728,"I_o_ref":1.0399999999999999e-10,"R_s":0.321,"R_sh_ref":361.25,"Adjust":10.6,"PTC":227.6,"pdc0":250.0,"gamma_pdc":-0.0040999999999999995,"gamma_r":-0.41}