{"Date":"07.01.2013","Version":"NRELv1","Technology":"Multi-c-Si","BIPV":"N","A_c":1.6159999999999999,"N_s":60.0,"T_NOCT":47.7,"I_sc_ref":8.64,"V_oc_ref":37.3,"I_mp_ref":8.17,"V_mp_ref":29.4,"alpha_sc":0.004234,"beta_oc":-0.11899000000000001,"a_ref":1.5383,"I_L_ref":8.736,"I_o_ref":2.55e-10,"R_s":0.423,"R_sh_ref":383.79,"Adjust":11.72,"PTC":213.7,"pdc0":240.0,"gamma_pdc":-0.00458,"gamma_r":-0.45799999999999996}