{"Date":"08.08.2014","Version":"NRELv1","Technology":"Multi-c-Si","BIPV":"N","A_c":1.915,"N_s":72.0,"T_NOCT":46.8,"I_sc_ref":8.85,"V_oc_ref":45.7,"I_mp_ref":8.43,"V_mp_ref":36.8,"alpha_sc":0.0053100000000000005,"beta_oc":-0.16452,"a_ref":1.936,"I_L_ref":8.941,"I_o_ref":4.99e-10,"R_s":0.387,"R_sh_ref":1589.41,"Adjust":4.093999999999999,"PTC":277.9,"pdc0":310.0,"gamma_pdc":-0.0046,"gamma_r":-0.46}