{"Date":"11/19/2012","Version":"NRELv1","Technology":"Multi-c-Si","BIPV":"N","A_c":1.966,"N_s":72.0,"T_NOCT":46.1,"I_sc_ref":8.38,"V_oc_ref":44.5,"I_mp_ref":7.75,"V_mp_ref":35.6,"alpha_sc":0.005866,"beta_oc":-0.1513,"a_ref":1.8924,"I_L_ref":8.399,"I_o_ref":5.01e-10,"R_s":0.43799999999999994,"R_sh_ref":191.5,"Adjust":10.81,"PTC":247.1,"pdc0":275.0,"gamma_pdc":-0.0045000000000000005,"gamma_r":-0.45}