{"Date":"07.01.2013","Version":"NRELv1","Technology":"Multi-c-Si","BIPV":"N","A_c":1.933,"N_s":72.0,"T_NOCT":47.7,"I_sc_ref":8.82,"V_oc_ref":45.4,"I_mp_ref":8.38,"V_mp_ref":35.8,"alpha_sc":0.0043219999999999995,"beta_oc":-0.14483,"a_ref":1.868,"I_L_ref":8.913,"I_o_ref":2.47e-10,"R_s":0.502,"R_sh_ref":1027.61,"Adjust":11.24,"PTC":267.5,"pdc0":300.0,"gamma_pdc":-0.00458,"gamma_r":-0.45799999999999996}