{"Date":"12.08.2012","Version":"NRELv1","Technology":"Multi-c-Si","BIPV":"N","A_c":1.966,"N_s":72.0,"T_NOCT":46.9,"I_sc_ref":8.65,"V_oc_ref":45.3,"I_mp_ref":8.12,"V_mp_ref":36.4,"alpha_sc":0.004325,"beta_oc":-0.15855,"a_ref":1.9389,"I_L_ref":8.656,"I_o_ref":6.12e-10,"R_s":0.40399999999999997,"R_sh_ref":626.18,"Adjust":9.28,"PTC":262.4,"pdc0":295.0,"gamma_pdc":-0.0048,"gamma_r":-0.48}