{"Date":"11.04.2014","Version":"NRELv1","Technology":"Multi-c-Si","BIPV":"N","A_c":1.956,"N_s":72.0,"T_NOCT":45.8,"I_sc_ref":8.7,"V_oc_ref":44.8,"I_mp_ref":8.2,"V_mp_ref":36.6,"alpha_sc":0.00435,"beta_oc":-0.1344,"a_ref":1.7869,"I_L_ref":8.706,"I_o_ref":1.11e-10,"R_s":0.34700000000000003,"R_sh_ref":525.58,"Adjust":11.21,"PTC":273.2,"pdc0":300.0,"gamma_pdc":-0.0040999999999999995,"gamma_r":-0.41}