{"Date":"07.01.2013","Version":"NRELv1","Technology":"Multi-c-Si","BIPV":"N","A_c":1.966,"N_s":72.0,"T_NOCT":47.7,"I_sc_ref":8.47,"V_oc_ref":44.7,"I_mp_ref":7.98,"V_mp_ref":35.1,"alpha_sc":0.00415,"beta_oc":-0.14259000000000002,"a_ref":1.834,"I_L_ref":8.472000000000001,"I_o_ref":2.2e-10,"R_s":0.541,"R_sh_ref":2270.18,"Adjust":10.64,"PTC":249.0,"pdc0":280.0,"gamma_pdc":-0.00458,"gamma_r":-0.45799999999999996}