{"Date":"07.01.2013","Version":"NRELv1","Technology":"Multi-c-Si","BIPV":"N","A_c":1.933,"N_s":72.0,"T_NOCT":47.7,"I_sc_ref":8.56,"V_oc_ref":44.8,"I_mp_ref":8.1,"V_mp_ref":35.2,"alpha_sc":0.004194,"beta_oc":-0.14290999999999998,"a_ref":1.8436,"I_L_ref":8.654,"I_o_ref":2.39e-10,"R_s":0.529,"R_sh_ref":528.47,"Adjust":11.25,"PTC":253.7,"pdc0":285.0,"gamma_pdc":-0.00458,"gamma_r":-0.45799999999999996}