{"Date":"11.04.2014","Version":"NRELv1","Technology":"Multi-c-Si","BIPV":"N","A_c":1.956,"N_s":72.0,"T_NOCT":45.8,"I_sc_ref":8.81,"V_oc_ref":45.0,"I_mp_ref":8.29,"V_mp_ref":36.8,"alpha_sc":0.004405,"beta_oc":-0.135,"a_ref":1.7975,"I_L_ref":8.817,"I_o_ref":1.17e-10,"R_s":0.33899999999999997,"R_sh_ref":426.73,"Adjust":11.52,"PTC":277.9,"pdc0":305.0,"gamma_pdc":-0.0040999999999999995,"gamma_r":-0.41}