{"Date":"04.02.2013","Version":"NRELv1","Technology":"Multi-c-Si","BIPV":"N","A_c":1.933,"N_s":72.0,"T_NOCT":47.1,"I_sc_ref":8.72,"V_oc_ref":45.5,"I_mp_ref":8.22,"V_mp_ref":36.5,"alpha_sc":0.005232,"beta_oc":-0.1638,"a_ref":1.9248,"I_L_ref":8.722000000000001,"I_o_ref":4.71e-10,"R_s":0.415,"R_sh_ref":1575.28,"Adjust":3.805,"PTC":268.2,"pdc0":300.0,"gamma_pdc":-0.0046,"gamma_r":-0.46}