{"Date":"11/18/2012","Version":"NRELv1","Technology":"Multi-c-Si","BIPV":"N","A_c":1.966,"N_s":72.0,"T_NOCT":46.9,"I_sc_ref":8.38,"V_oc_ref":44.5,"I_mp_ref":7.75,"V_mp_ref":35.6,"alpha_sc":0.00419,"beta_oc":-0.15575,"a_ref":1.9165,"I_L_ref":8.398,"I_o_ref":6.73e-10,"R_s":0.43200000000000005,"R_sh_ref":197.13,"Adjust":10.46,"PTC":244.1,"pdc0":275.0,"gamma_pdc":-0.0048,"gamma_r":-0.48}