{"Date":"04.02.2013","Version":"NRELv1","Technology":"Multi-c-Si","BIPV":"N","A_c":1.933,"N_s":72.0,"T_NOCT":47.9,"I_sc_ref":8.68,"V_oc_ref":45.5,"I_mp_ref":8.26,"V_mp_ref":36.9,"alpha_sc":0.004253,"beta_oc":-0.14515,"a_ref":1.9007,"I_L_ref":8.771,"I_o_ref":3.5000000000000003e-10,"R_s":0.365,"R_sh_ref":800.13,"Adjust":14.56,"PTC":271.8,"pdc0":305.0,"gamma_pdc":-0.00458,"gamma_r":-0.45799999999999996}