{"Date":"11.01.2013","Version":"NRELv1","Technology":"Multi-c-Si","BIPV":"N","A_c":1.966,"N_s":72.0,"T_NOCT":46.5,"I_sc_ref":8.9,"V_oc_ref":45.5,"I_mp_ref":8.45,"V_mp_ref":36.1,"alpha_sc":0.005607,"beta_oc":-0.14651,"a_ref":1.8935,"I_L_ref":8.994,"I_o_ref":3.28e-10,"R_s":0.46399999999999997,"R_sh_ref":812.54,"Adjust":12.5,"PTC":274.0,"pdc0":305.0,"gamma_pdc":-0.004529999999999999,"gamma_r":-0.45299999999999996}