{"Date":"12.07.2012","Version":"NRELv1","Technology":"Multi-c-Si","BIPV":"N","A_c":1.966,"N_s":72.0,"T_NOCT":46.1,"I_sc_ref":8.65,"V_oc_ref":45.3,"I_mp_ref":8.12,"V_mp_ref":36.4,"alpha_sc":0.006055,"beta_oc":-0.15402000000000002,"a_ref":1.9148,"I_L_ref":8.656,"I_o_ref":4.5600000000000003e-10,"R_s":0.41,"R_sh_ref":572.0,"Adjust":9.635,"PTC":265.5,"pdc0":295.0,"gamma_pdc":-0.0045000000000000005,"gamma_r":-0.45}