{"Date":"9/18/2014","Version":"NRELv1","Technology":"Multi-c-Si","BIPV":"N","A_c":1.915,"N_s":72.0,"T_NOCT":46.6,"I_sc_ref":8.65,"V_oc_ref":45.2,"I_mp_ref":8.33,"V_mp_ref":36.6,"alpha_sc":0.00519,"beta_oc":-0.1356,"a_ref":1.7891,"I_L_ref":8.829,"I_o_ref":9.350000000000001e-11,"R_s":0.392,"R_sh_ref":740.07,"Adjust":9.402000000000001,"PTC":277.7,"pdc0":305.0,"gamma_pdc":-0.004,"gamma_r":-0.4}