{"Date":"07.01.2013","Version":"NRELv1","Technology":"Multi-c-Si","BIPV":"N","A_c":1.966,"N_s":72.0,"T_NOCT":47.7,"I_sc_ref":8.65,"V_oc_ref":45.0,"I_mp_ref":8.2,"V_mp_ref":35.4,"alpha_sc":0.004239,"beta_oc":-0.14355,"a_ref":1.8513,"I_L_ref":8.743,"I_o_ref":2.41e-10,"R_s":0.519,"R_sh_ref":678.68,"Adjust":11.2,"PTC":258.2,"pdc0":290.0,"gamma_pdc":-0.00458,"gamma_r":-0.45799999999999996}