{"Date":"11.04.2014","Version":"NRELv1","Technology":"Multi-c-Si","BIPV":"N","A_c":1.956,"N_s":72.0,"T_NOCT":45.8,"I_sc_ref":8.91,"V_oc_ref":45.1,"I_mp_ref":8.36,"V_mp_ref":37.1,"alpha_sc":0.004455,"beta_oc":-0.1353,"a_ref":1.8102,"I_L_ref":8.919,"I_o_ref":1.33e-10,"R_s":0.305,"R_sh_ref":313.63,"Adjust":12.59,"PTC":282.6,"pdc0":310.0,"gamma_pdc":-0.0040999999999999995,"gamma_r":-0.41}