{"Date":"5/22/2012","Version":"NRELv1","Technology":"Mono-c-Si","BIPV":"N","A_c":1.2770000000000001,"N_s":72.0,"T_NOCT":47.1,"I_sc_ref":5.2,"V_oc_ref":45.0,"I_mp_ref":5.0,"V_mp_ref":36.0,"alpha_sc":0.001768,"beta_oc":-0.1476,"a_ref":1.8229,"I_L_ref":5.307,"I_o_ref":1e-10,"R_s":0.73,"R_sh_ref":1491.55,"Adjust":5.078,"PTC":161.0,"pdc0":180.0,"gamma_pdc":-0.00448,"gamma_r":-0.44799999999999995}