{"Date":"3/30/2011","Version":"MM107","Technology":"Multi-c-Si","BIPV":"N","A_c":1.2770000000000001,"N_s":72.0,"T_NOCT":47.7,"I_sc_ref":5.14,"V_oc_ref":43.7,"I_mp_ref":4.65,"V_mp_ref":35.5,"alpha_sc":0.00025699999999999996,"beta_oc":-0.14858,"a_ref":1.8419999999999999,"I_L_ref":5.1610000000000005,"I_o_ref":2.42e-10,"R_s":0.586,"R_sh_ref":145.94,"Adjust":9.4,"PTC":145.5,"pdc0":165.0,"gamma_pdc":-0.0048,"gamma_r":-0.48}