{"Date":"3/30/2011","Version":"MM107","Technology":"Mono-c-Si","BIPV":"N","A_c":1.2770000000000001,"N_s":72.0,"T_NOCT":47.1,"I_sc_ref":4.9,"V_oc_ref":43.5,"I_mp_ref":4.38,"V_mp_ref":35.4,"alpha_sc":0.001666,"beta_oc":-0.14268,"a_ref":1.8398,"I_L_ref":4.9239999999999995,"I_o_ref":2.46e-10,"R_s":0.595,"R_sh_ref":121.24,"Adjust":13.7,"PTC":138.1,"pdc0":155.0,"gamma_pdc":-0.00448,"gamma_r":-0.44799999999999995}