{"Date":"3/30/2011","Version":"MM107","Technology":"Mono-c-Si","BIPV":"N","A_c":1.2770000000000001,"N_s":72.0,"T_NOCT":45.9,"I_sc_ref":5.0,"V_oc_ref":43.5,"I_mp_ref":4.5,"V_mp_ref":35.6,"alpha_sc":0.00205,"beta_oc":-0.14094,"a_ref":1.8225,"I_L_ref":5.02,"I_o_ref":2.02e-10,"R_s":0.54,"R_sh_ref":132.57,"Adjust":13.0,"PTC":144.1,"pdc0":160.0,"gamma_pdc":-0.00434,"gamma_r":-0.434}