{"Date":"06.03.2011","Version":"MM107","Technology":"Mono-c-Si","BIPV":"N","A_c":1.2770000000000001,"N_s":72.0,"T_NOCT":45.9,"I_sc_ref":5.78,"V_oc_ref":44.8,"I_mp_ref":5.33,"V_mp_ref":35.8,"alpha_sc":0.00237,"beta_oc":-0.14515,"a_ref":1.8236,"I_L_ref":5.797000000000001,"I_o_ref":1.2e-10,"R_s":0.68,"R_sh_ref":227.65,"Adjust":7.0,"PTC":171.8,"pdc0":190.0,"gamma_pdc":-0.00434,"gamma_r":-0.434}