{"Date":"5/22/2012","Version":"NRELv1","Technology":"Mono-c-Si","BIPV":"N","A_c":1.2770000000000001,"N_s":72.0,"T_NOCT":45.9,"I_sc_ref":5.2,"V_oc_ref":45.0,"I_mp_ref":5.0,"V_mp_ref":36.0,"alpha_sc":0.002132,"beta_oc":-0.1458,"a_ref":1.8082,"I_L_ref":5.307,"I_o_ref":8.2e-11,"R_s":0.736,"R_sh_ref":1370.64,"Adjust":4.5889999999999995,"PTC":162.6,"pdc0":180.0,"gamma_pdc":-0.00434,"gamma_r":-0.434}