{"Date":"3/30/2011","Version":"MM107","Technology":"Mono-c-Si","BIPV":"N","A_c":1.2770000000000001,"N_s":72.0,"T_NOCT":45.9,"I_sc_ref":5.1,"V_oc_ref":44.0,"I_mp_ref":4.61,"V_mp_ref":35.8,"alpha_sc":0.002091,"beta_oc":-0.14256,"a_ref":1.8321,"I_L_ref":5.121,"I_o_ref":1.79e-10,"R_s":0.591,"R_sh_ref":143.53,"Adjust":11.7,"PTC":148.7,"pdc0":165.0,"gamma_pdc":-0.00434,"gamma_r":-0.434}