{"Date":"5/22/2012","Version":"NRELv1","Technology":"Mono-c-Si","BIPV":"N","A_c":1.2770000000000001,"N_s":72.0,"T_NOCT":45.9,"I_sc_ref":5.78,"V_oc_ref":44.8,"I_mp_ref":5.33,"V_mp_ref":35.8,"alpha_sc":0.00237,"beta_oc":-0.14515,"a_ref":1.8227,"I_L_ref":5.797000000000001,"I_o_ref":1.18e-10,"R_s":0.6809999999999999,"R_sh_ref":227.46,"Adjust":7.057,"PTC":171.8,"pdc0":190.0,"gamma_pdc":-0.00434,"gamma_r":-0.434}