{"Date":"5/22/2012","Version":"NRELv1","Technology":"Mono-c-Si","BIPV":"N","A_c":1.2770000000000001,"N_s":72.0,"T_NOCT":45.9,"I_sc_ref":5.23,"V_oc_ref":45.3,"I_mp_ref":5.12,"V_mp_ref":36.1,"alpha_sc":0.002144,"beta_oc":-0.14677,"a_ref":1.8167,"I_L_ref":5.446000000000001,"I_o_ref":8.01e-11,"R_s":0.755,"R_sh_ref":1007.52,"Adjust":4.191,"PTC":167.2,"pdc0":185.0,"gamma_pdc":-0.00434,"gamma_r":-0.434}