{"Date":"5/22/2012","Version":"NRELv1","Technology":"Mono-c-Si","BIPV":"N","A_c":1.2770000000000001,"N_s":72.0,"T_NOCT":47.1,"I_sc_ref":5.17,"V_oc_ref":44.8,"I_mp_ref":4.86,"V_mp_ref":36.0,"alpha_sc":0.0017579999999999998,"beta_oc":-0.14694000000000002,"a_ref":1.8233,"I_L_ref":5.1739999999999995,"I_o_ref":1.09e-10,"R_s":0.7070000000000001,"R_sh_ref":896.07,"Adjust":6.028,"PTC":156.4,"pdc0":175.0,"gamma_pdc":-0.00448,"gamma_r":-0.44799999999999995}