{"Date":"3/30/2011","Version":"MM107","Technology":"Mono-c-Si","BIPV":"N","A_c":1.2770000000000001,"N_s":72.0,"T_NOCT":47.1,"I_sc_ref":5.23,"V_oc_ref":45.3,"I_mp_ref":5.12,"V_mp_ref":36.1,"alpha_sc":0.001778,"beta_oc":-0.14858,"a_ref":1.8275,"I_L_ref":5.4110000000000005,"I_o_ref":9.290000000000001e-11,"R_s":0.753,"R_sh_ref":100000.0,"Adjust":4.1,"PTC":165.6,"pdc0":185.0,"gamma_pdc":-0.00448,"gamma_r":-0.44799999999999995}