{"Date":"3/30/2011","Version":"MM107","Technology":"Mono-c-Si","BIPV":"N","A_c":1.494,"N_s":54.0,"T_NOCT":46.7,"I_sc_ref":7.93,"V_oc_ref":32.8,"I_mp_ref":7.17,"V_mp_ref":26.5,"alpha_sc":0.003172,"beta_oc":-0.10758,"a_ref":1.4217,"I_L_ref":7.962000000000001,"I_o_ref":7.18e-10,"R_s":0.29600000000000004,"R_sh_ref":72.71,"Adjust":19.1,"PTC":168.5,"pdc0":190.0,"gamma_pdc":-0.0047799999999999995,"gamma_r":-0.478}