{"Date":"3/30/2011","Version":"MM107","Technology":"Multi-c-Si","BIPV":"N","A_c":1.494,"N_s":54.0,"T_NOCT":47.0,"I_sc_ref":7.72,"V_oc_ref":32.4,"I_mp_ref":6.8,"V_mp_ref":26.5,"alpha_sc":0.003011,"beta_oc":-0.10497999999999999,"a_ref":1.4265,"I_L_ref":7.76,"I_o_ref":9.66e-10,"R_s":0.243,"R_sh_ref":46.92,"Adjust":23.9,"PTC":159.5,"pdc0":180.0,"gamma_pdc":-0.004699999999999999,"gamma_r":-0.47}