{"Date":"3/30/2011","Version":"MM107","Technology":"Multi-c-Si","BIPV":"N","A_c":1.494,"N_s":54.0,"T_NOCT":47.0,"I_sc_ref":8.35,"V_oc_ref":32.9,"I_mp_ref":7.6,"V_mp_ref":27.0,"alpha_sc":0.003257,"beta_oc":-0.1066,"a_ref":1.4201,"I_L_ref":8.374,"I_o_ref":6.91e-10,"R_s":0.221,"R_sh_ref":78.51,"Adjust":19.7,"PTC":182.3,"pdc0":205.0,"gamma_pdc":-0.004699999999999999,"gamma_r":-0.47}