{"Date":"3/30/2011","Version":"MM107","Technology":"Mono-c-Si","BIPV":"N","A_c":1.494,"N_s":54.0,"T_NOCT":46.7,"I_sc_ref":7.86,"V_oc_ref":32.7,"I_mp_ref":7.0,"V_mp_ref":26.4,"alpha_sc":0.003144,"beta_oc":-0.10726,"a_ref":1.4309,"I_L_ref":7.903,"I_o_ref":8.690000000000001e-10,"R_s":0.299,"R_sh_ref":55.17,"Adjust":21.1,"PTC":164.0,"pdc0":185.0,"gamma_pdc":-0.0047799999999999995,"gamma_r":-0.478}