{"Date":"3/30/2011","Version":"MM107","Technology":"Mono-c-Si","BIPV":"N","A_c":1.494,"N_s":54.0,"T_NOCT":46.7,"I_sc_ref":8.26,"V_oc_ref":33.1,"I_mp_ref":7.65,"V_mp_ref":26.8,"alpha_sc":0.003304,"beta_oc":-0.10857,"a_ref":1.4155,"I_L_ref":8.276,"I_o_ref":5.62e-10,"R_s":0.281,"R_sh_ref":147.72,"Adjust":16.3,"PTC":182.2,"pdc0":205.0,"gamma_pdc":-0.0047799999999999995,"gamma_r":-0.478}