{"Date":"3/30/2011","Version":"MM107","Technology":"Mono-c-Si","BIPV":"N","A_c":1.494,"N_s":54.0,"T_NOCT":46.7,"I_sc_ref":8.12,"V_oc_ref":32.9,"I_mp_ref":7.33,"V_mp_ref":26.6,"alpha_sc":0.0032479999999999996,"beta_oc":-0.10790999999999999,"a_ref":1.4280000000000002,"I_L_ref":8.154,"I_o_ref":7.580000000000001e-10,"R_s":0.287,"R_sh_ref":68.78,"Adjust":19.4,"PTC":173.1,"pdc0":195.0,"gamma_pdc":-0.0047799999999999995,"gamma_r":-0.478}