{"Date":"3/30/2011","Version":"MM107","Technology":"Mono-c-Si","BIPV":"N","A_c":1.494,"N_s":54.0,"T_NOCT":46.7,"I_sc_ref":8.32,"V_oc_ref":33.2,"I_mp_ref":7.81,"V_mp_ref":26.9,"alpha_sc":0.0033280000000000002,"beta_oc":-0.1089,"a_ref":1.4088,"I_L_ref":8.326,"I_o_ref":4.8e-10,"R_s":0.27899999999999997,"R_sh_ref":390.13,"Adjust":14.7,"PTC":186.7,"pdc0":210.0,"gamma_pdc":-0.0047799999999999995,"gamma_r":-0.478}