{"Date":"3/30/2011","Version":"MM107","Technology":"Mono-c-Si","BIPV":"N","A_c":1.494,"N_s":54.0,"T_NOCT":46.7,"I_sc_ref":8.19,"V_oc_ref":33.0,"I_mp_ref":7.49,"V_mp_ref":26.7,"alpha_sc":0.003276,"beta_oc":-0.10824,"a_ref":1.4214,"I_L_ref":8.215,"I_o_ref":6.5e-10,"R_s":0.284,"R_sh_ref":94.04,"Adjust":17.8,"PTC":177.6,"pdc0":200.0,"gamma_pdc":-0.0047799999999999995,"gamma_r":-0.478}