{"Date":"05.05.2011","Version":"MM107","Technology":"Mono-c-Si","BIPV":"N","A_c":1.494,"N_s":54.0,"T_NOCT":46.7,"I_sc_ref":7.78,"V_oc_ref":32.6,"I_mp_ref":6.84,"V_mp_ref":26.3,"alpha_sc":0.003112,"beta_oc":-0.10693,"a_ref":1.4381,"I_L_ref":7.831,"I_o_ref":1.02e-09,"R_s":0.302,"R_sh_ref":46.02,"Adjust":22.8,"PTC":159.4,"pdc0":180.0,"gamma_pdc":-0.0047799999999999995,"gamma_r":-0.478}