{"Date":"3/30/2011","Version":"MM107","Technology":"Mono-c-Si","BIPV":"N","A_c":1.652,"N_s":60.0,"T_NOCT":46.1,"I_sc_ref":8.14,"V_oc_ref":35.8,"I_mp_ref":7.55,"V_mp_ref":28.5,"alpha_sc":0.001791,"beta_oc":-0.12136,"a_ref":1.4535,"I_L_ref":8.158999999999999,"I_o_ref":1.6000000000000002e-10,"R_s":0.402,"R_sh_ref":168.53,"Adjust":2.0,"PTC":192.6,"pdc0":215.0,"gamma_pdc":-0.00454,"gamma_r":-0.45399999999999996}