{"Date":"5/22/2012","Version":"NRELv1","Technology":"Multi-c-Si","BIPV":"N","A_c":1.652,"N_s":60.0,"T_NOCT":45.3,"I_sc_ref":8.64,"V_oc_ref":37.1,"I_mp_ref":8.08,"V_mp_ref":30.3,"alpha_sc":0.004752,"beta_oc":-0.12057999999999999,"a_ref":1.5581,"I_L_ref":8.649,"I_o_ref":3.88e-10,"R_s":0.271,"R_sh_ref":255.02,"Adjust":13.46,"PTC":221.5,"pdc0":245.0,"gamma_pdc":-0.00448,"gamma_r":-0.44799999999999995}