{"Date":"3/30/2011","Version":"MM107","Technology":"Multi-c-Si","BIPV":"N","A_c":1.652,"N_s":60.0,"T_NOCT":45.9,"I_sc_ref":8.49,"V_oc_ref":36.9,"I_mp_ref":7.93,"V_mp_ref":29.0,"alpha_sc":0.0062829999999999995,"beta_oc":-0.12472000000000001,"a_ref":1.5622,"I_L_ref":8.5,"I_o_ref":4.63e-10,"R_s":0.43200000000000005,"R_sh_ref":360.1,"Adjust":10.4,"PTC":206.4,"pdc0":230.0,"gamma_pdc":-0.0045899999999999995,"gamma_r":-0.45899999999999996}