{"Date":"5/22/2012","Version":"NRELv1","Technology":"Multi-c-Si","BIPV":"N","A_c":1.652,"N_s":60.0,"T_NOCT":45.9,"I_sc_ref":8.8,"V_oc_ref":37.5,"I_mp_ref":8.25,"V_mp_ref":29.7,"alpha_sc":0.006512,"beta_oc":-0.12675,"a_ref":1.5905,"I_L_ref":8.807,"I_o_ref":5.03e-10,"R_s":0.391,"R_sh_ref":513.28,"Adjust":10.97,"PTC":220.2,"pdc0":245.0,"gamma_pdc":-0.0045899999999999995,"gamma_r":-0.45899999999999996}