{"Date":"3/30/2011","Version":"MM107","Technology":"Mono-c-Si","BIPV":"N","A_c":1.652,"N_s":60.0,"T_NOCT":46.1,"I_sc_ref":8.76,"V_oc_ref":37.2,"I_mp_ref":8.09,"V_mp_ref":30.3,"alpha_sc":0.001927,"beta_oc":-0.12611,"a_ref":1.5346,"I_L_ref":8.78,"I_o_ref":2.52e-10,"R_s":0.28800000000000003,"R_sh_ref":126.35,"Adjust":5.2,"PTC":220.3,"pdc0":245.0,"gamma_pdc":-0.00454,"gamma_r":-0.45399999999999996}