{"Date":"3/30/2011","Version":"MM107","Technology":"Multi-c-Si","BIPV":"N","A_c":1.652,"N_s":60.0,"T_NOCT":45.9,"I_sc_ref":7.94,"V_oc_ref":35.9,"I_mp_ref":7.38,"V_mp_ref":27.8,"alpha_sc":0.005876,"beta_oc":-0.12134,"a_ref":1.5107,"I_L_ref":7.955,"I_o_ref":3.7400000000000005e-10,"R_s":0.517,"R_sh_ref":273.31,"Adjust":9.1,"PTC":183.4,"pdc0":205.0,"gamma_pdc":-0.0045899999999999995,"gamma_r":-0.45899999999999996}