{"Date":"3/30/2011","Version":"MM107","Technology":"Mono-c-Si","BIPV":"N","A_c":1.652,"N_s":60.0,"T_NOCT":45.4,"I_sc_ref":8.16,"V_oc_ref":36.8,"I_mp_ref":7.48,"V_mp_ref":30.1,"alpha_sc":0.003019,"beta_oc":-0.12475,"a_ref":1.5414,"I_L_ref":8.182,"I_o_ref":3.3500000000000003e-10,"R_s":0.281,"R_sh_ref":105.78,"Adjust":8.1,"PTC":202.9,"pdc0":225.0,"gamma_pdc":-0.00447,"gamma_r":-0.447}