{"Date":"3/30/2011","Version":"MM107","Technology":"Mono-c-Si","BIPV":"N","A_c":1.652,"N_s":60.0,"T_NOCT":45.4,"I_sc_ref":7.8,"V_oc_ref":36.4,"I_mp_ref":7.05,"V_mp_ref":29.8,"alpha_sc":0.002886,"beta_oc":-0.1234,"a_ref":1.5393,"I_L_ref":7.827999999999999,"I_o_ref":3.9600000000000003e-10,"R_s":0.284,"R_sh_ref":77.99,"Adjust":10.0,"PTC":189.1,"pdc0":210.0,"gamma_pdc":-0.00447,"gamma_r":-0.447}