{"Date":"3/30/2011","Version":"MM107","Technology":"Mono-c-Si","BIPV":"N","A_c":1.652,"N_s":60.0,"T_NOCT":45.4,"I_sc_ref":8.1,"V_oc_ref":36.6,"I_mp_ref":7.34,"V_mp_ref":30.0,"alpha_sc":0.002997,"beta_oc":-0.12407,"a_ref":1.5461,"I_L_ref":8.127,"I_o_ref":4.02e-10,"R_s":0.26899999999999996,"R_sh_ref":79.57,"Adjust":9.8,"PTC":198.3,"pdc0":220.0,"gamma_pdc":-0.00447,"gamma_r":-0.447}