{"Date":"5/22/2012","Version":"NRELv1","Technology":"Multi-c-Si","BIPV":"N","A_c":1.652,"N_s":60.0,"T_NOCT":45.9,"I_sc_ref":8.72,"V_oc_ref":37.3,"I_mp_ref":8.14,"V_mp_ref":29.5,"alpha_sc":0.006453,"beta_oc":-0.12607000000000002,"a_ref":1.5846,"I_L_ref":8.731,"I_o_ref":5.15e-10,"R_s":0.39899999999999997,"R_sh_ref":312.04,"Adjust":11.28,"PTC":215.6,"pdc0":240.0,"gamma_pdc":-0.0045899999999999995,"gamma_r":-0.45899999999999996}