{"Date":"3/30/2011","Version":"MM107","Technology":"Multi-c-Si","BIPV":"N","A_c":1.652,"N_s":60.0,"T_NOCT":45.9,"I_sc_ref":7.82,"V_oc_ref":35.7,"I_mp_ref":7.25,"V_mp_ref":27.6,"alpha_sc":0.005787,"beta_oc":-0.12067,"a_ref":1.5024,"I_L_ref":7.837999999999999,"I_o_ref":3.6799999999999997e-10,"R_s":0.53,"R_sh_ref":231.36,"Adjust":9.1,"PTC":178.9,"pdc0":200.0,"gamma_pdc":-0.0045899999999999995,"gamma_r":-0.45899999999999996}