{"Date":"3/30/2011","Version":"MM107","Technology":"Mono-c-Si","BIPV":"N","A_c":1.652,"N_s":60.0,"T_NOCT":46.1,"I_sc_ref":8.66,"V_oc_ref":37.0,"I_mp_ref":7.98,"V_mp_ref":30.1,"alpha_sc":0.001905,"beta_oc":-0.12542999999999999,"a_ref":1.5272,"I_L_ref":8.682,"I_o_ref":2.52e-10,"R_s":0.295,"R_sh_ref":117.84,"Adjust":5.3,"PTC":215.6,"pdc0":240.0,"gamma_pdc":-0.00454,"gamma_r":-0.45399999999999996}