{"Date":"5/22/2012","Version":"NRELv1","Technology":"Multi-c-Si","BIPV":"N","A_c":1.652,"N_s":60.0,"T_NOCT":45.3,"I_sc_ref":8.34,"V_oc_ref":36.8,"I_mp_ref":7.67,"V_mp_ref":30.0,"alpha_sc":0.004587,"beta_oc":-0.1196,"a_ref":1.5593,"I_L_ref":8.36,"I_o_ref":4.53e-10,"R_s":0.285,"R_sh_ref":117.68,"Adjust":15.28,"PTC":207.6,"pdc0":230.0,"gamma_pdc":-0.00448,"gamma_r":-0.44799999999999995}