{"Date":"3/30/2011","Version":"MM107","Technology":"Mono-c-Si","BIPV":"N","A_c":1.652,"N_s":60.0,"T_NOCT":45.4,"I_sc_ref":7.5,"V_oc_ref":36.2,"I_mp_ref":6.76,"V_mp_ref":29.6,"alpha_sc":0.002775,"beta_oc":-0.12272000000000001,"a_ref":1.5324,"I_L_ref":7.529,"I_o_ref":3.8899999999999995e-10,"R_s":0.299,"R_sh_ref":76.42,"Adjust":10.2,"PTC":179.9,"pdc0":200.0,"gamma_pdc":-0.00447,"gamma_r":-0.447}