{"Date":"3/30/2011","Version":"MM107","Technology":"Mono-c-Si","BIPV":"N","A_c":1.652,"N_s":60.0,"T_NOCT":45.4,"I_sc_ref":8.52,"V_oc_ref":37.1,"I_mp_ref":7.92,"V_mp_ref":30.3,"alpha_sc":0.003152,"beta_oc":-0.12577,"a_ref":1.5398,"I_L_ref":8.533999999999999,"I_o_ref":2.86e-10,"R_s":0.281,"R_sh_ref":172.58,"Adjust":6.3,"PTC":216.8,"pdc0":240.0,"gamma_pdc":-0.00447,"gamma_r":-0.447}