{"Date":"5/22/2012","Version":"NRELv1","Technology":"Multi-c-Si","BIPV":"N","A_c":1.652,"N_s":60.0,"T_NOCT":45.9,"I_sc_ref":8.49,"V_oc_ref":36.9,"I_mp_ref":7.93,"V_mp_ref":29.0,"alpha_sc":0.0062829999999999995,"beta_oc":-0.12472000000000001,"a_ref":1.5612,"I_L_ref":8.5,"I_o_ref":4.5600000000000003e-10,"R_s":0.433,"R_sh_ref":358.78,"Adjust":10.43,"PTC":206.4,"pdc0":230.0,"gamma_pdc":-0.0045899999999999995,"gamma_r":-0.45899999999999996}