{"Date":"3/30/2011","Version":"MM107","Technology":"Mono-c-Si","BIPV":"N","A_c":1.652,"N_s":60.0,"T_NOCT":46.1,"I_sc_ref":7.8,"V_oc_ref":35.2,"I_mp_ref":7.17,"V_mp_ref":27.9,"alpha_sc":0.001716,"beta_oc":-0.11932999999999999,"a_ref":1.4331,"I_L_ref":7.827999999999999,"I_o_ref":1.6199999999999998e-10,"R_s":0.433,"R_sh_ref":121.46,"Adjust":2.5,"PTC":178.9,"pdc0":200.0,"gamma_pdc":-0.00454,"gamma_r":-0.45399999999999996}