{"Date":"3/30/2011","Version":"MM107","Technology":"Mono-c-Si","BIPV":"N","A_c":1.652,"N_s":60.0,"T_NOCT":45.4,"I_sc_ref":8.6,"V_oc_ref":37.2,"I_mp_ref":8.06,"V_mp_ref":30.4,"alpha_sc":0.003182,"beta_oc":-0.12611,"a_ref":1.5368,"I_L_ref":8.607999999999999,"I_o_ref":2.6e-10,"R_s":0.27699999999999997,"R_sh_ref":286.47,"Adjust":5.4,"PTC":221.4,"pdc0":245.0,"gamma_pdc":-0.00447,"gamma_r":-0.447}