{"Date":"3/30/2011","Version":"MM107","Technology":"Mono-c-Si","BIPV":"N","A_c":1.652,"N_s":60.0,"T_NOCT":45.4,"I_sc_ref":8.31,"V_oc_ref":36.9,"I_mp_ref":7.62,"V_mp_ref":30.2,"alpha_sc":0.003075,"beta_oc":-0.12509,"a_ref":1.5463,"I_L_ref":8.332,"I_o_ref":3.4500000000000005e-10,"R_s":0.27399999999999997,"R_sh_ref":105.09,"Adjust":8.2,"PTC":207.5,"pdc0":230.0,"gamma_pdc":-0.00447,"gamma_r":-0.447}