{"Date":"3/30/2011","Version":"MM107","Technology":"Mono-c-Si","BIPV":"N","A_c":1.652,"N_s":60.0,"T_NOCT":46.1,"I_sc_ref":8.02,"V_oc_ref":35.6,"I_mp_ref":7.43,"V_mp_ref":28.3,"alpha_sc":0.0017640000000000002,"beta_oc":-0.12068,"a_ref":1.4454,"I_L_ref":8.04,"I_o_ref":1.5699999999999997e-10,"R_s":0.41200000000000003,"R_sh_ref":161.79,"Adjust":2.0,"PTC":188.1,"pdc0":210.0,"gamma_pdc":-0.00454,"gamma_r":-0.45399999999999996}