{"Date":"3/30/2011","Version":"MM107","Technology":"Mono-c-Si","BIPV":"N","A_c":1.652,"N_s":60.0,"T_NOCT":45.4,"I_sc_ref":8.42,"V_oc_ref":37.0,"I_mp_ref":7.76,"V_mp_ref":30.3,"alpha_sc":0.0031149999999999997,"beta_oc":-0.12542999999999999,"a_ref":1.5458,"I_L_ref":8.439,"I_o_ref":3.27e-10,"R_s":0.26899999999999996,"R_sh_ref":121.72,"Adjust":7.6,"PTC":212.2,"pdc0":235.0,"gamma_pdc":-0.00447,"gamma_r":-0.447}