{"Date":"5/22/2012","Version":"NRELv1","Technology":"Multi-c-Si","BIPV":"N","A_c":1.966,"N_s":72.0,"T_NOCT":45.8,"I_sc_ref":8.2,"V_oc_ref":44.0,"I_mp_ref":7.5,"V_mp_ref":36.0,"alpha_sc":0.004494,"beta_oc":-0.1525,"a_ref":1.8887,"I_L_ref":8.222000000000001,"I_o_ref":6e-10,"R_s":0.321,"R_sh_ref":121.74,"Adjust":10.71,"PTC":242.8,"pdc0":270.0,"gamma_pdc":-0.00452,"gamma_r":-0.452}