{"Date":"3/30/2011","Version":"MM107","Technology":"Multi-c-Si","BIPV":"N","A_c":1.966,"N_s":72.0,"T_NOCT":46.1,"I_sc_ref":8.5,"V_oc_ref":44.7,"I_mp_ref":7.99,"V_mp_ref":36.3,"alpha_sc":0.004658,"beta_oc":-0.15492999999999998,"a_ref":1.8798,"I_L_ref":8.505,"I_o_ref":3.9699999999999997e-10,"R_s":0.36,"R_sh_ref":564.6,"Adjust":6.5,"PTC":260.8,"pdc0":290.0,"gamma_pdc":-0.00452,"gamma_r":-0.452}