{"Date":"3/30/2011","Version":"MM107","Technology":"Multi-c-Si","BIPV":"N","A_c":1.966,"N_s":72.0,"T_NOCT":46.1,"I_sc_ref":8.45,"V_oc_ref":44.5,"I_mp_ref":7.87,"V_mp_ref":36.2,"alpha_sc":0.004631000000000001,"beta_oc":-0.15424000000000002,"a_ref":1.8839,"I_L_ref":8.462,"I_o_ref":4.5699999999999997e-10,"R_s":0.35,"R_sh_ref":249.46,"Adjust":7.8,"PTC":256.2,"pdc0":285.0,"gamma_pdc":-0.00452,"gamma_r":-0.452}