{"Date":"3/30/2011","Version":"MM107","Technology":"Multi-c-Si","BIPV":"N","A_c":1.966,"N_s":72.0,"T_NOCT":45.8,"I_sc_ref":8.15,"V_oc_ref":43.8,"I_mp_ref":7.38,"V_mp_ref":35.9,"alpha_sc":0.0044659999999999995,"beta_oc":-0.15181,"a_ref":1.8949,"I_L_ref":8.176,"I_o_ref":7.059999999999999e-10,"R_s":0.308,"R_sh_ref":95.35,"Adjust":12.1,"PTC":238.2,"pdc0":265.0,"gamma_pdc":-0.00452,"gamma_r":-0.452}