{"Date":"3/30/2011","Version":"MM107","Technology":"Multi-c-Si","BIPV":"N","A_c":1.966,"N_s":72.0,"T_NOCT":46.1,"I_sc_ref":8.4,"V_oc_ref":44.3,"I_mp_ref":7.76,"V_mp_ref":36.1,"alpha_sc":0.004603,"beta_oc":-0.15354,"a_ref":1.8859,"I_L_ref":8.417,"I_o_ref":5.13e-10,"R_s":0.33899999999999997,"R_sh_ref":167.72,"Adjust":8.9,"PTC":251.6,"pdc0":280.0,"gamma_pdc":-0.00452,"gamma_r":-0.452}