{"Date":"04.02.2013","Version":"NRELv1","Technology":"Mono-c-Si","BIPV":"N","A_c":1.2770000000000001,"N_s":72.0,"T_NOCT":47.2,"I_sc_ref":5.67,"V_oc_ref":45.4,"I_mp_ref":5.3,"V_mp_ref":36.8,"alpha_sc":0.003918,"beta_oc":-0.17919000000000002,"a_ref":1.9255,"I_L_ref":5.676,"I_o_ref":3.21e-10,"R_s":0.557,"R_sh_ref":506.23,"Adjust":-5.087,"PTC":175.3,"pdc0":195.0,"gamma_pdc":-0.00435,"gamma_r":-0.435}