{"Date":"04.02.2013","Version":"NRELv1","Technology":"Mono-c-Si","BIPV":"N","A_c":1.681,"N_s":96.0,"T_NOCT":47.3,"I_sc_ref":5.66,"V_oc_ref":60.5,"I_mp_ref":5.1,"V_mp_ref":50.0,"alpha_sc":0.0036049999999999997,"beta_oc":-0.23293000000000003,"a_ref":2.6334,"I_L_ref":5.6770000000000005,"I_o_ref":5.6e-10,"R_s":0.516,"R_sh_ref":170.27,"Adjust":2.008,"PTC":229.2,"pdc0":255.0,"gamma_pdc":-0.00433,"gamma_r":-0.433}