{"Date":"04.02.2013","Version":"NRELv1","Technology":"Mono-c-Si","BIPV":"N","A_c":1.2770000000000001,"N_s":72.0,"T_NOCT":47.2,"I_sc_ref":5.8,"V_oc_ref":45.6,"I_mp_ref":5.42,"V_mp_ref":36.9,"alpha_sc":0.004007999999999999,"beta_oc":-0.17998,"a_ref":1.9323,"I_L_ref":5.807,"I_o_ref":3.2199999999999997e-10,"R_s":0.561,"R_sh_ref":491.61,"Adjust":-5.242999999999999,"PTC":179.9,"pdc0":200.0,"gamma_pdc":-0.00435,"gamma_r":-0.435}