{"Date":"04.02.2013","Version":"NRELv1","Technology":"Mono-c-Si","BIPV":"N","A_c":1.681,"N_s":72.0,"T_NOCT":47.3,"I_sc_ref":5.5,"V_oc_ref":59.7,"I_mp_ref":4.99,"V_mp_ref":49.1,"alpha_sc":0.0035039999999999997,"beta_oc":-0.22985,"a_ref":2.5787,"I_L_ref":5.516,"I_o_ref":4.6e-10,"R_s":0.586,"R_sh_ref":199.8,"Adjust":0.6033,"PTC":220.0,"pdc0":245.0,"gamma_pdc":-0.00433,"gamma_r":-0.433}