{"Date":"04.02.2013","Version":"NRELv1","Technology":"Mono-c-Si","BIPV":"N","A_c":1.2770000000000001,"N_s":72.0,"T_NOCT":47.2,"I_sc_ref":5.43,"V_oc_ref":45.0,"I_mp_ref":5.09,"V_mp_ref":36.4,"alpha_sc":0.003752,"beta_oc":-0.17762,"a_ref":1.9028,"I_L_ref":5.435,"I_o_ref":2.88e-10,"R_s":0.595,"R_sh_ref":689.2,"Adjust":-5.608,"PTC":166.1,"pdc0":185.0,"gamma_pdc":-0.00435,"gamma_r":-0.435}