{"Date":"04.02.2013","Version":"NRELv1","Technology":"Mono-c-Si","BIPV":"N","A_c":1.681,"N_s":96.0,"T_NOCT":47.3,"I_sc_ref":5.72,"V_oc_ref":61.1,"I_mp_ref":5.15,"V_mp_ref":50.5,"alpha_sc":0.0036439999999999997,"beta_oc":-0.23524,"a_ref":2.6611,"I_L_ref":5.7379999999999995,"I_o_ref":5.74e-10,"R_s":0.514,"R_sh_ref":167.64,"Adjust":2.117,"PTC":233.8,"pdc0":260.0,"gamma_pdc":-0.00433,"gamma_r":-0.433}