{"Date":"04.02.2013","Version":"NRELv1","Technology":"Multi-c-Si","BIPV":"N","A_c":1.94,"N_s":72.0,"T_NOCT":45.6,"I_sc_ref":8.85,"V_oc_ref":44.7,"I_mp_ref":7.92,"V_mp_ref":36.0,"alpha_sc":0.008159999999999999,"beta_oc":-0.1969,"a_ref":2.0018,"I_L_ref":8.892999999999999,"I_o_ref":1.66e-09,"R_s":0.363,"R_sh_ref":74.57,"Adjust":-6.504,"PTC":258.2,"pdc0":285.0,"gamma_pdc":-0.004320000000000001,"gamma_r":-0.43200000000000005}