{"Date":"04.02.2013","Version":"NRELv1","Technology":"Mono-c-Si","BIPV":"N","A_c":1.94,"N_s":72.0,"T_NOCT":47.3,"I_sc_ref":8.41,"V_oc_ref":45.5,"I_mp_ref":7.74,"V_mp_ref":36.8,"alpha_sc":0.0064,"beta_oc":-0.1977,"a_ref":1.9809999999999999,"I_L_ref":8.43,"I_o_ref":8.63e-10,"R_s":0.377,"R_sh_ref":158.97,"Adjust":-9.642999999999999,"PTC":255.5,"pdc0":285.0,"gamma_pdc":-0.00439,"gamma_r":-0.439}