{"Date":"04.02.2013","Version":"NRELv1","Technology":"Multi-c-Si","BIPV":"N","A_c":1.6269999999999998,"N_s":60.0,"T_NOCT":47.0,"I_sc_ref":8.47,"V_oc_ref":36.9,"I_mp_ref":7.89,"V_mp_ref":29.8,"alpha_sc":0.007462000000000001,"beta_oc":-0.16103,"a_ref":1.6106,"I_L_ref":8.481,"I_o_ref":9.339999999999999e-10,"R_s":0.308,"R_sh_ref":241.96,"Adjust":-9.675,"PTC":211.0,"pdc0":235.0,"gamma_pdc":-0.004370000000000001,"gamma_r":-0.43700000000000006}