{"Date":"04.02.2013","Version":"NRELv1","Technology":"Multi-c-Si","BIPV":"N","A_c":1.6269999999999998,"N_s":60.0,"T_NOCT":47.0,"I_sc_ref":8.69,"V_oc_ref":37.4,"I_mp_ref":8.12,"V_mp_ref":30.2,"alpha_sc":0.0076560000000000005,"beta_oc":-0.16321,"a_ref":1.6291,"I_L_ref":8.699,"I_o_ref":9.18e-10,"R_s":0.305,"R_sh_ref":305.74,"Adjust":-10.0,"PTC":220.3,"pdc0":245.0,"gamma_pdc":-0.004370000000000001,"gamma_r":-0.43700000000000006}