{"Date":"04.02.2013","Version":"NRELv1","Technology":"Multi-c-Si","BIPV":"N","A_c":1.94,"N_s":72.0,"T_NOCT":45.6,"I_sc_ref":8.89,"V_oc_ref":44.9,"I_mp_ref":7.97,"V_mp_ref":36.4,"alpha_sc":0.008197,"beta_oc":-0.19779000000000002,"a_ref":2.0172,"I_L_ref":8.927999999999999,"I_o_ref":1.8e-09,"R_s":0.327,"R_sh_ref":76.72,"Adjust":-5.943,"PTC":262.8,"pdc0":290.0,"gamma_pdc":-0.004320000000000001,"gamma_r":-0.43200000000000005}