{"Technology":"Mono-c-Si","BIPV":"N","A_c":1.9380000000000002,"N_s":72.0,"T_NOCT":45.2,"PTC":280.7,"pdc0":305.0,"gamma_pdc":-0.00379}