{"Date":"12/23/2014","Version":"NRELv1","Technology":"Multi-c-Si","BIPV":"N","A_c":1.6380000000000001,"N_s":60.0,"T_NOCT":46.2,"I_sc_ref":8.64,"V_oc_ref":37.86,"I_mp_ref":8.19,"V_mp_ref":31.86,"alpha_sc":0.00432,"beta_oc":-0.11737,"a_ref":1.5645,"I_L_ref":8.641,"I_o_ref":2.66e-10,"R_s":0.155,"R_sh_ref":969.1,"Adjust":15.45,"PTC":235.4,"pdc0":260.0,"gamma_pdc":-0.0043,"gamma_r":-0.43}