{"Date":"03.04.2010","Version":"MM107","Technology":"Multi-c-Si","BIPV":"N","A_c":1.485,"N_s":54.0,"T_NOCT":46.0,"I_sc_ref":8.58,"V_oc_ref":33.2,"I_mp_ref":7.9,"V_mp_ref":26.6,"alpha_sc":0.001716,"beta_oc":-0.10955999999999999,"a_ref":1.3202,"I_L_ref":8.607999999999999,"I_o_ref":9.92e-11,"R_s":0.33799999999999997,"R_sh_ref":102.61,"Adjust":0.5,"PTC":189.8,"pdc0":210.0,"gamma_pdc":-0.0043,"gamma_r":-0.43}