{"Date":"12.01.2011","Version":"NRELv1","Technology":"Multi-c-Si","BIPV":"N","A_c":1.619,"N_s":60.0,"T_NOCT":48.2,"I_sc_ref":8.38,"V_oc_ref":36.6,"I_mp_ref":7.87,"V_mp_ref":29.2,"alpha_sc":0.005028,"beta_oc":-0.12444000000000001,"a_ref":1.5267,"I_L_ref":8.386000000000001,"I_o_ref":3.2199999999999997e-10,"R_s":0.377,"R_sh_ref":528.08,"Adjust":6.997000000000001,"PTC":204.4,"pdc0":230.0,"gamma_pdc":-0.0045000000000000005,"gamma_r":-0.45}