{"Date":"7/13/2009","Version":"MM106","Technology":"Mono-c-Si","BIPV":"N","A_c":1.2770000000000001,"N_s":72.0,"T_NOCT":49.9,"I_sc_ref":5.04,"V_oc_ref":43.6,"I_mp_ref":4.74,"V_mp_ref":34.8,"alpha_sc":0.002822,"beta_oc":-0.15609,"a_ref":1.9011,"I_L_ref":5.041,"I_o_ref":5.5e-10,"R_s":0.7070000000000001,"R_sh_ref":2424.82,"Adjust":10.4,"PTC":142.8,"pdc0":165.0,"gamma_pdc":-0.00498,"gamma_r":-0.498}