{"Date":"12.01.2011","Version":"NRELv1","Technology":"Mono-c-Si","BIPV":"N","A_c":1.2770000000000001,"N_s":72.0,"T_NOCT":45.8,"I_sc_ref":5.69,"V_oc_ref":45.4,"I_mp_ref":5.33,"V_mp_ref":36.6,"alpha_sc":0.00313,"beta_oc":-0.14800000000000002,"a_ref":1.869,"I_L_ref":5.696000000000001,"I_o_ref":1.5800000000000002e-10,"R_s":0.619,"R_sh_ref":566.97,"Adjust":8.829,"PTC":176.5,"pdc0":195.0,"gamma_pdc":-0.00436,"gamma_r":-0.436}