{"Date":"08.01.2013","Version":"NRELv1","Technology":"Multi-c-Si","BIPV":"N","A_c":1.2770000000000001,"N_s":72.0,"T_NOCT":48.8,"I_sc_ref":8.48,"V_oc_ref":36.2,"I_mp_ref":7.86,"V_mp_ref":30.5,"alpha_sc":0.0050880000000000005,"beta_oc":-0.13032,"a_ref":1.639,"I_L_ref":8.486,"I_o_ref":2.1100000000000004e-09,"R_s":0.106,"R_sh_ref":155.02,"Adjust":17.61,"PTC":212.4,"pdc0":240.0,"gamma_pdc":-0.0049,"gamma_r":-0.49}