{"Date":"12.01.2011","Version":"NRELv1","Technology":"Multi-c-Si","BIPV":"N","A_c":1.6569999999999998,"N_s":60.0,"T_NOCT":48.9,"I_sc_ref":8.74,"V_oc_ref":37.2,"I_mp_ref":8.22,"V_mp_ref":30.4,"alpha_sc":0.006992,"beta_oc":-0.13764,"a_ref":1.6548,"I_L_ref":8.743,"I_o_ref":1.5e-09,"R_s":0.243,"R_sh_ref":696.05,"Adjust":10.69,"PTC":219.9,"pdc0":250.0,"gamma_pdc":-0.0048,"gamma_r":-0.48}