{"Date":"12.01.2011","Version":"NRELv1","Technology":"Multi-c-Si","BIPV":"N","A_c":1.972,"N_s":72.0,"T_NOCT":48.9,"I_sc_ref":8.15,"V_oc_ref":43.8,"I_mp_ref":7.38,"V_mp_ref":35.9,"alpha_sc":0.006520000000000001,"beta_oc":-0.16205999999999998,"a_ref":1.9998,"I_L_ref":8.173,"I_o_ref":2.38e-09,"R_s":0.278,"R_sh_ref":100.88,"Adjust":15.75,"PTC":232.2,"pdc0":265.0,"gamma_pdc":-0.0048,"gamma_r":-0.48}