{"Date":"12.01.2011","Version":"NRELv1","Technology":"Multi-c-Si","BIPV":"N","A_c":1.972,"N_s":72.0,"T_NOCT":48.9,"I_sc_ref":8.4,"V_oc_ref":44.3,"I_mp_ref":7.76,"V_mp_ref":36.1,"alpha_sc":0.00672,"beta_oc":-0.16391,"a_ref":1.9893,"I_L_ref":8.414,"I_o_ref":1.7399999999999998e-09,"R_s":0.312,"R_sh_ref":186.68,"Adjust":12.48,"PTC":245.8,"pdc0":280.0,"gamma_pdc":-0.0048,"gamma_r":-0.48}