{"Date":"9/27/2011","Version":"MM107","Technology":"Multi-c-Si","BIPV":"N","A_c":1.609,"N_s":60.0,"T_NOCT":43.8,"I_sc_ref":8.11,"V_oc_ref":37.4,"I_mp_ref":7.66,"V_mp_ref":29.7,"alpha_sc":0.004347,"beta_oc":-0.14014000000000001,"a_ref":1.6673,"I_L_ref":8.138,"I_o_ref":1.4800000000000003e-09,"R_s":0.38799999999999996,"R_sh_ref":100000.0,"Adjust":9.9,"PTC":201.1,"pdc0":225.0,"gamma_pdc":-0.00526,"gamma_r":-0.526}