{"Date":"9/27/2011","Version":"MM107","Technology":"Multi-c-Si","BIPV":"N","A_c":1.609,"N_s":60.0,"T_NOCT":43.8,"I_sc_ref":8.17,"V_oc_ref":37.6,"I_mp_ref":7.73,"V_mp_ref":30.1,"alpha_sc":0.004379,"beta_oc":-0.14089000000000002,"a_ref":1.6838,"I_L_ref":8.205,"I_o_ref":1.6399999999999997e-09,"R_s":0.35,"R_sh_ref":100000.0,"Adjust":10.8,"PTC":205.7,"pdc0":230.0,"gamma_pdc":-0.00526,"gamma_r":-0.526}