{"Date":"03.07.2011","Version":"MM107","Technology":"Multi-c-Si","BIPV":"N","A_c":1.609,"N_s":60.0,"T_NOCT":46.9,"I_sc_ref":7.9,"V_oc_ref":36.5,"I_mp_ref":7.4,"V_mp_ref":28.5,"alpha_sc":0.005214,"beta_oc":-0.16535,"a_ref":1.8697,"I_L_ref":7.942,"I_o_ref":2.64e-08,"R_s":0.40299999999999997,"R_sh_ref":100000.0,"Adjust":15.4,"PTC":176.3,"pdc0":210.0,"gamma_pdc":-0.006750000000000001,"gamma_r":-0.675}