{"Date":"05.09.2011","Version":"MM107","Technology":"Multi-c-Si","BIPV":"N","A_c":1.61,"N_s":60.0,"T_NOCT":43.0,"I_sc_ref":8.02,"V_oc_ref":37.0,"I_mp_ref":7.54,"V_mp_ref":29.3,"alpha_sc":0.002863,"beta_oc":-0.13405,"a_ref":1.614,"I_L_ref":8.022,"I_o_ref":8.849999999999999e-10,"R_s":0.41200000000000003,"R_sh_ref":1776.74,"Adjust":9.4,"PTC":197.7,"pdc0":220.0,"gamma_pdc":-0.00521,"gamma_r":-0.521}