{"Date":"03.04.2011","Version":"MM107","Technology":"Multi-c-Si","BIPV":"N","A_c":1.609,"N_s":60.0,"T_NOCT":48.4,"I_sc_ref":7.78,"V_oc_ref":36.1,"I_mp_ref":7.25,"V_mp_ref":27.7,"alpha_sc":0.005524,"beta_oc":-0.14476,"a_ref":1.6726,"I_L_ref":7.7829999999999995,"I_o_ref":3.2799999999999994e-09,"R_s":0.529,"R_sh_ref":1179.76,"Adjust":9.8,"PTC":171.0,"pdc0":200.0,"gamma_pdc":-0.005679999999999999,"gamma_r":-0.568}