{"Date":"05.09.2011","Version":"MM107","Technology":"Multi-c-Si","BIPV":"N","A_c":1.61,"N_s":60.0,"T_NOCT":43.0,"I_sc_ref":7.96,"V_oc_ref":36.8,"I_mp_ref":7.47,"V_mp_ref":28.9,"alpha_sc":0.0028420000000000003,"beta_oc":-0.13333,"a_ref":1.599,"I_L_ref":7.962999999999999,"I_o_ref":8.019999999999999e-10,"R_s":0.451,"R_sh_ref":1221.93,"Adjust":8.6,"PTC":193.1,"pdc0":215.0,"gamma_pdc":-0.00521,"gamma_r":-0.521}