{"Vac":0.0,"Paco":2560.0,"Pdco":2809.78,"Vdco":52.0,"Pso":61.7621,"C0":-1.95124e-05,"C1":0.00046182,"C2":0.0178641,"C3":-0.020718900000000002,"Pnt":0.0,"Vdcmax":60.0,"Mppt_low":40.0,"Mppt_high":60.0}