{"Vac":240.0,"Paco":3600.0,"Pdco":3958.063244,"Vdco":48.06366667,"Pso":55.65731345,"C0":-2.07e-05,"C1":0.000817,"C2":0.024155611,"C3":-0.0183,"Pnt":0.1,"Vdcmax":64.0,"Mppt_low":40.0,"Mppt_high":64.0}