{"Vac":48.0,"Paco":7647.0,"Pdco":8591.269499,"Vdco":52.12266667,"Pso":125.85527379999999,"C0":-7.87e-06,"C1":0.00106,"C2":0.0163,"C3":-0.00826,"Pnt":0.0,"Vdcmax":64.0,"Mppt_low":40.0,"Mppt_high":64.0}