{"Vac":120.0,"Paco":2960.0,"Pdco":3341.259476,"Vdco":24.041,"Pso":43.67413055,"C0":-2.8800000000000002e-05,"C1":0.0015199999999999999,"C2":0.0733,"C3":-0.0353,"Pnt":0.0,"Vdcmax":34.0,"Mppt_low":21.0,"Mppt_high":34.0}