{"Vac":120.0,"Paco":3037.3,"Pdco":3385.978604,"Vdco":51.01833333,"Pso":65.75571323,"C0":-2.42e-05,"C1":0.00155,"C2":0.0282,"C3":0.00236,"Pnt":0.0,"Vdcmax":150.0,"Mppt_low":66.0,"Mppt_high":135.0}