{"Vac":0.0,"Paco":2960.0,"Pdco":3343.0,"Vdco":24.0,"Pso":45.6606,"C0":-2.9495500000000002e-05,"C1":0.00161938,"C2":0.07066889999999999,"C3":-0.0327728,"Pnt":0.0,"Vdcmax":28.0,"Mppt_low":22.0,"Mppt_high":28.0}