{"Date":"05.01.2014","Version":"NRELv1","Technology":"Multi-c-Si","BIPV":"N","A_c":1.94,"N_s":72.0,"T_NOCT":45.3,"I_sc_ref":8.82,"V_oc_ref":46.0,"I_mp_ref":8.54,"V_mp_ref":36.3,"alpha_sc":0.00265,"beta_oc":-0.15833,"a_ref":1.9017,"I_L_ref":9.093,"I_o_ref":2.83e-10,"R_s":0.493,"R_sh_ref":829.3,"Adjust":4.239,"PTC":279.0,"pdc0":310.0,"gamma_pdc":-0.00476,"gamma_r":-0.47600000000000003}