{"Date":"03.03.2014","Version":"NRELv1","Technology":"Mono-c-Si","BIPV":"N","A_c":1.94,"N_s":72.0,"T_NOCT":46.1,"I_sc_ref":8.64,"V_oc_ref":44.6,"I_mp_ref":8.15,"V_mp_ref":35.6,"alpha_sc":0.002454,"beta_oc":-0.13269,"a_ref":1.7704,"I_L_ref":8.644,"I_o_ref":9.859999999999999e-11,"R_s":0.46399999999999997,"R_sh_ref":920.95,"Adjust":11.35,"PTC":261.8,"pdc0":290.0,"gamma_pdc":-0.004379999999999999,"gamma_r":-0.43799999999999994}