{"Date":"6/17/2011","Version":"MM107","Technology":"Mono-c-Si","BIPV":"N","A_c":1.455,"N_s":54.0,"T_NOCT":49.9,"I_sc_ref":5.4,"V_oc_ref":45.3,"I_mp_ref":5.19,"V_mp_ref":36.6,"alpha_sc":0.002884,"beta_oc":-0.17314000000000002,"a_ref":2.0366,"I_L_ref":5.504,"I_o_ref":1.2e-09,"R_s":0.552,"R_sh_ref":100000.0,"Adjust":9.4,"PTC":163.1,"pdc0":190.0,"gamma_pdc":-0.00524,"gamma_r":-0.524}