{"Date":"07.12.2011","Version":"MM107","Technology":"Multi-c-Si","BIPV":"N","A_c":1.933,"N_s":72.0,"T_NOCT":47.9,"I_sc_ref":8.35,"V_oc_ref":44.8,"I_mp_ref":7.95,"V_mp_ref":35.2,"alpha_sc":0.003674,"beta_oc":-0.15277000000000002,"a_ref":1.8456,"I_L_ref":8.425,"I_o_ref":2.42e-10,"R_s":0.54,"R_sh_ref":100000.0,"Adjust":4.2,"PTC":248.5,"pdc0":280.0,"gamma_pdc":-0.00464,"gamma_r":-0.46399999999999997}