{"Date":"10/30/2012","Version":"NRELv1","Technology":"Multi-c-Si","BIPV":"N","A_c":1.455,"N_s":54.0,"T_NOCT":51.3,"I_sc_ref":8.44,"V_oc_ref":33.7,"I_mp_ref":7.92,"V_mp_ref":26.5,"alpha_sc":0.003469,"beta_oc":-0.12479000000000001,"a_ref":1.4447,"I_L_ref":8.443999999999999,"I_o_ref":6.22e-10,"R_s":0.39,"R_sh_ref":792.97,"Adjust":3.682,"PTC":180.7,"pdc0":210.0,"gamma_pdc":-0.00501,"gamma_r":-0.501}