{"Date":"02.02.2014","Version":"NRELv1","Technology":"Mono-c-Si","BIPV":"N","A_c":1.6269999999999998,"N_s":60.0,"T_NOCT":47.2,"I_sc_ref":8.5,"V_oc_ref":37.4,"I_mp_ref":8.0,"V_mp_ref":30.0,"alpha_sc":-0.004335,"beta_oc":-0.14279,"a_ref":1.4911,"I_L_ref":8.507,"I_o_ref":1.08e-10,"R_s":0.374,"R_sh_ref":485.7,"Adjust":-11.61,"PTC":210.7,"pdc0":240.0,"gamma_pdc":-0.0052,"gamma_r":-0.52}