{"Date":"05.09.2011","Version":"MM107","Technology":"Multi-c-Si","BIPV":"N","A_c":1.933,"N_s":72.0,"T_NOCT":51.3,"I_sc_ref":8.19,"V_oc_ref":44.7,"I_mp_ref":7.65,"V_mp_ref":35.2,"alpha_sc":0.0033659999999999996,"beta_oc":-0.16552,"a_ref":1.9241,"I_L_ref":8.199,"I_o_ref":6.6e-10,"R_s":0.525,"R_sh_ref":484.92,"Adjust":4.3,"PTC":232.1,"pdc0":270.0,"gamma_pdc":-0.00501,"gamma_r":-0.501}