{"Date":"10/30/2012","Version":"NRELv1","Technology":"Mono-c-Si","BIPV":"N","A_c":1.6269999999999998,"N_s":60.0,"T_NOCT":47.2,"I_sc_ref":8.4,"V_oc_ref":36.5,"I_mp_ref":7.86,"V_mp_ref":29.3,"alpha_sc":-0.0042840000000000005,"beta_oc":-0.13935999999999998,"a_ref":1.4602,"I_L_ref":8.412,"I_o_ref":1.15e-10,"R_s":0.366,"R_sh_ref":261.75,"Adjust":-11.03,"PTC":201.7,"pdc0":230.0,"gamma_pdc":-0.0052,"gamma_r":-0.52}