{"Date":"10/30/2012","Version":"NRELv1","Technology":"Mono-c-Si","BIPV":"N","A_c":1.611,"N_s":60.0,"T_NOCT":47.4,"I_sc_ref":5.55,"V_oc_ref":45.1,"I_mp_ref":5.23,"V_mp_ref":36.3,"alpha_sc":0.0028309999999999997,"beta_oc":-0.15424000000000002,"a_ref":1.8851,"I_L_ref":5.5520000000000005,"I_o_ref":2.25e-10,"R_s":0.63,"R_sh_ref":1606.36,"Adjust":6.915,"PTC":168.5,"pdc0":190.0,"gamma_pdc":-0.00457,"gamma_r":-0.457}