{"Date":"02.06.2014","Version":"NRELv1","Technology":"Mono-c-Si","BIPV":"N","A_c":1.6269999999999998,"N_s":60.0,"T_NOCT":47.2,"I_sc_ref":8.7,"V_oc_ref":38.0,"I_mp_ref":8.24,"V_mp_ref":30.3,"alpha_sc":-0.004437,"beta_oc":-0.14508,"a_ref":1.5056,"I_L_ref":8.7,"I_o_ref":9.51e-11,"R_s":0.397,"R_sh_ref":28043.5,"Adjust":-12.67,"PTC":219.8,"pdc0":250.0,"gamma_pdc":-0.0052,"gamma_r":-0.52}