{"Date":"03.03.2014","Version":"NRELv1","Technology":"Mono-c-Si","BIPV":"N","A_c":1.94,"N_s":72.0,"T_NOCT":46.1,"I_sc_ref":8.8,"V_oc_ref":45.2,"I_mp_ref":8.34,"V_mp_ref":36.0,"alpha_sc":0.002499,"beta_oc":-0.13447,"a_ref":1.7966,"I_L_ref":8.898,"I_o_ref":1.0399999999999999e-10,"R_s":0.469,"R_sh_ref":418.76,"Adjust":11.62,"PTC":271.1,"pdc0":300.0,"gamma_pdc":-0.004379999999999999,"gamma_r":-0.43799999999999994}