{"Date":"01.05.2010","Version":"MM106","Technology":"Multi-c-Si","BIPV":"N","A_c":1.645,"N_s":60.0,"T_NOCT":47.2,"I_sc_ref":7.55,"V_oc_ref":36.33,"I_mp_ref":6.9,"V_mp_ref":28.25,"alpha_sc":0.003854,"beta_oc":-0.13725,"a_ref":1.6521,"I_L_ref":7.577000000000001,"I_o_ref":2.0600000000000003e-09,"R_s":0.502,"R_sh_ref":138.23,"Adjust":12.8,"PTC":169.0,"pdc0":195.0,"gamma_pdc":-0.00544,"gamma_r":-0.544}