{"Date":"07.11.2011","Version":"MM107","Technology":"Mono-c-Si","BIPV":"N","A_c":1.611,"N_s":60.0,"T_NOCT":47.4,"I_sc_ref":5.43,"V_oc_ref":44.8,"I_mp_ref":5.14,"V_mp_ref":36.0,"alpha_sc":0.002769,"beta_oc":-0.15322,"a_ref":1.8682,"I_L_ref":5.434,"I_o_ref":2.0899999999999998e-10,"R_s":0.652,"R_sh_ref":100000.0,"Adjust":6.3,"PTC":164.0,"pdc0":185.0,"gamma_pdc":-0.00457,"gamma_r":-0.457}