{"Date":"03.03.2014","Version":"NRELv1","Technology":"Mono-c-Si","BIPV":"N","A_c":1.94,"N_s":72.0,"T_NOCT":46.1,"I_sc_ref":8.56,"V_oc_ref":44.3,"I_mp_ref":8.05,"V_mp_ref":35.4,"alpha_sc":0.002431,"beta_oc":-0.13179000000000002,"a_ref":1.7625,"I_L_ref":8.567,"I_o_ref":1.03e-10,"R_s":0.46,"R_sh_ref":535.2,"Adjust":11.83,"PTC":257.2,"pdc0":285.0,"gamma_pdc":-0.004379999999999999,"gamma_r":-0.43799999999999994}