{"Date":"10/30/2012","Version":"NRELv1","Technology":"Multi-c-Si","BIPV":"N","A_c":1.611,"N_s":60.0,"T_NOCT":49.2,"I_sc_ref":8.4,"V_oc_ref":38.0,"I_mp_ref":8.0,"V_mp_ref":30.6,"alpha_sc":0.00588,"beta_oc":-0.13414,"a_ref":1.6104,"I_L_ref":8.486,"I_o_ref":4.78e-10,"R_s":0.33899999999999997,"R_sh_ref":1309.85,"Adjust":6.132000000000001,"PTC":216.9,"pdc0":245.0,"gamma_pdc":-0.00452,"gamma_r":-0.452}