{"Date":"10/30/2012","Version":"NRELv1","Technology":"Multi-c-Si","BIPV":"N","A_c":1.611,"N_s":60.0,"T_NOCT":51.3,"I_sc_ref":8.23,"V_oc_ref":37.5,"I_mp_ref":7.5,"V_mp_ref":30.1,"alpha_sc":0.0033829999999999997,"beta_oc":-0.13885999999999998,"a_ref":1.6574,"I_L_ref":8.258,"I_o_ref":1.18e-09,"R_s":0.34700000000000003,"R_sh_ref":101.41,"Adjust":9.508,"PTC":197.8,"pdc0":230.0,"gamma_pdc":-0.00501,"gamma_r":-0.501}