{"Date":"01.05.2010","Version":"MM106","Technology":"Multi-c-Si","BIPV":"N","A_c":1.645,"N_s":60.0,"T_NOCT":47.2,"I_sc_ref":7.04,"V_oc_ref":36.15,"I_mp_ref":6.4,"V_mp_ref":28.12,"alpha_sc":0.003594,"beta_oc":-0.13657,"a_ref":1.6499,"I_L_ref":7.071000000000001,"I_o_ref":2.07e-09,"R_s":0.534,"R_sh_ref":122.95,"Adjust":13.5,"PTC":155.6,"pdc0":180.0,"gamma_pdc":-0.00544,"gamma_r":-0.544}