{"Date":"01.05.2010","Version":"MM106","Technology":"Multi-c-Si","BIPV":"N","A_c":1.645,"N_s":60.0,"T_NOCT":47.2,"I_sc_ref":7.39,"V_oc_ref":36.3,"I_mp_ref":6.74,"V_mp_ref":28.21,"alpha_sc":0.003773,"beta_oc":-0.13714,"a_ref":1.6525,"I_L_ref":7.419,"I_o_ref":2.0600000000000003e-09,"R_s":0.516,"R_sh_ref":131.31,"Adjust":13.0,"PTC":164.5,"pdc0":190.0,"gamma_pdc":-0.00544,"gamma_r":-0.544}