{"Date":"10/30/2012","Version":"NRELv1","Technology":"Mono-c-Si","BIPV":"N","A_c":1.6269999999999998,"N_s":60.0,"T_NOCT":47.2,"I_sc_ref":8.3,"V_oc_ref":36.8,"I_mp_ref":7.76,"V_mp_ref":29.6,"alpha_sc":-0.004233,"beta_oc":-0.1405,"a_ref":1.4744,"I_L_ref":8.312000000000001,"I_o_ref":1.18e-10,"R_s":0.365,"R_sh_ref":248.05,"Adjust":-10.77,"PTC":201.7,"pdc0":230.0,"gamma_pdc":-0.0052,"gamma_r":-0.52}