{"Date":"03.03.2014","Version":"NRELv1","Technology":"Mono-c-Si","BIPV":"N","A_c":1.94,"N_s":72.0,"T_NOCT":46.1,"I_sc_ref":8.72,"V_oc_ref":44.9,"I_mp_ref":8.24,"V_mp_ref":35.8,"alpha_sc":0.0024760000000000003,"beta_oc":-0.13358,"a_ref":1.7796,"I_L_ref":8.722999999999999,"I_o_ref":9.590000000000001e-11,"R_s":0.469,"R_sh_ref":1619.68,"Adjust":11.02,"PTC":266.4,"pdc0":295.0,"gamma_pdc":-0.004379999999999999,"gamma_r":-0.43799999999999994}