{"Date":"03.03.2014","Version":"NRELv1","Technology":"Mono-c-Si","BIPV":"N","A_c":1.94,"N_s":72.0,"T_NOCT":46.1,"I_sc_ref":8.88,"V_oc_ref":45.5,"I_mp_ref":8.43,"V_mp_ref":36.2,"alpha_sc":0.002522,"beta_oc":-0.13535999999999998,"a_ref":1.8059,"I_L_ref":8.977,"I_o_ref":1.0200000000000001e-10,"R_s":0.473,"R_sh_ref":515.67,"Adjust":11.3,"PTC":275.7,"pdc0":305.0,"gamma_pdc":-0.004379999999999999,"gamma_r":-0.43799999999999994}