{"Date":"10/30/2012","Version":"NRELv1","Technology":"Mono-c-Si","BIPV":"N","A_c":1.455,"N_s":54.0,"T_NOCT":49.9,"I_sc_ref":5.4,"V_oc_ref":45.3,"I_mp_ref":5.19,"V_mp_ref":36.6,"alpha_sc":0.002884,"beta_oc":-0.17314000000000002,"a_ref":2.0365,"I_L_ref":5.5089999999999995,"I_o_ref":1.2e-09,"R_s":0.551,"R_sh_ref":6538.13,"Adjust":9.547,"PTC":163.1,"pdc0":190.0,"gamma_pdc":-0.00524,"gamma_r":-0.524}