{"Date":"10/30/2012","Version":"NRELv1","Technology":"Multi-c-Si","BIPV":"N","A_c":1.933,"N_s":72.0,"T_NOCT":51.3,"I_sc_ref":8.34,"V_oc_ref":44.8,"I_mp_ref":7.81,"V_mp_ref":36.1,"alpha_sc":0.003428,"beta_oc":-0.16589,"a_ref":1.9515,"I_L_ref":8.347000000000001,"I_o_ref":8.84e-10,"R_s":0.391,"R_sh_ref":493.29,"Adjust":6.795,"PTC":241.0,"pdc0":280.0,"gamma_pdc":-0.00501,"gamma_r":-0.501}