{"Date":"07.11.2011","Version":"MM107","Technology":"Multi-c-Si","BIPV":"N","A_c":1.6269999999999998,"N_s":60.0,"T_NOCT":47.9,"I_sc_ref":8.35,"V_oc_ref":37.4,"I_mp_ref":7.84,"V_mp_ref":30.0,"alpha_sc":0.003674,"beta_oc":-0.12753,"a_ref":1.5646,"I_L_ref":8.356,"I_o_ref":3.44e-10,"R_s":0.36200000000000004,"R_sh_ref":483.67,"Adjust":7.3,"PTC":208.5,"pdc0":235.0,"gamma_pdc":-0.00464,"gamma_r":-0.46399999999999997}