{"Date":"05.01.2014","Version":"NRELv1","Technology":"Mono-c-Si","BIPV":"N","A_c":1.6269999999999998,"N_s":60.0,"T_NOCT":45.0,"I_sc_ref":9.0,"V_oc_ref":38.9,"I_mp_ref":8.58,"V_mp_ref":30.9,"alpha_sc":0.00117,"beta_oc":-0.12254000000000001,"a_ref":1.5399,"I_L_ref":9.094,"I_o_ref":9.679999999999999e-11,"R_s":0.405,"R_sh_ref":1033.83,"Adjust":4.746,"PTC":240.4,"pdc0":265.0,"gamma_pdc":-0.00451,"gamma_r":-0.451}