{"Date":"07.12.2011","Version":"MM107","Technology":"Multi-c-Si","BIPV":"N","A_c":1.933,"N_s":72.0,"T_NOCT":47.9,"I_sc_ref":8.34,"V_oc_ref":44.8,"I_mp_ref":7.81,"V_mp_ref":36.1,"alpha_sc":0.00367,"beta_oc":-0.15277000000000002,"a_ref":1.8816,"I_L_ref":8.347999999999999,"I_o_ref":3.76e-10,"R_s":0.409,"R_sh_ref":407.69,"Adjust":8.1,"PTC":248.5,"pdc0":280.0,"gamma_pdc":-0.00464,"gamma_r":-0.46399999999999997}