{"Date":"10/30/2012","Version":"NRELv1","Technology":"Multi-c-Si","BIPV":"N","A_c":1.6269999999999998,"N_s":60.0,"T_NOCT":47.9,"I_sc_ref":8.3,"V_oc_ref":37.2,"I_mp_ref":7.75,"V_mp_ref":29.7,"alpha_sc":0.0036520000000000003,"beta_oc":-0.12685,"a_ref":1.5561,"I_L_ref":8.311,"I_o_ref":3.39e-10,"R_s":0.384,"R_sh_ref":282.7,"Adjust":7.406000000000001,"PTC":204.0,"pdc0":230.0,"gamma_pdc":-0.00464,"gamma_r":-0.46399999999999997}