{"Date":"07.12.2011","Version":"MM107","Technology":"Multi-c-Si","BIPV":"N","A_c":1.6269999999999998,"N_s":60.0,"T_NOCT":47.9,"I_sc_ref":8.59,"V_oc_ref":34.75,"I_mp_ref":8.01,"V_mp_ref":30.0,"alpha_sc":0.0037799999999999995,"beta_oc":-0.1185,"a_ref":1.5239,"I_L_ref":8.591000000000001,"I_o_ref":1.0499999999999999e-09,"R_s":0.013999999999999999,"R_sh_ref":165.9,"Adjust":17.2,"PTC":213.1,"pdc0":240.0,"gamma_pdc":-0.00464,"gamma_r":-0.46399999999999997}