{"Date":"07.11.2011","Version":"MM107","Technology":"Mono-c-Si","BIPV":"N","A_c":1.2770000000000001,"N_s":72.0,"T_NOCT":47.4,"I_sc_ref":5.4,"V_oc_ref":45.3,"I_mp_ref":5.19,"V_mp_ref":36.6,"alpha_sc":0.002754,"beta_oc":-0.15492999999999998,"a_ref":1.8927,"I_L_ref":5.484,"I_o_ref":2.21e-10,"R_s":0.609,"R_sh_ref":100000.0,"Adjust":6.7,"PTC":169.5,"pdc0":190.0,"gamma_pdc":-0.00457,"gamma_r":-0.457}