{"Date":"05.01.2014","Version":"NRELv1","Technology":"Mono-c-Si","BIPV":"N","A_c":1.6269999999999998,"N_s":60.0,"T_NOCT":45.7,"I_sc_ref":9.12,"V_oc_ref":38.9,"I_mp_ref":8.77,"V_mp_ref":30.8,"alpha_sc":0.00137,"beta_oc":-0.12565,"a_ref":1.565,"I_L_ref":9.307,"I_o_ref":1.49e-10,"R_s":0.40299999999999997,"R_sh_ref":970.94,"Adjust":5.494,"PTC":243.4,"pdc0":270.0,"gamma_pdc":-0.0046500000000000005,"gamma_r":-0.465}