{"Date":"07.11.2011","Version":"MM107","Technology":"Mono-c-Si","BIPV":"N","A_c":1.2770000000000001,"N_s":72.0,"T_NOCT":47.4,"I_sc_ref":5.3,"V_oc_ref":44.8,"I_mp_ref":5.03,"V_mp_ref":35.8,"alpha_sc":0.002703,"beta_oc":-0.15322,"a_ref":1.8618,"I_L_ref":5.321000000000001,"I_o_ref":1.89e-10,"R_s":0.713,"R_sh_ref":100000.0,"Adjust":5.6,"PTC":160.4,"pdc0":180.0,"gamma_pdc":-0.00457,"gamma_r":-0.457}