{"Date":"07.11.2011","Version":"MM107","Technology":"Mono-c-Si","BIPV":"N","A_c":1.2770000000000001,"N_s":72.0,"T_NOCT":47.4,"I_sc_ref":5.38,"V_oc_ref":44.6,"I_mp_ref":5.03,"V_mp_ref":35.8,"alpha_sc":0.002744,"beta_oc":-0.15253,"a_ref":1.8705,"I_L_ref":5.386,"I_o_ref":2.34e-10,"R_s":0.664,"R_sh_ref":560.29,"Adjust":7.4,"PTC":160.4,"pdc0":180.0,"gamma_pdc":-0.00457,"gamma_r":-0.457}