{"Date":"10/30/2012","Version":"NRELv1","Technology":"Multi-c-Si","BIPV":"N","A_c":1.611,"N_s":60.0,"T_NOCT":48.4,"I_sc_ref":8.5,"V_oc_ref":38.0,"I_mp_ref":8.17,"V_mp_ref":30.6,"alpha_sc":0.0030600000000000002,"beta_oc":-0.12197999999999999,"a_ref":1.5582,"I_L_ref":8.675,"I_o_ref":2.21e-10,"R_s":0.345,"R_sh_ref":677.61,"Adjust":9.952,"PTC":222.3,"pdc0":250.0,"gamma_pdc":-0.00455,"gamma_r":-0.455}