{"Date":"07.11.2011","Version":"MM107","Technology":"Mono-c-Si","BIPV":"N","A_c":1.2770000000000001,"N_s":72.0,"T_NOCT":47.4,"I_sc_ref":5.65,"V_oc_ref":45.4,"I_mp_ref":5.33,"V_mp_ref":36.6,"alpha_sc":0.002882,"beta_oc":-0.15527,"a_ref":1.8989,"I_L_ref":5.652,"I_o_ref":2.33e-10,"R_s":0.609,"R_sh_ref":2088.09,"Adjust":6.9,"PTC":174.1,"pdc0":195.0,"gamma_pdc":-0.00457,"gamma_r":-0.457}