{"Date":"07.11.2011","Version":"MM107","Technology":"Mono-c-Si","BIPV":"N","A_c":1.2770000000000001,"N_s":72.0,"T_NOCT":47.4,"I_sc_ref":5.67,"V_oc_ref":45.3,"I_mp_ref":5.34,"V_mp_ref":36.5,"alpha_sc":0.002892,"beta_oc":-0.15492999999999998,"a_ref":1.8967,"I_L_ref":5.672999999999999,"I_o_ref":2.39e-10,"R_s":0.61,"R_sh_ref":1358.13,"Adjust":7.1,"PTC":174.1,"pdc0":195.0,"gamma_pdc":-0.00457,"gamma_r":-0.457}