{"Date":"07.12.2011","Version":"MM107","Technology":"Multi-c-Si","BIPV":"N","A_c":1.933,"N_s":72.0,"T_NOCT":47.9,"I_sc_ref":8.19,"V_oc_ref":44.7,"I_mp_ref":7.65,"V_mp_ref":35.2,"alpha_sc":0.003604,"beta_oc":-0.15242999999999998,"a_ref":1.8557,"I_L_ref":8.201,"I_o_ref":2.8e-10,"R_s":0.542,"R_sh_ref":399.1,"Adjust":5.7,"PTC":239.4,"pdc0":270.0,"gamma_pdc":-0.00464,"gamma_r":-0.46399999999999997}