{"Date":"07.11.2011","Version":"MM107","Technology":"Mono-c-Si","BIPV":"N","A_c":1.2770000000000001,"N_s":72.0,"T_NOCT":47.4,"I_sc_ref":5.29,"V_oc_ref":44.4,"I_mp_ref":4.92,"V_mp_ref":35.6,"alpha_sc":0.002698,"beta_oc":-0.15185,"a_ref":1.867,"I_L_ref":5.2989999999999995,"I_o_ref":2.4400000000000004e-10,"R_s":0.6809999999999999,"R_sh_ref":393.1,"Adjust":7.9,"PTC":155.8,"pdc0":175.0,"gamma_pdc":-0.00457,"gamma_r":-0.457}