{"Date":"07.11.2011","Version":"MM107","Technology":"Multi-c-Si","BIPV":"N","A_c":1.6269999999999998,"N_s":60.0,"T_NOCT":47.9,"I_sc_ref":8.23,"V_oc_ref":37.5,"I_mp_ref":7.5,"V_mp_ref":30.1,"alpha_sc":0.003621,"beta_oc":-0.12788,"a_ref":1.5977,"I_L_ref":8.261000000000001,"I_o_ref":5.04e-10,"R_s":0.363,"R_sh_ref":96.59,"Adjust":10.9,"PTC":204.0,"pdc0":230.0,"gamma_pdc":-0.00464,"gamma_r":-0.46399999999999997}