{"Date":"05.01.2014","Version":"NRELv1","Technology":"Mono-c-Si","BIPV":"N","A_c":1.6269999999999998,"N_s":60.0,"T_NOCT":45.0,"I_sc_ref":8.8,"V_oc_ref":38.3,"I_mp_ref":8.36,"V_mp_ref":30.5,"alpha_sc":0.00114,"beta_oc":-0.12065,"a_ref":1.5211,"I_L_ref":8.895,"I_o_ref":1.0200000000000001e-10,"R_s":0.39799999999999996,"R_sh_ref":478.76,"Adjust":5.412999999999999,"PTC":231.1,"pdc0":255.0,"gamma_pdc":-0.00451,"gamma_r":-0.451}