{"Date":"07.11.2011","Version":"MM107","Technology":"Mono-c-Si","BIPV":"N","A_c":1.2770000000000001,"N_s":72.0,"T_NOCT":47.4,"I_sc_ref":5.3,"V_oc_ref":45.0,"I_mp_ref":5.08,"V_mp_ref":36.4,"alpha_sc":0.002703,"beta_oc":-0.1539,"a_ref":1.882,"I_L_ref":5.367000000000001,"I_o_ref":2.21e-10,"R_s":0.608,"R_sh_ref":100000.0,"Adjust":6.9,"PTC":164.9,"pdc0":185.0,"gamma_pdc":-0.00457,"gamma_r":-0.457}