{"Date":"04.02.2013","Version":"NRELv1","Technology":"Multi-c-Si","BIPV":"N","A_c":1.6369999999999998,"N_s":60.0,"T_NOCT":48.9,"I_sc_ref":8.85,"V_oc_ref":37.54,"I_mp_ref":8.29,"V_mp_ref":30.78,"alpha_sc":0.003275,"beta_oc":-0.12464000000000001,"a_ref":1.554,"I_L_ref":8.859,"I_o_ref":2.81e-10,"R_s":0.257,"R_sh_ref":263.69,"Adjust":8.217,"PTC":226.6,"pdc0":255.0,"gamma_pdc":-0.00448,"gamma_r":-0.44799999999999995}