{"Date":"10/30/2012","Version":"NRELv1","Technology":"Multi-c-Si","BIPV":"N","A_c":1.95,"N_s":72.0,"T_NOCT":48.0,"I_sc_ref":8.63,"V_oc_ref":45.22,"I_mp_ref":8.05,"V_mp_ref":37.25,"alpha_sc":0.005437,"beta_oc":-0.15737,"a_ref":1.9546,"I_L_ref":8.639,"I_o_ref":7.59e-10,"R_s":0.273,"R_sh_ref":267.94,"Adjust":11.75,"PTC":266.9,"pdc0":300.0,"gamma_pdc":-0.0045899999999999995,"gamma_r":-0.45899999999999996}