{"Date":"5/22/2012","Version":"NRELv1","Technology":"Multi-c-Si","BIPV":"N","A_c":1.883,"N_s":72.0,"T_NOCT":47.5,"I_sc_ref":8.6,"V_oc_ref":44.6,"I_mp_ref":8.1,"V_mp_ref":35.6,"alpha_sc":0.00301,"beta_oc":-0.15744,"a_ref":1.8223,"I_L_ref":8.604,"I_o_ref":2.01e-10,"R_s":0.45399999999999996,"R_sh_ref":891.16,"Adjust":-0.7426,"PTC":254.5,"pdc0":285.0,"gamma_pdc":-0.004529999999999999,"gamma_r":-0.45299999999999996}