{"Date":"7/13/2009","Version":"MM106","Technology":"Mono-c-Si","BIPV":"N","A_c":1.114,"N_s":72.0,"T_NOCT":47.6,"I_sc_ref":5.6,"V_oc_ref":44.6,"I_mp_ref":5.0,"V_mp_ref":36.3,"alpha_sc":0.002346,"beta_oc":-0.17439000000000002,"a_ref":2.0878,"I_L_ref":5.622000000000001,"I_o_ref":2.7699999999999997e-09,"R_s":0.45,"R_sh_ref":115.67,"Adjust":14.6,"PTC":157.7,"pdc0":180.0,"gamma_pdc":-0.005329999999999999,"gamma_r":-0.5329999999999999}