{"Date":"04.02.2013","Version":"NRELv1","Technology":"Multi-c-Si","BIPV":"N","A_c":1.6230000000000002,"N_s":60.0,"T_NOCT":47.1,"I_sc_ref":9.09,"V_oc_ref":37.65,"I_mp_ref":8.52,"V_mp_ref":30.51,"alpha_sc":0.0035450000000000004,"beta_oc":-0.12800999999999998,"a_ref":1.6028,"I_L_ref":9.097999999999999,"I_o_ref":5.65e-10,"R_s":0.28800000000000003,"R_sh_ref":344.94,"Adjust":11.48,"PTC":231.5,"pdc0":260.0,"gamma_pdc":-0.0048,"gamma_r":-0.48}