{"Date":"5/22/2012","Version":"NRELv1","Technology":"Multi-c-Si","BIPV":"N","A_c":1.946,"N_s":72.0,"T_NOCT":47.5,"I_sc_ref":8.68,"V_oc_ref":44.81,"I_mp_ref":8.07,"V_mp_ref":35.33,"alpha_sc":0.005695,"beta_oc":-0.14965,"a_ref":1.9252,"I_L_ref":8.695,"I_o_ref":6.660000000000001e-10,"R_s":0.49200000000000005,"R_sh_ref":289.05,"Adjust":15.16,"PTC":252.5,"pdc0":285.0,"gamma_pdc":-0.00479,"gamma_r":-0.479}