{"Date":"5/22/2012","Version":"NRELv1","Technology":"Multi-c-Si","BIPV":"N","A_c":1.946,"N_s":72.0,"T_NOCT":47.5,"I_sc_ref":8.95,"V_oc_ref":46.2,"I_mp_ref":8.32,"V_mp_ref":35.47,"alpha_sc":0.005873,"beta_oc":-0.15431,"a_ref":1.9538,"I_L_ref":8.966000000000001,"I_o_ref":4.75e-10,"R_s":0.63,"R_sh_ref":358.99,"Adjust":11.75,"PTC":261.6,"pdc0":295.0,"gamma_pdc":-0.00479,"gamma_r":-0.479}