{"Date":"08.08.2014","Version":"NRELv1","Technology":"Mono-c-Si","BIPV":"N","A_c":1.6340000000000001,"N_s":60.0,"T_NOCT":47.8,"I_sc_ref":9.28,"V_oc_ref":38.2,"I_mp_ref":8.71,"V_mp_ref":31.2,"alpha_sc":0.0038979999999999996,"beta_oc":-0.1062,"a_ref":1.4999,"I_L_ref":9.29,"I_o_ref":7.94e-11,"R_s":0.285,"R_sh_ref":256.55,"Adjust":16.35,"PTC":244.5,"pdc0":270.0,"gamma_pdc":-0.004039999999999999,"gamma_r":-0.40399999999999997}