{"Date":"9/18/2014","Version":"NRELv1","Technology":"Thin Film","BIPV":"N","A_c":1.0859999999999999,"N_s":133.0,"T_NOCT":46.9,"I_sc_ref":2.51,"V_oc_ref":79.95,"I_mp_ref":2.23,"V_mp_ref":62.78,"alpha_sc":0.000199,"beta_oc":-0.23265,"a_ref":2.6685,"I_L_ref":2.539,"I_o_ref":2.2500000000000003e-13,"R_s":3.975,"R_sh_ref":347.81,"Adjust":-22.71,"PTC":130.1,"pdc0":140.0,"gamma_pdc":-0.00298,"gamma_r":-0.298}