{"Date":"11.04.2014","Version":"NRELv1","Technology":"Mono-c-Si","BIPV":"N","A_c":1.95,"N_s":72.0,"T_NOCT":47.0,"I_sc_ref":8.79,"V_oc_ref":44.8,"I_mp_ref":8.19,"V_mp_ref":36.3,"alpha_sc":0.001626,"beta_oc":-0.14869000000000002,"a_ref":1.8456,"I_L_ref":8.804,"I_o_ref":2.47e-10,"R_s":0.371,"R_sh_ref":235.16,"Adjust":7.426,"PTC":263.4,"pdc0":295.0,"gamma_pdc":-0.0046500000000000005,"gamma_r":-0.465}