{"Date":"11.04.2014","Version":"NRELv1","Technology":"Mono-c-Si","BIPV":"N","A_c":1.95,"N_s":72.0,"T_NOCT":47.0,"I_sc_ref":8.94,"V_oc_ref":45.6,"I_mp_ref":8.32,"V_mp_ref":36.9,"alpha_sc":0.0016539999999999999,"beta_oc":-0.15135,"a_ref":1.8784,"I_L_ref":8.955,"I_o_ref":2.51e-10,"R_s":0.37799999999999995,"R_sh_ref":221.56,"Adjust":7.403,"PTC":272.6,"pdc0":305.0,"gamma_pdc":-0.0046500000000000005,"gamma_r":-0.465}