{"Date":"11.04.2014","Version":"NRELv1","Technology":"Mono-c-Si","BIPV":"N","A_c":1.95,"N_s":72.0,"T_NOCT":47.0,"I_sc_ref":9.23,"V_oc_ref":47.0,"I_mp_ref":8.59,"V_mp_ref":38.1,"alpha_sc":0.0017079999999999999,"beta_oc":-0.15599000000000002,"a_ref":1.9380000000000002,"I_L_ref":9.245,"I_o_ref":2.65e-10,"R_s":0.368,"R_sh_ref":219.73,"Adjust":7.615,"PTC":291.0,"pdc0":325.0,"gamma_pdc":-0.0046500000000000005,"gamma_r":-0.465}