{"Date":"11.04.2014","Version":"NRELv1","Technology":"Mono-c-Si","BIPV":"N","A_c":1.95,"N_s":72.0,"T_NOCT":47.0,"I_sc_ref":9.15,"V_oc_ref":46.7,"I_mp_ref":8.52,"V_mp_ref":37.8,"alpha_sc":0.001693,"beta_oc":-0.155,"a_ref":1.9234,"I_L_ref":9.165,"I_o_ref":2.56e-10,"R_s":0.377,"R_sh_ref":228.13,"Adjust":7.372999999999999,"PTC":286.4,"pdc0":320.0,"gamma_pdc":-0.0046500000000000005,"gamma_r":-0.465}