{"Date":"11.04.2014","Version":"NRELv1","Technology":"Mono-c-Si","BIPV":"N","A_c":1.95,"N_s":72.0,"T_NOCT":47.0,"I_sc_ref":9.3,"V_oc_ref":47.4,"I_mp_ref":8.65,"V_mp_ref":38.4,"alpha_sc":0.001721,"beta_oc":-0.15732000000000002,"a_ref":1.9545,"I_L_ref":9.316,"I_o_ref":2.67e-10,"R_s":0.37200000000000005,"R_sh_ref":213.59,"Adjust":7.607,"PTC":295.6,"pdc0":330.0,"gamma_pdc":-0.0046500000000000005,"gamma_r":-0.465}