{"Date":"11.04.2014","Version":"NRELv1","Technology":"Mono-c-Si","BIPV":"N","A_c":1.95,"N_s":72.0,"T_NOCT":47.0,"I_sc_ref":9.08,"V_oc_ref":46.3,"I_mp_ref":8.45,"V_mp_ref":37.5,"alpha_sc":0.00168,"beta_oc":-0.15367,"a_ref":1.9083,"I_L_ref":9.095,"I_o_ref":2.58e-10,"R_s":0.373,"R_sh_ref":220.25,"Adjust":7.515,"PTC":281.8,"pdc0":315.0,"gamma_pdc":-0.0046500000000000005,"gamma_r":-0.465}