{"Date":"05.06.2011","Version":"MM107","Technology":"Mono-c-Si","BIPV":"N","A_c":1.6340000000000001,"N_s":60.0,"T_NOCT":46.3,"I_sc_ref":8.31,"V_oc_ref":37.1,"I_mp_ref":7.81,"V_mp_ref":30.1,"alpha_sc":0.004155,"beta_oc":-0.12985,"a_ref":1.6269999999999998,"I_L_ref":8.314,"I_o_ref":1.0300000000000002e-09,"R_s":0.292,"R_sh_ref":655.25,"Adjust":14.2,"PTC":208.4,"pdc0":235.0,"gamma_pdc":-0.005,"gamma_r":-0.5}