{"Date":"1/16/2015","Version":"NRELv1","Technology":"Multi-c-Si","BIPV":"N","A_c":1.9340000000000002,"N_s":72.0,"T_NOCT":46.8,"I_sc_ref":8.56,"V_oc_ref":46.12,"I_mp_ref":8.01,"V_mp_ref":37.46,"alpha_sc":0.004194,"beta_oc":-0.15404,"a_ref":1.9569,"I_L_ref":8.568999999999999,"I_o_ref":4.91e-10,"R_s":0.364,"R_sh_ref":366.8,"Adjust":12.65,"PTC":268.2,"pdc0":300.0,"gamma_pdc":-0.00466,"gamma_r":-0.466}