{"Date":"1/16/2015","Version":"NRELv1","Technology":"Multi-c-Si","BIPV":"N","A_c":1.6340000000000001,"N_s":60.0,"T_NOCT":46.8,"I_sc_ref":8.35,"V_oc_ref":37.48,"I_mp_ref":7.76,"V_mp_ref":31.57,"alpha_sc":0.004092,"beta_oc":-0.12517999999999999,"a_ref":1.6314,"I_L_ref":8.356,"I_o_ref":8.569999999999999e-10,"R_s":0.131,"R_sh_ref":169.97,"Adjust":18.12,"PTC":218.8,"pdc0":245.0,"gamma_pdc":-0.00466,"gamma_r":-0.466}