{"Technology":"Multi-c-Si","BIPV":"N","A_c":1.9169999999999998,"N_s":72.0,"T_NOCT":46.2,"PTC":286.2,"pdc0":320.0,"gamma_pdc":-0.004873199999999999}