{"Date":"1/16/2015","Version":"NRELv1","Technology":"Multi-c-Si","BIPV":"N","A_c":1.9340000000000002,"N_s":72.0,"T_NOCT":46.8,"I_sc_ref":7.93,"V_oc_ref":43.78,"I_mp_ref":7.65,"V_mp_ref":36.58,"alpha_sc":0.003886,"beta_oc":-0.14623,"a_ref":1.875,"I_L_ref":8.091000000000001,"I_o_ref":5.83e-10,"R_s":0.21,"R_sh_ref":1184.61,"Adjust":14.73,"PTC":249.8,"pdc0":280.0,"gamma_pdc":-0.00466,"gamma_r":-0.466}