{"Date":"1/16/2015","Version":"NRELv1","Technology":"Mono-c-Si","BIPV":"N","A_c":1.6340000000000001,"N_s":60.0,"T_NOCT":46.7,"I_sc_ref":8.34,"V_oc_ref":37.08,"I_mp_ref":7.66,"V_mp_ref":30.68,"alpha_sc":0.003836,"beta_oc":-0.13423,"a_ref":1.6534,"I_L_ref":8.354,"I_o_ref":1.46e-09,"R_s":0.19899999999999998,"R_sh_ref":117.61,"Adjust":13.85,"PTC":208.4,"pdc0":235.0,"gamma_pdc":-0.004920000000000001,"gamma_r":-0.49200000000000005}