{"Date":"1/16/2015","Version":"NRELv1","Technology":"Mono-c-Si","BIPV":"N","A_c":1.6340000000000001,"N_s":60.0,"T_NOCT":46.7,"I_sc_ref":8.35,"V_oc_ref":37.48,"I_mp_ref":7.76,"V_mp_ref":31.57,"alpha_sc":0.003841,"beta_oc":-0.13568,"a_ref":1.6768,"I_L_ref":8.355,"I_o_ref":1.6e-09,"R_s":0.11800000000000001,"R_sh_ref":180.21,"Adjust":14.61,"PTC":217.5,"pdc0":245.0,"gamma_pdc":-0.004920000000000001,"gamma_r":-0.49200000000000005}