{"Date":"1/16/2015","Version":"NRELv1","Technology":"Mono-c-Si","BIPV":"N","A_c":1.9340000000000002,"N_s":72.0,"T_NOCT":46.7,"I_sc_ref":8.56,"V_oc_ref":46.12,"I_mp_ref":8.01,"V_mp_ref":37.46,"alpha_sc":0.0039380000000000005,"beta_oc":-0.16695,"a_ref":2.0097,"I_L_ref":8.567,"I_o_ref":9.130000000000001e-10,"R_s":0.35100000000000003,"R_sh_ref":412.57,"Adjust":9.262,"PTC":266.6,"pdc0":300.0,"gamma_pdc":-0.004920000000000001,"gamma_r":-0.49200000000000005}