{"Date":"1/16/2015","Version":"NRELv1","Technology":"Multi-c-Si","BIPV":"N","A_c":1.6340000000000001,"N_s":60.0,"T_NOCT":46.8,"I_sc_ref":8.85,"V_oc_ref":37.78,"I_mp_ref":7.9,"V_mp_ref":31.64,"alpha_sc":0.004337,"beta_oc":-0.12619,"a_ref":1.6828,"I_L_ref":8.871,"I_o_ref":1.46e-09,"R_s":0.136,"R_sh_ref":57.92,"Adjust":22.93,"PTC":223.4,"pdc0":250.0,"gamma_pdc":-0.00466,"gamma_r":-0.466}