{"Date":"1/16/2015","Version":"NRELv1","Technology":"Multi-c-Si","BIPV":"N","A_c":1.9340000000000002,"N_s":72.0,"T_NOCT":46.8,"I_sc_ref":8.45,"V_oc_ref":44.72,"I_mp_ref":7.79,"V_mp_ref":37.23,"alpha_sc":0.004141,"beta_oc":-0.14937,"a_ref":1.9429,"I_L_ref":8.462,"I_o_ref":8.23e-10,"R_s":0.217,"R_sh_ref":150.11,"Adjust":17.66,"PTC":259.0,"pdc0":290.0,"gamma_pdc":-0.00466,"gamma_r":-0.466}