{"Date":"02.11.2010","Version":"MM107","Technology":"1-a-Si","BIPV":"N","A_c":1.54,"N_s":167.0,"T_NOCT":46.7,"I_sc_ref":1.62,"V_oc_ref":100.0,"I_mp_ref":1.3,"V_mp_ref":73.0,"alpha_sc":0.0013109999999999999,"beta_oc":-0.3283,"a_ref":4.0247,"I_L_ref":1.6880000000000002,"I_o_ref":2.1600000000000002e-11,"R_s":11.927999999999999,"R_sh_ref":284.54,"Adjust":1.6,"PTC":86.3,"pdc0":95.0,"gamma_pdc":-0.0035100000000000005,"gamma_r":-0.35100000000000003}