{"Date":"02.11.2010","Version":"MM107","Technology":"1-a-Si","BIPV":"N","A_c":1.54,"N_s":167.0,"T_NOCT":46.7,"I_sc_ref":1.66,"V_oc_ref":100.0,"I_mp_ref":1.4,"V_mp_ref":75.0,"alpha_sc":0.001343,"beta_oc":-0.3283,"a_ref":3.9608,"I_L_ref":1.7,"I_o_ref":1.58e-11,"R_s":9.671,"R_sh_ref":403.61,"Adjust":-1.2,"PTC":95.5,"pdc0":105.0,"gamma_pdc":-0.0035100000000000005,"gamma_r":-0.35100000000000003}