{"Date":"6/14/2010","Version":"MM107","Technology":"Multi-c-Si","BIPV":"N","A_c":1.639,"N_s":60.0,"T_NOCT":47.4,"I_sc_ref":7.98,"V_oc_ref":36.18,"I_mp_ref":7.29,"V_mp_ref":30.18,"alpha_sc":0.0036710000000000002,"beta_oc":-0.14002,"a_ref":1.6711,"I_L_ref":7.9910000000000005,"I_o_ref":3.02e-09,"R_s":0.14800000000000002,"R_sh_ref":104.68,"Adjust":13.2,"PTC":191.5,"pdc0":220.0,"gamma_pdc":-0.00515,"gamma_r":-0.515}