{"Date":"6/14/2010","Version":"MM107","Technology":"Multi-c-Si","BIPV":"N","A_c":1.639,"N_s":60.0,"T_NOCT":47.4,"I_sc_ref":8.11,"V_oc_ref":37.08,"I_mp_ref":7.38,"V_mp_ref":31.17,"alpha_sc":0.00373,"beta_oc":-0.14165,"a_ref":1.7584,"I_L_ref":8.118,"I_o_ref":5.379999999999999e-09,"R_s":0.1,"R_sh_ref":96.64,"Adjust":20.1,"PTC":200.5,"pdc0":230.0,"gamma_pdc":-0.00536,"gamma_r":-0.536}