{"Date":"6/14/2010","Version":"MM107","Technology":"Multi-c-Si","BIPV":"N","A_c":1.639,"N_s":60.0,"T_NOCT":47.4,"I_sc_ref":8.18,"V_oc_ref":37.23,"I_mp_ref":7.43,"V_mp_ref":31.62,"alpha_sc":0.0037630000000000003,"beta_oc":-0.14222,"a_ref":1.7801,"I_L_ref":8.184,"I_o_ref":6.42e-09,"R_s":0.046,"R_sh_ref":91.11,"Adjust":21.8,"PTC":205.0,"pdc0":235.0,"gamma_pdc":-0.00536,"gamma_r":-0.536}