{"Date":"06.10.2010","Version":"MM107","Technology":"Mono-c-Si","BIPV":"N","A_c":1.431,"N_s":54.0,"T_NOCT":44.6,"I_sc_ref":8.66,"V_oc_ref":33.5,"I_mp_ref":7.97,"V_mp_ref":26.4,"alpha_sc":-0.0025109999999999998,"beta_oc":-0.10991,"a_ref":1.3936,"I_L_ref":8.689,"I_o_ref":3.05e-10,"R_s":0.384,"R_sh_ref":115.6,"Adjust":11.1,"PTC":187.1,"pdc0":210.0,"gamma_pdc":-0.00525,"gamma_r":-0.525}