{"Date":"06.10.2010","Version":"MM107","Technology":"Multi-c-Si","BIPV":"N","A_c":1.6269999999999998,"N_s":60.0,"T_NOCT":48.6,"I_sc_ref":8.44,"V_oc_ref":37.0,"I_mp_ref":7.82,"V_mp_ref":30.1,"alpha_sc":0.002616,"beta_oc":-0.1184,"a_ref":1.575,"I_L_ref":8.455,"I_o_ref":5.16e-10,"R_s":0.289,"R_sh_ref":159.63,"Adjust":18.3,"PTC":206.7,"pdc0":235.0,"gamma_pdc":-0.0048,"gamma_r":-0.48}