{"Date":"06.10.2010","Version":"MM107","Technology":"Multi-c-Si","BIPV":"N","A_c":1.6269999999999998,"N_s":60.0,"T_NOCT":48.6,"I_sc_ref":8.12,"V_oc_ref":36.3,"I_mp_ref":7.49,"V_mp_ref":29.4,"alpha_sc":0.002517,"beta_oc":-0.11615999999999999,"a_ref":1.5454,"I_L_ref":8.139,"I_o_ref":4.959999999999999e-10,"R_s":0.315,"R_sh_ref":136.95,"Adjust":18.3,"PTC":193.2,"pdc0":220.0,"gamma_pdc":-0.0048,"gamma_r":-0.48}