{"Date":"06.10.2010","Version":"MM107","Technology":"Mono-c-Si","BIPV":"N","A_c":1.431,"N_s":54.0,"T_NOCT":44.6,"I_sc_ref":8.5,"V_oc_ref":33.3,"I_mp_ref":7.73,"V_mp_ref":25.9,"alpha_sc":-0.0024649999999999997,"beta_oc":-0.10919000000000001,"a_ref":1.3840000000000001,"I_L_ref":8.546,"I_o_ref":2.89e-10,"R_s":0.442,"R_sh_ref":82.21,"Adjust":10.9,"PTC":178.0,"pdc0":200.0,"gamma_pdc":-0.00525,"gamma_r":-0.525}