{"Date":"1/16/2015","Version":"NRELv1","Technology":"Multi-c-Si","BIPV":"N","A_c":1.663,"N_s":60.0,"T_NOCT":50.6,"I_sc_ref":8.95,"V_oc_ref":38.0,"I_mp_ref":8.39,"V_mp_ref":31.0,"alpha_sc":0.004386,"beta_oc":-0.1178,"a_ref":1.5423,"I_L_ref":8.959,"I_o_ref":1.76e-10,"R_s":0.28600000000000003,"R_sh_ref":272.39,"Adjust":11.39,"PTC":230.7,"pdc0":260.0,"gamma_pdc":-0.00424,"gamma_r":-0.424}