{"Date":"5/22/2012","Version":"NRELv1","Technology":"Multi-c-Si","BIPV":"N","A_c":1.983,"N_s":72.0,"T_NOCT":44.2,"I_sc_ref":8.58,"V_oc_ref":44.7,"I_mp_ref":8.02,"V_mp_ref":36.2,"alpha_sc":0.0021449999999999998,"beta_oc":-0.14215,"a_ref":1.8053,"I_L_ref":8.592,"I_o_ref":1.49e-10,"R_s":0.391,"R_sh_ref":279.8,"Adjust":7.787000000000001,"PTC":263.9,"pdc0":290.0,"gamma_pdc":-0.00443,"gamma_r":-0.44299999999999995}