{"Date":"08.01.2013","Version":"NRELv1","Technology":"Multi-c-Si","BIPV":"N","A_c":1.6580000000000001,"N_s":60.0,"T_NOCT":48.2,"I_sc_ref":8.63,"V_oc_ref":37.4,"I_mp_ref":8.08,"V_mp_ref":30.4,"alpha_sc":0.005351,"beta_oc":-0.11407,"a_ref":1.4858,"I_L_ref":8.641,"I_o_ref":9.93e-11,"R_s":0.316,"R_sh_ref":241.7,"Adjust":8.302,"PTC":221.4,"pdc0":245.0,"gamma_pdc":-0.0039299999999999995,"gamma_r":-0.39299999999999996}