{"Date":"5/22/2012","Version":"NRELv1","Technology":"Multi-c-Si","BIPV":"N","A_c":1.983,"N_s":72.0,"T_NOCT":44.2,"I_sc_ref":8.45,"V_oc_ref":44.3,"I_mp_ref":7.84,"V_mp_ref":35.8,"alpha_sc":0.002113,"beta_oc":-0.14087,"a_ref":1.7946,"I_L_ref":8.468,"I_o_ref":1.5699999999999997e-10,"R_s":0.40399999999999997,"R_sh_ref":188.74,"Adjust":8.388,"PTC":254.6,"pdc0":280.0,"gamma_pdc":-0.00443,"gamma_r":-0.44299999999999995}