{"Date":"06.10.2010","Version":"MM107","Technology":"Mono-c-Si","BIPV":"N","A_c":1.588,"N_s":60.0,"T_NOCT":43.2,"I_sc_ref":8.39,"V_oc_ref":36.9,"I_mp_ref":7.56,"V_mp_ref":28.5,"alpha_sc":-0.0022649999999999997,"beta_oc":-0.12177,"a_ref":1.5241,"I_L_ref":8.45,"I_o_ref":2.43e-10,"R_s":0.532,"R_sh_ref":73.86,"Adjust":8.8,"PTC":193.2,"pdc0":215.0,"gamma_pdc":-0.00517,"gamma_r":-0.517}