{"Date":"08.01.2013","Version":"NRELv1","Technology":"Multi-c-Si","BIPV":"N","A_c":1.983,"N_s":72.0,"T_NOCT":48.1,"I_sc_ref":8.85,"V_oc_ref":45.1,"I_mp_ref":8.27,"V_mp_ref":36.3,"alpha_sc":0.004691,"beta_oc":-0.13259,"a_ref":1.7462,"I_L_ref":8.865,"I_o_ref":5.27e-11,"R_s":0.43200000000000005,"R_sh_ref":247.15,"Adjust":6.695,"PTC":272.2,"pdc0":300.0,"gamma_pdc":-0.0038299999999999996,"gamma_r":-0.38299999999999995}