{"Date":"08.01.2013","Version":"NRELv1","Technology":"Multi-c-Si","BIPV":"N","A_c":1.983,"N_s":72.0,"T_NOCT":48.1,"I_sc_ref":8.92,"V_oc_ref":45.6,"I_mp_ref":8.36,"V_mp_ref":36.5,"alpha_sc":0.004728,"beta_oc":-0.13405999999999998,"a_ref":1.7575,"I_L_ref":8.933,"I_o_ref":4.7400000000000006e-11,"R_s":0.461,"R_sh_ref":313.73,"Adjust":5.702000000000001,"PTC":276.8,"pdc0":305.0,"gamma_pdc":-0.0038299999999999996,"gamma_r":-0.38299999999999995}