{"Date":"01.05.2012","Version":"NRELv1","Technology":"Mono-c-Si","BIPV":"N","A_c":1.5830000000000002,"N_s":60.0,"T_NOCT":46.9,"I_sc_ref":8.6,"V_oc_ref":37.8,"I_mp_ref":8.11,"V_mp_ref":31.44,"alpha_sc":0.0037240000000000003,"beta_oc":-0.13846,"a_ref":1.6802,"I_L_ref":8.602,"I_o_ref":1.45e-09,"R_s":0.175,"R_sh_ref":821.96,"Adjust":12.08,"PTC":225.9,"pdc0":255.0,"gamma_pdc":-0.00505,"gamma_r":-0.505}