{"Date":"04.01.2010","Version":"MM107","Technology":"Multi-c-Si","BIPV":"N","A_c":1.65,"N_s":60.0,"T_NOCT":49.0,"I_sc_ref":8.3,"V_oc_ref":37.1,"I_mp_ref":7.8,"V_mp_ref":29.4,"alpha_sc":0.010541,"beta_oc":-0.13467,"a_ref":1.6996,"I_L_ref":8.301,"I_o_ref":2.7500000000000002e-09,"R_s":0.375,"R_sh_ref":100000.0,"Adjust":18.4,"PTC":200.7,"pdc0":230.0,"gamma_pdc":-0.00498,"gamma_r":-0.498}