{"Date":"8/17/2013","Version":"NRELv1","Technology":"Multi-c-Si","BIPV":"N","A_c":1.587,"N_s":60.0,"T_NOCT":46.0,"I_sc_ref":8.86,"V_oc_ref":37.4,"I_mp_ref":8.3,"V_mp_ref":30.2,"alpha_sc":0.004164,"beta_oc":-0.12866,"a_ref":1.5785,"I_L_ref":8.868,"I_o_ref":4.49e-10,"R_s":0.311,"R_sh_ref":332.28,"Adjust":8.292,"PTC":224.6,"pdc0":250.0,"gamma_pdc":-0.0046500000000000005,"gamma_r":-0.465}