{"Date":"04.01.2010","Version":"MM107","Technology":"Multi-c-Si","BIPV":"N","A_c":1.65,"N_s":60.0,"T_NOCT":49.0,"I_sc_ref":8.1,"V_oc_ref":36.1,"I_mp_ref":7.5,"V_mp_ref":28.2,"alpha_sc":0.010287000000000001,"beta_oc":-0.13101,"a_ref":1.6537,"I_L_ref":8.113999999999999,"I_o_ref":2.64e-09,"R_s":0.439,"R_sh_ref":257.51,"Adjust":18.3,"PTC":182.7,"pdc0":210.0,"gamma_pdc":-0.00498,"gamma_r":-0.498}