{"Date":"7/31/2013","Version":"NRELv1","Technology":"Multi-c-Si","BIPV":"N","A_c":1.587,"N_s":60.0,"T_NOCT":46.0,"I_sc_ref":8.66,"V_oc_ref":36.6,"I_mp_ref":8.06,"V_mp_ref":29.5,"alpha_sc":0.004070000000000001,"beta_oc":-0.1259,"a_ref":1.5490000000000002,"I_L_ref":8.674,"I_o_ref":4.65e-10,"R_s":0.319,"R_sh_ref":203.51,"Adjust":8.817,"PTC":210.8,"pdc0":235.0,"gamma_pdc":-0.0046500000000000005,"gamma_r":-0.465}