{"Date":"08.01.2012","Version":"NRELv1","Technology":"Multi-c-Si","BIPV":"N","A_c":1.587,"N_s":60.0,"T_NOCT":45.5,"I_sc_ref":8.68,"V_oc_ref":37.2,"I_mp_ref":8.12,"V_mp_ref":30.2,"alpha_sc":0.0021609999999999997,"beta_oc":-0.11048,"a_ref":1.4716,"I_L_ref":8.692,"I_o_ref":8.959999999999999e-11,"R_s":0.319,"R_sh_ref":224.45,"Adjust":10.74,"PTC":222.7,"pdc0":245.0,"gamma_pdc":-0.00425,"gamma_r":-0.425}