{"Technology":"Multi-c-Si","BIPV":"N","A_c":1.6269999999999998,"N_s":60.0,"T_NOCT":46.5,"PTC":241.8,"pdc0":265.0,"gamma_pdc":-0.0039591999999999995}