{"Date":"02.03.2014","Version":"NRELv1","Technology":"Multi-c-Si","BIPV":"N","A_c":1.587,"N_s":60.0,"T_NOCT":44.6,"I_sc_ref":9.18,"V_oc_ref":38.4,"I_mp_ref":8.66,"V_mp_ref":31.3,"alpha_sc":0.003571,"beta_oc":-0.13141,"a_ref":1.5803,"I_L_ref":9.184,"I_o_ref":2.55e-10,"R_s":0.27899999999999997,"R_sh_ref":640.54,"Adjust":3.804,"PTC":246.0,"pdc0":270.0,"gamma_pdc":-0.00446,"gamma_r":-0.446}