{"Date":"04.01.2010","Version":"MM107","Technology":"Multi-c-Si","BIPV":"N","A_c":1.65,"N_s":60.0,"T_NOCT":47.9,"I_sc_ref":8.3,"V_oc_ref":37.1,"I_mp_ref":7.8,"V_mp_ref":29.4,"alpha_sc":0.0009130000000000001,"beta_oc":-0.11798,"a_ref":1.4777,"I_L_ref":8.307,"I_o_ref":1.03e-10,"R_s":0.43200000000000005,"R_sh_ref":484.53,"Adjust":4.9,"PTC":204.3,"pdc0":230.0,"gamma_pdc":-0.00457,"gamma_r":-0.457}