{"Date":"04.01.2010","Version":"MM107","Technology":"Multi-c-Si","BIPV":"N","A_c":1.65,"N_s":60.0,"T_NOCT":49.0,"I_sc_ref":8.2,"V_oc_ref":36.8,"I_mp_ref":7.7,"V_mp_ref":29.1,"alpha_sc":0.010414,"beta_oc":-0.13358,"a_ref":1.6843,"I_L_ref":8.2,"I_o_ref":2.6600000000000003e-09,"R_s":0.387,"R_sh_ref":7673.92,"Adjust":18.2,"PTC":196.2,"pdc0":225.0,"gamma_pdc":-0.00498,"gamma_r":-0.498}