{"Date":"08.08.2013","Version":"NRELv1","Technology":"Multi-c-Si","BIPV":"N","A_c":1.587,"N_s":60.0,"T_NOCT":46.0,"I_sc_ref":8.8,"V_oc_ref":37.1,"I_mp_ref":8.23,"V_mp_ref":30.1,"alpha_sc":0.004136,"beta_oc":-0.12762,"a_ref":1.5718,"I_L_ref":8.809,"I_o_ref":4.86e-10,"R_s":0.29,"R_sh_ref":274.77,"Adjust":9.059,"PTC":220.0,"pdc0":245.0,"gamma_pdc":-0.0046500000000000005,"gamma_r":-0.465}