{"Date":"03.01.2011","Version":"MM107","Technology":"Multi-c-Si","BIPV":"N","A_c":1.65,"N_s":60.0,"T_NOCT":47.9,"I_sc_ref":8.2,"V_oc_ref":35.9,"I_mp_ref":7.55,"V_mp_ref":27.85,"alpha_sc":0.0009019999999999999,"beta_oc":-0.11416,"a_ref":1.4286,"I_L_ref":8.232000000000001,"I_o_ref":9.709999999999999e-11,"R_s":0.518,"R_sh_ref":130.81,"Adjust":4.6,"PTC":186.1,"pdc0":210.0,"gamma_pdc":-0.00457,"gamma_r":-0.457}