{"Date":"09.07.2010","Version":"MM107","Technology":"Multi-c-Si","BIPV":"N","A_c":1.65,"N_s":60.0,"T_NOCT":47.9,"I_sc_ref":8.1,"V_oc_ref":36.3,"I_mp_ref":7.6,"V_mp_ref":28.3,"alpha_sc":0.000891,"beta_oc":-0.11542999999999999,"a_ref":1.4342,"I_L_ref":8.107999999999999,"I_o_ref":8.179999999999999e-11,"R_s":0.506,"R_sh_ref":489.8,"Adjust":3.2,"PTC":190.6,"pdc0":215.0,"gamma_pdc":-0.00457,"gamma_r":-0.457}