{"Date":"03.01.2011","Version":"MM107","Technology":"Multi-c-Si","BIPV":"N","A_c":1.65,"N_s":60.0,"T_NOCT":47.9,"I_sc_ref":8.1,"V_oc_ref":35.5,"I_mp_ref":7.45,"V_mp_ref":27.55,"alpha_sc":0.000891,"beta_oc":-0.11289,"a_ref":1.4141,"I_L_ref":8.133,"I_o_ref":9.820000000000001e-11,"R_s":0.517,"R_sh_ref":125.59,"Adjust":4.8,"PTC":181.5,"pdc0":205.0,"gamma_pdc":-0.00457,"gamma_r":-0.457}