{"Technology":"Mono-c-Si","BIPV":"N","A_c":1.6469999999999998,"N_s":60.0,"T_NOCT":46.5,"PTC":245.8,"pdc0":270.0,"gamma_pdc":-0.004050000000000001}