{"Date":"04.01.2010","Version":"MM107","Technology":"Multi-c-Si","BIPV":"N","A_c":1.65,"N_s":60.0,"T_NOCT":49.0,"I_sc_ref":8.1,"V_oc_ref":36.3,"I_mp_ref":7.6,"V_mp_ref":28.27,"alpha_sc":0.010287000000000001,"beta_oc":-0.13177,"a_ref":1.6474,"I_L_ref":8.105,"I_o_ref":2.18e-09,"R_s":0.455,"R_sh_ref":100000.0,"Adjust":16.4,"PTC":187.2,"pdc0":215.0,"gamma_pdc":-0.00498,"gamma_r":-0.498}