{"Technology":"Mono-c-Si","BIPV":"N","A_c":2.0069999999999997,"N_s":72.0,"T_NOCT":46.2,"PTC":306.9,"pdc0":340.0,"gamma_pdc":-0.00452}