{"Technology":"Mono-c-Si","BIPV":"N","A_c":2.0069999999999997,"N_s":72.0,"T_NOCT":46.2,"PTC":288.3,"pdc0":320.0,"gamma_pdc":-0.00452}