{"Vac":208.0,"Paco":3500.0,"Pdco":3648.6844509999996,"Vdco":100.0,"Pso":40.91831815,"C0":-7.31e-06,"C1":0.0,"C2":0.0,"C3":0.0,"Pnt":3.74,"Vdcmax":248.0,"Mppt_low":96.0,"Mppt_high":192.0}