{"Vac":208.0,"Paco":5750.0,"Pdco":5922.87,"Vdco":380.0,"Pso":27.7402,"C0":-3.5106099999999997e-06,"C1":5.688160000000001e-06,"C2":0.00337701,"C3":-0.0010825,"Pnt":3.5,"Vdcmax":525.0,"Mppt_low":325.0,"Mppt_high":525.0}