{"Vac":480.0,"Paco":8000.0,"Pdco":8120.4,"Vdco":740.0,"Pso":38.4464,"C0":-8.34622e-07,"C1":-1.00759e-05,"C2":-0.000225908,"C3":-0.000370255,"Pnt":4.0,"Vdcmax":800.0,"Mppt_low":100.0,"Mppt_high":800.0}