{"Date":"5/22/2012","Version":"NRELv1","Technology":"Multi-c-Si","BIPV":"N","A_c":1.6369999999999998,"N_s":60.0,"T_NOCT":45.6,"I_sc_ref":8.5,"V_oc_ref":37.5,"I_mp_ref":7.9,"V_mp_ref":31.0,"alpha_sc":0.00425,"beta_oc":-0.1275,"a_ref":1.5921,"I_L_ref":8.511000000000001,"I_o_ref":4.89e-10,"R_s":0.222,"R_sh_ref":172.27,"Adjust":10.71,"PTC":221.1,"pdc0":245.0,"gamma_pdc":-0.0045000000000000005,"gamma_r":-0.45}