{"Date":"5/22/2012","Version":"NRELv1","Technology":"Multi-c-Si","BIPV":"N","A_c":1.949,"N_s":72.0,"T_NOCT":45.6,"I_sc_ref":8.2,"V_oc_ref":44.6,"I_mp_ref":7.6,"V_mp_ref":36.9,"alpha_sc":0.0041,"beta_oc":-0.15164,"a_ref":1.8977,"I_L_ref":8.212,"I_o_ref":4.95e-10,"R_s":0.268,"R_sh_ref":187.03,"Adjust":11.15,"PTC":252.4,"pdc0":280.0,"gamma_pdc":-0.0045000000000000005,"gamma_r":-0.45}