{"Date":"5/22/2012","Version":"NRELv1","Technology":"Mono-c-Si","BIPV":"N","A_c":1.2790000000000001,"N_s":72.0,"T_NOCT":45.7,"I_sc_ref":5.35,"V_oc_ref":44.6,"I_mp_ref":4.85,"V_mp_ref":37.2,"alpha_sc":0.001686,"beta_oc":-0.18871,"a_ref":1.9168,"I_L_ref":5.362,"I_o_ref":3.9699999999999997e-10,"R_s":0.33399999999999996,"R_sh_ref":147.11,"Adjust":-9.012,"PTC":162.1,"pdc0":180.0,"gamma_pdc":-0.00451,"gamma_r":-0.451}