{"Date":"03.09.2011","Version":"MM107","Technology":"Mono-c-Si","BIPV":"N","A_c":1.47,"N_s":54.0,"T_NOCT":45.5,"I_sc_ref":8.6,"V_oc_ref":33.8,"I_mp_ref":8.1,"V_mp_ref":27.8,"alpha_sc":0.00344,"beta_oc":-0.10815999999999999,"a_ref":1.4112,"I_L_ref":8.604,"I_o_ref":3.3799999999999997e-10,"R_s":0.223,"R_sh_ref":436.03,"Adjust":14.0,"PTC":203.0,"pdc0":225.0,"gamma_pdc":-0.00456,"gamma_r":-0.456}