{"Date":"5/22/2012","Version":"NRELv1","Technology":"Multi-c-Si","BIPV":"N","A_c":1.6369999999999998,"N_s":60.0,"T_NOCT":45.6,"I_sc_ref":8.6,"V_oc_ref":37.7,"I_mp_ref":8.15,"V_mp_ref":31.3,"alpha_sc":0.0043,"beta_oc":-0.12818,"a_ref":1.5862,"I_L_ref":8.601,"I_o_ref":4.09e-10,"R_s":0.205,"R_sh_ref":2163.92,"Adjust":8.935,"PTC":230.4,"pdc0":255.0,"gamma_pdc":-0.0045000000000000005,"gamma_r":-0.45}