{"Date":"5/22/2012","Version":"NRELv1","Technology":"Mono-c-Si","BIPV":"N","A_c":1.946,"N_s":72.0,"T_NOCT":47.3,"I_sc_ref":9.02,"V_oc_ref":45.64,"I_mp_ref":8.41,"V_mp_ref":35.7,"alpha_sc":0.005006,"beta_oc":-0.15467999999999998,"a_ref":1.9344,"I_L_ref":9.033,"I_o_ref":5.05e-10,"R_s":0.526,"R_sh_ref":372.33,"Adjust":10.71,"PTC":266.5,"pdc0":300.0,"gamma_pdc":-0.00479,"gamma_r":-0.479}