{"Date":"5/22/2012","Version":"NRELv1","Technology":"Mono-c-Si","BIPV":"N","A_c":1.635,"N_s":60.0,"T_NOCT":47.3,"I_sc_ref":9.14,"V_oc_ref":38.63,"I_mp_ref":8.52,"V_mp_ref":29.96,"alpha_sc":0.005071,"beta_oc":-0.13091,"a_ref":1.6292,"I_L_ref":9.152999999999999,"I_o_ref":4.55e-10,"R_s":0.47600000000000003,"R_sh_ref":332.8,"Adjust":9.676,"PTC":226.6,"pdc0":255.0,"gamma_pdc":-0.00479,"gamma_r":-0.479}