{"Date":"5/22/2012","Version":"NRELv1","Technology":"Mono-c-Si","BIPV":"N","A_c":1.635,"N_s":60.0,"T_NOCT":47.3,"I_sc_ref":9.28,"V_oc_ref":39.5,"I_mp_ref":8.66,"V_mp_ref":30.64,"alpha_sc":0.0051530000000000005,"beta_oc":-0.13388,"a_ref":1.6651,"I_L_ref":9.292,"I_o_ref":4.58e-10,"R_s":0.478,"R_sh_ref":378.05,"Adjust":9.568,"PTC":235.8,"pdc0":265.0,"gamma_pdc":-0.00479,"gamma_r":-0.479}