{"Date":"5/22/2012","Version":"NRELv1","Technology":"Mono-c-Si","BIPV":"N","A_c":1.946,"N_s":72.0,"T_NOCT":47.3,"I_sc_ref":8.85,"V_oc_ref":44.2,"I_mp_ref":8.25,"V_mp_ref":34.57,"alpha_sc":0.004911,"beta_oc":-0.1498,"a_ref":1.8734,"I_L_ref":8.863,"I_o_ref":4.959999999999999e-10,"R_s":0.52,"R_sh_ref":361.51,"Adjust":10.72,"PTC":252.8,"pdc0":285.0,"gamma_pdc":-0.00479,"gamma_r":-0.479}