{"Date":"5/22/2012","Version":"NRELv1","Technology":"Mono-c-Si","BIPV":"N","A_c":1.946,"N_s":72.0,"T_NOCT":47.3,"I_sc_ref":8.96,"V_oc_ref":45.17,"I_mp_ref":8.36,"V_mp_ref":35.33,"alpha_sc":0.004974,"beta_oc":-0.15308,"a_ref":1.9137,"I_L_ref":8.972000000000001,"I_o_ref":4.97e-10,"R_s":0.525,"R_sh_ref":398.77,"Adjust":10.63,"PTC":261.9,"pdc0":295.0,"gamma_pdc":-0.00479,"gamma_r":-0.479}