{"Date":"5/22/2012","Version":"NRELv1","Technology":"Multi-c-Si","BIPV":"N","A_c":1.946,"N_s":72.0,"T_NOCT":47.5,"I_sc_ref":8.82,"V_oc_ref":45.5,"I_mp_ref":8.19,"V_mp_ref":35.4,"alpha_sc":0.005783,"beta_oc":-0.15195999999999998,"a_ref":1.9407,"I_L_ref":8.837,"I_o_ref":5.71e-10,"R_s":0.561,"R_sh_ref":290.39,"Adjust":13.58,"PTC":257.1,"pdc0":290.0,"gamma_pdc":-0.00479,"gamma_r":-0.479}