{"Date":"5/22/2012","Version":"NRELv1","Technology":"Mono-c-Si","BIPV":"N","A_c":1.635,"N_s":60.0,"T_NOCT":47.3,"I_sc_ref":9.06,"V_oc_ref":38.18,"I_mp_ref":8.45,"V_mp_ref":29.61,"alpha_sc":0.005031,"beta_oc":-0.12938,"a_ref":1.6097,"I_L_ref":9.072000000000001,"I_o_ref":4.48e-10,"R_s":0.474,"R_sh_ref":352.02,"Adjust":9.626,"PTC":222.0,"pdc0":250.0,"gamma_pdc":-0.00479,"gamma_r":-0.479}