{"Date":"10.01.2014","Version":"NRELv1","Technology":"Mono-c-Si","BIPV":"N","A_c":1.631,"N_s":60.0,"T_NOCT":46.1,"I_sc_ref":8.59,"V_oc_ref":37.6,"I_mp_ref":8.07,"V_mp_ref":30.45,"alpha_sc":0.003436,"beta_oc":-0.12032000000000001,"a_ref":1.548,"I_L_ref":8.597000000000001,"I_o_ref":2.4e-10,"R_s":0.32,"R_sh_ref":400.5,"Adjust":11.09,"PTC":220.6,"pdc0":245.0,"gamma_pdc":-0.0045000000000000005,"gamma_r":-0.45}