{"Date":"04.02.2013","Version":"NRELv1","Technology":"Mono-c-Si","BIPV":"N","A_c":1.114,"N_s":72.0,"T_NOCT":44.4,"I_sc_ref":5.5,"V_oc_ref":44.25,"I_mp_ref":4.83,"V_mp_ref":36.24,"alpha_sc":0.0032170000000000002,"beta_oc":-0.17836,"a_ref":2.1669,"I_L_ref":5.522,"I_o_ref":6.820000000000001e-09,"R_s":0.361,"R_sh_ref":92.29,"Adjust":19.97,"PTC":155.7,"pdc0":175.0,"gamma_pdc":-0.0054600000000000004,"gamma_r":-0.546}