{"Date":"04.02.2013","Version":"NRELv1","Technology":"Mono-c-Si","BIPV":"N","A_c":1.114,"N_s":72.0,"T_NOCT":48.3,"I_sc_ref":5.8,"V_oc_ref":44.6,"I_mp_ref":5.09,"V_mp_ref":36.3,"alpha_sc":0.001102,"beta_oc":-0.14004,"a_ref":1.8729,"I_L_ref":5.837999999999999,"I_o_ref":2.4e-10,"R_s":0.523,"R_sh_ref":79.83,"Adjust":17.39,"PTC":165.3,"pdc0":185.0,"gamma_pdc":-0.00446,"gamma_r":-0.446}