{"Date":"10.01.2014","Version":"NRELv1","Technology":"Mono-c-Si","BIPV":"N","A_c":1.631,"N_s":60.0,"T_NOCT":47.1,"I_sc_ref":8.85,"V_oc_ref":37.5,"I_mp_ref":8.35,"V_mp_ref":30.0,"alpha_sc":0.004425,"beta_oc":-0.11625,"a_ref":1.5106,"I_L_ref":8.854,"I_o_ref":1.46e-10,"R_s":0.36700000000000005,"R_sh_ref":890.75,"Adjust":9.777000000000001,"PTC":225.2,"pdc0":250.0,"gamma_pdc":-0.0043,"gamma_r":-0.43}