{"Date":"9/15/2011","Version":"MM107","Technology":"Mono-c-Si","BIPV":"N","A_c":1.2770000000000001,"N_s":72.0,"T_NOCT":48.3,"I_sc_ref":5.61,"V_oc_ref":44.6,"I_mp_ref":4.95,"V_mp_ref":36.3,"alpha_sc":0.001066,"beta_oc":-0.14004,"a_ref":1.8674,"I_L_ref":5.644,"I_o_ref":2.18e-10,"R_s":0.542,"R_sh_ref":88.5,"Adjust":16.6,"PTC":160.1,"pdc0":180.0,"gamma_pdc":-0.00446,"gamma_r":-0.446}