{"Date":"04.02.2013","Version":"NRELv1","Technology":"Mono-c-Si","BIPV":"N","A_c":1.114,"N_s":72.0,"T_NOCT":44.4,"I_sc_ref":5.19,"V_oc_ref":44.12,"I_mp_ref":4.6,"V_mp_ref":35.8,"alpha_sc":0.003036,"beta_oc":-0.17784,"a_ref":2.1319,"I_L_ref":5.212000000000001,"I_o_ref":4.95e-09,"R_s":0.478,"R_sh_ref":111.98,"Adjust":17.35,"PTC":146.5,"pdc0":165.0,"gamma_pdc":-0.0054600000000000004,"gamma_r":-0.546}