{"Date":"04.02.2013","Version":"NRELv1","Technology":"Multi-c-Si","BIPV":"N","A_c":1.923,"N_s":72.0,"T_NOCT":45.7,"I_sc_ref":8.55,"V_oc_ref":44.72,"I_mp_ref":7.95,"V_mp_ref":35.86,"alpha_sc":0.0034200000000000003,"beta_oc":-0.15205,"a_ref":1.8502,"I_L_ref":8.566,"I_o_ref":2.67e-10,"R_s":0.43200000000000005,"R_sh_ref":230.56,"Adjust":5.477,"PTC":256.9,"pdc0":285.0,"gamma_pdc":-0.00452,"gamma_r":-0.452}