{"Date":"9/15/2011","Version":"MM107","Technology":"Multi-c-Si","BIPV":"N","A_c":1.6269999999999998,"N_s":60.0,"T_NOCT":45.6,"I_sc_ref":8.3,"V_oc_ref":36.5,"I_mp_ref":7.82,"V_mp_ref":29.4,"alpha_sc":0.0053950000000000005,"beta_oc":-0.1241,"a_ref":1.5299,"I_L_ref":8.302999999999999,"I_o_ref":3.6e-10,"R_s":0.336,"R_sh_ref":838.16,"Adjust":7.8,"PTC":207.5,"pdc0":230.0,"gamma_pdc":-0.00446,"gamma_r":-0.446}