{"Date":"9/15/2011","Version":"MM107","Technology":"Multi-c-Si","BIPV":"N","A_c":1.6269999999999998,"N_s":60.0,"T_NOCT":45.6,"I_sc_ref":8.1,"V_oc_ref":36.3,"I_mp_ref":7.75,"V_mp_ref":29.0,"alpha_sc":0.005265,"beta_oc":-0.12342,"a_ref":1.5103,"I_L_ref":8.199,"I_o_ref":2.99e-10,"R_s":0.376,"R_sh_ref":100000.0,"Adjust":6.3,"PTC":202.8,"pdc0":225.0,"gamma_pdc":-0.00446,"gamma_r":-0.446}