{"Date":"04.02.2013","Version":"NRELv1","Technology":"Multi-c-Si","BIPV":"N","A_c":1.739,"N_s":72.0,"T_NOCT":46.8,"I_sc_ref":7.79,"V_oc_ref":43.49,"I_mp_ref":7.23,"V_mp_ref":36.0,"alpha_sc":0.008102,"beta_oc":-0.15439,"a_ref":1.9663,"I_L_ref":7.797999999999999,"I_o_ref":1.89e-09,"R_s":0.239,"R_sh_ref":233.49,"Adjust":18.52,"PTC":232.4,"pdc0":260.0,"gamma_pdc":-0.00463,"gamma_r":-0.46299999999999997}