{"Date":"04.02.2013","Version":"NRELv1","Technology":"Multi-c-Si","BIPV":"N","A_c":1.739,"N_s":72.0,"T_NOCT":46.8,"I_sc_ref":7.96,"V_oc_ref":43.78,"I_mp_ref":7.49,"V_mp_ref":36.72,"alpha_sc":0.008278,"beta_oc":-0.15542,"a_ref":1.9779,"I_L_ref":7.962000000000001,"I_o_ref":1.93e-09,"R_s":0.16399999999999998,"R_sh_ref":659.59,"Adjust":18.46,"PTC":246.2,"pdc0":275.0,"gamma_pdc":-0.00463,"gamma_r":-0.46299999999999997}