{"Date":"04.02.2013","Version":"NRELv1","Technology":"Multi-c-Si","BIPV":"N","A_c":1.923,"N_s":72.0,"T_NOCT":45.7,"I_sc_ref":8.68,"V_oc_ref":44.78,"I_mp_ref":8.16,"V_mp_ref":36.17,"alpha_sc":0.003472,"beta_oc":-0.15225,"a_ref":1.8489,"I_L_ref":8.686,"I_o_ref":2.6100000000000003e-10,"R_s":0.38799999999999996,"R_sh_ref":543.07,"Adjust":5.118,"PTC":266.1,"pdc0":295.0,"gamma_pdc":-0.00452,"gamma_r":-0.452}