{"Date":"12/27/2012","Version":"NRELv1","Technology":"Multi-c-Si","BIPV":"N","A_c":1.611,"N_s":60.0,"T_NOCT":46.5,"I_sc_ref":8.73,"V_oc_ref":37.27,"I_mp_ref":8.13,"V_mp_ref":30.14,"alpha_sc":0.0034920000000000003,"beta_oc":-0.13045,"a_ref":1.5597,"I_L_ref":8.744,"I_o_ref":3.59e-10,"R_s":0.313,"R_sh_ref":202.03,"Adjust":4.7410000000000005,"PTC":219.7,"pdc0":245.0,"gamma_pdc":-0.00458,"gamma_r":-0.45799999999999996}