{"Date":"10.01.2012","Version":"NRELv1","Technology":"Multi-c-Si","BIPV":"N","A_c":1.611,"N_s":60.0,"T_NOCT":52.2,"I_sc_ref":8.73,"V_oc_ref":37.27,"I_mp_ref":8.13,"V_mp_ref":30.14,"alpha_sc":0.002532,"beta_oc":-0.13007,"a_ref":1.5694,"I_L_ref":8.743,"I_o_ref":4.1599999999999996e-10,"R_s":0.31,"R_sh_ref":205.66,"Adjust":6.43,"PTC":211.9,"pdc0":245.0,"gamma_pdc":-0.00475,"gamma_r":-0.475}