{"Date":"05.01.2013","Version":"NRELv1","Technology":"Multi-c-Si","BIPV":"N","A_c":1.611,"N_s":60.0,"T_NOCT":45.5,"I_sc_ref":8.64,"V_oc_ref":37.0,"I_mp_ref":7.94,"V_mp_ref":30.23,"alpha_sc":0.0034560000000000003,"beta_oc":-0.1221,"a_ref":1.5534,"I_L_ref":8.661,"I_o_ref":3.76e-10,"R_s":0.271,"R_sh_ref":109.24,"Adjust":11.71,"PTC":216.7,"pdc0":240.0,"gamma_pdc":-0.0045000000000000005,"gamma_r":-0.45}