{"Date":"10.01.2012","Version":"NRELv1","Technology":"Multi-c-Si","BIPV":"N","A_c":1.611,"N_s":60.0,"T_NOCT":52.2,"I_sc_ref":8.76,"V_oc_ref":37.47,"I_mp_ref":8.24,"V_mp_ref":30.34,"alpha_sc":0.0025399999999999997,"beta_oc":-0.13077,"a_ref":1.5698,"I_L_ref":8.765,"I_o_ref":3.7400000000000005e-10,"R_s":0.306,"R_sh_ref":520.18,"Adjust":5.455,"PTC":216.4,"pdc0":250.0,"gamma_pdc":-0.00475,"gamma_r":-0.475}