{"Date":"04.02.2013","Version":"NRELv1","Technology":"Multi-c-Si","BIPV":"N","A_c":1.47,"N_s":54.0,"T_NOCT":45.3,"I_sc_ref":8.3,"V_oc_ref":32.83,"I_mp_ref":7.63,"V_mp_ref":27.54,"alpha_sc":0.004158,"beta_oc":-0.11717000000000001,"a_ref":1.5303,"I_L_ref":8.308,"I_o_ref":3.86e-09,"R_s":0.10300000000000001,"R_sh_ref":111.07,"Adjust":25.0,"PTC":186.1,"pdc0":210.0,"gamma_pdc":-0.00528,"gamma_r":-0.528}