{"Date":"12/27/2012","Version":"NRELv1","Technology":"Multi-c-Si","BIPV":"N","A_c":1.611,"N_s":60.0,"T_NOCT":46.5,"I_sc_ref":8.82,"V_oc_ref":37.54,"I_mp_ref":8.25,"V_mp_ref":30.91,"alpha_sc":0.0035280000000000003,"beta_oc":-0.13139,"a_ref":1.5836,"I_L_ref":8.828,"I_o_ref":4.4e-10,"R_s":0.233,"R_sh_ref":244.75,"Adjust":6.377000000000001,"PTC":229.0,"pdc0":255.0,"gamma_pdc":-0.00458,"gamma_r":-0.45799999999999996}