{"Date":"04.02.2013","Version":"NRELv1","Technology":"Multi-c-Si","BIPV":"N","A_c":1.94,"N_s":72.0,"T_NOCT":47.7,"I_sc_ref":8.78,"V_oc_ref":45.12,"I_mp_ref":8.21,"V_mp_ref":37.18,"alpha_sc":0.0036,"beta_oc":-0.15612,"a_ref":1.8824,"I_L_ref":8.789,"I_o_ref":3.36e-10,"R_s":0.28300000000000003,"R_sh_ref":277.47,"Adjust":5.329,"PTC":272.9,"pdc0":305.0,"gamma_pdc":-0.00446,"gamma_r":-0.446}