{"Date":"10.01.2012","Version":"NRELv1","Technology":"Multi-c-Si","BIPV":"N","A_c":1.611,"N_s":60.0,"T_NOCT":46.8,"I_sc_ref":8.8,"V_oc_ref":37.44,"I_mp_ref":8.14,"V_mp_ref":30.71,"alpha_sc":0.004928,"beta_oc":-0.1741,"a_ref":1.6488,"I_L_ref":8.814,"I_o_ref":1.18e-09,"R_s":0.23199999999999998,"R_sh_ref":148.78,"Adjust":-13.55,"PTC":223.6,"pdc0":250.0,"gamma_pdc":-0.0046500000000000005,"gamma_r":-0.465}