{"Date":"04.02.2013","Version":"NRELv1","Technology":"Multi-c-Si","BIPV":"N","A_c":1.611,"N_s":60.0,"T_NOCT":45.5,"I_sc_ref":8.82,"V_oc_ref":37.54,"I_mp_ref":8.25,"V_mp_ref":30.91,"alpha_sc":0.0035280000000000003,"beta_oc":-0.12387999999999999,"a_ref":1.5665,"I_L_ref":8.829,"I_o_ref":3.39e-10,"R_s":0.23800000000000002,"R_sh_ref":236.31,"Adjust":10.53,"PTC":230.6,"pdc0":255.0,"gamma_pdc":-0.0045000000000000005,"gamma_r":-0.45}