{"Date":"04.02.2013","Version":"NRELv1","Technology":"Multi-c-Si","BIPV":"N","A_c":1.923,"N_s":72.0,"T_NOCT":45.7,"I_sc_ref":8.62,"V_oc_ref":44.75,"I_mp_ref":8.08,"V_mp_ref":35.92,"alpha_sc":0.0034479999999999997,"beta_oc":-0.15215,"a_ref":1.844,"I_L_ref":8.629,"I_o_ref":2.46e-10,"R_s":0.424,"R_sh_ref":415.27,"Adjust":4.7010000000000005,"PTC":261.5,"pdc0":290.0,"gamma_pdc":-0.00452,"gamma_r":-0.452}