{"Date":"07.05.2011","Version":"MM107","Technology":"Multi-c-Si","BIPV":"N","A_c":1.739,"N_s":72.0,"T_NOCT":46.8,"I_sc_ref":7.85,"V_oc_ref":43.88,"I_mp_ref":7.24,"V_mp_ref":35.2,"alpha_sc":0.008164,"beta_oc":-0.15577,"a_ref":1.9553,"I_L_ref":7.867000000000001,"I_o_ref":1.3699999999999998e-09,"R_s":0.42200000000000004,"R_sh_ref":194.49,"Adjust":15.2,"PTC":227.8,"pdc0":255.0,"gamma_pdc":-0.00463,"gamma_r":-0.46299999999999997}