{"Date":"04.02.2013","Version":"NRELv1","Technology":"Multi-c-Si","BIPV":"N","A_c":1.923,"N_s":72.0,"T_NOCT":45.7,"I_sc_ref":8.48,"V_oc_ref":44.27,"I_mp_ref":7.88,"V_mp_ref":35.54,"alpha_sc":0.003392,"beta_oc":-0.15052000000000001,"a_ref":1.8335,"I_L_ref":8.496,"I_o_ref":2.71e-10,"R_s":0.425,"R_sh_ref":221.25,"Adjust":5.685,"PTC":252.2,"pdc0":280.0,"gamma_pdc":-0.00452,"gamma_r":-0.452}