{"Date":"04.02.2013","Version":"NRELv1","Technology":"Multi-c-Si","BIPV":"N","A_c":1.94,"N_s":72.0,"T_NOCT":47.7,"I_sc_ref":8.68,"V_oc_ref":44.78,"I_mp_ref":8.16,"V_mp_ref":36.17,"alpha_sc":0.0035590000000000005,"beta_oc":-0.15494000000000002,"a_ref":1.8409,"I_L_ref":8.686,"I_o_ref":2.35e-10,"R_s":0.39,"R_sh_ref":528.54,"Adjust":2.407,"PTC":263.7,"pdc0":295.0,"gamma_pdc":-0.00446,"gamma_r":-0.446}