{"Date":"04.02.2013","Version":"NRELv1","Technology":"Multi-c-Si","BIPV":"N","A_c":1.47,"N_s":54.0,"T_NOCT":45.3,"I_sc_ref":7.98,"V_oc_ref":32.75,"I_mp_ref":7.22,"V_mp_ref":27.0,"alpha_sc":0.003998,"beta_oc":-0.11689000000000001,"a_ref":1.5264,"I_L_ref":7.999,"I_o_ref":3.64e-09,"R_s":0.179,"R_sh_ref":76.49,"Adjust":24.85,"PTC":172.4,"pdc0":195.0,"gamma_pdc":-0.00528,"gamma_r":-0.528}