{"Date":"05.01.2013","Version":"NRELv1","Technology":"Multi-c-Si","BIPV":"N","A_c":1.6269999999999998,"N_s":60.0,"T_NOCT":45.5,"I_sc_ref":8.3,"V_oc_ref":36.5,"I_mp_ref":7.99,"V_mp_ref":29.4,"alpha_sc":0.0033200000000000005,"beta_oc":-0.12045,"a_ref":1.4953,"I_L_ref":8.47,"I_o_ref":2.11e-10,"R_s":0.33899999999999997,"R_sh_ref":947.17,"Adjust":6.71,"PTC":212.0,"pdc0":235.0,"gamma_pdc":-0.0045000000000000005,"gamma_r":-0.45}