{"Date":"12/27/2012","Version":"NRELv1","Technology":"Multi-c-Si","BIPV":"N","A_c":1.611,"N_s":60.0,"T_NOCT":46.5,"I_sc_ref":8.58,"V_oc_ref":37.17,"I_mp_ref":8.02,"V_mp_ref":29.96,"alpha_sc":0.003432,"beta_oc":-0.1301,"a_ref":1.5491,"I_L_ref":8.591000000000001,"I_o_ref":3.21e-10,"R_s":0.332,"R_sh_ref":269.22,"Adjust":3.9389999999999996,"PTC":215.1,"pdc0":240.0,"gamma_pdc":-0.00458,"gamma_r":-0.45799999999999996}