{"Date":"07.05.2011","Version":"MM107","Technology":"Multi-c-Si","BIPV":"N","A_c":1.739,"N_s":72.0,"T_NOCT":46.8,"I_sc_ref":7.81,"V_oc_ref":43.88,"I_mp_ref":7.12,"V_mp_ref":35.2,"alpha_sc":0.008122,"beta_oc":-0.15577,"a_ref":1.9691,"I_L_ref":7.835,"I_o_ref":1.57e-09,"R_s":0.42200000000000004,"R_sh_ref":129.43,"Adjust":16.6,"PTC":223.2,"pdc0":250.0,"gamma_pdc":-0.00463,"gamma_r":-0.46299999999999997}