{"Date":"9/26/2011","Version":"MM107","Technology":"CIGS","BIPV":"N","A_c":1.0859999999999999,"N_s":100.0,"T_NOCT":45.2,"I_sc_ref":3.15,"V_oc_ref":52.5,"I_mp_ref":2.71,"V_mp_ref":40.6,"alpha_sc":9e-06,"beta_oc":-0.1659,"a_ref":1.9605,"I_L_ref":3.2030000000000003,"I_o_ref":6.5700000000000005e-12,"R_s":2.2159999999999997,"R_sh_ref":131.5,"Adjust":-8.0,"PTC":100.3,"pdc0":110.0,"gamma_pdc":-0.0038299999999999996,"gamma_r":-0.38299999999999995}