{"Date":"11.01.2013","Version":"NRELv1","Technology":"CIGS","BIPV":"N","A_c":1.073,"N_s":134.0,"T_NOCT":47.7,"I_sc_ref":2.72,"V_oc_ref":80.8,"I_mp_ref":2.39,"V_mp_ref":62.7,"alpha_sc":0.000816,"beta_oc":-0.24078000000000002,"a_ref":2.8556,"I_L_ref":2.7569999999999997,"I_o_ref":1.28e-12,"R_s":3.938,"R_sh_ref":289.93,"Adjust":-13.85,"PTC":138.5,"pdc0":150.0,"gamma_pdc":-0.00315,"gamma_r":-0.315}