{"Date":"10.01.2013","Version":"NRELv1","Technology":"CIGS","BIPV":"N","A_c":1.0859999999999999,"N_s":134.0,"T_NOCT":45.6,"I_sc_ref":2.68,"V_oc_ref":79.6,"I_mp_ref":2.38,"V_mp_ref":61.0,"alpha_sc":0.00040199999999999996,"beta_oc":-0.25551999999999997,"a_ref":2.7239,"I_L_ref":2.715,"I_o_ref":5.04e-13,"R_s":4.349,"R_sh_ref":331.23,"Adjust":-25.63,"PTC":134.8,"pdc0":145.0,"gamma_pdc":-0.00316,"gamma_r":-0.316}