{"Date":"9/30/2013","Version":"NRELv1","Technology":"CIGS","BIPV":"N","A_c":1.0859999999999999,"N_s":100.0,"T_NOCT":48.4,"I_sc_ref":3.42,"V_oc_ref":56.5,"I_mp_ref":3.05,"V_mp_ref":42.7,"alpha_sc":0.000239,"beta_oc":-0.2034,"a_ref":2.1035,"I_L_ref":3.4610000000000003,"I_o_ref":6.91e-12,"R_s":2.515,"R_sh_ref":212.28,"Adjust":-19.55,"PTC":116.6,"pdc0":130.0,"gamma_pdc":-0.004,"gamma_r":-0.4}