{"Date":"12/27/2012","Version":"NRELv1","Technology":"CIGS","BIPV":"N","A_c":1.0859999999999999,"N_s":100.0,"T_NOCT":47.3,"I_sc_ref":3.42,"V_oc_ref":60.0,"I_mp_ref":3.08,"V_mp_ref":45.5,"alpha_sc":0.000239,"beta_oc":-0.198,"a_ref":2.0667,"I_L_ref":3.457,"I_o_ref":7.929999999999999e-13,"R_s":2.707,"R_sh_ref":251.98,"Adjust":-26.35,"PTC":128.5,"pdc0":140.0,"gamma_pdc":-0.0034000000000000002,"gamma_r":-0.34}