{"Date":"9/28/2013","Version":"NRELv1","Technology":"CIGS","BIPV":"N","A_c":1.0859999999999999,"N_s":100.0,"T_NOCT":48.4,"I_sc_ref":3.45,"V_oc_ref":55.0,"I_mp_ref":3.05,"V_mp_ref":41.0,"alpha_sc":0.000242,"beta_oc":-0.198,"a_ref":2.0414,"I_L_ref":3.5010000000000003,"I_o_ref":6.36e-12,"R_s":2.657,"R_sh_ref":179.83,"Adjust":-20.12,"PTC":112.0,"pdc0":125.0,"gamma_pdc":-0.004,"gamma_r":-0.4}