{"Date":"10.01.2013","Version":"NRELv1","Technology":"CIGS","BIPV":"N","A_c":1.0859999999999999,"N_s":134.0,"T_NOCT":45.6,"I_sc_ref":2.62,"V_oc_ref":77.4,"I_mp_ref":2.32,"V_mp_ref":58.2,"alpha_sc":0.000393,"beta_oc":-0.24845,"a_ref":2.6262,"I_L_ref":2.66,"I_o_ref":3.84e-13,"R_s":4.894,"R_sh_ref":318.38,"Adjust":-27.15,"PTC":125.4,"pdc0":135.0,"gamma_pdc":-0.00316,"gamma_r":-0.316}