{"Technology":"Thin Film","BIPV":"N","A_c":1.0859999999999999,"N_s":134.0,"T_NOCT":47.4,"PTC":118.7,"pdc0":130.0,"gamma_pdc":-0.0035100000000000005}