{"Date":"09.07.2010","Version":"MM107","Technology":"Mono-c-Si","BIPV":"N","A_c":0.894,"N_s":32.0,"T_NOCT":48.7,"I_sc_ref":8.0,"V_oc_ref":19.8,"I_mp_ref":7.4,"V_mp_ref":15.5,"alpha_sc":0.0024,"beta_oc":-0.06336,"a_ref":0.7991,"I_L_ref":8.024,"I_o_ref":1.35e-10,"R_s":0.268,"R_sh_ref":89.43,"Adjust":6.7,"PTC":101.7,"pdc0":115.0,"gamma_pdc":-0.0045000000000000005,"gamma_r":-0.45}