{"Date":"9/26/2011","Version":"MM107","Technology":"Multi-c-Si","BIPV":"N","A_c":1.3090000000000002,"N_s":48.0,"T_NOCT":46.2,"I_sc_ref":8.5,"V_oc_ref":29.76,"I_mp_ref":7.92,"V_mp_ref":23.15,"alpha_sc":0.003995,"beta_oc":-0.10267000000000001,"a_ref":1.2608,"I_L_ref":8.513,"I_o_ref":4.71e-10,"R_s":0.38299999999999995,"R_sh_ref":259.03,"Adjust":8.6,"PTC":169.2,"pdc0":190.0,"gamma_pdc":-0.00488,"gamma_r":-0.488}