{"Date":"9/26/2011","Version":"MM107","Technology":"Multi-c-Si","BIPV":"N","A_c":1.138,"N_s":40.0,"T_NOCT":46.2,"I_sc_ref":8.23,"V_oc_ref":24.09,"I_mp_ref":7.7,"V_mp_ref":18.7,"alpha_sc":0.003868,"beta_oc":-0.08311,"a_ref":1.0170000000000001,"I_L_ref":8.237,"I_o_ref":4.22e-10,"R_s":0.326,"R_sh_ref":377.92,"Adjust":7.9,"PTC":128.6,"pdc0":145.0,"gamma_pdc":-0.00488,"gamma_r":-0.488}