{"Date":"9/26/2011","Version":"MM107","Technology":"Multi-c-Si","BIPV":"N","A_c":1.3090000000000002,"N_s":48.0,"T_NOCT":46.2,"I_sc_ref":8.28,"V_oc_ref":29.34,"I_mp_ref":7.72,"V_mp_ref":23.16,"alpha_sc":0.003892,"beta_oc":-0.10122,"a_ref":1.2533,"I_L_ref":8.291,"I_o_ref":5.559999999999999e-10,"R_s":0.335,"R_sh_ref":242.2,"Adjust":10.3,"PTC":160.0,"pdc0":180.0,"gamma_pdc":-0.00488,"gamma_r":-0.488}