{"Date":"9/26/2011","Version":"MM107","Technology":"Multi-c-Si","BIPV":"N","A_c":1.624,"N_s":60.0,"T_NOCT":46.2,"I_sc_ref":8.42,"V_oc_ref":37.5,"I_mp_ref":7.87,"V_mp_ref":30.96,"alpha_sc":0.0039570000000000004,"beta_oc":-0.12938,"a_ref":1.6434,"I_L_ref":8.427,"I_o_ref":1.02e-09,"R_s":0.21600000000000003,"R_sh_ref":270.41,"Adjust":15.7,"PTC":209.2,"pdc0":235.0,"gamma_pdc":-0.00488,"gamma_r":-0.488}