{"Date":"09.07.2010","Version":"MM107","Technology":"Mono-c-Si","BIPV":"N","A_c":0.894,"N_s":32.0,"T_NOCT":48.7,"I_sc_ref":8.1,"V_oc_ref":20.0,"I_mp_ref":7.5,"V_mp_ref":16.2,"alpha_sc":0.00243,"beta_oc":-0.064,"a_ref":0.8228,"I_L_ref":8.118,"I_o_ref":2.19e-10,"R_s":0.18100000000000002,"R_sh_ref":82.91,"Adjust":10.8,"PTC":106.2,"pdc0":120.0,"gamma_pdc":-0.0045000000000000005,"gamma_r":-0.45}