{"Date":"9/26/2011","Version":"MM107","Technology":"Multi-c-Si","BIPV":"N","A_c":1.4669999999999999,"N_s":54.0,"T_NOCT":46.2,"I_sc_ref":8.35,"V_oc_ref":33.0,"I_mp_ref":7.77,"V_mp_ref":25.9,"alpha_sc":0.003925,"beta_oc":-0.11385,"a_ref":1.4063,"I_L_ref":8.363999999999999,"I_o_ref":5.3e-10,"R_s":0.397,"R_sh_ref":240.04,"Adjust":9.8,"PTC":182.3,"pdc0":205.0,"gamma_pdc":-0.00488,"gamma_r":-0.488}