{"Date":"9/26/2011","Version":"MM107","Technology":"Multi-c-Si","BIPV":"N","A_c":1.138,"N_s":40.0,"T_NOCT":46.2,"I_sc_ref":7.99,"V_oc_ref":24.08,"I_mp_ref":7.4,"V_mp_ref":19.72,"alpha_sc":0.0037549999999999997,"beta_oc":-0.08308,"a_ref":1.0561,"I_L_ref":8.002,"I_o_ref":9.75e-10,"R_s":0.17,"R_sh_ref":111.41,"Adjust":15.8,"PTC":124.1,"pdc0":140.0,"gamma_pdc":-0.00488,"gamma_r":-0.488}