{"Date":"06.01.2013","Version":"NRELv1","Technology":"HIT-Si","BIPV":"N","A_c":1.899,"N_s":72.0,"T_NOCT":49.0,"I_sc_ref":7.5,"V_oc_ref":45.5,"I_mp_ref":7.1,"V_mp_ref":36.1,"alpha_sc":0.0105,"beta_oc":-0.15925,"a_ref":1.9561,"I_L_ref":7.58,"I_o_ref":5.95e-10,"R_s":0.534,"R_sh_ref":750.56,"Adjust":9.187000000000001,"PTC":228.0,"pdc0":255.0,"gamma_pdc":-0.0040999999999999995,"gamma_r":-0.41}