{"Technology":"Multi-c-Si","BIPV":"N","A_c":1.9409999999999998,"N_s":72.0,"T_NOCT":46.4,"PTC":357.9,"pdc0":380.0,"gamma_pdc":-0.0027899999999999995}