{"Date":"06.01.2013","Version":"NRELv1","Technology":"HIT-Si","BIPV":"N","A_c":1.899,"N_s":72.0,"T_NOCT":49.0,"I_sc_ref":7.5,"V_oc_ref":45.2,"I_mp_ref":7.0,"V_mp_ref":35.9,"alpha_sc":0.0105,"beta_oc":-0.1582,"a_ref":1.9512,"I_L_ref":7.5089999999999995,"I_o_ref":6.45e-10,"R_s":0.528,"R_sh_ref":444.2,"Adjust":9.997,"PTC":223.4,"pdc0":250.0,"gamma_pdc":-0.0040999999999999995,"gamma_r":-0.41}