{"Technology":"Thin Film","BIPV":"N","A_c":1.6469999999999998,"N_s":60.0,"T_NOCT":47.3,"PTC":258.4,"pdc0":280.0,"gamma_pdc":-0.0034000000000000002}