{"Technology":"Mono-c-Si","BIPV":"N","A_c":1.6769999999999998,"N_s":60.0,"T_NOCT":45.0,"PTC":267.0,"pdc0":290.0,"gamma_pdc":-0.00392}