{"Date":"11.01.2013","Version":"NRELv1","Technology":"Multi-c-Si","BIPV":"N","A_c":1.624,"N_s":60.0,"T_NOCT":44.8,"I_sc_ref":8.48,"V_oc_ref":37.15,"I_mp_ref":7.96,"V_mp_ref":29.51,"alpha_sc":0.005665,"beta_oc":-0.13445,"a_ref":1.6155,"I_L_ref":8.484,"I_o_ref":8.690000000000001e-10,"R_s":0.379,"R_sh_ref":801.6,"Adjust":8.685,"PTC":211.0,"pdc0":235.0,"gamma_pdc":-0.00487,"gamma_r":-0.48700000000000004}