{"Date":"11.01.2013","Version":"NRELv1","Technology":"Multi-c-Si","BIPV":"N","A_c":1.624,"N_s":60.0,"T_NOCT":44.8,"I_sc_ref":8.36,"V_oc_ref":36.9,"I_mp_ref":7.85,"V_mp_ref":29.31,"alpha_sc":0.005584,"beta_oc":-0.13354000000000002,"a_ref":1.6043,"I_L_ref":8.363999999999999,"I_o_ref":8.530000000000001e-10,"R_s":0.38299999999999995,"R_sh_ref":879.15,"Adjust":8.641,"PTC":206.4,"pdc0":230.0,"gamma_pdc":-0.00487,"gamma_r":-0.48700000000000004}