{"Date":"11.01.2013","Version":"NRELv1","Technology":"Multi-c-Si","BIPV":"N","A_c":1.624,"N_s":60.0,"T_NOCT":44.8,"I_sc_ref":9.08,"V_oc_ref":38.41,"I_mp_ref":8.52,"V_mp_ref":30.51,"alpha_sc":0.006065,"beta_oc":-0.13901,"a_ref":1.6706,"I_L_ref":9.085,"I_o_ref":9.35e-10,"R_s":0.36700000000000005,"R_sh_ref":710.84,"Adjust":8.722999999999999,"PTC":234.1,"pdc0":260.0,"gamma_pdc":-0.00487,"gamma_r":-0.48700000000000004}