{"Date":"01.05.2012","Version":"NRELv1","Technology":"Multi-c-Si","BIPV":"N","A_c":1.794,"N_s":72.0,"T_NOCT":45.9,"I_sc_ref":8.3,"V_oc_ref":44.28,"I_mp_ref":7.29,"V_mp_ref":36.36,"alpha_sc":0.002241,"beta_oc":-0.14347000000000001,"a_ref":1.8904,"I_L_ref":8.345,"I_o_ref":5.08e-10,"R_s":0.304,"R_sh_ref":56.34,"Adjust":17.29,"PTC":238.8,"pdc0":265.0,"gamma_pdc":-0.00448,"gamma_r":-0.44799999999999995}