{"Date":"01.05.2012","Version":"NRELv1","Technology":"Multi-c-Si","BIPV":"N","A_c":1.794,"N_s":72.0,"T_NOCT":45.9,"I_sc_ref":7.52,"V_oc_ref":43.92,"I_mp_ref":6.87,"V_mp_ref":35.64,"alpha_sc":0.00203,"beta_oc":-0.1423,"a_ref":1.8143,"I_L_ref":7.545,"I_o_ref":2.21e-10,"R_s":0.419,"R_sh_ref":124.47,"Adjust":10.4,"PTC":220.3,"pdc0":245.0,"gamma_pdc":-0.00448,"gamma_r":-0.44799999999999995}