{"Date":"01.05.2010","Version":"MM106","Technology":"Multi-c-Si","BIPV":"N","A_c":1.6269999999999998,"N_s":60.0,"T_NOCT":46.6,"I_sc_ref":8.25,"V_oc_ref":36.0,"I_mp_ref":7.5,"V_mp_ref":30.0,"alpha_sc":0.006234,"beta_oc":-0.13385,"a_ref":1.7151,"I_L_ref":8.262,"I_o_ref":6.03e-09,"R_s":0.132,"R_sh_ref":91.95,"Adjust":24.1,"PTC":197.8,"pdc0":225.0,"gamma_pdc":-0.00522,"gamma_r":-0.522}