{"Date":"01.05.2012","Version":"NRELv1","Technology":"Multi-c-Si","BIPV":"N","A_c":1.794,"N_s":72.0,"T_NOCT":45.9,"I_sc_ref":7.52,"V_oc_ref":43.92,"I_mp_ref":6.73,"V_mp_ref":35.64,"alpha_sc":0.00203,"beta_oc":-0.1423,"a_ref":1.8379,"I_L_ref":7.559,"I_o_ref":2.9399999999999997e-10,"R_s":0.415,"R_sh_ref":80.96,"Adjust":13.05,"PTC":215.7,"pdc0":240.0,"gamma_pdc":-0.00448,"gamma_r":-0.44799999999999995}