{"Date":"12.08.2008","Version":"MM106","Technology":"Multi-c-Si","BIPV":"N","A_c":1.6640000000000001,"N_s":60.0,"T_NOCT":50.5,"I_sc_ref":7.9,"V_oc_ref":36.1,"I_mp_ref":7.3,"V_mp_ref":28.1,"alpha_sc":0.008223999999999999,"beta_oc":-0.12729000000000001,"a_ref":1.5753,"I_L_ref":7.919,"I_o_ref":8.63e-10,"R_s":0.48700000000000004,"R_sh_ref":199.51,"Adjust":11.6,"PTC":178.6,"pdc0":205.0,"gamma_pdc":-0.00462,"gamma_r":-0.462}