{"Date":"12.08.2008","Version":"MM106","Technology":"Multi-c-Si","BIPV":"N","A_c":1.6640000000000001,"N_s":60.0,"T_NOCT":50.5,"I_sc_ref":8.2,"V_oc_ref":36.6,"I_mp_ref":7.7,"V_mp_ref":28.7,"alpha_sc":0.008536,"beta_oc":-0.12905,"a_ref":1.5893,"I_L_ref":8.202,"I_o_ref":8.150000000000001e-10,"R_s":0.442,"R_sh_ref":1653.75,"Adjust":10.7,"PTC":192.0,"pdc0":220.0,"gamma_pdc":-0.00462,"gamma_r":-0.462}