{"Date":"12.08.2008","Version":"MM106","Technology":"Multi-c-Si","BIPV":"N","A_c":1.6640000000000001,"N_s":60.0,"T_NOCT":50.5,"I_sc_ref":8.1,"V_oc_ref":36.1,"I_mp_ref":7.5,"V_mp_ref":28.2,"alpha_sc":0.008431999999999999,"beta_oc":-0.12729000000000001,"a_ref":1.5767,"I_L_ref":8.117,"I_o_ref":9.05e-10,"R_s":0.45899999999999996,"R_sh_ref":215.3,"Adjust":11.8,"PTC":183.0,"pdc0":210.0,"gamma_pdc":-0.00462,"gamma_r":-0.462}