{"Date":"11.01.2013","Version":"NRELv1","Technology":"Multi-c-Si","BIPV":"N","A_c":1.94,"N_s":72.0,"T_NOCT":46.6,"I_sc_ref":8.21,"V_oc_ref":45.08,"I_mp_ref":7.95,"V_mp_ref":36.48,"alpha_sc":0.0042899999999999995,"beta_oc":-0.15083,"a_ref":1.8641,"I_L_ref":8.465,"I_o_ref":2.64e-10,"R_s":0.391,"R_sh_ref":532.15,"Adjust":7.022,"PTC":260.8,"pdc0":290.0,"gamma_pdc":-0.00443,"gamma_r":-0.44299999999999995}