{"Date":"11.01.2013","Version":"NRELv1","Technology":"Multi-c-Si","BIPV":"N","A_c":1.94,"N_s":72.0,"T_NOCT":46.6,"I_sc_ref":8.25,"V_oc_ref":45.16,"I_mp_ref":7.98,"V_mp_ref":36.97,"alpha_sc":0.004311,"beta_oc":-0.1511,"a_ref":1.8713,"I_L_ref":8.416,"I_o_ref":2.7799999999999997e-10,"R_s":0.332,"R_sh_ref":46229.3,"Adjust":7.499,"PTC":265.4,"pdc0":295.0,"gamma_pdc":-0.00443,"gamma_r":-0.44299999999999995}