{"Date":"06.09.2010","Version":"MM107","Technology":"Multi-c-Si","BIPV":"N","A_c":1.3130000000000002,"N_s":48.0,"T_NOCT":46.7,"I_sc_ref":7.96,"V_oc_ref":29.2,"I_mp_ref":7.29,"V_mp_ref":24.0,"alpha_sc":0.003264,"beta_oc":-0.08847999999999999,"a_ref":1.2101,"I_L_ref":7.981,"I_o_ref":2.53e-10,"R_s":0.215,"R_sh_ref":81.83,"Adjust":18.5,"PTC":157.2,"pdc0":175.0,"gamma_pdc":-0.00435,"gamma_r":-0.435}