{"Date":"06.09.2010","Version":"MM107","Technology":"Multi-c-Si","BIPV":"N","A_c":1.3130000000000002,"N_s":48.0,"T_NOCT":46.7,"I_sc_ref":7.82,"V_oc_ref":29.0,"I_mp_ref":7.15,"V_mp_ref":23.8,"alpha_sc":0.003206,"beta_oc":-0.08787,"a_ref":1.2019,"I_L_ref":7.8420000000000005,"I_o_ref":2.4799999999999997e-10,"R_s":0.223,"R_sh_ref":79.32,"Adjust":18.5,"PTC":152.6,"pdc0":170.0,"gamma_pdc":-0.00435,"gamma_r":-0.435}