{"Date":"06.03.2011","Version":"MM107","Technology":"Mono-c-Si","BIPV":"N","A_c":1.6269999999999998,"N_s":60.0,"T_NOCT":46.2,"I_sc_ref":8.55,"V_oc_ref":37.4,"I_mp_ref":7.9,"V_mp_ref":30.3,"alpha_sc":0.004019,"beta_oc":-0.12753,"a_ref":1.5914,"I_L_ref":8.568,"I_o_ref":5.170000000000001e-10,"R_s":0.307,"R_sh_ref":143.27,"Adjust":10.7,"PTC":215.1,"pdc0":240.0,"gamma_pdc":-0.00463,"gamma_r":-0.46299999999999997}