{"Date":"06.03.2011","Version":"MM107","Technology":"Mono-c-Si","BIPV":"N","A_c":1.6269999999999998,"N_s":60.0,"T_NOCT":46.2,"I_sc_ref":8.65,"V_oc_ref":37.6,"I_mp_ref":8.0,"V_mp_ref":30.4,"alpha_sc":0.004065999999999999,"beta_oc":-0.12822,"a_ref":1.5969,"I_L_ref":8.668,"I_o_ref":5e-10,"R_s":0.314,"R_sh_ref":149.04,"Adjust":10.3,"PTC":219.7,"pdc0":245.0,"gamma_pdc":-0.00463,"gamma_r":-0.46299999999999997}