{"Date":"06.09.2010","Version":"MM107","Technology":"Multi-c-Si","BIPV":"N","A_c":1.94,"N_s":72.0,"T_NOCT":46.7,"I_sc_ref":8.28,"V_oc_ref":44.5,"I_mp_ref":7.7,"V_mp_ref":36.4,"alpha_sc":0.0033950000000000004,"beta_oc":-0.13484000000000002,"a_ref":1.8225,"I_L_ref":8.294,"I_o_ref":2.01e-10,"R_s":0.345,"R_sh_ref":209.43,"Adjust":15.9,"PTC":252.0,"pdc0":280.0,"gamma_pdc":-0.00435,"gamma_r":-0.435}