{"Date":"03.03.2014","Version":"NRELv1","Technology":"Mono-c-Si","BIPV":"N","A_c":1.6369999999999998,"N_s":60.0,"T_NOCT":49.2,"I_sc_ref":8.7,"V_oc_ref":36.6,"I_mp_ref":8.1,"V_mp_ref":30.7,"alpha_sc":0.004533,"beta_oc":-0.12832000000000002,"a_ref":1.6198,"I_L_ref":8.706,"I_o_ref":1.31e-09,"R_s":0.133,"R_sh_ref":184.67,"Adjust":15.99,"PTC":215.0,"pdc0":245.0,"gamma_pdc":-0.00481,"gamma_r":-0.48100000000000004}