{"Date":"03.03.2014","Version":"NRELv1","Technology":"Multi-c-Si","BIPV":"N","A_c":1.6369999999999998,"N_s":60.0,"T_NOCT":49.9,"I_sc_ref":8.3,"V_oc_ref":35.9,"I_mp_ref":7.8,"V_mp_ref":29.9,"alpha_sc":0.004814,"beta_oc":-0.11875999999999999,"a_ref":1.5391,"I_L_ref":8.304,"I_o_ref":6.08e-10,"R_s":0.18100000000000002,"R_sh_ref":359.89,"Adjust":15.91,"PTC":202.1,"pdc0":230.0,"gamma_pdc":-0.00457,"gamma_r":-0.457}