{"Date":"03.03.2014","Version":"NRELv1","Technology":"Mono-c-Si","BIPV":"N","A_c":1.95,"N_s":72.0,"T_NOCT":49.2,"I_sc_ref":8.9,"V_oc_ref":46.3,"I_mp_ref":8.4,"V_mp_ref":37.6,"alpha_sc":0.004637,"beta_oc":-0.16233,"a_ref":1.9934,"I_L_ref":8.902000000000001,"I_o_ref":7.26e-10,"R_s":0.344,"R_sh_ref":2015.03,"Adjust":10.32,"PTC":277.2,"pdc0":315.0,"gamma_pdc":-0.00481,"gamma_r":-0.48100000000000004}