{"Date":"05.01.2014","Version":"NRELv1","Technology":"Multi-c-Si","BIPV":"N","A_c":1.95,"N_s":72.0,"T_NOCT":49.9,"I_sc_ref":8.4,"V_oc_ref":44.1,"I_mp_ref":7.7,"V_mp_ref":36.2,"alpha_sc":0.00487,"beta_oc":-0.14587999999999998,"a_ref":1.9032,"I_L_ref":8.419,"I_o_ref":6.98e-10,"R_s":0.293,"R_sh_ref":127.1,"Adjust":17.2,"PTC":246.2,"pdc0":280.0,"gamma_pdc":-0.00457,"gamma_r":-0.457}