{"Date":"03.03.2014","Version":"NRELv1","Technology":"Multi-c-Si","BIPV":"N","A_c":1.944,"N_s":72.0,"T_NOCT":46.5,"I_sc_ref":8.58,"V_oc_ref":44.68,"I_mp_ref":8.08,"V_mp_ref":36.38,"alpha_sc":0.006352,"beta_oc":-0.15147,"a_ref":1.8902,"I_L_ref":8.584,"I_o_ref":4.6199999999999996e-10,"R_s":0.34,"R_sh_ref":747.75,"Adjust":10.11,"PTC":265.7,"pdc0":295.0,"gamma_pdc":-0.00441,"gamma_r":-0.441}