{"Date":"03.03.2014","Version":"NRELv1","Technology":"Mono-c-Si","BIPV":"N","A_c":1.64,"N_s":60.0,"T_NOCT":45.6,"I_sc_ref":8.8,"V_oc_ref":37.9,"I_mp_ref":8.2,"V_mp_ref":31.1,"alpha_sc":0.006599,"beta_oc":-0.1228,"a_ref":1.6021,"I_L_ref":8.811,"I_o_ref":4.59e-10,"R_s":0.25,"R_sh_ref":198.58,"Adjust":14.99,"PTC":231.4,"pdc0":255.0,"gamma_pdc":-0.004320000000000001,"gamma_r":-0.43200000000000005}