{"Date":"01.05.2012","Version":"NRELv1","Technology":"Mono-c-Si","BIPV":"N","A_c":1.262,"N_s":72.0,"T_NOCT":45.9,"I_sc_ref":5.29,"V_oc_ref":44.8,"I_mp_ref":5.0,"V_mp_ref":36.0,"alpha_sc":0.003735,"beta_oc":-0.16383,"a_ref":1.8683,"I_L_ref":5.29,"I_o_ref":2.0400000000000002e-10,"R_s":0.67,"R_sh_ref":8714.37,"Adjust":-0.7123,"PTC":162.6,"pdc0":180.0,"gamma_pdc":-0.00434,"gamma_r":-0.434}