{"Date":"01.05.2012","Version":"NRELv1","Technology":"Multi-c-Si","BIPV":"N","A_c":1.618,"N_s":60.0,"T_NOCT":45.8,"I_sc_ref":8.28,"V_oc_ref":36.5,"I_mp_ref":7.63,"V_mp_ref":29.5,"alpha_sc":0.006367,"beta_oc":-0.14852,"a_ref":1.6092,"I_L_ref":8.298,"I_o_ref":1.13e-09,"R_s":0.305,"R_sh_ref":139.75,"Adjust":-1.183,"PTC":202.0,"pdc0":225.0,"gamma_pdc":-0.00458,"gamma_r":-0.45799999999999996}