{"Date":"01.05.2012","Version":"NRELv1","Technology":"Multi-c-Si","BIPV":"N","A_c":1.618,"N_s":60.0,"T_NOCT":45.8,"I_sc_ref":8.4,"V_oc_ref":37.0,"I_mp_ref":7.8,"V_mp_ref":29.5,"alpha_sc":0.00646,"beta_oc":-0.15055,"a_ref":1.6094,"I_L_ref":8.414,"I_o_ref":8.54e-10,"R_s":0.368,"R_sh_ref":215.14,"Adjust":-3.5669999999999997,"PTC":206.6,"pdc0":230.0,"gamma_pdc":-0.00458,"gamma_r":-0.45799999999999996}