{"Date":"01.05.2012","Version":"NRELv1","Technology":"Multi-c-Si","BIPV":"N","A_c":1.933,"N_s":72.0,"T_NOCT":45.8,"I_sc_ref":8.3,"V_oc_ref":45.0,"I_mp_ref":7.75,"V_mp_ref":35.5,"alpha_sc":0.006383,"beta_oc":-0.18311,"a_ref":1.9378,"I_L_ref":8.309,"I_o_ref":6.74e-10,"R_s":0.512,"R_sh_ref":451.1,"Adjust":-5.332000000000001,"PTC":247.1,"pdc0":275.0,"gamma_pdc":-0.00458,"gamma_r":-0.45799999999999996}