{"Date":"01.05.2012","Version":"NRELv1","Technology":"Multi-c-Si","BIPV":"N","A_c":1.933,"N_s":72.0,"T_NOCT":45.8,"I_sc_ref":8.35,"V_oc_ref":45.0,"I_mp_ref":7.89,"V_mp_ref":35.5,"alpha_sc":0.006421,"beta_oc":-0.18311,"a_ref":1.9340000000000002,"I_L_ref":8.441,"I_o_ref":6.569999999999999e-10,"R_s":0.504,"R_sh_ref":560.09,"Adjust":-5.653,"PTC":251.7,"pdc0":280.0,"gamma_pdc":-0.00458,"gamma_r":-0.45799999999999996}