{"Date":"01.05.2012","Version":"NRELv1","Technology":"Multi-c-Si","BIPV":"N","A_c":1.933,"N_s":72.0,"T_NOCT":45.8,"I_sc_ref":8.38,"V_oc_ref":45.2,"I_mp_ref":8.01,"V_mp_ref":35.6,"alpha_sc":0.006444,"beta_oc":-0.18392,"a_ref":1.9374,"I_L_ref":8.554,"I_o_ref":6.27e-10,"R_s":0.508,"R_sh_ref":722.38,"Adjust":-6.111000000000001,"PTC":256.3,"pdc0":285.0,"gamma_pdc":-0.00458,"gamma_r":-0.45799999999999996}