{"Date":"01.05.2012","Version":"NRELv1","Technology":"Multi-c-Si","BIPV":"N","A_c":1.933,"N_s":72.0,"T_NOCT":45.8,"I_sc_ref":8.41,"V_oc_ref":45.3,"I_mp_ref":8.12,"V_mp_ref":35.7,"alpha_sc":0.0064670000000000005,"beta_oc":-0.18433,"a_ref":1.9409,"I_L_ref":8.671,"I_o_ref":6.29e-10,"R_s":0.5,"R_sh_ref":716.27,"Adjust":-6.178,"PTC":260.9,"pdc0":290.0,"gamma_pdc":-0.00458,"gamma_r":-0.45799999999999996}