{"Date":"08.05.2010","Version":"MM107","Technology":"Multi-c-Si","BIPV":"N","A_c":1.4569999999999999,"N_s":54.0,"T_NOCT":50.5,"I_sc_ref":8.2,"V_oc_ref":33.0,"I_mp_ref":7.6,"V_mp_ref":27.2,"alpha_sc":0.006089,"beta_oc":-0.1226,"a_ref":1.4983,"I_L_ref":8.21,"I_o_ref":2.18e-09,"R_s":0.188,"R_sh_ref":161.78,"Adjust":14.2,"PTC":177.6,"pdc0":205.0,"gamma_pdc":-0.004920000000000001,"gamma_r":-0.49200000000000005}