{"Date":"12/23/2014","Version":"NRELv1","Technology":"Mono-c-Si","BIPV":"N","A_c":1.6380000000000001,"N_s":60.0,"T_NOCT":46.0,"I_sc_ref":8.32,"V_oc_ref":37.62,"I_mp_ref":7.78,"V_mp_ref":31.5,"alpha_sc":0.00447,"beta_oc":-0.13408,"a_ref":1.6607,"I_L_ref":8.325,"I_o_ref":1.19e-09,"R_s":0.153,"R_sh_ref":261.58,"Adjust":13.57,"PTC":219.0,"pdc0":245.0,"gamma_pdc":-0.0048,"gamma_r":-0.48}