{"Date":"12/23/2014","Version":"NRELv1","Technology":"Mono-c-Si","BIPV":"N","A_c":1.6380000000000001,"N_s":60.0,"T_NOCT":46.0,"I_sc_ref":8.59,"V_oc_ref":37.62,"I_mp_ref":8.17,"V_mp_ref":30.6,"alpha_sc":0.004615,"beta_oc":-0.13408,"a_ref":1.6245,"I_L_ref":8.679,"I_o_ref":7.56e-10,"R_s":0.27899999999999997,"R_sh_ref":774.12,"Adjust":9.088,"PTC":223.6,"pdc0":250.0,"gamma_pdc":-0.0048,"gamma_r":-0.48}