{"Date":"12/23/2014","Version":"NRELv1","Technology":"Mono-c-Si","BIPV":"N","A_c":1.9509999999999998,"N_s":72.0,"T_NOCT":47.9,"I_sc_ref":8.79,"V_oc_ref":45.0,"I_mp_ref":8.45,"V_mp_ref":36.72,"alpha_sc":0.004686999999999999,"beta_oc":-0.14598,"a_ref":1.8767,"I_L_ref":8.971,"I_o_ref":3.44e-10,"R_s":0.324,"R_sh_ref":692.78,"Adjust":12.24,"PTC":277.0,"pdc0":310.0,"gamma_pdc":-0.00449,"gamma_r":-0.449}