{"Date":"12/23/2014","Version":"NRELv1","Technology":"Multi-c-Si","BIPV":"N","A_c":1.9509999999999998,"N_s":72.0,"T_NOCT":46.2,"I_sc_ref":8.56,"V_oc_ref":45.0,"I_mp_ref":8.08,"V_mp_ref":37.87,"alpha_sc":0.005137,"beta_oc":-0.14783,"a_ref":1.9075,"I_L_ref":8.562000000000001,"I_o_ref":4.83e-10,"R_s":0.172,"R_sh_ref":624.34,"Adjust":14.25,"PTC":275.4,"pdc0":305.0,"gamma_pdc":-0.0044,"gamma_r":-0.44}