{"Date":"7/14/2009","Version":"MM106","Technology":"Mono-c-Si","BIPV":"N","A_c":1.2790000000000001,"N_s":72.0,"T_NOCT":44.4,"I_sc_ref":5.08,"V_oc_ref":43.6,"I_mp_ref":4.66,"V_mp_ref":35.4,"alpha_sc":0.0024,"beta_oc":-0.16529000000000002,"a_ref":1.9617,"I_L_ref":5.092,"I_o_ref":1.09e-09,"R_s":0.5379999999999999,"R_sh_ref":233.76,"Adjust":10.3,"PTC":147.3,"pdc0":165.0,"gamma_pdc":-0.00509,"gamma_r":-0.509}