{"Date":"5/22/2012","Version":"NRELv1","Technology":"Mono-c-Si","BIPV":"N","A_c":1.617,"N_s":60.0,"T_NOCT":46.5,"I_sc_ref":8.3,"V_oc_ref":36.9,"I_mp_ref":7.85,"V_mp_ref":29.3,"alpha_sc":0.00498,"beta_oc":-0.14022,"a_ref":1.6206,"I_L_ref":8.389,"I_o_ref":1.0800000000000002e-09,"R_s":0.379,"R_sh_ref":553.06,"Adjust":5.465,"PTC":203.7,"pdc0":230.0,"gamma_pdc":-0.005,"gamma_r":-0.5}