{"Date":"01.05.2010","Version":"MM106","Technology":"Mono-c-Si","BIPV":"N","A_c":1.2770000000000001,"N_s":72.0,"T_NOCT":44.6,"I_sc_ref":5.2,"V_oc_ref":44.0,"I_mp_ref":4.79,"V_mp_ref":35.5,"alpha_sc":0.000884,"beta_oc":-0.16192,"a_ref":1.9342,"I_L_ref":5.212000000000001,"I_o_ref":6.660000000000001e-10,"R_s":0.602,"R_sh_ref":264.56,"Adjust":9.3,"PTC":151.9,"pdc0":170.0,"gamma_pdc":-0.00502,"gamma_r":-0.502}