{"Vac":240.0,"Paco":4950.0,"Pdco":5241.35,"Vdco":360.0,"Pso":53.0341,"C0":-7.926979999999999e-06,"C1":-1.11121e-05,"C2":9.880840000000001e-05,"C3":-0.00025446700000000003,"Pnt":1.26,"Vdcmax":475.0,"Mppt_low":100.0,"Mppt_high":475.0}