{"Vac":208.0,"Paco":30000.0,"Pdco":31997.0,"Vdco":322.0,"Pso":543.003,"C0":-9.47122e-07,"C1":4.2559e-05,"C2":0.000887012,"C3":-0.000811592,"Pnt":32.0,"Vdcmax":420.0,"Mppt_low":290.0,"Mppt_high":420.0}