{"Vac":480.0,"Paco":30000.0,"Pdco":31984.7,"Vdco":322.0,"Pso":556.43,"C0":-1.00304e-06,"C1":5.2989700000000005e-05,"C2":0.00125156,"C3":9.746209999999999e-05,"Pnt":27.0,"Vdcmax":420.0,"Mppt_low":290.0,"Mppt_high":420.0}