{"Vac":0.0,"Paco":75000.0,"Pdco":80928.4,"Vdco":352.0,"Pso":1514.84,"C0":-3.91249e-07,"C1":7.37108e-05,"C2":0.00143882,"C3":0.000843068,"Pnt":107.0,"Vdcmax":420.0,"Mppt_low":330.0,"Mppt_high":420.0}