{"Date":"07.08.2010","Version":"MM107","Technology":"Mono-c-Si","BIPV":"N","A_c":1.2819999999999998,"N_s":72.0,"T_NOCT":45.8,"I_sc_ref":5.35,"V_oc_ref":44.2,"I_mp_ref":4.93,"V_mp_ref":36.5,"alpha_sc":0.0025629999999999997,"beta_oc":-0.13569,"a_ref":1.8076,"I_L_ref":5.361000000000001,"I_o_ref":1.2399999999999999e-10,"R_s":0.455,"R_sh_ref":215.81,"Adjust":13.9,"PTC":163.4,"pdc0":180.0,"gamma_pdc":-0.0041600000000000005,"gamma_r":-0.41600000000000004}