{"Date":"07.08.2010","Version":"MM107","Technology":"Multi-c-Si","BIPV":"N","A_c":1.47,"N_s":54.0,"T_NOCT":46.7,"I_sc_ref":8.15,"V_oc_ref":33.2,"I_mp_ref":7.54,"V_mp_ref":27.2,"alpha_sc":0.0033420000000000004,"beta_oc":-0.1006,"a_ref":1.3653,"I_L_ref":8.166,"I_o_ref":2.17e-10,"R_s":0.254,"R_sh_ref":126.57,"Adjust":16.8,"PTC":184.3,"pdc0":205.0,"gamma_pdc":-0.00435,"gamma_r":-0.435}