{"Date":"07.09.2009","Version":"MM106","Technology":"Mono-c-Si","BIPV":"N","A_c":1.2819999999999998,"N_s":72.0,"T_NOCT":46.7,"I_sc_ref":5.19,"V_oc_ref":42.9,"I_mp_ref":4.74,"V_mp_ref":34.8,"alpha_sc":0.0017980000000000001,"beta_oc":-0.17636,"a_ref":2.0362,"I_L_ref":5.202000000000001,"I_o_ref":3.5399999999999998e-09,"R_s":0.48200000000000004,"R_sh_ref":212.47,"Adjust":11.9,"PTC":142.7,"pdc0":165.0,"gamma_pdc":-0.00572,"gamma_r":-0.5720000000000001}