{"Date":"6/14/2011","Version":"MM107","Technology":"Mono-c-Si","BIPV":"N","A_c":1.262,"N_s":72.0,"T_NOCT":46.2,"I_sc_ref":5.59,"V_oc_ref":44.3,"I_mp_ref":5.09,"V_mp_ref":35.4,"alpha_sc":0.003617,"beta_oc":-0.16430999999999998,"a_ref":1.8693,"I_L_ref":5.6129999999999995,"I_o_ref":2.73e-10,"R_s":0.674,"R_sh_ref":164.0,"Adjust":-0.2,"PTC":162.5,"pdc0":180.0,"gamma_pdc":-0.00431,"gamma_r":-0.431}