{"Date":"07.06.2011","Version":"MM107","Technology":"Multi-c-Si","BIPV":"N","A_c":1.455,"N_s":72.0,"T_NOCT":46.6,"I_sc_ref":8.5,"V_oc_ref":44.8,"I_mp_ref":7.88,"V_mp_ref":36.8,"alpha_sc":0.0068,"beta_oc":-0.15667,"a_ref":1.9309,"I_L_ref":8.513,"I_o_ref":6.950000000000001e-10,"R_s":0.29100000000000004,"R_sh_ref":193.72,"Adjust":10.2,"PTC":263.6,"pdc0":290.0,"gamma_pdc":-0.00436,"gamma_r":-0.436}