{"Date":"08.10.2011","Version":"MM107","Technology":"Mono-c-Si","BIPV":"N","A_c":1.526,"N_s":60.0,"T_NOCT":46.0,"I_sc_ref":8.46,"V_oc_ref":36.8,"I_mp_ref":7.81,"V_mp_ref":30.1,"alpha_sc":0.00577,"beta_oc":-0.14852,"a_ref":1.5838,"I_L_ref":8.476,"I_o_ref":6.650000000000001e-10,"R_s":0.259,"R_sh_ref":135.37,"Adjust":-4.8,"PTC":212.4,"pdc0":235.0,"gamma_pdc":-0.00436,"gamma_r":-0.436}