{"Date":"07.06.2011","Version":"MM107","Technology":"Multi-c-Si","BIPV":"N","A_c":1.455,"N_s":72.0,"T_NOCT":46.6,"I_sc_ref":8.41,"V_oc_ref":43.6,"I_mp_ref":7.72,"V_mp_ref":35.6,"alpha_sc":0.0067280000000000005,"beta_oc":-0.15247,"a_ref":1.8834,"I_L_ref":8.43,"I_o_ref":7.16e-10,"R_s":0.317,"R_sh_ref":133.22,"Adjust":10.6,"PTC":249.5,"pdc0":275.0,"gamma_pdc":-0.00436,"gamma_r":-0.436}