{"Date":"07.06.2011","Version":"MM107","Technology":"Mono-c-Si","BIPV":"N","A_c":1.455,"N_s":72.0,"T_NOCT":45.9,"I_sc_ref":8.5,"V_oc_ref":44.8,"I_mp_ref":7.88,"V_mp_ref":36.8,"alpha_sc":0.004752,"beta_oc":-0.16594,"a_ref":1.8948,"I_L_ref":8.514,"I_o_ref":4.46e-10,"R_s":0.301,"R_sh_ref":186.3,"Adjust":0.6,"PTC":264.4,"pdc0":290.0,"gamma_pdc":-0.004370000000000001,"gamma_r":-0.43700000000000006}