{"Date":"07.06.2011","Version":"MM107","Technology":"Mono-c-Si","BIPV":"N","A_c":1.455,"N_s":72.0,"T_NOCT":45.9,"I_sc_ref":8.53,"V_oc_ref":45.2,"I_mp_ref":7.93,"V_mp_ref":37.2,"alpha_sc":0.004768,"beta_oc":-0.16742,"a_ref":1.9106,"I_L_ref":8.542,"I_o_ref":4.4299999999999997e-10,"R_s":0.292,"R_sh_ref":211.95,"Adjust":0.5,"PTC":269.1,"pdc0":295.0,"gamma_pdc":-0.004370000000000001,"gamma_r":-0.43700000000000006}