{"Date":"08.10.2011","Version":"MM107","Technology":"Mono-c-Si","BIPV":"N","A_c":1.526,"N_s":60.0,"T_NOCT":46.0,"I_sc_ref":8.53,"V_oc_ref":37.5,"I_mp_ref":7.93,"V_mp_ref":30.9,"alpha_sc":0.005817,"beta_oc":-0.15135,"a_ref":1.6144,"I_L_ref":8.541,"I_o_ref":6.809999999999999e-10,"R_s":0.22899999999999998,"R_sh_ref":182.44,"Adjust":-4.7,"PTC":221.7,"pdc0":245.0,"gamma_pdc":-0.00436,"gamma_r":-0.436}