{"Date":"6/14/2011","Version":"MM107","Technology":"Multi-c-Si","BIPV":"N","A_c":1.5719999999999998,"N_s":60.0,"T_NOCT":46.0,"I_sc_ref":8.55,"V_oc_ref":38.0,"I_mp_ref":7.99,"V_mp_ref":31.3,"alpha_sc":0.004275,"beta_oc":-0.1178,"a_ref":1.5968,"I_L_ref":8.559,"I_o_ref":3.88e-10,"R_s":0.244,"R_sh_ref":235.89,"Adjust":19.0,"PTC":225.5,"pdc0":250.0,"gamma_pdc":-0.0045000000000000005,"gamma_r":-0.45}