{"Date":"6/14/2011","Version":"MM107","Technology":"Multi-c-Si","BIPV":"N","A_c":1.5719999999999998,"N_s":60.0,"T_NOCT":46.0,"I_sc_ref":8.46,"V_oc_ref":36.8,"I_mp_ref":7.81,"V_mp_ref":30.1,"alpha_sc":0.004229999999999999,"beta_oc":-0.11408,"a_ref":1.5511,"I_L_ref":8.477,"I_o_ref":4.07e-10,"R_s":0.268,"R_sh_ref":130.49,"Adjust":19.6,"PTC":211.6,"pdc0":235.0,"gamma_pdc":-0.0045000000000000005,"gamma_r":-0.45}