{"Date":"07.06.2011","Version":"MM107","Technology":"Mono-c-Si","BIPV":"N","A_c":1.6380000000000001,"N_s":96.0,"T_NOCT":46.2,"I_sc_ref":5.89,"V_oc_ref":60.13,"I_mp_ref":5.46,"V_mp_ref":42.13,"alpha_sc":0.003829,"beta_oc":-0.21911,"a_ref":2.3224,"I_L_ref":5.894,"I_o_ref":3.35e-11,"R_s":2.173,"R_sh_ref":3514.69,"Adjust":-14.7,"PTC":235.2,"pdc0":260.0,"gamma_pdc":-0.00434,"gamma_r":-0.434}