{"Date":"07.06.2011","Version":"MM107","Technology":"Multi-c-Si","BIPV":"N","A_c":1.455,"N_s":72.0,"T_NOCT":46.6,"I_sc_ref":8.45,"V_oc_ref":44.0,"I_mp_ref":7.78,"V_mp_ref":36.0,"alpha_sc":0.0067599999999999995,"beta_oc":-0.15387,"a_ref":1.8996,"I_L_ref":8.468,"I_o_ref":7.12e-10,"R_s":0.308,"R_sh_ref":147.21,"Adjust":10.5,"PTC":254.2,"pdc0":280.0,"gamma_pdc":-0.00436,"gamma_r":-0.436}