{"Date":"07.06.2011","Version":"MM107","Technology":"Mono-c-Si","BIPV":"N","A_c":1.6380000000000001,"N_s":96.0,"T_NOCT":46.2,"I_sc_ref":5.62,"V_oc_ref":59.6,"I_mp_ref":5.16,"V_mp_ref":41.65,"alpha_sc":0.003653,"beta_oc":-0.21718,"a_ref":2.3091,"I_L_ref":5.64,"I_o_ref":3.42e-11,"R_s":2.298,"R_sh_ref":637.17,"Adjust":-14.2,"PTC":221.3,"pdc0":245.0,"gamma_pdc":-0.00434,"gamma_r":-0.434}