{"Date":"07.06.2011","Version":"MM107","Technology":"Mono-c-Si","BIPV":"N","A_c":1.6380000000000001,"N_s":96.0,"T_NOCT":46.2,"I_sc_ref":5.52,"V_oc_ref":59.33,"I_mp_ref":5.07,"V_mp_ref":41.42,"alpha_sc":0.003588,"beta_oc":-0.2162,"a_ref":2.296,"I_L_ref":5.539,"I_o_ref":3.27e-11,"R_s":2.339,"R_sh_ref":676.85,"Adjust":-14.4,"PTC":216.6,"pdc0":240.0,"gamma_pdc":-0.00434,"gamma_r":-0.434}