{"Date":"6/14/2011","Version":"MM107","Technology":"Multi-c-Si","BIPV":"N","A_c":1.5719999999999998,"N_s":60.0,"T_NOCT":46.0,"I_sc_ref":8.42,"V_oc_ref":36.5,"I_mp_ref":7.74,"V_mp_ref":29.7,"alpha_sc":0.00421,"beta_oc":-0.11315,"a_ref":1.5379,"I_L_ref":8.442,"I_o_ref":4e-10,"R_s":0.29,"R_sh_ref":113.48,"Adjust":19.5,"PTC":207.0,"pdc0":230.0,"gamma_pdc":-0.0045000000000000005,"gamma_r":-0.45}