{"Date":"07.06.2011","Version":"MM107","Technology":"Mono-c-Si","BIPV":"N","A_c":1.455,"N_s":72.0,"T_NOCT":45.9,"I_sc_ref":8.48,"V_oc_ref":44.4,"I_mp_ref":7.83,"V_mp_ref":36.4,"alpha_sc":0.00474,"beta_oc":-0.16446,"a_ref":1.8801,"I_L_ref":8.497,"I_o_ref":4.5600000000000003e-10,"R_s":0.308,"R_sh_ref":158.28,"Adjust":0.8,"PTC":259.7,"pdc0":285.0,"gamma_pdc":-0.004370000000000001,"gamma_r":-0.43700000000000006}