{"Date":"5/22/2012","Version":"NRELv1","Technology":"Mono-c-Si","BIPV":"N","A_c":1.601,"N_s":60.0,"T_NOCT":47.4,"I_sc_ref":8.72,"V_oc_ref":37.4,"I_mp_ref":8.21,"V_mp_ref":29.9,"alpha_sc":0.00436,"beta_oc":-0.13464,"a_ref":1.5955,"I_L_ref":8.722999999999999,"I_o_ref":5.74e-10,"R_s":0.35200000000000004,"R_sh_ref":1125.05,"Adjust":5.597,"PTC":217.4,"pdc0":245.0,"gamma_pdc":-0.0048,"gamma_r":-0.48}