{"Date":"5/22/2012","Version":"NRELv1","Technology":"Mono-c-Si","BIPV":"N","A_c":1.601,"N_s":60.0,"T_NOCT":47.4,"I_sc_ref":8.61,"V_oc_ref":37.3,"I_mp_ref":8.08,"V_mp_ref":29.8,"alpha_sc":0.004305,"beta_oc":-0.13427999999999998,"a_ref":1.5937,"I_L_ref":8.616,"I_o_ref":5.85e-10,"R_s":0.358,"R_sh_ref":545.36,"Adjust":5.874,"PTC":212.8,"pdc0":240.0,"gamma_pdc":-0.0048,"gamma_r":-0.48}