{"Date":"5/22/2012","Version":"NRELv1","Technology":"Mono-c-Si","BIPV":"N","A_c":1.631,"N_s":60.0,"T_NOCT":46.8,"I_sc_ref":8.76,"V_oc_ref":37.7,"I_mp_ref":8.29,"V_mp_ref":30.55,"alpha_sc":0.004379999999999999,"beta_oc":-0.12818,"a_ref":1.6047,"I_L_ref":8.855,"I_o_ref":5.48e-10,"R_s":0.29600000000000004,"R_sh_ref":342.17,"Adjust":11.33,"PTC":226.0,"pdc0":253.0,"gamma_pdc":-0.004699999999999999,"gamma_r":-0.47}