{"Date":"5/22/2012","Version":"NRELv1","Technology":"Mono-c-Si","BIPV":"N","A_c":1.631,"N_s":60.0,"T_NOCT":46.8,"I_sc_ref":8.81,"V_oc_ref":37.8,"I_mp_ref":8.35,"V_mp_ref":30.65,"alpha_sc":0.004405,"beta_oc":-0.12852,"a_ref":1.6081,"I_L_ref":8.905,"I_o_ref":5.45e-10,"R_s":0.293,"R_sh_ref":400.87,"Adjust":11.23,"PTC":227.9,"pdc0":255.0,"gamma_pdc":-0.004699999999999999,"gamma_r":-0.47}