{"Date":"8/30/2010","Version":"MM107","Technology":"Multi-c-Si","BIPV":"N","A_c":1.624,"N_s":60.0,"T_NOCT":46.4,"I_sc_ref":8.43,"V_oc_ref":37.08,"I_mp_ref":7.94,"V_mp_ref":30.84,"alpha_sc":0.008177,"beta_oc":-0.13312000000000002,"a_ref":1.7024,"I_L_ref":8.432,"I_o_ref":2.9100000000000005e-09,"R_s":0.161,"R_sh_ref":887.63,"Adjust":20.5,"PTC":217.9,"pdc0":245.0,"gamma_pdc":-0.00493,"gamma_r":-0.493}