{"Date":"10/26/2011","Version":"NRELv1","Technology":"Multi-c-Si","BIPV":"N","A_c":1.882,"N_s":72.0,"T_NOCT":43.1,"I_sc_ref":8.25,"V_oc_ref":42.6,"I_mp_ref":7.31,"V_mp_ref":34.9,"alpha_sc":0.003944,"beta_oc":-0.13627999999999998,"a_ref":1.8456,"I_L_ref":8.29,"I_o_ref":7.190000000000001e-10,"R_s":0.299,"R_sh_ref":62.11,"Adjust":21.94,"PTC":232.5,"pdc0":255.0,"gamma_pdc":-0.00451,"gamma_r":-0.451}