{"Date":"11.07.2013","Version":"NRELv1","Technology":"Mono-c-Si","BIPV":"N","A_c":1.942,"N_s":72.0,"T_NOCT":46.7,"I_sc_ref":9.0,"V_oc_ref":44.28,"I_mp_ref":8.34,"V_mp_ref":36.0,"alpha_sc":0.004905,"beta_oc":-0.16074000000000002,"a_ref":2.0656,"I_L_ref":9.011000000000001,"I_o_ref":4.320000000000001e-09,"R_s":0.284,"R_sh_ref":228.29,"Adjust":23.1,"PTC":262.5,"pdc0":300.0,"gamma_pdc":-0.00551,"gamma_r":-0.551}