{"Date":"10/23/2013","Version":"NRELv1","Technology":"Mono-c-Si","BIPV":"N","A_c":1.624,"N_s":60.0,"T_NOCT":46.7,"I_sc_ref":8.79,"V_oc_ref":36.28,"I_mp_ref":8.14,"V_mp_ref":29.5,"alpha_sc":0.004790999999999999,"beta_oc":-0.1317,"a_ref":1.6933,"I_L_ref":8.801,"I_o_ref":4.26e-09,"R_s":0.237,"R_sh_ref":184.28,"Adjust":23.21,"PTC":209.7,"pdc0":240.0,"gamma_pdc":-0.00551,"gamma_r":-0.551}