{"Date":"10.08.2013","Version":"NRELv1","Technology":"Mono-c-Si","BIPV":"N","A_c":1.305,"N_s":48.0,"T_NOCT":46.7,"I_sc_ref":8.81,"V_oc_ref":29.4,"I_mp_ref":8.16,"V_mp_ref":23.9,"alpha_sc":0.004801,"beta_oc":-0.10672000000000001,"a_ref":1.3718,"I_L_ref":8.821,"I_o_ref":4.25e-09,"R_s":0.193,"R_sh_ref":150.69,"Adjust":23.15,"PTC":170.4,"pdc0":195.0,"gamma_pdc":-0.00551,"gamma_r":-0.551}