{"Date":"10.12.2013","Version":"NRELv1","Technology":"Mono-c-Si","BIPV":"N","A_c":1.305,"N_s":48.0,"T_NOCT":46.7,"I_sc_ref":9.13,"V_oc_ref":29.83,"I_mp_ref":8.46,"V_mp_ref":24.25,"alpha_sc":0.0049759999999999995,"beta_oc":-0.10828,"a_ref":1.3915,"I_L_ref":9.141,"I_o_ref":4.379999999999999e-09,"R_s":0.18899999999999997,"R_sh_ref":151.18,"Adjust":23.1,"PTC":179.5,"pdc0":205.0,"gamma_pdc":-0.00551,"gamma_r":-0.551}