{"Date":"10.09.2013","Version":"NRELv1","Technology":"Mono-c-Si","BIPV":"N","A_c":1.2770000000000001,"N_s":72.0,"T_NOCT":46.1,"I_sc_ref":5.9,"V_oc_ref":45.1,"I_mp_ref":5.5,"V_mp_ref":36.4,"alpha_sc":0.002708,"beta_oc":-0.16605999999999999,"a_ref":1.9787,"I_L_ref":5.907,"I_o_ref":7.330000000000001e-10,"R_s":0.54,"R_sh_ref":459.49,"Adjust":8.762,"PTC":178.1,"pdc0":200.0,"gamma_pdc":-0.005,"gamma_r":-0.5}