{"Date":"10.11.2013","Version":"NRELv1","Technology":"Mono-c-Si","BIPV":"N","A_c":1.2770000000000001,"N_s":72.0,"T_NOCT":46.1,"I_sc_ref":6.01,"V_oc_ref":45.26,"I_mp_ref":5.62,"V_mp_ref":36.5,"alpha_sc":0.002759,"beta_oc":-0.16665,"a_ref":1.9809999999999999,"I_L_ref":6.015,"I_o_ref":7.099999999999999e-10,"R_s":0.539,"R_sh_ref":598.1,"Adjust":8.309,"PTC":182.6,"pdc0":205.0,"gamma_pdc":-0.005,"gamma_r":-0.5}