{"Date":"10/28/2013","Version":"NRELv1","Technology":"Mono-c-Si","BIPV":"N","A_c":1.624,"N_s":60.0,"T_NOCT":46.7,"I_sc_ref":9.24,"V_oc_ref":37.4,"I_mp_ref":8.56,"V_mp_ref":30.4,"alpha_sc":0.005036,"beta_oc":-0.13576,"a_ref":1.7447,"I_L_ref":9.252,"I_o_ref":4.44e-09,"R_s":0.23399999999999999,"R_sh_ref":184.99,"Adjust":23.11,"PTC":227.8,"pdc0":260.0,"gamma_pdc":-0.00551,"gamma_r":-0.551}