{"Date":"10.05.2013","Version":"NRELv1","Technology":"Mono-c-Si","BIPV":"N","A_c":1.2770000000000001,"N_s":72.0,"T_NOCT":46.1,"I_sc_ref":5.7,"V_oc_ref":44.46,"I_mp_ref":5.28,"V_mp_ref":36.0,"alpha_sc":0.002616,"beta_oc":-0.1637,"a_ref":1.9622,"I_L_ref":5.71,"I_o_ref":8.04e-10,"R_s":0.523,"R_sh_ref":312.31,"Adjust":9.902999999999999,"PTC":168.9,"pdc0":190.0,"gamma_pdc":-0.005,"gamma_r":-0.5}