{"Date":"10/13/2013","Version":"NRELv1","Technology":"Mono-c-Si","BIPV":"N","A_c":1.469,"N_s":54.0,"T_NOCT":46.7,"I_sc_ref":8.54,"V_oc_ref":32.65,"I_mp_ref":7.91,"V_mp_ref":26.55,"alpha_sc":0.004654,"beta_oc":-0.11852,"a_ref":1.5237,"I_L_ref":8.551,"I_o_ref":4.13e-09,"R_s":0.21899999999999997,"R_sh_ref":172.49,"Adjust":23.19,"PTC":183.3,"pdc0":210.0,"gamma_pdc":-0.00551,"gamma_r":-0.551}