{"Date":"10/26/2013","Version":"NRELv1","Technology":"Mono-c-Si","BIPV":"N","A_c":1.624,"N_s":60.0,"T_NOCT":46.7,"I_sc_ref":9.0,"V_oc_ref":36.9,"I_mp_ref":8.34,"V_mp_ref":30.0,"alpha_sc":0.004905,"beta_oc":-0.13395,"a_ref":1.7213,"I_L_ref":9.011000000000001,"I_o_ref":4.320000000000001e-09,"R_s":0.23600000000000002,"R_sh_ref":190.24,"Adjust":23.1,"PTC":218.8,"pdc0":250.0,"gamma_pdc":-0.00551,"gamma_r":-0.551}