{"Date":"10.10.2013","Version":"NRELv1","Technology":"Mono-c-Si","BIPV":"N","A_c":1.305,"N_s":48.0,"T_NOCT":46.7,"I_sc_ref":8.98,"V_oc_ref":29.58,"I_mp_ref":8.32,"V_mp_ref":24.05,"alpha_sc":0.004894,"beta_oc":-0.10737999999999999,"a_ref":1.3801,"I_L_ref":8.991,"I_o_ref":4.320000000000001e-09,"R_s":0.19,"R_sh_ref":151.25,"Adjust":23.13,"PTC":175.0,"pdc0":200.0,"gamma_pdc":-0.00551,"gamma_r":-0.551}