{"Date":"10/27/2013","Version":"NRELv1","Technology":"Mono-c-Si","BIPV":"N","A_c":1.624,"N_s":60.0,"T_NOCT":46.7,"I_sc_ref":9.13,"V_oc_ref":37.08,"I_mp_ref":8.46,"V_mp_ref":30.15,"alpha_sc":0.0049759999999999995,"beta_oc":-0.1346,"a_ref":1.7299,"I_L_ref":9.141,"I_o_ref":4.39e-09,"R_s":0.23399999999999999,"R_sh_ref":187.74,"Adjust":23.13,"PTC":223.3,"pdc0":255.0,"gamma_pdc":-0.00551,"gamma_r":-0.551}