{"Date":"10/21/2013","Version":"NRELv1","Technology":"Mono-c-Si","BIPV":"N","A_c":1.624,"N_s":60.0,"T_NOCT":46.7,"I_sc_ref":8.65,"V_oc_ref":36.1,"I_mp_ref":8.01,"V_mp_ref":29.35,"alpha_sc":0.004714,"beta_oc":-0.13104000000000002,"a_ref":1.6848,"I_L_ref":8.661,"I_o_ref":4.19e-09,"R_s":0.24,"R_sh_ref":185.98,"Adjust":23.2,"PTC":205.2,"pdc0":235.0,"gamma_pdc":-0.00551,"gamma_r":-0.551}