{"Date":"10.07.2013","Version":"NRELv1","Technology":"Mono-c-Si","BIPV":"N","A_c":1.2770000000000001,"N_s":72.0,"T_NOCT":46.1,"I_sc_ref":5.79,"V_oc_ref":44.82,"I_mp_ref":5.39,"V_mp_ref":36.2,"alpha_sc":0.0026579999999999998,"beta_oc":-0.16502999999999998,"a_ref":1.969,"I_L_ref":5.797000000000001,"I_o_ref":7.399999999999999e-10,"R_s":0.541,"R_sh_ref":419.2,"Adjust":9.011000000000001,"PTC":173.5,"pdc0":195.0,"gamma_pdc":-0.005,"gamma_r":-0.5}