{"Date":"10/30/2013","Version":"NRELv1","Technology":"Mono-c-Si","BIPV":"N","A_c":1.942,"N_s":72.0,"T_NOCT":46.7,"I_sc_ref":8.6,"V_oc_ref":43.23,"I_mp_ref":7.97,"V_mp_ref":35.15,"alpha_sc":0.004686999999999999,"beta_oc":-0.15693,"a_ref":2.0166,"I_L_ref":8.611,"I_o_ref":4.13e-09,"R_s":0.289,"R_sh_ref":234.27,"Adjust":23.1,"PTC":244.4,"pdc0":280.0,"gamma_pdc":-0.00551,"gamma_r":-0.551}