{"Date":"11.08.2013","Version":"NRELv1","Technology":"Mono-c-Si","BIPV":"N","A_c":1.942,"N_s":72.0,"T_NOCT":46.7,"I_sc_ref":9.1,"V_oc_ref":44.53,"I_mp_ref":8.43,"V_mp_ref":36.2,"alpha_sc":0.00496,"beta_oc":-0.16164,"a_ref":2.0776,"I_L_ref":9.112,"I_o_ref":4.379999999999999e-09,"R_s":0.282,"R_sh_ref":223.05,"Adjust":23.13,"PTC":267.1,"pdc0":305.0,"gamma_pdc":-0.00551,"gamma_r":-0.551}