{"Date":"11.04.2013","Version":"NRELv1","Technology":"Multi-c-Si","BIPV":"N","A_c":1.942,"N_s":72.0,"T_NOCT":46.3,"I_sc_ref":8.89,"V_oc_ref":43.52,"I_mp_ref":8.27,"V_mp_ref":35.1,"alpha_sc":0.005796,"beta_oc":-0.15611,"a_ref":1.9303,"I_L_ref":8.902000000000001,"I_o_ref":1.4099999999999999e-09,"R_s":0.345,"R_sh_ref":263.65,"Adjust":13.7,"PTC":257.8,"pdc0":290.0,"gamma_pdc":-0.0049499999999999995,"gamma_r":-0.495}