{"Date":"11.06.2013","Version":"NRELv1","Technology":"Multi-c-Si","BIPV":"N","A_c":1.942,"N_s":72.0,"T_NOCT":46.3,"I_sc_ref":8.95,"V_oc_ref":43.77,"I_mp_ref":8.36,"V_mp_ref":35.3,"alpha_sc":0.005835,"beta_oc":-0.157,"a_ref":1.9365,"I_L_ref":8.958,"I_o_ref":1.35e-09,"R_s":0.345,"R_sh_ref":366.17,"Adjust":13.2,"PTC":262.4,"pdc0":295.0,"gamma_pdc":-0.0049499999999999995,"gamma_r":-0.495}