{"Date":"10/22/2013","Version":"NRELv1","Technology":"Multi-c-Si","BIPV":"N","A_c":1.624,"N_s":60.0,"T_NOCT":46.3,"I_sc_ref":8.65,"V_oc_ref":36.21,"I_mp_ref":8.05,"V_mp_ref":29.2,"alpha_sc":0.00564,"beta_oc":-0.12989,"a_ref":1.6056,"I_L_ref":8.661,"I_o_ref":1.36e-09,"R_s":0.295,"R_sh_ref":232.09,"Adjust":13.63,"PTC":208.7,"pdc0":235.0,"gamma_pdc":-0.0049499999999999995,"gamma_r":-0.495}