{"Date":"10/24/2013","Version":"NRELv1","Technology":"Multi-c-Si","BIPV":"N","A_c":1.624,"N_s":60.0,"T_NOCT":46.3,"I_sc_ref":8.78,"V_oc_ref":36.46,"I_mp_ref":8.17,"V_mp_ref":29.4,"alpha_sc":0.005725,"beta_oc":-0.13078,"a_ref":1.6167,"I_L_ref":8.791,"I_o_ref":1.3900000000000002e-09,"R_s":0.293,"R_sh_ref":228.37,"Adjust":13.64,"PTC":213.3,"pdc0":240.0,"gamma_pdc":-0.0049499999999999995,"gamma_r":-0.495}