{"Date":"10/18/2013","Version":"NRELv1","Technology":"Multi-c-Si","BIPV":"N","A_c":1.624,"N_s":60.0,"T_NOCT":46.3,"I_sc_ref":8.46,"V_oc_ref":35.46,"I_mp_ref":7.87,"V_mp_ref":28.6,"alpha_sc":0.005516,"beta_oc":-0.1272,"a_ref":1.5729,"I_L_ref":8.471,"I_o_ref":1.3400000000000001e-09,"R_s":0.295,"R_sh_ref":225.74,"Adjust":13.7,"PTC":199.6,"pdc0":225.0,"gamma_pdc":-0.0049499999999999995,"gamma_r":-0.495}