{"Date":"10/31/2013","Version":"NRELv1","Technology":"Multi-c-Si","BIPV":"N","A_c":1.942,"N_s":72.0,"T_NOCT":46.3,"I_sc_ref":8.68,"V_oc_ref":43.08,"I_mp_ref":8.05,"V_mp_ref":34.8,"alpha_sc":0.005659,"beta_oc":-0.15453,"a_ref":1.9163,"I_L_ref":8.693,"I_o_ref":1.46e-09,"R_s":0.341,"R_sh_ref":219.55,"Adjust":14.27,"PTC":248.7,"pdc0":280.0,"gamma_pdc":-0.0049499999999999995,"gamma_r":-0.495}