{"Date":"10/20/2013","Version":"NRELv1","Technology":"Multi-c-Si","BIPV":"N","A_c":1.624,"N_s":60.0,"T_NOCT":46.3,"I_sc_ref":8.56,"V_oc_ref":35.84,"I_mp_ref":7.96,"V_mp_ref":28.9,"alpha_sc":0.005581,"beta_oc":-0.12855999999999998,"a_ref":1.5899,"I_L_ref":8.572000000000001,"I_o_ref":1.36e-09,"R_s":0.29600000000000004,"R_sh_ref":220.07,"Adjust":13.72,"PTC":204.2,"pdc0":230.0,"gamma_pdc":-0.0049499999999999995,"gamma_r":-0.495}