{"Date":"10/16/2013","Version":"NRELv1","Technology":"Multi-c-Si","BIPV":"N","A_c":1.624,"N_s":60.0,"T_NOCT":46.3,"I_sc_ref":8.37,"V_oc_ref":35.07,"I_mp_ref":7.75,"V_mp_ref":28.4,"alpha_sc":0.005457,"beta_oc":-0.1258,"a_ref":1.5639,"I_L_ref":8.384,"I_o_ref":1.49e-09,"R_s":0.27699999999999997,"R_sh_ref":168.34,"Adjust":14.78,"PTC":195.1,"pdc0":220.0,"gamma_pdc":-0.0049499999999999995,"gamma_r":-0.495}