{"Date":"5/22/2012","Version":"NRELv1","Technology":"Mono-c-Si","BIPV":"N","A_c":1.2770000000000001,"N_s":72.0,"T_NOCT":46.2,"I_sc_ref":5.3,"V_oc_ref":44.5,"I_mp_ref":5.21,"V_mp_ref":36.5,"alpha_sc":0.003853,"beta_oc":-0.1748,"a_ref":1.8992,"I_L_ref":5.516,"I_o_ref":3.67e-10,"R_s":0.462,"R_sh_ref":2304.73,"Adjust":-3.4189999999999996,"PTC":171.3,"pdc0":190.0,"gamma_pdc":-0.00441,"gamma_r":-0.441}