{"Date":"03.09.2011","Version":"MM107","Technology":"Multi-c-Si","BIPV":"N","A_c":1.94,"N_s":72.0,"T_NOCT":46.5,"I_sc_ref":7.82,"V_oc_ref":44.0,"I_mp_ref":7.23,"V_mp_ref":34.6,"alpha_sc":0.004457,"beta_oc":-0.13992000000000002,"a_ref":1.8369,"I_L_ref":7.841,"I_o_ref":3.02e-10,"R_s":0.5670000000000001,"R_sh_ref":209.85,"Adjust":14.4,"PTC":223.3,"pdc0":250.0,"gamma_pdc":-0.00457,"gamma_r":-0.457}