{"Date":"03.09.2011","Version":"MM107","Technology":"Multi-c-Si","BIPV":"N","A_c":1.94,"N_s":72.0,"T_NOCT":46.5,"I_sc_ref":8.25,"V_oc_ref":44.8,"I_mp_ref":7.82,"V_mp_ref":35.2,"alpha_sc":0.004703,"beta_oc":-0.14246,"a_ref":1.8479,"I_L_ref":8.288,"I_o_ref":2.4500000000000003e-10,"R_s":0.5479999999999999,"R_sh_ref":100000.0,"Adjust":11.9,"PTC":246.2,"pdc0":275.0,"gamma_pdc":-0.00457,"gamma_r":-0.457}