{"Date":"09.01.2013","Version":"NRELv1","Technology":"Multi-c-Si","BIPV":"N","A_c":1.635,"N_s":60.0,"T_NOCT":47.5,"I_sc_ref":8.4,"V_oc_ref":36.6,"I_mp_ref":7.8,"V_mp_ref":28.8,"alpha_sc":0.0031079999999999997,"beta_oc":-0.14164000000000002,"a_ref":1.6280000000000001,"I_L_ref":8.413,"I_o_ref":1.4300000000000002e-09,"R_s":0.41,"R_sh_ref":258.91,"Adjust":6.197,"PTC":196.0,"pdc0":225.0,"gamma_pdc":-0.005350000000000001,"gamma_r":-0.535}