{"Date":"09.01.2013","Version":"NRELv1","Technology":"Multi-c-Si","BIPV":"N","A_c":1.635,"N_s":60.0,"T_NOCT":47.5,"I_sc_ref":8.8,"V_oc_ref":37.7,"I_mp_ref":8.2,"V_mp_ref":30.3,"alpha_sc":0.003256,"beta_oc":-0.1459,"a_ref":1.6957,"I_L_ref":8.81,"I_o_ref":1.92e-09,"R_s":0.31,"R_sh_ref":286.89,"Adjust":8.365,"PTC":218.5,"pdc0":250.0,"gamma_pdc":-0.005350000000000001,"gamma_r":-0.535}