{"Vac":208.0,"Paco":2000.0,"Pdco":2086.75,"Vdco":350.0,"Pso":13.4893,"C0":-7.98802e-06,"C1":-2.59442e-05,"C2":-0.000902039,"C3":-0.000279418,"Pnt":0.13,"Vdcmax":400.0,"Mppt_low":100.0,"Mppt_high":400.0}