{"Vac":240.0,"Paco":2800.0,"Pdco":2893.63,"Vdco":380.0,"Pso":17.0428,"C0":-3.8175400000000006e-06,"C1":-3.51245e-05,"C2":-0.00234797,"C3":-0.00042417800000000004,"Pnt":0.15,"Vdcmax":440.0,"Mppt_low":100.0,"Mppt_high":440.0}