{"Vac":240.0,"Paco":2000.0,"Pdco":2075.12,"Vdco":380.0,"Pso":11.8093,"C0":-6.37087e-06,"C1":-3.24368e-05,"C2":-0.00209364,"C3":-0.00019926400000000002,"Pnt":0.17,"Vdcmax":400.0,"Mppt_low":100.0,"Mppt_high":400.0}