{"Vac":208.0,"Paco":4600.0,"Pdco":4757.03,"Vdco":350.0,"Pso":23.7077,"C0":-4.76261e-06,"C1":-1.072e-05,"C2":-0.000522556,"C3":-0.000549254,"Pnt":0.07,"Vdcmax":440.0,"Mppt_low":100.0,"Mppt_high":440.0}