{"Date":"06.02.2014","Version":"NRELv1","Technology":"Mono-c-Si","BIPV":"N","A_c":1.65,"N_s":60.0,"T_NOCT":46.9,"I_sc_ref":9.16,"V_oc_ref":38.0,"I_mp_ref":8.6,"V_mp_ref":31.0,"alpha_sc":0.005038,"beta_oc":-0.1159,"a_ref":1.5171,"I_L_ref":9.169,"I_o_ref":1.2e-10,"R_s":0.285,"R_sh_ref":284.9,"Adjust":9.495,"PTC":240.8,"pdc0":265.0,"gamma_pdc":-0.004039999999999999,"gamma_r":-0.40399999999999997}