{"Date":"06.02.2014","Version":"NRELv1","Technology":"Mono-c-Si","BIPV":"N","A_c":1.65,"N_s":60.0,"T_NOCT":47.8,"I_sc_ref":9.43,"V_oc_ref":38.7,"I_mp_ref":8.86,"V_mp_ref":31.7,"alpha_sc":0.003961,"beta_oc":-0.10759,"a_ref":1.521,"I_L_ref":9.439,"I_o_ref":8.279999999999999e-11,"R_s":0.272,"R_sh_ref":273.13,"Adjust":16.59,"PTC":253.8,"pdc0":280.0,"gamma_pdc":-0.004039999999999999,"gamma_r":-0.40399999999999997}