{"Date":"01.05.2012","Version":"NRELv1","Technology":"Multi-c-Si","BIPV":"N","A_c":2.5639999999999996,"N_s":96.0,"T_NOCT":48.7,"I_sc_ref":8.18,"V_oc_ref":59.39,"I_mp_ref":7.68,"V_mp_ref":48.05,"alpha_sc":0.002038,"beta_oc":-0.20363,"a_ref":2.3793,"I_L_ref":8.187999999999999,"I_o_ref":1.17e-10,"R_s":0.555,"R_sh_ref":549.08,"Adjust":-1.625,"PTC":328.5,"pdc0":369.0,"gamma_pdc":-0.00436,"gamma_r":-0.436}