{"Date":"5/22/2012","Version":"NRELv1","Technology":"Multi-c-Si","BIPV":"N","A_c":2.5639999999999996,"N_s":96.0,"T_NOCT":50.0,"I_sc_ref":8.84,"V_oc_ref":61.96,"I_mp_ref":8.34,"V_mp_ref":49.88,"alpha_sc":0.00465,"beta_oc":-0.1917,"a_ref":2.4481,"I_L_ref":8.845,"I_o_ref":8.95e-11,"R_s":0.5770000000000001,"R_sh_ref":1003.03,"Adjust":5.74,"PTC":372.6,"pdc0":416.0,"gamma_pdc":-0.004050000000000001,"gamma_r":-0.405}