{"Date":"5/22/2012","Version":"NRELv1","Technology":"Multi-c-Si","BIPV":"N","A_c":2.5639999999999996,"N_s":96.0,"T_NOCT":50.0,"I_sc_ref":8.55,"V_oc_ref":60.83,"I_mp_ref":8.05,"V_mp_ref":49.07,"alpha_sc":0.004497,"beta_oc":-0.18821,"a_ref":2.4088,"I_L_ref":8.557,"I_o_ref":9.13e-11,"R_s":0.5710000000000001,"R_sh_ref":724.51,"Adjust":6.205,"PTC":353.3,"pdc0":395.0,"gamma_pdc":-0.004050000000000001,"gamma_r":-0.405}