{"Date":"5/22/2012","Version":"NRELv1","Technology":"Multi-c-Si","BIPV":"N","A_c":2.5639999999999996,"N_s":96.0,"T_NOCT":50.0,"I_sc_ref":8.37,"V_oc_ref":60.09,"I_mp_ref":7.87,"V_mp_ref":48.54,"alpha_sc":0.004403,"beta_oc":-0.18592,"a_ref":2.383,"I_L_ref":8.378,"I_o_ref":9.27e-11,"R_s":0.5660000000000001,"R_sh_ref":615.0,"Adjust":6.518,"PTC":341.3,"pdc0":382.0,"gamma_pdc":-0.004050000000000001,"gamma_r":-0.405}