{"Date":"02.01.2012","Version":"NRELv1","Technology":"Multi-c-Si","BIPV":"N","A_c":1.62,"N_s":60.0,"T_NOCT":48.6,"I_sc_ref":8.16,"V_oc_ref":39.05,"I_mp_ref":7.67,"V_mp_ref":31.56,"alpha_sc":0.004896,"beta_oc":-0.13277,"a_ref":1.6404,"I_L_ref":8.165,"I_o_ref":3.71e-10,"R_s":0.35,"R_sh_ref":548.3,"Adjust":8.459,"PTC":215.0,"pdc0":242.0,"gamma_pdc":-0.0045000000000000005,"gamma_r":-0.45}