{"Date":"5/22/2012","Version":"NRELv1","Technology":"Multi-c-Si","BIPV":"N","A_c":2.5639999999999996,"N_s":96.0,"T_NOCT":50.0,"I_sc_ref":8.35,"V_oc_ref":60.07,"I_mp_ref":7.85,"V_mp_ref":48.56,"alpha_sc":0.004392,"beta_oc":-0.18586,"a_ref":2.3834,"I_L_ref":8.357999999999999,"I_o_ref":9.36e-11,"R_s":0.562,"R_sh_ref":602.11,"Adjust":6.622999999999999,"PTC":340.4,"pdc0":381.0,"gamma_pdc":-0.004050000000000001,"gamma_r":-0.405}