{"Date":"02.01.2012","Version":"NRELv1","Technology":"Multi-c-Si","BIPV":"N","A_c":1.62,"N_s":60.0,"T_NOCT":48.6,"I_sc_ref":8.03,"V_oc_ref":38.05,"I_mp_ref":7.55,"V_mp_ref":30.7,"alpha_sc":0.004818,"beta_oc":-0.12937,"a_ref":1.5966,"I_L_ref":8.035,"I_o_ref":3.56e-10,"R_s":0.355,"R_sh_ref":580.73,"Adjust":8.222000000000001,"PTC":205.8,"pdc0":232.0,"gamma_pdc":-0.0045000000000000005,"gamma_r":-0.45}