{"Date":"02.01.2012","Version":"NRELv1","Technology":"Multi-c-Si","BIPV":"N","A_c":1.62,"N_s":60.0,"T_NOCT":48.6,"I_sc_ref":8.11,"V_oc_ref":38.64,"I_mp_ref":7.61,"V_mp_ref":31.28,"alpha_sc":0.004866,"beta_oc":-0.13138,"a_ref":1.6263,"I_L_ref":8.116,"I_o_ref":3.86e-10,"R_s":0.34,"R_sh_ref":429.78,"Adjust":8.851,"PTC":211.3,"pdc0":238.0,"gamma_pdc":-0.0045000000000000005,"gamma_r":-0.45}