{"Date":"5/22/2012","Version":"NRELv1","Technology":"Multi-c-Si","BIPV":"N","A_c":2.5639999999999996,"N_s":96.0,"T_NOCT":50.0,"I_sc_ref":8.7,"V_oc_ref":61.45,"I_mp_ref":8.2,"V_mp_ref":49.52,"alpha_sc":0.004576,"beta_oc":-0.19013,"a_ref":2.4306,"I_L_ref":8.706,"I_o_ref":9.04e-11,"R_s":0.574,"R_sh_ref":846.93,"Adjust":5.9670000000000005,"PTC":363.4,"pdc0":406.0,"gamma_pdc":-0.004050000000000001,"gamma_r":-0.405}