{"Date":"01.05.2012","Version":"NRELv1","Technology":"Multi-c-Si","BIPV":"N","A_c":2.5639999999999996,"N_s":96.0,"T_NOCT":48.7,"I_sc_ref":8.24,"V_oc_ref":59.6,"I_mp_ref":7.71,"V_mp_ref":48.38,"alpha_sc":0.002053,"beta_oc":-0.20435,"a_ref":2.3968,"I_L_ref":8.251,"I_o_ref":1.29e-10,"R_s":0.529,"R_sh_ref":404.78,"Adjust":-0.8978,"PTC":332.2,"pdc0":373.0,"gamma_pdc":-0.00436,"gamma_r":-0.436}