{"Date":"01.05.2012","Version":"NRELv1","Technology":"Multi-c-Si","BIPV":"N","A_c":2.5639999999999996,"N_s":96.0,"T_NOCT":48.7,"I_sc_ref":8.61,"V_oc_ref":61.01,"I_mp_ref":8.11,"V_mp_ref":49.2,"alpha_sc":0.002146,"beta_oc":-0.20919000000000001,"a_ref":2.4353,"I_L_ref":8.616,"I_o_ref":1.13e-10,"R_s":0.565,"R_sh_ref":811.13,"Adjust":-2.318,"PTC":356.0,"pdc0":399.0,"gamma_pdc":-0.00436,"gamma_r":-0.436}