{"Date":"5/22/2012","Version":"NRELv1","Technology":"Multi-c-Si","BIPV":"N","A_c":2.5639999999999996,"N_s":96.0,"T_NOCT":50.0,"I_sc_ref":8.56,"V_oc_ref":60.92,"I_mp_ref":8.06,"V_mp_ref":49.14,"alpha_sc":0.004503,"beta_oc":-0.18849000000000002,"a_ref":2.4122,"I_L_ref":8.567,"I_o_ref":9.13e-11,"R_s":0.5710000000000001,"R_sh_ref":732.07,"Adjust":6.191,"PTC":354.2,"pdc0":396.0,"gamma_pdc":-0.004050000000000001,"gamma_r":-0.405}