{"Date":"02.01.2012","Version":"NRELv1","Technology":"Multi-c-Si","BIPV":"N","A_c":1.62,"N_s":60.0,"T_NOCT":48.6,"I_sc_ref":7.97,"V_oc_ref":37.66,"I_mp_ref":7.52,"V_mp_ref":30.32,"alpha_sc":0.004782,"beta_oc":-0.12804000000000001,"a_ref":1.5751,"I_L_ref":7.972,"I_o_ref":3.28e-10,"R_s":0.364,"R_sh_ref":1391.4,"Adjust":7.57,"PTC":202.2,"pdc0":228.0,"gamma_pdc":-0.0045000000000000005,"gamma_r":-0.45}