{"Date":"02.01.2012","Version":"NRELv1","Technology":"Multi-c-Si","BIPV":"N","A_c":1.62,"N_s":60.0,"T_NOCT":48.6,"I_sc_ref":8.07,"V_oc_ref":38.35,"I_mp_ref":7.58,"V_mp_ref":31.01,"alpha_sc":0.004842,"beta_oc":-0.13039,"a_ref":1.6121,"I_L_ref":8.076,"I_o_ref":3.73e-10,"R_s":0.345,"R_sh_ref":490.24,"Adjust":8.601,"PTC":208.6,"pdc0":235.0,"gamma_pdc":-0.0045000000000000005,"gamma_r":-0.45}