{"Date":"5/22/2012","Version":"NRELv1","Technology":"Mono-c-Si","BIPV":"N","A_c":2.5639999999999996,"N_s":96.0,"T_NOCT":50.0,"I_sc_ref":8.53,"V_oc_ref":58.82,"I_mp_ref":8.06,"V_mp_ref":47.28,"alpha_sc":0.003378,"beta_oc":-0.19299000000000002,"a_ref":2.3728,"I_L_ref":8.532,"I_o_ref":1.46e-10,"R_s":0.564,"R_sh_ref":1988.33,"Adjust":4.115,"PTC":337.3,"pdc0":381.0,"gamma_pdc":-0.004370000000000001,"gamma_r":-0.43700000000000006}