{"Date":"09.01.2013","Version":"NRELv1","Technology":"Mono-c-Si","BIPV":"N","A_c":1.936,"N_s":72.0,"T_NOCT":45.9,"I_sc_ref":8.78,"V_oc_ref":44.84,"I_mp_ref":8.31,"V_mp_ref":35.99,"alpha_sc":0.00439,"beta_oc":-0.14797000000000002,"a_ref":1.8307,"I_L_ref":8.78,"I_o_ref":2.02e-10,"R_s":0.419,"R_sh_ref":16878.5,"Adjust":5.89,"PTC":270.3,"pdc0":299.0,"gamma_pdc":-0.0044,"gamma_r":-0.44}