{"Date":"01.05.2012","Version":"NRELv1","Technology":"Mono-c-Si","BIPV":"N","A_c":2.5639999999999996,"N_s":96.0,"T_NOCT":48.4,"I_sc_ref":8.25,"V_oc_ref":57.62,"I_mp_ref":7.78,"V_mp_ref":46.41,"alpha_sc":0.0008320000000000001,"beta_oc":-0.21518,"a_ref":2.4156,"I_L_ref":8.253,"I_o_ref":3.59e-10,"R_s":0.534,"R_sh_ref":1734.12,"Adjust":-1.104,"PTC":316.2,"pdc0":361.0,"gamma_pdc":-0.00498,"gamma_r":-0.498}