{"Date":"03.04.2011","Version":"MM107","Technology":"Mono-c-Si","BIPV":"N","A_c":2.5639999999999996,"N_s":96.0,"T_NOCT":47.7,"I_sc_ref":8.27,"V_oc_ref":59.48,"I_mp_ref":7.77,"V_mp_ref":48.89,"alpha_sc":0.0036450000000000002,"beta_oc":-0.21841,"a_ref":2.6954,"I_L_ref":8.273,"I_o_ref":2.14e-09,"R_s":0.35700000000000004,"R_sh_ref":1002.8,"Adjust":15.6,"PTC":331.9,"pdc0":380.0,"gamma_pdc":-0.00529,"gamma_r":-0.529}