{"Date":"03.04.2011","Version":"MM107","Technology":"Mono-c-Si","BIPV":"N","A_c":2.5639999999999996,"N_s":96.0,"T_NOCT":47.7,"I_sc_ref":8.35,"V_oc_ref":59.52,"I_mp_ref":7.85,"V_mp_ref":48.98,"alpha_sc":0.0036799999999999997,"beta_oc":-0.21856,"a_ref":2.6985,"I_L_ref":8.353,"I_o_ref":2.1899999999999997e-09,"R_s":0.345,"R_sh_ref":1092.28,"Adjust":15.7,"PTC":335.5,"pdc0":384.0,"gamma_pdc":-0.00529,"gamma_r":-0.529}