{"Date":"01.05.2012","Version":"NRELv1","Technology":"Mono-c-Si","BIPV":"N","A_c":2.5639999999999996,"N_s":96.0,"T_NOCT":48.3,"I_sc_ref":8.85,"V_oc_ref":60.12,"I_mp_ref":8.38,"V_mp_ref":48.22,"alpha_sc":0.000924,"beta_oc":-0.21859,"a_ref":2.4246,"I_L_ref":8.85,"I_o_ref":1.51e-10,"R_s":0.569,"R_sh_ref":19182.1,"Adjust":-5.7829999999999995,"PTC":358.5,"pdc0":404.0,"gamma_pdc":-0.00466,"gamma_r":-0.466}