{"Date":"5/22/2012","Version":"NRELv1","Technology":"Mono-c-Si","BIPV":"N","A_c":2.5639999999999996,"N_s":96.0,"T_NOCT":50.0,"I_sc_ref":8.8,"V_oc_ref":59.85,"I_mp_ref":8.33,"V_mp_ref":48.02,"alpha_sc":0.0034850000000000003,"beta_oc":-0.19637000000000002,"a_ref":2.4096,"I_L_ref":8.801,"I_o_ref":1.43e-10,"R_s":0.569,"R_sh_ref":7250.25,"Adjust":3.7119999999999997,"PTC":354.6,"pdc0":400.0,"gamma_pdc":-0.004370000000000001,"gamma_r":-0.43700000000000006}