{"Date":"01.05.2012","Version":"NRELv1","Technology":"Mono-c-Si","BIPV":"N","A_c":2.5639999999999996,"N_s":96.0,"T_NOCT":48.3,"I_sc_ref":8.55,"V_oc_ref":58.99,"I_mp_ref":8.08,"V_mp_ref":47.41,"alpha_sc":0.000893,"beta_oc":-0.21448000000000003,"a_ref":2.3843,"I_L_ref":8.552,"I_o_ref":1.53e-10,"R_s":0.564,"R_sh_ref":2192.04,"Adjust":-5.38,"PTC":339.3,"pdc0":383.0,"gamma_pdc":-0.00466,"gamma_r":-0.466}