{"Date":"09.01.2013","Version":"NRELv1","Technology":"Mono-c-Si","BIPV":"N","A_c":1.62,"N_s":60.0,"T_NOCT":44.6,"I_sc_ref":8.76,"V_oc_ref":37.14,"I_mp_ref":8.23,"V_mp_ref":30.02,"alpha_sc":0.0035039999999999997,"beta_oc":-0.12255999999999999,"a_ref":1.514,"I_L_ref":8.767000000000001,"I_o_ref":1.9199999999999998e-10,"R_s":0.321,"R_sh_ref":378.66,"Adjust":5.6370000000000005,"PTC":224.7,"pdc0":247.0,"gamma_pdc":-0.0044,"gamma_r":-0.44}