{"Date":"5/22/2012","Version":"NRELv1","Technology":"Mono-c-Si","BIPV":"N","A_c":2.5639999999999996,"N_s":96.0,"T_NOCT":50.0,"I_sc_ref":8.67,"V_oc_ref":59.53,"I_mp_ref":8.21,"V_mp_ref":47.75,"alpha_sc":0.003433,"beta_oc":-0.19532,"a_ref":2.3958,"I_L_ref":8.67,"I_o_ref":1.4e-10,"R_s":0.5760000000000001,"R_sh_ref":16258.6,"Adjust":3.641,"PTC":347.3,"pdc0":392.0,"gamma_pdc":-0.004370000000000001,"gamma_r":-0.43700000000000006}