{"Date":"9/18/2014","Version":"NRELv1","Technology":"Mono-c-Si","BIPV":"N","A_c":1.936,"N_s":72.0,"T_NOCT":45.9,"I_sc_ref":8.99,"V_oc_ref":45.4,"I_mp_ref":8.52,"V_mp_ref":36.39,"alpha_sc":0.001517,"beta_oc":-0.14765,"a_ref":1.8526,"I_L_ref":5.481,"I_o_ref":1.72e-10,"R_s":0.6970000000000001,"R_sh_ref":2694.26,"Adjust":8.967,"PTC":280.5,"pdc0":310.0,"gamma_pdc":-0.004739999999999999,"gamma_r":-0.474}