{"Date":"5/22/2012","Version":"NRELv1","Technology":"Mono-c-Si","BIPV":"N","A_c":2.5639999999999996,"N_s":96.0,"T_NOCT":50.0,"I_sc_ref":8.69,"V_oc_ref":59.56,"I_mp_ref":8.23,"V_mp_ref":47.76,"alpha_sc":0.0034409999999999996,"beta_oc":-0.19542,"a_ref":2.3965,"I_L_ref":8.69,"I_o_ref":1.4e-10,"R_s":0.5770000000000001,"R_sh_ref":31433.4,"Adjust":3.593,"PTC":348.2,"pdc0":393.0,"gamma_pdc":-0.004370000000000001,"gamma_r":-0.43700000000000006}