{"Date":"09.01.2013","Version":"NRELv1","Technology":"Mono-c-Si","BIPV":"N","A_c":2.5639999999999996,"N_s":96.0,"T_NOCT":43.2,"I_sc_ref":8.85,"V_oc_ref":60.12,"I_mp_ref":8.38,"V_mp_ref":48.22,"alpha_sc":0.004425,"beta_oc":-0.1984,"a_ref":2.4654,"I_L_ref":8.948,"I_o_ref":2.2700000000000002e-10,"R_s":0.557,"R_sh_ref":539.98,"Adjust":6.757000000000001,"PTC":370.4,"pdc0":404.0,"gamma_pdc":-0.0044,"gamma_r":-0.44}