{"Date":"03.04.2011","Version":"MM107","Technology":"Mono-c-Si","BIPV":"N","A_c":2.5639999999999996,"N_s":96.0,"T_NOCT":47.7,"I_sc_ref":8.41,"V_oc_ref":59.61,"I_mp_ref":7.91,"V_mp_ref":49.21,"alpha_sc":0.003706,"beta_oc":-0.21889,"a_ref":2.7065,"I_L_ref":8.412,"I_o_ref":2.27e-09,"R_s":0.32,"R_sh_ref":1119.54,"Adjust":16.0,"PTC":340.1,"pdc0":389.0,"gamma_pdc":-0.00529,"gamma_r":-0.529}