{"Date":"09.01.2013","Version":"NRELv1","Technology":"Mono-c-Si","BIPV":"N","A_c":1.62,"N_s":60.0,"T_NOCT":44.6,"I_sc_ref":8.88,"V_oc_ref":37.51,"I_mp_ref":8.35,"V_mp_ref":30.3,"alpha_sc":0.0035520000000000005,"beta_oc":-0.12378,"a_ref":1.5278,"I_L_ref":8.887,"I_o_ref":1.9099999999999999e-10,"R_s":0.32299999999999995,"R_sh_ref":421.55,"Adjust":5.4670000000000005,"PTC":230.3,"pdc0":253.0,"gamma_pdc":-0.0044,"gamma_r":-0.44}