{"Date":"03.04.2011","Version":"MM107","Technology":"Mono-c-Si","BIPV":"N","A_c":2.5639999999999996,"N_s":96.0,"T_NOCT":47.7,"I_sc_ref":8.14,"V_oc_ref":59.4,"I_mp_ref":7.66,"V_mp_ref":48.73,"alpha_sc":0.003587,"beta_oc":-0.21811999999999998,"a_ref":2.6865,"I_L_ref":8.142000000000001,"I_o_ref":2.02e-09,"R_s":0.377,"R_sh_ref":1474.09,"Adjust":15.2,"PTC":325.6,"pdc0":373.0,"gamma_pdc":-0.00529,"gamma_r":-0.529}