{"Date":"5/22/2012","Version":"NRELv1","Technology":"Mono-c-Si","BIPV":"N","A_c":2.5639999999999996,"N_s":96.0,"T_NOCT":50.0,"I_sc_ref":8.54,"V_oc_ref":58.9,"I_mp_ref":8.07,"V_mp_ref":47.34,"alpha_sc":0.003382,"beta_oc":-0.19325,"a_ref":2.3758,"I_L_ref":8.542,"I_o_ref":1.46e-10,"R_s":0.565,"R_sh_ref":2047.11,"Adjust":4.0969999999999995,"PTC":338.2,"pdc0":382.0,"gamma_pdc":-0.004370000000000001,"gamma_r":-0.43700000000000006}