{"Date":"09.01.2013","Version":"NRELv1","Technology":"Mono-c-Si","BIPV":"N","A_c":2.5639999999999996,"N_s":96.0,"T_NOCT":43.2,"I_sc_ref":8.93,"V_oc_ref":60.31,"I_mp_ref":8.45,"V_mp_ref":48.41,"alpha_sc":0.004465,"beta_oc":-0.19902,"a_ref":2.4627,"I_L_ref":8.93,"I_o_ref":2.07e-10,"R_s":0.5539999999999999,"R_sh_ref":11037.0,"Adjust":5.922999999999999,"PTC":375.1,"pdc0":409.0,"gamma_pdc":-0.0044,"gamma_r":-0.44}