{"Date":"09.01.2013","Version":"NRELv1","Technology":"Mono-c-Si","BIPV":"N","A_c":1.62,"N_s":60.0,"T_NOCT":44.6,"I_sc_ref":8.99,"V_oc_ref":37.93,"I_mp_ref":8.47,"V_mp_ref":30.58,"alpha_sc":0.0035960000000000002,"beta_oc":-0.12517,"a_ref":1.5415,"I_L_ref":8.995,"I_o_ref":1.8399999999999998e-10,"R_s":0.331,"R_sh_ref":577.82,"Adjust":5.024,"PTC":235.9,"pdc0":259.0,"gamma_pdc":-0.0044,"gamma_r":-0.44}