{"Date":"09.01.2013","Version":"NRELv1","Technology":"Mono-c-Si","BIPV":"N","A_c":1.62,"N_s":60.0,"T_NOCT":44.6,"I_sc_ref":8.64,"V_oc_ref":36.74,"I_mp_ref":8.11,"V_mp_ref":29.72,"alpha_sc":0.0034560000000000003,"beta_oc":-0.12124000000000001,"a_ref":1.4991,"I_L_ref":8.648,"I_o_ref":1.94e-10,"R_s":0.319,"R_sh_ref":342.4,"Adjust":5.83,"PTC":219.1,"pdc0":241.0,"gamma_pdc":-0.0044,"gamma_r":-0.44}