{"Date":"09.01.2013","Version":"NRELv1","Technology":"Mono-c-Si","BIPV":"N","A_c":1.62,"N_s":60.0,"T_NOCT":44.6,"I_sc_ref":8.86,"V_oc_ref":37.45,"I_mp_ref":8.33,"V_mp_ref":30.26,"alpha_sc":0.003544,"beta_oc":-0.12359,"a_ref":1.5257,"I_L_ref":8.867,"I_o_ref":1.9199999999999998e-10,"R_s":0.322,"R_sh_ref":413.01,"Adjust":5.516,"PTC":229.3,"pdc0":252.0,"gamma_pdc":-0.0044,"gamma_r":-0.44}