{"Date":"01.05.2012","Version":"NRELv1","Technology":"Mono-c-Si","BIPV":"N","A_c":2.5639999999999996,"N_s":96.0,"T_NOCT":48.3,"I_sc_ref":9.07,"V_oc_ref":60.54,"I_mp_ref":8.58,"V_mp_ref":48.61,"alpha_sc":0.000947,"beta_oc":-0.22011999999999998,"a_ref":2.4443,"I_L_ref":9.071,"I_o_ref":1.5900000000000002e-10,"R_s":0.552,"R_sh_ref":3830.95,"Adjust":-5.5760000000000005,"PTC":370.4,"pdc0":417.0,"gamma_pdc":-0.00466,"gamma_r":-0.466}