{"Date":"01.05.2012","Version":"NRELv1","Technology":"Mono-c-Si","BIPV":"N","A_c":2.5639999999999996,"N_s":96.0,"T_NOCT":48.4,"I_sc_ref":8.2,"V_oc_ref":57.33,"I_mp_ref":7.73,"V_mp_ref":46.19,"alpha_sc":0.0008269999999999999,"beta_oc":-0.2141,"a_ref":2.4043,"I_L_ref":8.203,"I_o_ref":3.6e-10,"R_s":0.5329999999999999,"R_sh_ref":1541.36,"Adjust":-1.034,"PTC":312.5,"pdc0":357.0,"gamma_pdc":-0.00498,"gamma_r":-0.498}