{"Date":"09.01.2013","Version":"NRELv1","Technology":"Mono-c-Si","BIPV":"N","A_c":1.936,"N_s":72.0,"T_NOCT":45.9,"I_sc_ref":8.82,"V_oc_ref":44.96,"I_mp_ref":8.35,"V_mp_ref":36.05,"alpha_sc":0.00441,"beta_oc":-0.14837,"a_ref":1.8436,"I_L_ref":8.918,"I_o_ref":2.26e-10,"R_s":0.419,"R_sh_ref":398.47,"Adjust":6.742999999999999,"PTC":272.1,"pdc0":301.0,"gamma_pdc":-0.0044,"gamma_r":-0.44}