{"Date":"09.01.2013","Version":"NRELv1","Technology":"Mono-c-Si","BIPV":"N","A_c":2.5639999999999996,"N_s":96.0,"T_NOCT":43.2,"I_sc_ref":8.99,"V_oc_ref":60.35,"I_mp_ref":8.51,"V_mp_ref":48.42,"alpha_sc":0.004495,"beta_oc":-0.19916,"a_ref":2.4757,"I_L_ref":9.09,"I_o_ref":2.3199999999999997e-10,"R_s":0.5479999999999999,"R_sh_ref":516.1,"Adjust":6.829,"PTC":377.9,"pdc0":412.0,"gamma_pdc":-0.0044,"gamma_r":-0.44}