{"Date":"09.01.2013","Version":"NRELv1","Technology":"Mono-c-Si","BIPV":"N","A_c":2.5639999999999996,"N_s":96.0,"T_NOCT":43.2,"I_sc_ref":8.86,"V_oc_ref":60.19,"I_mp_ref":8.39,"V_mp_ref":48.28,"alpha_sc":0.00443,"beta_oc":-0.19863,"a_ref":2.4683,"I_L_ref":8.958,"I_o_ref":2.2700000000000002e-10,"R_s":0.556,"R_sh_ref":543.14,"Adjust":6.76,"PTC":371.3,"pdc0":405.0,"gamma_pdc":-0.0044,"gamma_r":-0.44}