{"Date":"09.01.2013","Version":"NRELv1","Technology":"Mono-c-Si","BIPV":"N","A_c":1.936,"N_s":72.0,"T_NOCT":45.9,"I_sc_ref":8.84,"V_oc_ref":45.0,"I_mp_ref":8.37,"V_mp_ref":36.09,"alpha_sc":0.00442,"beta_oc":-0.1485,"a_ref":1.8453,"I_L_ref":8.937999999999999,"I_o_ref":2.26e-10,"R_s":0.418,"R_sh_ref":402.3,"Adjust":6.755,"PTC":273.1,"pdc0":302.0,"gamma_pdc":-0.0044,"gamma_r":-0.44}