{"Date":"09.01.2013","Version":"NRELv1","Technology":"Mono-c-Si","BIPV":"N","A_c":1.936,"N_s":72.0,"T_NOCT":45.9,"I_sc_ref":8.76,"V_oc_ref":44.78,"I_mp_ref":8.29,"V_mp_ref":35.95,"alpha_sc":0.004379999999999999,"beta_oc":-0.14777,"a_ref":1.8286,"I_L_ref":8.76,"I_o_ref":2.03e-10,"R_s":0.418,"R_sh_ref":10257.4,"Adjust":5.931,"PTC":269.4,"pdc0":298.0,"gamma_pdc":-0.0044,"gamma_r":-0.44}