{"Date":"01.05.2012","Version":"NRELv1","Technology":"Mono-c-Si","BIPV":"N","A_c":2.5639999999999996,"N_s":96.0,"T_NOCT":48.4,"I_sc_ref":8.63,"V_oc_ref":59.21,"I_mp_ref":8.15,"V_mp_ref":47.61,"alpha_sc":0.0008699999999999999,"beta_oc":-0.22111999999999998,"a_ref":2.4778,"I_L_ref":8.631,"I_o_ref":3.61e-10,"R_s":0.537,"R_sh_ref":3467.73,"Adjust":-1.436,"PTC":340.6,"pdc0":388.0,"gamma_pdc":-0.00498,"gamma_r":-0.498}