{"Date":"09.01.2013","Version":"NRELv1","Technology":"Mono-c-Si","BIPV":"N","A_c":1.936,"N_s":72.0,"T_NOCT":45.9,"I_sc_ref":8.91,"V_oc_ref":45.21,"I_mp_ref":8.44,"V_mp_ref":36.26,"alpha_sc":0.004455,"beta_oc":-0.14919000000000002,"a_ref":1.8535,"I_L_ref":9.008,"I_o_ref":2.2700000000000002e-10,"R_s":0.41600000000000004,"R_sh_ref":419.77,"Adjust":6.711,"PTC":276.8,"pdc0":306.0,"gamma_pdc":-0.0044,"gamma_r":-0.44}