{"Date":"02.01.2012","Version":"NRELv1","Technology":"Mono-c-Si","BIPV":"N","A_c":1.62,"N_s":60.0,"T_NOCT":48.1,"I_sc_ref":8.95,"V_oc_ref":37.8,"I_mp_ref":8.43,"V_mp_ref":30.49,"alpha_sc":0.004475,"beta_oc":-0.13003,"a_ref":1.5861,"I_L_ref":8.954,"I_o_ref":3.9699999999999997e-10,"R_s":0.317,"R_sh_ref":730.6,"Adjust":7.082999999999999,"PTC":228.7,"pdc0":257.0,"gamma_pdc":-0.0046,"gamma_r":-0.46}