{"Date":"09.01.2013","Version":"NRELv1","Technology":"Mono-c-Si","BIPV":"N","A_c":2.5639999999999996,"N_s":96.0,"T_NOCT":43.2,"I_sc_ref":8.61,"V_oc_ref":59.19,"I_mp_ref":8.14,"V_mp_ref":47.55,"alpha_sc":0.004305,"beta_oc":-0.19533,"a_ref":2.4193,"I_L_ref":8.611,"I_o_ref":2.0400000000000002e-10,"R_s":0.5579999999999999,"R_sh_ref":3704.71,"Adjust":6.1160000000000005,"PTC":354.4,"pdc0":387.0,"gamma_pdc":-0.0044,"gamma_r":-0.44}