{"Date":"5/22/2012","Version":"NRELv1","Technology":"Mono-c-Si","BIPV":"N","A_c":2.5639999999999996,"N_s":96.0,"T_NOCT":51.4,"I_sc_ref":8.77,"V_oc_ref":59.76,"I_mp_ref":8.31,"V_mp_ref":47.9,"alpha_sc":0.004385,"beta_oc":-0.21514,"a_ref":2.5575,"I_L_ref":8.863999999999999,"I_o_ref":6.25e-10,"R_s":0.536,"R_sh_ref":770.13,"Adjust":6.21,"PTC":345.5,"pdc0":398.0,"gamma_pdc":-0.0048,"gamma_r":-0.48}