{"Date":"09.01.2013","Version":"NRELv1","Technology":"Mono-c-Si","BIPV":"N","A_c":2.5639999999999996,"N_s":96.0,"T_NOCT":43.2,"I_sc_ref":8.71,"V_oc_ref":59.57,"I_mp_ref":8.24,"V_mp_ref":47.82,"alpha_sc":0.0043549999999999995,"beta_oc":-0.19658,"a_ref":2.4329,"I_L_ref":8.711,"I_o_ref":2.02e-10,"R_s":0.56,"R_sh_ref":7531.39,"Adjust":5.957000000000001,"PTC":361.0,"pdc0":394.0,"gamma_pdc":-0.0044,"gamma_r":-0.44}