{"Date":"09.01.2013","Version":"NRELv1","Technology":"Mono-c-Si","BIPV":"N","A_c":2.5639999999999996,"N_s":96.0,"T_NOCT":43.2,"I_sc_ref":8.84,"V_oc_ref":60.04,"I_mp_ref":8.37,"V_mp_ref":48.15,"alpha_sc":0.00442,"beta_oc":-0.19813,"a_ref":2.4619999999999997,"I_L_ref":8.937999999999999,"I_o_ref":2.26e-10,"R_s":0.557,"R_sh_ref":536.97,"Adjust":6.75,"PTC":369.4,"pdc0":403.0,"gamma_pdc":-0.0044,"gamma_r":-0.44}