{"Date":"01.05.2012","Version":"NRELv1","Technology":"Mono-c-Si","BIPV":"N","A_c":2.5639999999999996,"N_s":96.0,"T_NOCT":48.4,"I_sc_ref":8.55,"V_oc_ref":58.99,"I_mp_ref":8.08,"V_mp_ref":47.41,"alpha_sc":0.0008619999999999999,"beta_oc":-0.2203,"a_ref":2.4669,"I_L_ref":8.551,"I_o_ref":3.52e-10,"R_s":0.5429999999999999,"R_sh_ref":6685.74,"Adjust":-1.558,"PTC":336.1,"pdc0":383.0,"gamma_pdc":-0.00498,"gamma_r":-0.498}