{"Date":"5/22/2012","Version":"NRELv1","Technology":"Mono-c-Si","BIPV":"N","A_c":2.5639999999999996,"N_s":96.0,"T_NOCT":50.0,"I_sc_ref":8.74,"V_oc_ref":59.67,"I_mp_ref":8.27,"V_mp_ref":47.89,"alpha_sc":0.003461,"beta_oc":-0.19577999999999998,"a_ref":2.4032,"I_L_ref":8.741,"I_o_ref":1.44e-10,"R_s":0.569,"R_sh_ref":4626.64,"Adjust":3.7880000000000003,"PTC":351.0,"pdc0":396.0,"gamma_pdc":-0.004370000000000001,"gamma_r":-0.43700000000000006}