{"Date":"5/22/2012","Version":"NRELv1","Technology":"Mono-c-Si","BIPV":"N","A_c":2.5639999999999996,"N_s":96.0,"T_NOCT":51.4,"I_sc_ref":8.97,"V_oc_ref":60.33,"I_mp_ref":8.49,"V_mp_ref":48.41,"alpha_sc":0.004485,"beta_oc":-0.21719000000000002,"a_ref":2.5853,"I_L_ref":9.067,"I_o_ref":6.58e-10,"R_s":0.522,"R_sh_ref":644.57,"Adjust":6.465,"PTC":357.2,"pdc0":411.0,"gamma_pdc":-0.0048,"gamma_r":-0.48}