{"Date":"5/22/2012","Version":"NRELv1","Technology":"Mono-c-Si","BIPV":"N","A_c":2.5639999999999996,"N_s":96.0,"T_NOCT":51.4,"I_sc_ref":8.8,"V_oc_ref":59.85,"I_mp_ref":8.33,"V_mp_ref":48.02,"alpha_sc":0.0044,"beta_oc":-0.21545999999999998,"a_ref":2.5644,"I_L_ref":8.895,"I_o_ref":6.439999999999999e-10,"R_s":0.528,"R_sh_ref":661.47,"Adjust":6.441,"PTC":347.3,"pdc0":400.0,"gamma_pdc":-0.0048,"gamma_r":-0.48}