{"Date":"5/22/2012","Version":"NRELv1","Technology":"Mono-c-Si","BIPV":"N","A_c":2.5639999999999996,"N_s":96.0,"T_NOCT":51.4,"I_sc_ref":8.82,"V_oc_ref":60.0,"I_mp_ref":8.36,"V_mp_ref":48.09,"alpha_sc":0.00441,"beta_oc":-0.21600000000000003,"a_ref":2.5672,"I_L_ref":8.914,"I_o_ref":6.26e-10,"R_s":0.536,"R_sh_ref":806.52,"Adjust":6.169,"PTC":349.1,"pdc0":402.0,"gamma_pdc":-0.0048,"gamma_r":-0.48}