{"Date":"5/22/2012","Version":"NRELv1","Technology":"Mono-c-Si","BIPV":"N","A_c":2.5639999999999996,"N_s":96.0,"T_NOCT":50.0,"I_sc_ref":8.57,"V_oc_ref":59.01,"I_mp_ref":8.1,"V_mp_ref":47.41,"alpha_sc":0.003394,"beta_oc":-0.19361,"a_ref":2.3795,"I_L_ref":8.572000000000001,"I_o_ref":1.4500000000000002e-10,"R_s":0.5670000000000001,"R_sh_ref":2250.97,"Adjust":4.03,"PTC":340.0,"pdc0":384.0,"gamma_pdc":-0.004370000000000001,"gamma_r":-0.43700000000000006}