{"Date":"5/22/2012","Version":"NRELv1","Technology":"Mono-c-Si","BIPV":"N","A_c":2.5639999999999996,"N_s":96.0,"T_NOCT":51.4,"I_sc_ref":9.11,"V_oc_ref":60.56,"I_mp_ref":8.61,"V_mp_ref":48.67,"alpha_sc":0.004555,"beta_oc":-0.21802,"a_ref":2.5998,"I_L_ref":9.21,"I_o_ref":6.96e-10,"R_s":0.505,"R_sh_ref":531.91,"Adjust":6.813,"PTC":364.4,"pdc0":419.0,"gamma_pdc":-0.0048,"gamma_r":-0.48}