{"Date":"10/19/2009","Version":"MM106","Technology":"Mono-c-Si","BIPV":"N","A_c":1.5659999999999998,"N_s":60.0,"T_NOCT":48.6,"I_sc_ref":8.38,"V_oc_ref":37.54,"I_mp_ref":7.91,"V_mp_ref":29.45,"alpha_sc":0.010475,"beta_oc":-0.13552,"a_ref":1.7182,"I_L_ref":8.43,"I_o_ref":2.7399999999999996e-09,"R_s":0.418,"R_sh_ref":100000.0,"Adjust":18.9,"PTC":201.0,"pdc0":230.0,"gamma_pdc":-0.00506,"gamma_r":-0.506}