{"Date":"06.09.2010","Version":"MM107","Technology":"Multi-c-Si","BIPV":"N","A_c":1.62,"N_s":60.0,"T_NOCT":50.8,"I_sc_ref":8.3,"V_oc_ref":36.76,"I_mp_ref":7.51,"V_mp_ref":29.38,"alpha_sc":0.006690000000000001,"beta_oc":-0.13362000000000002,"a_ref":1.7071,"I_L_ref":8.332,"I_o_ref":3.5200000000000003e-09,"R_s":0.335,"R_sh_ref":87.62,"Adjust":21.3,"PTC":188.4,"pdc0":220.0,"gamma_pdc":-0.005180000000000001,"gamma_r":-0.518}