{"Date":"06.09.2010","Version":"MM107","Technology":"Multi-c-Si","BIPV":"N","A_c":1.834,"N_s":72.0,"T_NOCT":50.8,"I_sc_ref":8.56,"V_oc_ref":44.73,"I_mp_ref":7.97,"V_mp_ref":35.13,"alpha_sc":0.007122,"beta_oc":-0.17883,"a_ref":2.0887,"I_L_ref":8.567,"I_o_ref":4.25e-09,"R_s":0.47600000000000003,"R_sh_ref":558.05,"Adjust":11.5,"PTC":238.6,"pdc0":280.0,"gamma_pdc":-0.00548,"gamma_r":-0.5479999999999999}