{"Date":"06.09.2010","Version":"MM107","Technology":"Multi-c-Si","BIPV":"N","A_c":1.834,"N_s":72.0,"T_NOCT":50.8,"I_sc_ref":7.81,"V_oc_ref":44.15,"I_mp_ref":7.27,"V_mp_ref":34.83,"alpha_sc":0.006959,"beta_oc":-0.11377000000000001,"a_ref":1.8848,"I_L_ref":7.822,"I_o_ref":5.16e-10,"R_s":0.539,"R_sh_ref":337.56,"Adjust":47.4,"PTC":225.6,"pdc0":260.0,"gamma_pdc":-0.0048200000000000005,"gamma_r":-0.48200000000000004}