{"Vac":480.0,"Paco":101000.0,"Pdco":105314.0,"Vdco":380.0,"Pso":681.8960000000001,"C0":-3.04325e-07,"C1":2.2511799999999997e-05,"C2":0.000502139,"C3":-0.00044979199999999997,"Pnt":41.78,"Vdcmax":480.0,"Mppt_low":300.0,"Mppt_high":480.0}