{"Vac":0.0,"Paco":1000000.0,"Pdco":1033040.0,"Vdco":630.0,"Pso":7066.06,"C0":-3.23069e-08,"C1":2.0723600000000003e-05,"C2":0.0010946,"C3":0.00119066,"Pnt":17.0,"Vdcmax":800.0,"Mppt_low":570.0,"Mppt_high":800.0}