{"Vac":480.0,"Paco":100000.0,"Pdco":104465.0,"Vdco":350.0,"Pso":476.798,"C0":-2.8317799999999997e-07,"C1":4.4128e-05,"C2":0.00031915299999999997,"C3":0.00163014,"Pnt":159.8,"Vdcmax":480.0,"Mppt_low":300.0,"Mppt_high":480.0}