{"Vac":480.0,"Paco":250000.0,"Pdco":260767.0,"Vdco":360.0,"Pso":972.447,"C0":-1.07439e-07,"C1":8.25965e-06,"C2":0.00233769,"C3":-0.000747295,"Pnt":50.0,"Vdcmax":480.0,"Mppt_low":320.0,"Mppt_high":480.0}