{"Vac":600.0,"Paco":250000.0,"Pdco":260079.0,"Vdco":360.0,"Pso":889.055,"C0":-9.95513e-08,"C1":1.90914e-05,"C2":0.00217094,"C3":-0.000690832,"Pnt":71.0,"Vdcmax":480.0,"Mppt_low":320.0,"Mppt_high":480.0}