{"Vac":0.0,"Paco":60000.0,"Pdco":61033.9,"Vdco":700.0,"Pso":117.346,"C0":-1.8097e-07,"C1":-1.1716900000000001e-05,"C2":-0.000329499,"C3":-0.0007430539999999999,"Pnt":0.88,"Vdcmax":850.0,"Mppt_low":550.0,"Mppt_high":850.0}