{"Vac":0.0,"Paco":60000.0,"Pdco":60945.1,"Vdco":700.0,"Pso":95.6185,"C0":-1.27538e-07,"C1":6.66135e-06,"C2":0.00383167,"C3":0.004381899999999999,"Pnt":0.84,"Vdcmax":850.0,"Mppt_low":550.0,"Mppt_high":850.0}