{"Vac":315.0,"Paco":750000.0,"Pdco":764940.9307,"Vdco":292.1819008,"Pso":1900.350523,"C0":-2.0499999999999998e-08,"C1":1.7199999999999998e-05,"C2":0.00277,"C3":0.000696,"Pnt":87.0,"Vdcmax":600.0,"Mppt_low":175.0,"Mppt_high":480.0}