{"Vac":0.0,"Paco":800000.0,"Pdco":828546.0,"Vdco":615.0,"Pso":5568.79,"C0":-3.96031e-08,"C1":1.85378e-05,"C2":0.00045571,"C3":0.000430211,"Pnt":97.0,"Vdcmax":800.0,"Mppt_low":545.0,"Mppt_high":800.0}