{"Date":"06.10.2010","Version":"MM107","Technology":"Multi-c-Si","BIPV":"N","A_c":1.94,"N_s":72.0,"T_NOCT":48.6,"I_sc_ref":8.5,"V_oc_ref":44.6,"I_mp_ref":7.88,"V_mp_ref":36.2,"alpha_sc":0.0010199999999999999,"beta_oc":-0.14272,"a_ref":1.8228,"I_L_ref":8.517999999999999,"I_o_ref":1.96e-10,"R_s":0.37799999999999995,"R_sh_ref":181.95,"Adjust":9.6,"PTC":252.3,"pdc0":285.0,"gamma_pdc":-0.0046,"gamma_r":-0.46}