{"Date":"06.10.2010","Version":"MM107","Technology":"Mono-c-Si","BIPV":"N","A_c":1.588,"N_s":60.0,"T_NOCT":43.2,"I_sc_ref":8.5,"V_oc_ref":37.0,"I_mp_ref":7.73,"V_mp_ref":29.2,"alpha_sc":-0.0022949999999999997,"beta_oc":-0.1221,"a_ref":1.5395,"I_L_ref":8.541,"I_o_ref":2.97e-10,"R_s":0.429,"R_sh_ref":88.11,"Adjust":10.4,"PTC":202.4,"pdc0":225.0,"gamma_pdc":-0.00517,"gamma_r":-0.517}