{"Date":"08.01.2013","Version":"NRELv1","Technology":"Multi-c-Si","BIPV":"N","A_c":1.6580000000000001,"N_s":60.0,"T_NOCT":48.2,"I_sc_ref":8.51,"V_oc_ref":37.1,"I_mp_ref":7.89,"V_mp_ref":29.8,"alpha_sc":0.0052759999999999994,"beta_oc":-0.11316,"a_ref":1.4721,"I_L_ref":8.531,"I_o_ref":9.4e-11,"R_s":0.37,"R_sh_ref":149.52,"Adjust":7.974,"PTC":212.2,"pdc0":235.0,"gamma_pdc":-0.0039299999999999995,"gamma_r":-0.39299999999999996}