{"Date":"06.10.2010","Version":"MM107","Technology":"Multi-c-Si","BIPV":"N","A_c":1.94,"N_s":72.0,"T_NOCT":48.6,"I_sc_ref":8.44,"V_oc_ref":44.4,"I_mp_ref":7.82,"V_mp_ref":35.9,"alpha_sc":0.001013,"beta_oc":-0.14207999999999998,"a_ref":1.8113,"I_L_ref":8.459,"I_o_ref":1.8599999999999998e-10,"R_s":0.39899999999999997,"R_sh_ref":180.15,"Adjust":9.2,"PTC":247.8,"pdc0":280.0,"gamma_pdc":-0.0046,"gamma_r":-0.46}