{"Date":"06.10.2010","Version":"MM107","Technology":"Multi-c-Si","BIPV":"N","A_c":1.94,"N_s":72.0,"T_NOCT":48.6,"I_sc_ref":8.36,"V_oc_ref":44.1,"I_mp_ref":7.74,"V_mp_ref":35.6,"alpha_sc":0.001003,"beta_oc":-0.14112,"a_ref":1.7982,"I_L_ref":8.379,"I_o_ref":1.8200000000000002e-10,"R_s":0.409,"R_sh_ref":175.78,"Adjust":9.1,"PTC":243.2,"pdc0":275.0,"gamma_pdc":-0.0046,"gamma_r":-0.46}