{"Date":"06.10.2010","Version":"MM107","Technology":"Multi-c-Si","BIPV":"N","A_c":1.6269999999999998,"N_s":60.0,"T_NOCT":48.6,"I_sc_ref":8.05,"V_oc_ref":36.2,"I_mp_ref":7.4,"V_mp_ref":29.1,"alpha_sc":0.002496,"beta_oc":-0.11584000000000001,"a_ref":1.5372,"I_L_ref":8.073,"I_o_ref":4.61e-10,"R_s":0.35200000000000004,"R_sh_ref":123.84,"Adjust":17.7,"PTC":188.6,"pdc0":215.0,"gamma_pdc":-0.0048,"gamma_r":-0.48}