{"Vac":120.0,"Paco":1100.0,"Pdco":1182.625898,"Vdco":208.35416669999998,"Pso":25.18343624,"C0":-1.8100000000000003e-05,"C1":6.34e-05,"C2":0.0022600000000000003,"C3":0.000596,"Pnt":3.6,"Vdcmax":0.0,"Mppt_low":150.0,"Mppt_high":380.0}