{"Vac":600.0,"Paco":100000.0,"Pdco":104450.0,"Vdco":341.0,"Pso":516.984,"C0":-2.1996200000000002e-07,"C1":4.07457e-05,"C2":0.00256463,"C3":0.000750822,"Pnt":99.56,"Vdcmax":480.0,"Mppt_low":295.0,"Mppt_high":480.0}