{"Vac":120.0,"Paco":2000.0,"Pdco":2142.95,"Vdco":207.5,"Pso":30.2902,"C0":-1.26467e-05,"C1":4.39271e-05,"C2":0.00148055,"C3":0.000608447,"Pnt":3.6,"Vdcmax":380.0,"Mppt_low":100.0,"Mppt_high":380.0}