{"Vac":600.0,"Paco":249500.0,"Pdco":259232.0,"Vdco":341.0,"Pso":913.336,"C0":-7.55535e-08,"C1":4.10308e-05,"C2":0.00171495,"C3":-0.00034404,"Pnt":101.0,"Vdcmax":480.0,"Mppt_low":295.0,"Mppt_high":480.0}