{"Vac":480.0,"Paco":260000.0,"Pdco":271147.0,"Vdco":319.0,"Pso":1086.2,"C0":-1.35676e-07,"C1":2.54289e-05,"C2":0.00206057,"C3":-0.00025373700000000003,"Pnt":67.0,"Vdcmax":480.0,"Mppt_low":265.0,"Mppt_high":480.0}