{"Vac":208.0,"Paco":30000.0,"Pdco":31928.7,"Vdco":368.0,"Pso":262.85900000000004,"C0":-9.05851e-07,"C1":4.47195e-05,"C2":0.00182454,"C3":0.000404768,"Pnt":17.0,"Vdcmax":480.0,"Mppt_low":330.0,"Mppt_high":480.0}