{"Vac":480.0,"Paco":30000.0,"Pdco":31881.8,"Vdco":368.0,"Pso":260.003,"C0":-1.0074299999999999e-06,"C1":5.762600000000001e-05,"C2":0.00196405,"C3":0.000404014,"Pnt":16.0,"Vdcmax":480.0,"Mppt_low":330.0,"Mppt_high":480.0}