{"Vac":208.0,"Paco":30000.0,"Pdco":32118.0,"Vdco":341.0,"Pso":294.327,"C0":-8.775719999999999e-07,"C1":9.49678e-05,"C2":0.0037995,"C3":0.00044927199999999996,"Pnt":22.0,"Vdcmax":480.0,"Mppt_low":295.0,"Mppt_high":480.0}