{"Vac":208.0,"Paco":35000.0,"Pdco":36807.9,"Vdco":341.0,"Pso":201.322,"C0":-7.555089999999999e-07,"C1":4.597189999999999e-05,"C2":0.00215938,"C3":-0.000226347,"Pnt":38.63,"Vdcmax":480.0,"Mppt_low":295.0,"Mppt_high":480.0}