{"Vac":480.0,"Paco":50000.0,"Pdco":52222.9,"Vdco":341.0,"Pso":154.71,"C0":-4.82779e-07,"C1":3.55517e-05,"C2":0.00113873,"C3":-0.00112922,"Pnt":33.0,"Vdcmax":480.0,"Mppt_low":295.0,"Mppt_high":480.0}