{"Vac":208.0,"Paco":50000.0,"Pdco":52539.2,"Vdco":341.0,"Pso":193.338,"C0":-5.709049999999999e-07,"C1":3.55642e-05,"C2":0.00172195,"C3":-0.000858185,"Pnt":33.0,"Vdcmax":480.0,"Mppt_low":295.0,"Mppt_high":480.0}