{"Vac":600.0,"Paco":75000.0,"Pdco":78075.4,"Vdco":341.0,"Pso":540.896,"C0":-2.4412299999999997e-07,"C1":3.54409e-05,"C2":0.00185721,"C3":-0.000793863,"Pnt":105.8,"Vdcmax":480.0,"Mppt_low":295.0,"Mppt_high":480.0}