{"Date":"11.04.2014","Version":"NRELv1","Technology":"Multi-c-Si","BIPV":"N","A_c":1.641,"N_s":60.0,"T_NOCT":49.0,"I_sc_ref":8.6,"V_oc_ref":37.65,"I_mp_ref":8.05,"V_mp_ref":30.43,"alpha_sc":0.001978,"beta_oc":-0.11333,"a_ref":1.483,"I_L_ref":8.612,"I_o_ref":7.97e-11,"R_s":0.34600000000000003,"R_sh_ref":243.43,"Adjust":8.337,"PTC":218.7,"pdc0":245.0,"gamma_pdc":-0.00425,"gamma_r":-0.425}