{"Date":"5/22/2012","Version":"NRELv1","Technology":"Mono-c-Si","BIPV":"N","A_c":2.574,"N_s":96.0,"T_NOCT":46.9,"I_sc_ref":8.62,"V_oc_ref":59.3,"I_mp_ref":8.14,"V_mp_ref":47.91,"alpha_sc":0.007586,"beta_oc":-0.21585,"a_ref":2.6179,"I_L_ref":8.714,"I_o_ref":1.25e-09,"R_s":0.47,"R_sh_ref":543.76,"Adjust":10.85,"PTC":347.9,"pdc0":390.0,"gamma_pdc":-0.004699999999999999,"gamma_r":-0.47}