{"Date":"2/14/2011","Version":"MM107","Technology":"Multi-c-Si","BIPV":"N","A_c":1.952,"N_s":72.0,"T_NOCT":47.5,"I_sc_ref":8.24,"V_oc_ref":43.05,"I_mp_ref":7.7,"V_mp_ref":35.0,"alpha_sc":0.002176,"beta_oc":-0.1341,"a_ref":1.7269999999999999,"I_L_ref":8.252,"I_o_ref":1.21e-10,"R_s":0.375,"R_sh_ref":262.76,"Adjust":8.4,"PTC":241.8,"pdc0":270.0,"gamma_pdc":-0.00434,"gamma_r":-0.434}