{"Date":"2/14/2011","Version":"MM107","Technology":"Multi-c-Si","BIPV":"N","A_c":1.663,"N_s":60.0,"T_NOCT":47.2,"I_sc_ref":8.38,"V_oc_ref":36.8,"I_mp_ref":7.8,"V_mp_ref":29.5,"alpha_sc":0.003922,"beta_oc":-0.11632,"a_ref":1.5642,"I_L_ref":8.392999999999999,"I_o_ref":4.99e-10,"R_s":0.353,"R_sh_ref":223.87,"Adjust":19.3,"PTC":203.9,"pdc0":230.0,"gamma_pdc":-0.00477,"gamma_r":-0.47700000000000004}