{"Date":"01.02.2014","Version":"NRELv1","Technology":"Multi-c-Si","BIPV":"N","A_c":1.6230000000000002,"N_s":60.0,"T_NOCT":45.8,"I_sc_ref":8.63,"V_oc_ref":37.34,"I_mp_ref":8.2,"V_mp_ref":29.88,"alpha_sc":0.004919,"beta_oc":-0.13032,"a_ref":1.5606,"I_L_ref":8.721,"I_o_ref":3.52e-10,"R_s":0.35600000000000004,"R_sh_ref":675.55,"Adjust":4.662,"PTC":220.8,"pdc0":245.0,"gamma_pdc":-0.004529999999999999,"gamma_r":-0.45299999999999996}