{"Date":"01.02.2014","Version":"NRELv1","Technology":"Multi-c-Si","BIPV":"N","A_c":1.936,"N_s":72.0,"T_NOCT":45.8,"I_sc_ref":8.29,"V_oc_ref":44.34,"I_mp_ref":7.81,"V_mp_ref":35.21,"alpha_sc":0.004725,"beta_oc":-0.15475,"a_ref":1.8443,"I_L_ref":8.293,"I_o_ref":2.99e-10,"R_s":0.486,"R_sh_ref":1538.52,"Adjust":3.707,"PTC":247.4,"pdc0":275.0,"gamma_pdc":-0.004529999999999999,"gamma_r":-0.45299999999999996}