{"Date":"01.02.2014","Version":"NRELv1","Technology":"Multi-c-Si","BIPV":"N","A_c":1.6230000000000002,"N_s":60.0,"T_NOCT":45.8,"I_sc_ref":8.23,"V_oc_ref":37.05,"I_mp_ref":7.84,"V_mp_ref":29.34,"alpha_sc":0.004691,"beta_oc":-0.1293,"a_ref":1.5368,"I_L_ref":8.314,"I_o_ref":2.81e-10,"R_s":0.41700000000000004,"R_sh_ref":2722.14,"Adjust":3.165,"PTC":206.9,"pdc0":230.0,"gamma_pdc":-0.004529999999999999,"gamma_r":-0.45299999999999996}