{"Date":"01.02.2014","Version":"NRELv1","Technology":"Multi-c-Si","BIPV":"N","A_c":1.936,"N_s":72.0,"T_NOCT":45.8,"I_sc_ref":8.52,"V_oc_ref":44.51,"I_mp_ref":8.0,"V_mp_ref":35.6,"alpha_sc":0.004856,"beta_oc":-0.15534,"a_ref":1.8627,"I_L_ref":8.526,"I_o_ref":3.54e-10,"R_s":0.436,"R_sh_ref":599.58,"Adjust":4.912,"PTC":256.6,"pdc0":285.0,"gamma_pdc":-0.004529999999999999,"gamma_r":-0.45299999999999996}