{"Date":"01.02.2014","Version":"NRELv1","Technology":"Multi-c-Si","BIPV":"N","A_c":1.936,"N_s":72.0,"T_NOCT":45.8,"I_sc_ref":8.4,"V_oc_ref":44.46,"I_mp_ref":7.91,"V_mp_ref":35.39,"alpha_sc":0.004788000000000001,"beta_oc":-0.15517,"a_ref":1.8524,"I_L_ref":8.402999999999999,"I_o_ref":3.15e-10,"R_s":0.46799999999999997,"R_sh_ref":1205.31,"Adjust":4.037,"PTC":252.0,"pdc0":280.0,"gamma_pdc":-0.004529999999999999,"gamma_r":-0.45299999999999996}