{"Date":"01.02.2014","Version":"NRELv1","Technology":"Multi-c-Si","BIPV":"N","A_c":1.936,"N_s":72.0,"T_NOCT":45.8,"I_sc_ref":8.2,"V_oc_ref":44.18,"I_mp_ref":7.7,"V_mp_ref":35.06,"alpha_sc":0.004674,"beta_oc":-0.15419000000000002,"a_ref":1.8403,"I_L_ref":8.206,"I_o_ref":3.05e-10,"R_s":0.493,"R_sh_ref":704.86,"Adjust":3.9789999999999996,"PTC":242.8,"pdc0":270.0,"gamma_pdc":-0.004529999999999999,"gamma_r":-0.45299999999999996}