{"Date":"01.02.2014","Version":"NRELv1","Technology":"Multi-c-Si","BIPV":"N","A_c":1.6230000000000002,"N_s":60.0,"T_NOCT":45.8,"I_sc_ref":8.79,"V_oc_ref":37.41,"I_mp_ref":8.34,"V_mp_ref":29.98,"alpha_sc":0.0050100000000000006,"beta_oc":-0.13055999999999998,"a_ref":1.5661,"I_L_ref":8.884,"I_o_ref":3.73e-10,"R_s":0.344,"R_sh_ref":502.96,"Adjust":4.992,"PTC":225.4,"pdc0":250.0,"gamma_pdc":-0.004529999999999999,"gamma_r":-0.45299999999999996}