{"Date":"01.02.2014","Version":"NRELv1","Technology":"Multi-c-Si","BIPV":"N","A_c":1.936,"N_s":72.0,"T_NOCT":45.8,"I_sc_ref":8.64,"V_oc_ref":44.65,"I_mp_ref":8.09,"V_mp_ref":35.86,"alpha_sc":0.004925,"beta_oc":-0.15583,"a_ref":1.8762,"I_L_ref":8.649,"I_o_ref":3.94e-10,"R_s":0.41,"R_sh_ref":403.8,"Adjust":5.711,"PTC":261.2,"pdc0":290.0,"gamma_pdc":-0.004529999999999999,"gamma_r":-0.45299999999999996}