{"Date":"05.01.2013","Version":"NRELv1","Technology":"Mono-c-Si","BIPV":"N","A_c":1.94,"N_s":72.0,"T_NOCT":44.4,"I_sc_ref":8.78,"V_oc_ref":45.82,"I_mp_ref":8.15,"V_mp_ref":37.45,"alpha_sc":0.007683,"beta_oc":-0.20042000000000001,"a_ref":2.0134,"I_L_ref":8.792,"I_o_ref":1.1199999999999999e-09,"R_s":0.304,"R_sh_ref":219.2,"Adjust":-8.774,"PTC":278.3,"pdc0":305.0,"gamma_pdc":-0.00434,"gamma_r":-0.434}