{"Date":"01.02.2014","Version":"NRELv1","Technology":"Multi-c-Si","BIPV":"N","A_c":1.936,"N_s":72.0,"T_NOCT":47.1,"I_sc_ref":9.32,"V_oc_ref":45.27,"I_mp_ref":8.57,"V_mp_ref":37.34,"alpha_sc":0.003635,"beta_oc":-0.15392,"a_ref":1.9705,"I_L_ref":9.337,"I_o_ref":9.470000000000001e-10,"R_s":0.244,"R_sh_ref":129.87,"Adjust":16.08,"PTC":285.2,"pdc0":320.0,"gamma_pdc":-0.0048,"gamma_r":-0.48}