{"Date":"04.02.2013","Version":"NRELv1","Technology":"Multi-c-Si","BIPV":"N","A_c":1.94,"N_s":72.0,"T_NOCT":45.7,"I_sc_ref":8.95,"V_oc_ref":45.73,"I_mp_ref":8.4,"V_mp_ref":35.72,"alpha_sc":0.007608,"beta_oc":-0.16893,"a_ref":1.9185,"I_L_ref":8.955,"I_o_ref":3.9600000000000003e-10,"R_s":0.541,"R_sh_ref":1011.39,"Adjust":-0.7545,"PTC":271.5,"pdc0":300.0,"gamma_pdc":-0.00439,"gamma_r":-0.439}