{"Date":"04.02.2013","Version":"NRELv1","Technology":"Mono-c-Si","BIPV":"N","A_c":1.663,"N_s":60.0,"T_NOCT":46.2,"I_sc_ref":9.05,"V_oc_ref":37.67,"I_mp_ref":8.56,"V_mp_ref":30.41,"alpha_sc":0.0057020000000000005,"beta_oc":-0.12167,"a_ref":1.5553,"I_L_ref":9.051,"I_o_ref":2.74e-10,"R_s":0.315,"R_sh_ref":2970.3,"Adjust":10.45,"PTC":234.9,"pdc0":260.0,"gamma_pdc":-0.004370000000000001,"gamma_r":-0.43700000000000006}