{"Date":"03.07.2011","Version":"MM107","Technology":"Mono-c-Si","BIPV":"N","A_c":1.2770000000000001,"N_s":72.0,"T_NOCT":46.3,"I_sc_ref":5.3,"V_oc_ref":43.9,"I_mp_ref":5.0,"V_mp_ref":36.0,"alpha_sc":0.0019879999999999997,"beta_oc":-0.15216,"a_ref":1.8505,"I_L_ref":5.3020000000000005,"I_o_ref":2.62e-10,"R_s":0.486,"R_sh_ref":1394.64,"Adjust":7.2,"PTC":160.9,"pdc0":180.0,"gamma_pdc":-0.0046700000000000005,"gamma_r":-0.467}