{"Date":"7/13/2012","Version":"NRELv1","Technology":"Multi-c-Si","BIPV":"N","A_c":1.652,"N_s":60.0,"T_NOCT":45.3,"I_sc_ref":8.54,"V_oc_ref":37.0,"I_mp_ref":7.95,"V_mp_ref":30.2,"alpha_sc":0.004697,"beta_oc":-0.12025,"a_ref":1.5575,"I_L_ref":8.552,"I_o_ref":4.03e-10,"R_s":0.276,"R_sh_ref":192.56,"Adjust":13.94,"PTC":216.9,"pdc0":240.0,"gamma_pdc":-0.00448,"gamma_r":-0.44799999999999995}