{"Date":"7/13/2012","Version":"NRELv1","Technology":"Multi-c-Si","BIPV":"N","A_c":1.652,"N_s":60.0,"T_NOCT":45.3,"I_sc_ref":8.44,"V_oc_ref":36.8,"I_mp_ref":7.81,"V_mp_ref":30.1,"alpha_sc":0.004642,"beta_oc":-0.1196,"a_ref":1.5565,"I_L_ref":8.456,"I_o_ref":4.4299999999999997e-10,"R_s":0.267,"R_sh_ref":144.73,"Adjust":14.94,"PTC":212.2,"pdc0":235.0,"gamma_pdc":-0.00448,"gamma_r":-0.44799999999999995}