{"Vac":240.0,"Paco":3500.0,"Pdco":3782.43,"Vdco":276.0,"Pso":66.8464,"C0":-5.631849999999999e-06,"C1":-3.30629e-05,"C2":-0.00334801,"C3":0.00170697,"Pnt":0.65,"Vdcmax":304.0,"Mppt_low":100.0,"Mppt_high":304.0}