{"Date":"08.03.2011","Version":"MM107","Technology":"Multi-c-Si","BIPV":"N","A_c":1.642,"N_s":60.0,"T_NOCT":48.9,"I_sc_ref":8.1,"V_oc_ref":36.6,"I_mp_ref":7.34,"V_mp_ref":30.0,"alpha_sc":0.006683,"beta_oc":-0.14819000000000002,"a_ref":1.6333,"I_L_ref":8.124,"I_o_ref":1.4300000000000002e-09,"R_s":0.245,"R_sh_ref":84.13,"Adjust":1.2,"PTC":194.9,"pdc0":220.0,"gamma_pdc":-0.00443,"gamma_r":-0.44299999999999995}