{"Date":"08.03.2011","Version":"MM107","Technology":"Mono-c-Si","BIPV":"N","A_c":1.2770000000000001,"N_s":72.0,"T_NOCT":45.4,"I_sc_ref":5.5,"V_oc_ref":45.0,"I_mp_ref":5.1,"V_mp_ref":36.27,"alpha_sc":0.002338,"beta_oc":-0.18175999999999998,"a_ref":2.075,"I_L_ref":5.507000000000001,"I_o_ref":2.0600000000000003e-09,"R_s":0.551,"R_sh_ref":405.77,"Adjust":8.3,"PTC":163.0,"pdc0":185.0,"gamma_pdc":-0.005489999999999999,"gamma_r":-0.5489999999999999}