{"Date":"11/30/2009","Version":"MM106","Technology":"Multi-c-Si","BIPV":"N","A_c":1.614,"N_s":60.0,"T_NOCT":46.2,"I_sc_ref":7.95,"V_oc_ref":37.08,"I_mp_ref":7.45,"V_mp_ref":30.6,"alpha_sc":0.010334999999999999,"beta_oc":-0.11124,"a_ref":1.6267,"I_L_ref":7.955,"I_o_ref":9.89e-10,"R_s":0.228,"R_sh_ref":357.51,"Adjust":32.6,"PTC":197.9,"pdc0":220.0,"gamma_pdc":-0.0044,"gamma_r":-0.44}