{"Date":"07.09.2009","Version":"MM106","Technology":"Mono-c-Si","BIPV":"N","A_c":1.2770000000000001,"N_s":72.0,"T_NOCT":47.2,"I_sc_ref":5.0,"V_oc_ref":43.8,"I_mp_ref":4.5,"V_mp_ref":35.6,"alpha_sc":0.0027300000000000002,"beta_oc":-0.14761,"a_ref":1.8995,"I_L_ref":5.021,"I_o_ref":4.55e-10,"R_s":0.575,"R_sh_ref":138.6,"Adjust":15.8,"PTC":142.3,"pdc0":160.0,"gamma_pdc":-0.00457,"gamma_r":-0.457}