{"Date":"9/23/2009","Version":"MM106","Technology":"Multi-c-Si","BIPV":"N","A_c":1.7,"N_s":96.0,"T_NOCT":47.3,"I_sc_ref":5.17,"V_oc_ref":59.1,"I_mp_ref":4.77,"V_mp_ref":48.2,"alpha_sc":0.0020989999999999997,"beta_oc":-0.21205,"a_ref":2.5937,"I_L_ref":5.18,"I_o_ref":6.38e-10,"R_s":0.693,"R_sh_ref":364.31,"Adjust":11.5,"PTC":202.8,"pdc0":230.0,"gamma_pdc":-0.00493,"gamma_r":-0.493}