{"Date":"12.01.2011","Version":"NRELv1","Technology":"Multi-c-Si","BIPV":"N","A_c":1.6569999999999998,"N_s":60.0,"T_NOCT":48.9,"I_sc_ref":8.34,"V_oc_ref":36.8,"I_mp_ref":7.67,"V_mp_ref":30.0,"alpha_sc":0.006672,"beta_oc":-0.13616,"a_ref":1.6576,"I_L_ref":8.357000000000001,"I_o_ref":1.84e-09,"R_s":0.258,"R_sh_ref":130.27,"Adjust":13.08,"PTC":201.7,"pdc0":230.0,"gamma_pdc":-0.0048,"gamma_r":-0.48}