{"Date":"12.01.2011","Version":"NRELv1","Technology":"Multi-c-Si","BIPV":"N","A_c":1.6569999999999998,"N_s":60.0,"T_NOCT":48.9,"I_sc_ref":8.18,"V_oc_ref":36.7,"I_mp_ref":7.53,"V_mp_ref":29.9,"alpha_sc":0.0065439999999999995,"beta_oc":-0.13579000000000002,"a_ref":1.6515,"I_L_ref":8.196,"I_o_ref":1.7699999999999999e-09,"R_s":0.266,"R_sh_ref":137.45,"Adjust":12.88,"PTC":197.2,"pdc0":225.0,"gamma_pdc":-0.0048,"gamma_r":-0.48}