{"Vac":240.0,"Paco":500.0,"Pdco":529.0459999999999,"Vdco":36.0,"Pso":2.2218,"C0":-4.544979999999999e-05,"C1":-0.00107096,"C2":-0.00978166,"C3":-0.06998860000000001,"Pnt":0.16,"Vdcmax":45.0,"Mppt_low":27.0,"Mppt_high":45.0}