{"Vac":277.0,"Paco":500.0,"Pdco":524.0219999999999,"Vdco":40.5,"Pso":2.24063,"C0":-1.57396e-05,"C1":-0.0008151,"C2":0.0285269,"C3":-0.136218,"Pnt":0.22,"Vdcmax":45.0,"Mppt_low":36.0,"Mppt_high":45.0}