{"Vac":208.0,"Paco":500.0,"Pdco":530.925,"Vdco":36.0,"Pso":3.2886,"C0":-6.0820600000000005e-05,"C1":-0.001251,"C2":0.0175854,"C3":-0.0444408,"Pnt":0.16,"Vdcmax":45.0,"Mppt_low":27.0,"Mppt_high":45.0}