{"Date":"10/26/2011","Version":"NRELv1","Technology":"Mono-c-Si","BIPV":"N","A_c":1.2770000000000001,"N_s":72.0,"T_NOCT":46.4,"I_sc_ref":5.66,"V_oc_ref":44.0,"I_mp_ref":5.14,"V_mp_ref":36.0,"alpha_sc":0.003011,"beta_oc":-0.16821,"a_ref":2.0283,"I_L_ref":5.675,"I_o_ref":2.0499999999999997e-09,"R_s":0.409,"R_sh_ref":158.91,"Adjust":14.25,"PTC":163.3,"pdc0":185.0,"gamma_pdc":-0.0051600000000000005,"gamma_r":-0.516}