{"Date":"10/26/2011","Version":"NRELv1","Technology":"Multi-c-Si","BIPV":"N","A_c":1.6269999999999998,"N_s":60.0,"T_NOCT":46.6,"I_sc_ref":8.45,"V_oc_ref":36.1,"I_mp_ref":7.67,"V_mp_ref":30.1,"alpha_sc":0.0063880000000000004,"beta_oc":-0.13422,"a_ref":1.7212,"I_L_ref":8.462,"I_o_ref":6.26e-09,"R_s":0.127,"R_sh_ref":86.54,"Adjust":24.42,"PTC":202.3,"pdc0":230.0,"gamma_pdc":-0.00522,"gamma_r":-0.522}