{"Date":"10.01.2013","Version":"NRELv1","Technology":"Multi-c-Si","BIPV":"N","A_c":1.624,"N_s":60.0,"T_NOCT":49.1,"I_sc_ref":8.96,"V_oc_ref":38.16,"I_mp_ref":8.41,"V_mp_ref":30.31,"alpha_sc":0.0034049999999999996,"beta_oc":-0.12630999999999998,"a_ref":1.5649,"I_L_ref":8.968,"I_o_ref":2.2800000000000001e-10,"R_s":0.392,"R_sh_ref":454.05,"Adjust":6.59,"PTC":225.8,"pdc0":255.0,"gamma_pdc":-0.00457,"gamma_r":-0.457}