{"Date":"08.01.2012","Version":"NRELv1","Technology":"Multi-c-Si","BIPV":"N","A_c":1.643,"N_s":60.0,"T_NOCT":48.8,"I_sc_ref":8.51,"V_oc_ref":36.0,"I_mp_ref":7.94,"V_mp_ref":29.0,"alpha_sc":0.005361,"beta_oc":-0.12924000000000002,"a_ref":1.5919999999999999,"I_L_ref":8.519,"I_o_ref":1.27e-09,"R_s":0.304,"R_sh_ref":287.85,"Adjust":13.02,"PTC":201.0,"pdc0":230.0,"gamma_pdc":-0.00496,"gamma_r":-0.496}