{"Date":"08.01.2012","Version":"NRELv1","Technology":"Multi-c-Si","BIPV":"N","A_c":1.643,"N_s":60.0,"T_NOCT":48.8,"I_sc_ref":8.14,"V_oc_ref":36.0,"I_mp_ref":7.6,"V_mp_ref":29.0,"alpha_sc":0.005128,"beta_oc":-0.12924000000000002,"a_ref":1.5913,"I_L_ref":8.148,"I_o_ref":1.2e-09,"R_s":0.317,"R_sh_ref":319.99,"Adjust":12.94,"PTC":192.0,"pdc0":220.0,"gamma_pdc":-0.00496,"gamma_r":-0.496}