{"Date":"08.01.2012","Version":"NRELv1","Technology":"Multi-c-Si","BIPV":"N","A_c":1.643,"N_s":60.0,"T_NOCT":48.8,"I_sc_ref":8.88,"V_oc_ref":36.0,"I_mp_ref":8.28,"V_mp_ref":29.0,"alpha_sc":0.005594,"beta_oc":-0.12924000000000002,"a_ref":1.5926,"I_L_ref":8.89,"I_o_ref":1.3300000000000002e-09,"R_s":0.29100000000000004,"R_sh_ref":261.58,"Adjust":13.1,"PTC":210.0,"pdc0":240.0,"gamma_pdc":-0.00496,"gamma_r":-0.496}