{"Date":"08.01.2012","Version":"NRELv1","Technology":"Multi-c-Si","BIPV":"N","A_c":1.94,"N_s":72.0,"T_NOCT":48.8,"I_sc_ref":8.68,"V_oc_ref":43.0,"I_mp_ref":8.0,"V_mp_ref":35.0,"alpha_sc":0.005468,"beta_oc":-0.15437,"a_ref":1.9282,"I_L_ref":8.696,"I_o_ref":1.7399999999999998e-09,"R_s":0.3,"R_sh_ref":158.89,"Adjust":15.84,"PTC":245.0,"pdc0":280.0,"gamma_pdc":-0.00496,"gamma_r":-0.496}