{"Date":"09.01.2013","Version":"NRELv1","Technology":"Mono-c-Si","BIPV":"N","A_c":1.94,"N_s":72.0,"T_NOCT":48.9,"I_sc_ref":8.68,"V_oc_ref":43.0,"I_mp_ref":8.0,"V_mp_ref":35.0,"alpha_sc":0.00355,"beta_oc":-0.14534,"a_ref":1.8292,"I_L_ref":8.7,"I_o_ref":5.19e-10,"R_s":0.325,"R_sh_ref":144.31,"Adjust":11.84,"PTC":247.0,"pdc0":280.0,"gamma_pdc":-0.0046500000000000005,"gamma_r":-0.465}