{"Date":"09.01.2013","Version":"NRELv1","Technology":"Mono-c-Si","BIPV":"N","A_c":1.94,"N_s":72.0,"T_NOCT":48.9,"I_sc_ref":8.84,"V_oc_ref":43.0,"I_mp_ref":8.14,"V_mp_ref":35.0,"alpha_sc":0.003616,"beta_oc":-0.14534,"a_ref":1.8303,"I_L_ref":8.861,"I_o_ref":5.35e-10,"R_s":0.319,"R_sh_ref":137.15,"Adjust":11.96,"PTC":251.6,"pdc0":285.0,"gamma_pdc":-0.0046500000000000005,"gamma_r":-0.465}