{"Date":"02.11.2010","Version":"MM107","Technology":"Multi-c-Si","BIPV":"N","A_c":1.475,"N_s":72.0,"T_NOCT":45.3,"I_sc_ref":7.8,"V_oc_ref":32.0,"I_mp_ref":6.9,"V_mp_ref":26.0,"alpha_sc":0.004056000000000001,"beta_oc":-0.11456,"a_ref":1.4739,"I_L_ref":7.837999999999999,"I_o_ref":2.6800000000000003e-09,"R_s":0.24600000000000002,"R_sh_ref":50.48,"Adjust":21.5,"PTC":159.7,"pdc0":180.0,"gamma_pdc":-0.00506,"gamma_r":-0.506}