{"Date":"02.11.2010","Version":"MM107","Technology":"Multi-c-Si","BIPV":"N","A_c":1.6569999999999998,"N_s":72.0,"T_NOCT":45.3,"I_sc_ref":8.3,"V_oc_ref":36.0,"I_mp_ref":7.6,"V_mp_ref":29.0,"alpha_sc":0.0043159999999999995,"beta_oc":-0.12888,"a_ref":1.6115,"I_L_ref":8.323,"I_o_ref":1.59e-09,"R_s":0.308,"R_sh_ref":112.96,"Adjust":15.7,"PTC":195.6,"pdc0":220.0,"gamma_pdc":-0.00506,"gamma_r":-0.506}