{"Date":"02.11.2010","Version":"MM107","Technology":"Multi-c-Si","BIPV":"N","A_c":1.6569999999999998,"N_s":72.0,"T_NOCT":45.3,"I_sc_ref":8.0,"V_oc_ref":36.0,"I_mp_ref":7.3,"V_mp_ref":29.0,"alpha_sc":0.0041600000000000005,"beta_oc":-0.12888,"a_ref":1.6147,"I_L_ref":8.024,"I_o_ref":1.6e-09,"R_s":0.32,"R_sh_ref":105.28,"Adjust":16.1,"PTC":186.4,"pdc0":210.0,"gamma_pdc":-0.00506,"gamma_r":-0.506}