{"Date":"12.01.2011","Version":"NRELv1","Technology":"Multi-c-Si","BIPV":"N","A_c":1.597,"N_s":60.0,"T_NOCT":48.1,"I_sc_ref":8.46,"V_oc_ref":37.0,"I_mp_ref":7.58,"V_mp_ref":29.7,"alpha_sc":0.004809000000000001,"beta_oc":-0.14469,"a_ref":1.7690000000000001,"I_L_ref":8.496,"I_o_ref":6.57e-09,"R_s":0.299,"R_sh_ref":70.73,"Adjust":18.92,"PTC":194.2,"pdc0":225.0,"gamma_pdc":-0.00555,"gamma_r":-0.555}