{"Date":"12.01.2011","Version":"NRELv1","Technology":"Multi-c-Si","BIPV":"N","A_c":1.597,"N_s":60.0,"T_NOCT":48.1,"I_sc_ref":8.3,"V_oc_ref":36.8,"I_mp_ref":7.46,"V_mp_ref":29.5,"alpha_sc":0.004718,"beta_oc":-0.14390999999999998,"a_ref":1.754,"I_L_ref":8.334,"I_o_ref":6.07e-09,"R_s":0.311,"R_sh_ref":76.64,"Adjust":18.31,"PTC":189.8,"pdc0":220.0,"gamma_pdc":-0.00555,"gamma_r":-0.555}