{"Date":"01.05.2012","Version":"NRELv1","Technology":"CIGS","BIPV":"N","A_c":0.726,"N_s":123.0,"T_NOCT":47.3,"I_sc_ref":1.5,"V_oc_ref":74.5,"I_mp_ref":1.24,"V_mp_ref":55.0,"alpha_sc":0.000525,"beta_oc":-0.2615,"a_ref":3.161,"I_L_ref":1.544,"I_o_ref":7.48e-11,"R_s":8.559,"R_sh_ref":288.97,"Adjust":6.412999999999999,"PTC":60.0,"pdc0":68.0,"gamma_pdc":-0.00458,"gamma_r":-0.45799999999999996}