{"Date":"08.01.2012","Version":"NRELv1","Technology":"CIGS","BIPV":"N","A_c":0.726,"N_s":123.0,"T_NOCT":50.3,"I_sc_ref":1.6,"V_oc_ref":77.0,"I_mp_ref":1.4,"V_mp_ref":58.6,"alpha_sc":0.000592,"beta_oc":-0.27258000000000004,"a_ref":3.1898,"I_L_ref":1.621,"I_o_ref":4.81e-11,"R_s":6.631,"R_sh_ref":494.16,"Adjust":1.187,"PTC":71.6,"pdc0":82.0,"gamma_pdc":-0.0045000000000000005,"gamma_r":-0.45}