{"Vac":240.0,"Paco":4000.0,"Pdco":4174.73,"Vdco":310.0,"Pso":37.5987,"C0":-4.81429e-06,"C1":-2.4840100000000003e-05,"C2":-0.000710919,"C3":-0.00210796,"Pnt":39.0,"Vdcmax":360.0,"Mppt_low":100.0,"Mppt_high":360.0}