{"Vac":208.0,"Paco":4000.0,"Pdco":4201.93,"Vdco":310.0,"Pso":33.4623,"C0":-7.070930000000001e-06,"C1":-2.03488e-05,"C2":-0.000684868,"C3":-0.000528429,"Pnt":60.3,"Vdcmax":360.0,"Mppt_low":100.0,"Mppt_high":360.0}