{"Date":"12.01.2009","Version":"MM106","Technology":"Mono-c-Si","BIPV":"N","A_c":1.2770000000000001,"N_s":72.0,"T_NOCT":49.5,"I_sc_ref":5.21,"V_oc_ref":44.5,"I_mp_ref":4.9,"V_mp_ref":35.7,"alpha_sc":0.002437,"beta_oc":-0.1622,"a_ref":1.9469,"I_L_ref":5.212000000000001,"I_o_ref":6.14e-10,"R_s":0.653,"R_sh_ref":2038.22,"Adjust":9.2,"PTC":151.8,"pdc0":175.0,"gamma_pdc":-0.00506,"gamma_r":-0.506}