{"Vac":208.0,"Paco":33300.0,"Pdco":35468.6,"Vdco":366.0,"Pso":143.139,"C0":-7.88014e-07,"C1":-4.8956800000000005e-05,"C2":-0.00101448,"C3":-0.00256817,"Pnt":2.85,"Vdcmax":480.0,"Mppt_low":230.0,"Mppt_high":480.0}