{"Vac":277.0,"Paco":36000.0,"Pdco":37760.7,"Vdco":330.0,"Pso":125.147,"C0":-4.23523e-07,"C1":-3.46533e-05,"C2":-0.00152257,"C3":-0.00475564,"Pnt":4.03,"Vdcmax":480.0,"Mppt_low":240.0,"Mppt_high":480.0}