{"Vac":240.0,"Paco":33300.0,"Pdco":35100.4,"Vdco":390.0,"Pso":112.17399999999999,"C0":-5.25597e-07,"C1":-4.1238199999999994e-05,"C2":-0.00134694,"C3":-0.0036339,"Pnt":3.53,"Vdcmax":480.0,"Mppt_low":230.0,"Mppt_high":480.0}