{"Vac":277.0,"Paco":48000.0,"Pdco":50342.4,"Vdco":330.0,"Pso":163.606,"C0":-3.13305e-07,"C1":-3.41072e-05,"C2":-0.000441021,"C3":-0.00420385,"Pnt":4.56,"Vdcmax":480.0,"Mppt_low":240.0,"Mppt_high":480.0}