{"Vac":208.0,"Paco":44400.0,"Pdco":47376.5,"Vdco":365.0,"Pso":207.65599999999998,"C0":-6.40598e-07,"C1":-5.34051e-05,"C2":-0.00067733,"C3":-0.00286878,"Pnt":3.14,"Vdcmax":480.0,"Mppt_low":230.0,"Mppt_high":480.0}