{"Vac":277.0,"Paco":60000.0,"Pdco":62935.7,"Vdco":330.0,"Pso":184.02200000000002,"C0":-2.46819e-07,"C1":-3.56566e-05,"C2":-0.000443994,"C3":-0.00441484,"Pnt":5.08,"Vdcmax":480.0,"Mppt_low":240.0,"Mppt_high":480.0}