{"Vac":208.0,"Paco":13750.0,"Pdco":14180.4,"Vdco":680.0,"Pso":41.5067,"C0":-7.053830000000001e-07,"C1":-2.64269e-05,"C2":-0.0012881,"C3":-0.00127066,"Pnt":0.24,"Vdcmax":800.0,"Mppt_low":320.0,"Mppt_high":800.0}