{"Vac":480.0,"Paco":17500.0,"Pdco":17899.4,"Vdco":700.0,"Pso":65.6383,"C0":-2.7046e-07,"C1":-3.3766799999999997e-05,"C2":-0.00113927,"C3":0.00031424,"Pnt":1.03,"Vdcmax":800.0,"Mppt_low":400.0,"Mppt_high":800.0}