{"Vac":240.0,"Paco":6000.0,"Pdco":6164.9,"Vdco":660.0,"Pso":50.0677,"C0":-1.90853e-06,"C1":-2.48942e-05,"C2":-0.000198867,"C3":-0.000136105,"Pnt":0.55,"Vdcmax":800.0,"Mppt_low":100.0,"Mppt_high":800.0}