{"Vac":240.0,"Paco":8200.0,"Pdco":8417.25,"Vdco":660.0,"Pso":37.9438,"C0":-1.23505e-06,"C1":-2.48482e-05,"C2":-0.0006058880000000001,"C3":-0.00045423,"Pnt":0.55,"Vdcmax":800.0,"Mppt_low":100.0,"Mppt_high":800.0}