{"Vac":480.0,"Paco":9995.0,"Pdco":10260.0,"Vdco":670.0,"Pso":64.0715,"C0":-2.754e-07,"C1":-2.2488000000000002e-05,"C2":-0.000375112,"C3":0.00168863,"Pnt":0.86,"Vdcmax":800.0,"Mppt_low":100.0,"Mppt_high":800.0}