{"Vac":208.0,"Paco":9995.0,"Pdco":10292.2,"Vdco":660.0,"Pso":36.211999999999996,"C0":-4.2756300000000003e-07,"C1":-2.9309699999999998e-05,"C2":-0.000759205,"C3":-0.0027848000000000005,"Pnt":0.24,"Vdcmax":800.0,"Mppt_low":100.0,"Mppt_high":800.0}