{"Vac":240.0,"Paco":15000.0,"Pdco":15456.2,"Vdco":680.0,"Pso":55.7416,"C0":-7.600100000000001e-07,"C1":-2.76215e-05,"C2":-0.0007087939999999999,"C3":-0.00028869700000000003,"Pnt":0.32,"Vdcmax":800.0,"Mppt_low":320.0,"Mppt_high":800.0}