{"Vac":480.0,"Paco":12500.0,"Pdco":12811.7,"Vdco":685.0,"Pso":46.0366,"C0":-3.14846e-07,"C1":-3.34284e-05,"C2":-0.000998924,"C3":0.00240623,"Pnt":0.94,"Vdcmax":800.0,"Mppt_low":350.0,"Mppt_high":800.0}