{"Vac":208.0,"Paco":7900.0,"Pdco":8122.25,"Vdco":660.0,"Pso":36.5072,"C0":-1.8365900000000003e-06,"C1":-2.4303800000000003e-05,"C2":-0.000212482,"C3":-0.000189659,"Pnt":0.41,"Vdcmax":800.0,"Mppt_low":100.0,"Mppt_high":800.0}