{"Vac":480.0,"Paco":24000.0,"Pdco":24573.5,"Vdco":725.0,"Pso":72.7334,"C0":-3.0872800000000004e-07,"C1":-2.83269e-05,"C2":-0.0011241,"C3":0.000545669,"Pnt":1.03,"Vdcmax":800.0,"Mppt_low":500.0,"Mppt_high":800.0}