{"Vac":208.0,"Paco":3800.0,"Pdco":3910.19,"Vdco":650.0,"Pso":48.3669,"C0":-3.7188999999999997e-06,"C1":-2.6693499999999998e-05,"C2":0.00017351900000000002,"C3":0.00038370900000000004,"Pnt":0.41,"Vdcmax":800.0,"Mppt_low":100.0,"Mppt_high":800.0}