{"Vac":240.0,"Paco":5000.0,"Pdco":5130.29,"Vdco":660.0,"Pso":40.4129,"C0":-2.12156e-06,"C1":-2.7611399999999998e-05,"C2":-0.000427266,"C3":0.00010783200000000001,"Pnt":0.55,"Vdcmax":800.0,"Mppt_low":100.0,"Mppt_high":800.0}