{"Vac":208.0,"Paco":1900.0,"Pdco":2001.8,"Vdco":260.0,"Pso":17.688,"C0":-7.15316e-06,"C1":-8.484809999999999e-05,"C2":-0.00131026,"C3":-0.00704206,"Pnt":0.67,"Vdcmax":335.0,"Mppt_low":100.0,"Mppt_high":335.0}