{"Vac":240.0,"Paco":3100.0,"Pdco":3258.21,"Vdco":330.0,"Pso":16.8118,"C0":-6.38114e-06,"C1":-4.6892200000000005e-05,"C2":-0.0009263139999999999,"C3":-0.00249128,"Pnt":0.9,"Vdcmax":440.0,"Mppt_low":100.0,"Mppt_high":440.0}