{"Vac":208.0,"Paco":1500.0,"Pdco":1578.8,"Vdco":260.0,"Pso":18.0548,"C0":-8.62875e-06,"C1":-7.13932e-05,"C2":-0.000776627,"C3":-0.00452974,"Pnt":0.67,"Vdcmax":335.0,"Mppt_low":100.0,"Mppt_high":335.0}