{"Vac":240.0,"Paco":1500.0,"Pdco":1573.69,"Vdco":260.0,"Pso":17.1082,"C0":-6.6292e-06,"C1":-7.08428e-05,"C2":-0.000249735,"C3":-0.00484571,"Pnt":0.89,"Vdcmax":335.0,"Mppt_low":100.0,"Mppt_high":335.0}