{"Vac":208.0,"Paco":2500.0,"Pdco":2631.86,"Vdco":330.0,"Pso":16.5939,"C0":-6.727769999999999e-06,"C1":-3.48131e-05,"C2":-0.000869682,"C3":-0.00240053,"Pnt":0.67,"Vdcmax":440.0,"Mppt_low":100.0,"Mppt_high":440.0}