{"Vac":240.0,"Paco":2000.0,"Pdco":2100.98,"Vdco":260.0,"Pso":16.9585,"C0":-6.4213199999999995e-06,"C1":-8.92386e-05,"C2":-0.00109592,"C3":-0.00678992,"Pnt":0.9,"Vdcmax":335.0,"Mppt_low":100.0,"Mppt_high":335.0}