{"Vac":240.0,"Paco":2500.0,"Pdco":2619.47,"Vdco":330.0,"Pso":16.7356,"C0":-6.182080000000001e-06,"C1":-3.78724e-05,"C2":-0.000555126,"C3":-0.00225783,"Pnt":0.67,"Vdcmax":440.0,"Mppt_low":100.0,"Mppt_high":440.0}