{"Vac":0.0,"Paco":2000.0,"Pdco":2116.15,"Vdco":280.0,"Pso":23.8316,"C0":-5.426359999999999e-07,"C1":2.78209e-06,"C2":0.00106466,"C3":-0.00141646,"Pnt":0.91,"Vdcmax":400.0,"Mppt_low":100.0,"Mppt_high":400.0}