{"Vac":0.0,"Paco":2700.0,"Pdco":2874.28,"Vdco":280.0,"Pso":29.5201,"C0":-8.723680000000001e-06,"C1":-6.617150000000001e-06,"C2":-0.000129348,"C3":-0.00277846,"Pnt":0.91,"Vdcmax":400.0,"Mppt_low":100.0,"Mppt_high":400.0}