{"Vac":0.0,"Paco":4500.0,"Pdco":4833.74,"Vdco":280.0,"Pso":36.3154,"C0":-5.844869999999999e-06,"C1":-2.44896e-05,"C2":0.000754017,"C3":-0.00149502,"Pnt":0.91,"Vdcmax":400.0,"Mppt_low":100.0,"Mppt_high":400.0}