{"Vac":0.0,"Paco":4000.0,"Pdco":4257.29,"Vdco":280.0,"Pso":33.402,"C0":-4.3276e-06,"C1":-1.59386e-05,"C2":0.00120106,"C3":-0.00165682,"Pnt":0.9,"Vdcmax":400.0,"Mppt_low":100.0,"Mppt_high":400.0}