{"Vac":277.0,"Paco":3800.0,"Pdco":3970.25,"Vdco":330.0,"Pso":26.0762,"C0":-5.00444e-06,"C1":-2.4727e-05,"C2":-0.0007899280000000001,"C3":-0.00286228,"Pnt":1.1,"Vdcmax":480.0,"Mppt_low":100.0,"Mppt_high":480.0}