{"Vac":277.0,"Paco":10000.0,"Pdco":10414.3,"Vdco":330.0,"Pso":29.9946,"C0":-6.30534e-07,"C1":-1.6659400000000002e-05,"C2":-0.00103264,"C3":-0.00764567,"Pnt":1.36,"Vdcmax":480.0,"Mppt_low":100.0,"Mppt_high":480.0}