{"Vac":277.0,"Paco":10000.0,"Pdco":10416.8,"Vdco":330.0,"Pso":31.4659,"C0":-7.13917e-07,"C1":-1.59917e-05,"C2":-0.0006930780000000001,"C3":-0.00588862,"Pnt":1.36,"Vdcmax":480.0,"Mppt_low":100.0,"Mppt_high":480.0}