{"Vac":208.0,"Paco":11400.0,"Pdco":12084.4,"Vdco":366.0,"Pso":47.434,"C0":-2.4200099999999996e-06,"C1":-6.0025600000000003e-05,"C2":-0.0007941160000000001,"C3":-0.00312042,"Pnt":0.77,"Vdcmax":480.0,"Mppt_low":230.0,"Mppt_high":480.0}