{"Vac":277.0,"Paco":11400.0,"Pdco":11909.0,"Vdco":330.0,"Pso":35.4483,"C0":-1.1521e-06,"C1":-3.08595e-05,"C2":-0.000797885,"C3":-0.00487925,"Pnt":1.36,"Vdcmax":480.0,"Mppt_low":230.0,"Mppt_high":480.0}