{"Vac":208.0,"Paco":10000.0,"Pdco":10541.0,"Vdco":366.0,"Pso":42.5985,"C0":-1.90884e-06,"C1":-3.0207600000000002e-05,"C2":-6.85012e-05,"C3":-0.00210234,"Pnt":0.77,"Vdcmax":480.0,"Mppt_low":100.0,"Mppt_high":480.0}