{"Vac":208.0,"Paco":5000.0,"Pdco":5236.73,"Vdco":366.0,"Pso":16.7895,"C0":-1.3360299999999998e-06,"C1":-1.82781e-05,"C2":-0.00036058199999999997,"C3":-0.00534654,"Pnt":0.6,"Vdcmax":480.0,"Mppt_low":100.0,"Mppt_high":480.0}