{"Vac":240.0,"Paco":7500.0,"Pdco":7850.28,"Vdco":390.0,"Pso":27.3231,"C0":-2.1639700000000004e-06,"C1":-2.72471e-05,"C2":-0.000514492,"C3":-0.00258749,"Pnt":0.8,"Vdcmax":480.0,"Mppt_low":100.0,"Mppt_high":480.0}