{"Vac":240.0,"Paco":10000.0,"Pdco":10452.6,"Vdco":390.0,"Pso":36.3178,"C0":-9.60608e-07,"C1":-2.37184e-05,"C2":-0.000265308,"C3":-0.00444188,"Pnt":1.0,"Vdcmax":480.0,"Mppt_low":100.0,"Mppt_high":480.0}