{"Vac":277.0,"Paco":3800.0,"Pdco":3954.73,"Vdco":330.0,"Pso":22.6572,"C0":-3.68597e-06,"C1":-1.69665e-05,"C2":-0.00101256,"C3":-0.00338972,"Pnt":0.94,"Vdcmax":480.0,"Mppt_low":100.0,"Mppt_high":480.0}