{"Vac":240.0,"Paco":6000.0,"Pdco":6261.08,"Vdco":390.0,"Pso":17.6917,"C0":-1.51637e-06,"C1":-2.29779e-05,"C2":-0.0018785,"C3":-0.00537646,"Pnt":0.76,"Vdcmax":480.0,"Mppt_low":100.0,"Mppt_high":480.0}