{"Vac":240.0,"Paco":5000.0,"Pdco":5208.17,"Vdco":390.0,"Pso":17.4893,"C0":-6.27697e-07,"C1":-9.54126e-06,"C2":-0.000262297,"C3":-0.0077204,"Pnt":0.8,"Vdcmax":480.0,"Mppt_low":100.0,"Mppt_high":480.0}