{"Vac":208.0,"Paco":11400.0,"Pdco":12074.1,"Vdco":366.0,"Pso":46.3409,"C0":-2.5905400000000003e-06,"C1":-6.87133e-05,"C2":-0.00199508,"C3":-0.00382937,"Pnt":0.64,"Vdcmax":480.0,"Mppt_low":230.0,"Mppt_high":480.0}