{"Vac":277.0,"Paco":12000.0,"Pdco":12516.2,"Vdco":330.0,"Pso":71.9231,"C0":-1.8029599999999999e-06,"C1":-3.68358e-05,"C2":-0.00308652,"C3":-0.0054286000000000004,"Pnt":0.5,"Vdcmax":480.0,"Mppt_low":240.0,"Mppt_high":480.0}