{"Vac":277.0,"Paco":6000.0,"Pdco":6242.54,"Vdco":330.0,"Pso":19.208,"C0":-1.18373e-06,"C1":-1.43798e-05,"C2":-0.00156165,"C3":-0.00556873,"Pnt":1.02,"Vdcmax":480.0,"Mppt_low":100.0,"Mppt_high":480.0}