{"Vac":208.0,"Paco":3000.0,"Pdco":3147.82,"Vdco":366.0,"Pso":18.581,"C0":-5.01026e-06,"C1":-2.3437899999999998e-05,"C2":-4.22343e-05,"C3":-0.00293011,"Pnt":0.53,"Vdcmax":480.0,"Mppt_low":100.0,"Mppt_high":480.0}