{"Vac":277.0,"Paco":12000.0,"Pdco":12552.6,"Vdco":330.0,"Pso":43.5373,"C0":-1.4651499999999999e-06,"C1":-3.58931e-05,"C2":-0.00142081,"C3":-0.00424221,"Pnt":1.0,"Vdcmax":480.0,"Mppt_low":240.0,"Mppt_high":480.0}