{"Vac":240.0,"Paco":11400.0,"Pdco":11936.9,"Vdco":390.0,"Pso":35.6727,"C0":-1.26956e-06,"C1":-5.35608e-05,"C2":-0.00262558,"C3":-0.00716648,"Pnt":0.85,"Vdcmax":480.0,"Mppt_low":230.0,"Mppt_high":480.0}