{"Vac":208.0,"Paco":5000.0,"Pdco":5235.35,"Vdco":366.0,"Pso":16.8247,"C0":-1.31808e-06,"C1":-1.97679e-05,"C2":-0.000526429,"C3":-0.00584195,"Pnt":0.6,"Vdcmax":480.0,"Mppt_low":100.0,"Mppt_high":480.0}