{"Vac":277.0,"Paco":9995.0,"Pdco":10402.5,"Vdco":330.0,"Pso":25.7055,"C0":-5.84381e-07,"C1":-1.71371e-05,"C2":-0.00196562,"C3":-0.00791132,"Pnt":1.13,"Vdcmax":480.0,"Mppt_low":100.0,"Mppt_high":480.0}