{"Vac":277.0,"Paco":6000.0,"Pdco":6235.22,"Vdco":330.0,"Pso":18.6064,"C0":-8.81278e-07,"C1":-8.72204e-06,"C2":-0.00127331,"C3":-0.00645725,"Pnt":1.1,"Vdcmax":480.0,"Mppt_low":100.0,"Mppt_high":480.0}