{"Vac":208.0,"Paco":6000.0,"Pdco":6302.05,"Vdco":366.0,"Pso":21.5146,"C0":-2.2021400000000003e-06,"C1":-2.29988e-05,"C2":-0.0005358030000000001,"C3":-0.00290276,"Pnt":0.6,"Vdcmax":480.0,"Mppt_low":100.0,"Mppt_high":480.0}