{"Vac":208.0,"Paco":9995.0,"Pdco":10523.7,"Vdco":366.0,"Pso":41.2567,"C0":-1.9734e-06,"C1":-2.9865300000000004e-05,"C2":-0.00053913,"C3":-0.00229333,"Pnt":0.9,"Vdcmax":480.0,"Mppt_low":100.0,"Mppt_high":480.0}