{"Vac":277.0,"Paco":3000.0,"Pdco":3114.84,"Vdco":330.0,"Pso":20.0434,"C0":-2.62384e-06,"C1":-1.0195399999999999e-05,"C2":-0.00131353,"C3":-0.00621977,"Pnt":0.94,"Vdcmax":480.0,"Mppt_low":100.0,"Mppt_high":480.0}