{"Vac":208.0,"Paco":9995.0,"Pdco":10531.6,"Vdco":366.0,"Pso":49.1778,"C0":-1.98637e-06,"C1":-3.67962e-05,"C2":-0.000656025,"C3":-0.00345085,"Pnt":0.64,"Vdcmax":480.0,"Mppt_low":100.0,"Mppt_high":480.0}