{"Vac":277.0,"Paco":7500.0,"Pdco":7818.64,"Vdco":330.0,"Pso":28.4004,"C0":-1.6588400000000002e-06,"C1":-1.67813e-05,"C2":-0.0006709039999999999,"C3":-0.00320253,"Pnt":1.1,"Vdcmax":480.0,"Mppt_low":100.0,"Mppt_high":480.0}