{"Vac":240.0,"Paco":11400.0,"Pdco":11934.0,"Vdco":390.0,"Pso":40.1032,"C0":-1.3606799999999998e-06,"C1":-4.47315e-05,"C2":-0.000995861,"C3":-0.0051692,"Pnt":1.2,"Vdcmax":480.0,"Mppt_low":230.0,"Mppt_high":480.0}