{"Vac":208.0,"Paco":10000.0,"Pdco":10541.3,"Vdco":366.0,"Pso":42.744,"C0":-1.90605e-06,"C1":-3.17695e-05,"C2":-0.000119117,"C3":-0.00225519,"Pnt":0.77,"Vdcmax":480.0,"Mppt_low":100.0,"Mppt_high":480.0}