{"Vac":240.0,"Paco":5000.0,"Pdco":5212.59,"Vdco":390.0,"Pso":16.9654,"C0":-9.34238e-07,"C1":-1.29583e-05,"C2":-0.0008484380000000001,"C3":-0.00660363,"Pnt":0.76,"Vdcmax":480.0,"Mppt_low":100.0,"Mppt_high":480.0}