{"Vac":240.0,"Paco":3800.0,"Pdco":3973.02,"Vdco":390.0,"Pso":21.1334,"C0":-4.44654e-06,"C1":-2.4872e-05,"C2":-0.000619842,"C3":-0.00295468,"Pnt":0.7,"Vdcmax":480.0,"Mppt_low":100.0,"Mppt_high":480.0}