{"Vac":240.0,"Paco":6000.0,"Pdco":6256.68,"Vdco":390.0,"Pso":16.1719,"C0":-8.987799999999998e-07,"C1":-1.83649e-05,"C2":-0.00164742,"C3":-0.00840374,"Pnt":0.8,"Vdcmax":480.0,"Mppt_low":100.0,"Mppt_high":480.0}