{"Vac":208.0,"Paco":3800.0,"Pdco":4009.6,"Vdco":366.0,"Pso":22.2855,"C0":-6.81954e-06,"C1":-3.63247e-05,"C2":-1.61055e-05,"C3":-0.00209734,"Pnt":0.53,"Vdcmax":480.0,"Mppt_low":100.0,"Mppt_high":480.0}