{"Vac":240.0,"Paco":3000.0,"Pdco":3125.82,"Vdco":390.0,"Pso":17.3393,"C0":-2.5205200000000004e-06,"C1":-1.4940599999999999e-05,"C2":-0.000680866,"C3":-0.0054183,"Pnt":0.7,"Vdcmax":480.0,"Mppt_low":100.0,"Mppt_high":480.0}