{"Vac":277.0,"Paco":11400.0,"Pdco":11910.2,"Vdco":330.0,"Pso":37.5612,"C0":-1.22844e-06,"C1":-2.88879e-05,"C2":-0.0006711169999999999,"C3":-0.00442326,"Pnt":1.36,"Vdcmax":480.0,"Mppt_low":230.0,"Mppt_high":480.0}