{"Vac":208.0,"Paco":3800.0,"Pdco":4022.3,"Vdco":366.0,"Pso":21.8101,"C0":-7.89655e-06,"C1":-5.2370699999999996e-05,"C2":-0.000473125,"C3":-0.0025579,"Pnt":0.62,"Vdcmax":480.0,"Mppt_low":100.0,"Mppt_high":480.0}