{"Vac":208.0,"Paco":7500.0,"Pdco":7943.58,"Vdco":366.0,"Pso":29.3802,"C0":-3.83931e-06,"C1":-4.8792200000000004e-05,"C2":-0.000991741,"C3":-0.00215904,"Pnt":0.71,"Vdcmax":480.0,"Mppt_low":100.0,"Mppt_high":480.0}