{"Vac":240.0,"Paco":3000.0,"Pdco":3133.86,"Vdco":390.0,"Pso":19.6499,"C0":-4.39529e-06,"C1":-1.99732e-05,"C2":-0.0007496219999999999,"C3":-0.00346608,"Pnt":0.83,"Vdcmax":480.0,"Mppt_low":100.0,"Mppt_high":480.0}