{"Vac":277.0,"Paco":5000.0,"Pdco":5192.99,"Vdco":330.0,"Pso":17.2806,"C0":-2.1532599999999998e-07,"C1":-3.9206900000000006e-06,"C2":-0.00106647,"C3":-0.0267024,"Pnt":1.1,"Vdcmax":480.0,"Mppt_low":100.0,"Mppt_high":480.0}