{"Vac":240.0,"Paco":11400.0,"Pdco":11959.2,"Vdco":390.0,"Pso":42.4368,"C0":-1.52357e-06,"C1":-4.50463e-05,"C2":-0.00060369,"C3":-0.00409744,"Pnt":1.0,"Vdcmax":480.0,"Mppt_low":230.0,"Mppt_high":480.0}