{"Vac":277.0,"Paco":6000.0,"Pdco":6234.83,"Vdco":330.0,"Pso":17.7522,"C0":-7.078919999999999e-07,"C1":-1.08005e-05,"C2":-0.00152149,"C3":-0.00939233,"Pnt":1.1,"Vdcmax":480.0,"Mppt_low":100.0,"Mppt_high":480.0}