{"Vac":240.0,"Paco":10000.0,"Pdco":10451.7,"Vdco":390.0,"Pso":35.9408,"C0":-9.315819999999999e-07,"C1":-2.5151900000000002e-05,"C2":-0.00035155900000000004,"C3":-0.00485982,"Pnt":1.0,"Vdcmax":480.0,"Mppt_low":100.0,"Mppt_high":480.0}