{"Date":"9/26/2011","Version":"MM107","Technology":"Multi-c-Si","BIPV":"N","A_c":1.635,"N_s":60.0,"T_NOCT":46.7,"I_sc_ref":8.14,"V_oc_ref":36.83,"I_mp_ref":7.61,"V_mp_ref":28.92,"alpha_sc":0.004884,"beta_oc":-0.12154000000000001,"a_ref":1.5386,"I_L_ref":8.15,"I_o_ref":3.2399999999999997e-10,"R_s":0.45899999999999996,"R_sh_ref":390.42,"Adjust":10.4,"PTC":196.3,"pdc0":220.0,"gamma_pdc":-0.0046,"gamma_r":-0.46}