{"Date":"10.01.2014","Version":"NRELv1","Technology":"Multi-c-Si","BIPV":"N","A_c":1.617,"N_s":60.0,"T_NOCT":45.4,"I_sc_ref":8.58,"V_oc_ref":37.6,"I_mp_ref":8.14,"V_mp_ref":30.1,"alpha_sc":0.0042899999999999995,"beta_oc":-0.12032000000000001,"a_ref":1.5208,"I_L_ref":8.674,"I_o_ref":1.5699999999999997e-10,"R_s":0.37200000000000005,"R_sh_ref":414.2,"Adjust":7.166,"PTC":222.4,"pdc0":245.0,"gamma_pdc":-0.0043,"gamma_r":-0.43}