{"Date":"07.06.2011","Version":"MM107","Technology":"Multi-c-Si","BIPV":"N","A_c":1.94,"N_s":72.0,"T_NOCT":46.5,"I_sc_ref":8.58,"V_oc_ref":45.2,"I_mp_ref":7.89,"V_mp_ref":36.15,"alpha_sc":0.0037479999999999996,"beta_oc":-0.17727,"a_ref":2.0729,"I_L_ref":8.6,"I_o_ref":2.8300000000000004e-09,"R_s":0.39899999999999997,"R_sh_ref":173.86,"Adjust":10.4,"PTC":249.8,"pdc0":285.0,"gamma_pdc":-0.005429999999999999,"gamma_r":-0.5429999999999999}