{"Date":"10.01.2014","Version":"NRELv1","Technology":"Multi-c-Si","BIPV":"N","A_c":1.617,"N_s":60.0,"T_NOCT":45.4,"I_sc_ref":9.03,"V_oc_ref":37.9,"I_mp_ref":8.56,"V_mp_ref":30.4,"alpha_sc":0.004515,"beta_oc":-0.12128,"a_ref":1.5353,"I_L_ref":9.129,"I_o_ref":1.72e-10,"R_s":0.348,"R_sh_ref":353.89,"Adjust":7.492999999999999,"PTC":236.4,"pdc0":260.0,"gamma_pdc":-0.0043,"gamma_r":-0.43}