{"Date":"07.06.2011","Version":"MM107","Technology":"Multi-c-Si","BIPV":"N","A_c":1.94,"N_s":72.0,"T_NOCT":46.5,"I_sc_ref":8.55,"V_oc_ref":44.7,"I_mp_ref":7.77,"V_mp_ref":36.1,"alpha_sc":0.003735,"beta_oc":-0.17531,"a_ref":2.0792,"I_L_ref":8.576,"I_o_ref":3.77e-09,"R_s":0.33899999999999997,"R_sh_ref":113.56,"Adjust":13.1,"PTC":245.3,"pdc0":280.0,"gamma_pdc":-0.005429999999999999,"gamma_r":-0.5429999999999999}