{"Date":"07.06.2011","Version":"MM107","Technology":"Multi-c-Si","BIPV":"N","A_c":1.94,"N_s":72.0,"T_NOCT":46.5,"I_sc_ref":8.5,"V_oc_ref":44.5,"I_mp_ref":7.71,"V_mp_ref":35.68,"alpha_sc":0.003713,"beta_oc":-0.17453,"a_ref":2.0638,"I_L_ref":8.529,"I_o_ref":3.5100000000000005e-09,"R_s":0.379,"R_sh_ref":109.51,"Adjust":12.5,"PTC":240.8,"pdc0":275.0,"gamma_pdc":-0.005429999999999999,"gamma_r":-0.5429999999999999}