{"Date":"10.01.2014","Version":"NRELv1","Technology":"Multi-c-Si","BIPV":"N","A_c":1.617,"N_s":60.0,"T_NOCT":45.4,"I_sc_ref":8.73,"V_oc_ref":37.7,"I_mp_ref":8.28,"V_mp_ref":30.2,"alpha_sc":0.004365,"beta_oc":-0.12064000000000001,"a_ref":1.5256,"I_L_ref":8.825,"I_o_ref":1.6199999999999998e-10,"R_s":0.364,"R_sh_ref":391.87,"Adjust":7.276,"PTC":227.1,"pdc0":250.0,"gamma_pdc":-0.0043,"gamma_r":-0.43}