{"Date":"10.01.2014","Version":"NRELv1","Technology":"Multi-c-Si","BIPV":"N","A_c":1.617,"N_s":60.0,"T_NOCT":45.4,"I_sc_ref":8.89,"V_oc_ref":37.8,"I_mp_ref":8.42,"V_mp_ref":30.3,"alpha_sc":0.004445,"beta_oc":-0.12095999999999998,"a_ref":1.5314,"I_L_ref":8.988999999999999,"I_o_ref":1.6899999999999999e-10,"R_s":0.355,"R_sh_ref":329.52,"Adjust":7.511,"PTC":231.7,"pdc0":255.0,"gamma_pdc":-0.0043,"gamma_r":-0.43}