{"Date":"08.01.2012","Version":"NRELv1","Technology":"CIGS","BIPV":"N","A_c":1.002,"N_s":155.0,"T_NOCT":52.1,"I_sc_ref":1.95,"V_oc_ref":93.3,"I_mp_ref":1.71,"V_mp_ref":70.7,"alpha_sc":0.0,"beta_oc":-0.2799,"a_ref":3.5195,"I_L_ref":1.979,"I_o_ref":5.480000000000001e-12,"R_s":7.195,"R_sh_ref":477.97,"Adjust":-0.6988,"PTC":105.3,"pdc0":120.0,"gamma_pdc":-0.0040999999999999995,"gamma_r":-0.41}