{"Date":"06.03.2011","Version":"MM107","Technology":"Mono-c-Si","BIPV":"N","A_c":1.2770000000000001,"N_s":72.0,"T_NOCT":46.5,"I_sc_ref":5.7,"V_oc_ref":45.0,"I_mp_ref":5.27,"V_mp_ref":37.0,"alpha_sc":0.002508,"beta_oc":-0.15345,"a_ref":1.9273,"I_L_ref":5.71,"I_o_ref":4.0099999999999996e-10,"R_s":0.433,"R_sh_ref":253.85,"Adjust":12.1,"PTC":174.6,"pdc0":195.0,"gamma_pdc":-0.00464,"gamma_r":-0.46399999999999997}