{"Date":"06.03.2011","Version":"MM107","Technology":"Mono-c-Si","BIPV":"N","A_c":1.2770000000000001,"N_s":72.0,"T_NOCT":46.5,"I_sc_ref":5.58,"V_oc_ref":44.7,"I_mp_ref":5.16,"V_mp_ref":36.8,"alpha_sc":0.002455,"beta_oc":-0.15242999999999998,"a_ref":1.9163,"I_L_ref":5.5889999999999995,"I_o_ref":4.0099999999999996e-10,"R_s":0.429,"R_sh_ref":258.76,"Adjust":12.3,"PTC":170.0,"pdc0":190.0,"gamma_pdc":-0.00464,"gamma_r":-0.46399999999999997}