{"Date":"06.03.2011","Version":"MM107","Technology":"Multi-c-Si","BIPV":"N","A_c":1.94,"N_s":72.0,"T_NOCT":45.9,"I_sc_ref":8.44,"V_oc_ref":44.9,"I_mp_ref":7.92,"V_mp_ref":36.6,"alpha_sc":0.005233,"beta_oc":-0.14637,"a_ref":1.9126,"I_L_ref":8.446,"I_o_ref":5.33e-10,"R_s":0.33899999999999997,"R_sh_ref":470.17,"Adjust":16.0,"PTC":260.7,"pdc0":290.0,"gamma_pdc":-0.0045899999999999995,"gamma_r":-0.45899999999999996}