{"Date":"06.03.2011","Version":"MM107","Technology":"Multi-c-Si","BIPV":"N","A_c":1.6269999999999998,"N_s":60.0,"T_NOCT":45.9,"I_sc_ref":8.32,"V_oc_ref":37.2,"I_mp_ref":7.73,"V_mp_ref":30.4,"alpha_sc":0.005158,"beta_oc":-0.12127,"a_ref":1.5959,"I_L_ref":8.332,"I_o_ref":6.130000000000001e-10,"R_s":0.271,"R_sh_ref":185.88,"Adjust":17.5,"PTC":211.1,"pdc0":235.0,"gamma_pdc":-0.0045899999999999995,"gamma_r":-0.45899999999999996}