{"Date":"06.03.2011","Version":"MM107","Technology":"Mono-c-Si","BIPV":"N","A_c":1.94,"N_s":72.0,"T_NOCT":46.2,"I_sc_ref":8.5,"V_oc_ref":44.7,"I_mp_ref":7.92,"V_mp_ref":36.6,"alpha_sc":0.003995,"beta_oc":-0.15242999999999998,"a_ref":1.9043,"I_L_ref":8.511000000000001,"I_o_ref":5.33e-10,"R_s":0.312,"R_sh_ref":250.04,"Adjust":11.0,"PTC":260.0,"pdc0":290.0,"gamma_pdc":-0.00463,"gamma_r":-0.46299999999999997}