{"Date":"06.03.2011","Version":"MM107","Technology":"Multi-c-Si","BIPV":"N","A_c":1.6269999999999998,"N_s":60.0,"T_NOCT":45.9,"I_sc_ref":8.57,"V_oc_ref":37.6,"I_mp_ref":7.95,"V_mp_ref":30.8,"alpha_sc":0.005313,"beta_oc":-0.12258,"a_ref":1.6168,"I_L_ref":8.583,"I_o_ref":6.650000000000001e-10,"R_s":0.255,"R_sh_ref":167.54,"Adjust":18.0,"PTC":220.3,"pdc0":245.0,"gamma_pdc":-0.0045899999999999995,"gamma_r":-0.45899999999999996}