{"Date":"06.03.2011","Version":"MM107","Technology":"Mono-c-Si","BIPV":"N","A_c":1.6269999999999998,"N_s":60.0,"T_NOCT":46.2,"I_sc_ref":8.8,"V_oc_ref":37.8,"I_mp_ref":8.11,"V_mp_ref":30.5,"alpha_sc":0.004136,"beta_oc":-0.1289,"a_ref":1.6071,"I_L_ref":8.822000000000001,"I_o_ref":5.2e-10,"R_s":0.319,"R_sh_ref":128.54,"Adjust":10.5,"PTC":224.3,"pdc0":250.0,"gamma_pdc":-0.00463,"gamma_r":-0.46299999999999997}