{"Date":"06.03.2011","Version":"MM107","Technology":"Multi-c-Si","BIPV":"N","A_c":1.6269999999999998,"N_s":60.0,"T_NOCT":45.9,"I_sc_ref":8.45,"V_oc_ref":37.4,"I_mp_ref":7.81,"V_mp_ref":30.7,"alpha_sc":0.005239,"beta_oc":-0.12192,"a_ref":1.6142,"I_L_ref":8.465,"I_o_ref":7.109999999999999e-10,"R_s":0.247,"R_sh_ref":143.34,"Adjust":18.8,"PTC":215.7,"pdc0":240.0,"gamma_pdc":-0.0045899999999999995,"gamma_r":-0.45899999999999996}