{"Date":"06.03.2011","Version":"MM107","Technology":"Multi-c-Si","BIPV":"N","A_c":1.94,"N_s":72.0,"T_NOCT":45.9,"I_sc_ref":8.52,"V_oc_ref":45.0,"I_mp_ref":8.03,"V_mp_ref":36.7,"alpha_sc":0.005282,"beta_oc":-0.1467,"a_ref":1.9123,"I_L_ref":8.523,"I_o_ref":5.11e-10,"R_s":0.33399999999999996,"R_sh_ref":897.32,"Adjust":15.5,"PTC":265.3,"pdc0":295.0,"gamma_pdc":-0.0045899999999999995,"gamma_r":-0.45899999999999996}