{"Date":"08.01.2012","Version":"NRELv1","Technology":"Mono-c-Si","BIPV":"N","A_c":1.6269999999999998,"N_s":60.0,"T_NOCT":47.0,"I_sc_ref":8.99,"V_oc_ref":37.6,"I_mp_ref":8.27,"V_mp_ref":30.8,"alpha_sc":0.004314,"beta_oc":-0.12589,"a_ref":1.5909,"I_L_ref":9.01,"I_o_ref":4.72e-10,"R_s":0.25,"R_sh_ref":110.78,"Adjust":11.67,"PTC":228.9,"pdc0":255.0,"gamma_pdc":-0.00449,"gamma_r":-0.449}