{"Date":"06.03.2011","Version":"MM107","Technology":"Mono-c-Si","BIPV":"N","A_c":1.94,"N_s":72.0,"T_NOCT":46.2,"I_sc_ref":8.45,"V_oc_ref":44.5,"I_mp_ref":7.84,"V_mp_ref":36.4,"alpha_sc":0.003972,"beta_oc":-0.15175,"a_ref":1.8997,"I_L_ref":8.463,"I_o_ref":5.530000000000001e-10,"R_s":0.317,"R_sh_ref":200.84,"Adjust":11.4,"PTC":255.4,"pdc0":285.0,"gamma_pdc":-0.00463,"gamma_r":-0.46299999999999997}