{"Date":"06.03.2011","Version":"MM107","Technology":"Multi-c-Si","BIPV":"N","A_c":1.94,"N_s":72.0,"T_NOCT":45.9,"I_sc_ref":8.6,"V_oc_ref":45.2,"I_mp_ref":8.15,"V_mp_ref":36.8,"alpha_sc":0.005332,"beta_oc":-0.14735,"a_ref":1.9143,"I_L_ref":8.609,"I_o_ref":4.79e-10,"R_s":0.342,"R_sh_ref":100000.0,"Adjust":14.8,"PTC":270.0,"pdc0":300.0,"gamma_pdc":-0.0045899999999999995,"gamma_r":-0.45899999999999996}