{"Date":"06.03.2011","Version":"MM107","Technology":"Mono-c-Si","BIPV":"N","A_c":1.94,"N_s":72.0,"T_NOCT":46.2,"I_sc_ref":8.6,"V_oc_ref":45.4,"I_mp_ref":8.08,"V_mp_ref":37.0,"alpha_sc":0.0040420000000000005,"beta_oc":-0.15481,"a_ref":1.9198,"I_L_ref":8.606,"I_o_ref":4.5699999999999997e-10,"R_s":0.34,"R_sh_ref":520.31,"Adjust":9.5,"PTC":269.3,"pdc0":300.0,"gamma_pdc":-0.00463,"gamma_r":-0.46299999999999997}