{"Date":"06.03.2011","Version":"MM107","Technology":"Mono-c-Si","BIPV":"N","A_c":1.94,"N_s":72.0,"T_NOCT":46.2,"I_sc_ref":8.67,"V_oc_ref":45.7,"I_mp_ref":8.15,"V_mp_ref":37.0,"alpha_sc":0.004075,"beta_oc":-0.15584,"a_ref":1.9241,"I_L_ref":8.675,"I_o_ref":4.1599999999999996e-10,"R_s":0.376,"R_sh_ref":601.86,"Adjust":8.6,"PTC":273.9,"pdc0":305.0,"gamma_pdc":-0.00463,"gamma_r":-0.46299999999999997}