{"Technology":"Multi-c-Si","BIPV":"N","A_c":1.5630000000000002,"N_s":60.0,"T_NOCT":48.6,"PTC":237.8,"pdc0":265.0,"gamma_pdc":-0.00428}