{"Technology":"Multi-c-Si","BIPV":"N","A_c":1.8769999999999998,"N_s":72.0,"T_NOCT":48.6,"PTC":277.9,"pdc0":310.0,"gamma_pdc":-0.00428}