{"Date":"09.01.2010","Version":"MM107","Technology":"Multi-c-Si","BIPV":"N","A_c":0.9790000000000001,"N_s":36.0,"T_NOCT":48.6,"I_sc_ref":7.98,"V_oc_ref":22.06,"I_mp_ref":7.5,"V_mp_ref":18.0,"alpha_sc":0.013725999999999999,"beta_oc":-0.07808999999999999,"a_ref":1.0405,"I_L_ref":7.981,"I_o_ref":4.93e-09,"R_s":0.146,"R_sh_ref":919.12,"Adjust":27.5,"PTC":118.6,"pdc0":135.0,"gamma_pdc":-0.0048200000000000005,"gamma_r":-0.48200000000000004}