{"Date":"09.01.2010","Version":"MM107","Technology":"Mono-c-Si","BIPV":"N","A_c":1.4509999999999998,"N_s":54.0,"T_NOCT":48.9,"I_sc_ref":8.49,"V_oc_ref":33.64,"I_mp_ref":7.85,"V_mp_ref":27.4,"alpha_sc":0.007556,"beta_oc":-0.12211,"a_ref":1.5668,"I_L_ref":8.502,"I_o_ref":3.9299999999999995e-09,"R_s":0.222,"R_sh_ref":159.91,"Adjust":22.2,"PTC":187.0,"pdc0":215.0,"gamma_pdc":-0.00517,"gamma_r":-0.517}