{"Date":"09.01.2010","Version":"MM107","Technology":"Mono-c-Si","BIPV":"N","A_c":1.296,"N_s":48.0,"T_NOCT":48.8,"I_sc_ref":8.49,"V_oc_ref":29.09,"I_mp_ref":7.84,"V_mp_ref":24.25,"alpha_sc":0.009848,"beta_oc":-0.10734,"a_ref":1.4409999999999998,"I_L_ref":8.496,"I_o_ref":1.4099999999999999e-08,"R_s":0.09,"R_sh_ref":133.66,"Adjust":33.5,"PTC":163.6,"pdc0":190.0,"gamma_pdc":-0.005520000000000001,"gamma_r":-0.552}