{"Date":"10.04.2010","Version":"MM107","Technology":"Multi-c-Si","BIPV":"N","A_c":1.413,"N_s":54.0,"T_NOCT":47.6,"I_sc_ref":7.85,"V_oc_ref":32.72,"I_mp_ref":7.28,"V_mp_ref":26.8,"alpha_sc":0.010833,"beta_oc":-0.11582999999999999,"a_ref":1.5045,"I_L_ref":7.859,"I_o_ref":2.7600000000000004e-09,"R_s":0.215,"R_sh_ref":185.22,"Adjust":22.0,"PTC":173.2,"pdc0":195.0,"gamma_pdc":-0.00461,"gamma_r":-0.461}