{"Date":"10.04.2010","Version":"MM107","Technology":"Multi-c-Si","BIPV":"N","A_c":0.7709999999999999,"N_s":54.0,"T_NOCT":47.5,"I_sc_ref":3.89,"V_oc_ref":32.58,"I_mp_ref":3.57,"V_mp_ref":26.7,"alpha_sc":0.005563,"beta_oc":-0.12347999999999999,"a_ref":1.5035,"I_L_ref":3.897,"I_o_ref":1.46e-09,"R_s":0.426,"R_sh_ref":234.56,"Adjust":14.4,"PTC":84.7,"pdc0":95.0,"gamma_pdc":-0.0044,"gamma_r":-0.44}