{"Date":"10.04.2010","Version":"MM107","Technology":"Mono-c-Si","BIPV":"N","A_c":1.413,"N_s":54.0,"T_NOCT":48.9,"I_sc_ref":8.45,"V_oc_ref":33.62,"I_mp_ref":7.78,"V_mp_ref":27.0,"alpha_sc":0.007520000000000001,"beta_oc":-0.12204000000000001,"a_ref":1.5567,"I_L_ref":8.467,"I_o_ref":3.4299999999999995e-09,"R_s":0.281,"R_sh_ref":138.83,"Adjust":20.9,"PTC":182.7,"pdc0":210.0,"gamma_pdc":-0.00517,"gamma_r":-0.517}