{"Date":"10.04.2010","Version":"MM107","Technology":"Multi-c-Si","BIPV":"N","A_c":1.911,"N_s":72.0,"T_NOCT":48.6,"I_sc_ref":8.21,"V_oc_ref":44.3,"I_mp_ref":7.53,"V_mp_ref":36.5,"alpha_sc":0.008948999999999999,"beta_oc":-0.15416,"a_ref":2.0193,"I_L_ref":8.224,"I_o_ref":2.35e-09,"R_s":0.252,"R_sh_ref":142.61,"Adjust":22.4,"PTC":243.0,"pdc0":275.0,"gamma_pdc":-0.0046500000000000005,"gamma_r":-0.465}