{"Date":"10.04.2010","Version":"MM107","Technology":"Multi-c-Si","BIPV":"N","A_c":1.911,"N_s":72.0,"T_NOCT":46.9,"I_sc_ref":7.82,"V_oc_ref":44.6,"I_mp_ref":7.25,"V_mp_ref":35.85,"alpha_sc":0.011026000000000001,"beta_oc":-0.15922,"a_ref":2.0176,"I_L_ref":7.832000000000001,"I_o_ref":1.93e-09,"R_s":0.41,"R_sh_ref":268.61,"Adjust":17.4,"PTC":232.5,"pdc0":260.0,"gamma_pdc":-0.0045000000000000005,"gamma_r":-0.45}