{"Date":"10.04.2010","Version":"MM107","Technology":"Multi-c-Si","BIPV":"N","A_c":1.605,"N_s":60.0,"T_NOCT":45.8,"I_sc_ref":7.93,"V_oc_ref":36.6,"I_mp_ref":7.34,"V_mp_ref":30.0,"alpha_sc":0.007375,"beta_oc":-0.12737,"a_ref":1.6468,"I_L_ref":7.941,"I_o_ref":1.7199999999999999e-09,"R_s":0.245,"R_sh_ref":174.82,"Adjust":19.8,"PTC":196.7,"pdc0":220.0,"gamma_pdc":-0.004739999999999999,"gamma_r":-0.474}