{"Date":"10.04.2010","Version":"MM107","Technology":"Multi-c-Si","BIPV":"N","A_c":0.9790000000000001,"N_s":36.0,"T_NOCT":48.6,"I_sc_ref":8.12,"V_oc_ref":22.23,"I_mp_ref":7.6,"V_mp_ref":18.42,"alpha_sc":0.013966,"beta_oc":-0.07869,"a_ref":1.0603,"I_L_ref":8.123,"I_o_ref":6.31e-09,"R_s":0.1,"R_sh_ref":271.56,"Adjust":30.0,"PTC":123.1,"pdc0":140.0,"gamma_pdc":-0.0048200000000000005,"gamma_r":-0.48200000000000004}