{"Date":"09.01.2010","Version":"MM107","Technology":"Multi-c-Si","BIPV":"N","A_c":1.296,"N_s":48.0,"T_NOCT":47.6,"I_sc_ref":7.98,"V_oc_ref":29.42,"I_mp_ref":7.4,"V_mp_ref":24.2,"alpha_sc":0.011012000000000001,"beta_oc":-0.10415,"a_ref":1.3559,"I_L_ref":7.989,"I_o_ref":2.9399999999999998e-09,"R_s":0.174,"R_sh_ref":160.06,"Adjust":22.5,"PTC":159.9,"pdc0":180.0,"gamma_pdc":-0.00461,"gamma_r":-0.461}