{"Date":"10.04.2010","Version":"MM107","Technology":"Multi-c-Si","BIPV":"N","A_c":1.262,"N_s":48.0,"T_NOCT":47.6,"I_sc_ref":8.06,"V_oc_ref":29.7,"I_mp_ref":7.56,"V_mp_ref":24.45,"alpha_sc":0.011123000000000001,"beta_oc":-0.10514000000000001,"a_ref":1.3601,"I_L_ref":8.062999999999999,"I_o_ref":2.62e-09,"R_s":0.17300000000000001,"R_sh_ref":413.3,"Adjust":21.2,"PTC":164.6,"pdc0":185.0,"gamma_pdc":-0.00461,"gamma_r":-0.461}