{"Date":"09.01.2010","Version":"MM107","Technology":"Mono-c-Si","BIPV":"N","A_c":1.605,"N_s":60.0,"T_NOCT":49.0,"I_sc_ref":8.49,"V_oc_ref":37.38,"I_mp_ref":7.85,"V_mp_ref":30.6,"alpha_sc":0.006876999999999999,"beta_oc":-0.13494,"a_ref":1.7588,"I_L_ref":8.501,"I_o_ref":4.88e-09,"R_s":0.22,"R_sh_ref":177.33,"Adjust":25.2,"PTC":207.7,"pdc0":240.0,"gamma_pdc":-0.005329999999999999,"gamma_r":-0.5329999999999999}