{"Date":"09.01.2010","Version":"MM107","Technology":"Mono-c-Si","BIPV":"N","A_c":1.911,"N_s":72.0,"T_NOCT":47.0,"I_sc_ref":8.49,"V_oc_ref":44.13,"I_mp_ref":7.36,"V_mp_ref":36.72,"alpha_sc":0.008999,"beta_oc":-0.15887,"a_ref":2.1758,"I_L_ref":8.513,"I_o_ref":1.1899999999999999e-08,"R_s":0.139,"R_sh_ref":50.47,"Adjust":35.2,"PTC":238.1,"pdc0":270.0,"gamma_pdc":-0.00503,"gamma_r":-0.503}