{"Date":"10.04.2010","Version":"MM107","Technology":"Mono-c-Si","BIPV":"N","A_c":1.605,"N_s":60.0,"T_NOCT":49.0,"I_sc_ref":8.42,"V_oc_ref":37.2,"I_mp_ref":7.8,"V_mp_ref":30.15,"alpha_sc":0.0068200000000000005,"beta_oc":-0.13429000000000002,"a_ref":1.7382,"I_L_ref":8.431000000000001,"I_o_ref":4.19e-09,"R_s":0.268,"R_sh_ref":206.36,"Adjust":23.7,"PTC":203.2,"pdc0":235.0,"gamma_pdc":-0.005329999999999999,"gamma_r":-0.5329999999999999}