{"Date":"09.01.2010","Version":"MM107","Technology":"Multi-c-Si","BIPV":"N","A_c":1.4509999999999998,"N_s":54.0,"T_NOCT":47.6,"I_sc_ref":7.98,"V_oc_ref":33.64,"I_mp_ref":7.4,"V_mp_ref":27.0,"alpha_sc":0.011012000000000001,"beta_oc":-0.11909000000000002,"a_ref":1.5278,"I_L_ref":7.992000000000001,"I_o_ref":2.14e-09,"R_s":0.308,"R_sh_ref":206.08,"Adjust":19.3,"PTC":177.7,"pdc0":200.0,"gamma_pdc":-0.00461,"gamma_r":-0.461}