{"Date":"10.04.2010","Version":"MM107","Technology":"Multi-c-Si","BIPV":"N","A_c":1.911,"N_s":72.0,"T_NOCT":48.6,"I_sc_ref":8.17,"V_oc_ref":44.7,"I_mp_ref":7.63,"V_mp_ref":36.75,"alpha_sc":0.008905,"beta_oc":-0.15556,"a_ref":2.0122,"I_L_ref":8.176,"I_o_ref":1.8100000000000002e-09,"R_s":0.27399999999999997,"R_sh_ref":356.39,"Adjust":19.8,"PTC":247.5,"pdc0":280.0,"gamma_pdc":-0.0046500000000000005,"gamma_r":-0.465}