{"Date":"10.04.2010","Version":"MM107","Technology":"Mono-c-Si","BIPV":"N","A_c":1.911,"N_s":72.0,"T_NOCT":47.0,"I_sc_ref":8.25,"V_oc_ref":44.3,"I_mp_ref":7.72,"V_mp_ref":35.65,"alpha_sc":0.008745000000000001,"beta_oc":-0.15947999999999998,"a_ref":2.0316,"I_L_ref":8.255,"I_o_ref":2.7699999999999997e-09,"R_s":0.371,"R_sh_ref":647.89,"Adjust":19.8,"PTC":242.7,"pdc0":275.0,"gamma_pdc":-0.00503,"gamma_r":-0.503}