{"Date":"10.04.2010","Version":"MM107","Technology":"Mono-c-Si","BIPV":"N","A_c":1.605,"N_s":60.0,"T_NOCT":48.9,"I_sc_ref":8.3,"V_oc_ref":36.6,"I_mp_ref":7.6,"V_mp_ref":29.6,"alpha_sc":0.007387,"beta_oc":-0.13285999999999998,"a_ref":1.7076,"I_L_ref":8.318999999999999,"I_o_ref":3.939999999999999e-09,"R_s":0.278,"R_sh_ref":121.56,"Adjust":22.5,"PTC":195.3,"pdc0":225.0,"gamma_pdc":-0.00517,"gamma_r":-0.517}