{"Date":"10.04.2010","Version":"MM107","Technology":"Multi-c-Si","BIPV":"N","A_c":1.605,"N_s":60.0,"T_NOCT":46.4,"I_sc_ref":7.82,"V_oc_ref":36.45,"I_mp_ref":7.22,"V_mp_ref":29.8,"alpha_sc":0.010088,"beta_oc":-0.13013,"a_ref":1.669,"I_L_ref":7.832000000000001,"I_o_ref":2.49e-09,"R_s":0.252,"R_sh_ref":165.2,"Adjust":20.1,"PTC":192.2,"pdc0":215.0,"gamma_pdc":-0.0046,"gamma_r":-0.46}