{"Date":"10.04.2010","Version":"MM107","Technology":"Mono-c-Si","BIPV":"N","A_c":0.9790000000000001,"N_s":36.0,"T_NOCT":48.6,"I_sc_ref":8.25,"V_oc_ref":22.07,"I_mp_ref":7.6,"V_mp_ref":17.78,"alpha_sc":0.01023,"beta_oc":-0.081,"a_ref":1.0677,"I_L_ref":8.263,"I_o_ref":8.48e-09,"R_s":0.16899999999999998,"R_sh_ref":104.99,"Adjust":28.8,"PTC":116.5,"pdc0":135.0,"gamma_pdc":-0.005410000000000001,"gamma_r":-0.541}