{"Date":"10.04.2010","Version":"MM107","Technology":"Mono-c-Si","BIPV":"N","A_c":0.9790000000000001,"N_s":36.0,"T_NOCT":48.6,"I_sc_ref":8.49,"V_oc_ref":22.3,"I_mp_ref":7.95,"V_mp_ref":18.25,"alpha_sc":0.010528000000000001,"beta_oc":-0.08184,"a_ref":1.0781,"I_L_ref":8.493,"I_o_ref":8.77e-09,"R_s":0.125,"R_sh_ref":393.91,"Adjust":28.8,"PTC":125.5,"pdc0":145.0,"gamma_pdc":-0.005410000000000001,"gamma_r":-0.541}