{"Date":"10.04.2010","Version":"MM107","Technology":"Multi-c-Si","BIPV":"N","A_c":1.605,"N_s":60.0,"T_NOCT":45.8,"I_sc_ref":8.23,"V_oc_ref":37.2,"I_mp_ref":7.63,"V_mp_ref":30.8,"alpha_sc":0.007654,"beta_oc":-0.12946,"a_ref":1.6822,"I_L_ref":8.238999999999999,"I_o_ref":2e-09,"R_s":0.192,"R_sh_ref":178.57,"Adjust":20.9,"PTC":210.5,"pdc0":235.0,"gamma_pdc":-0.004739999999999999,"gamma_r":-0.474}