{"Date":"10.04.2010","Version":"MM107","Technology":"Mono-c-Si","BIPV":"N","A_c":1.262,"N_s":48.0,"T_NOCT":48.8,"I_sc_ref":8.4,"V_oc_ref":29.6,"I_mp_ref":7.75,"V_mp_ref":23.9,"alpha_sc":0.009744,"beta_oc":-0.10922,"a_ref":1.4391,"I_L_ref":8.412,"I_o_ref":9.59e-09,"R_s":0.213,"R_sh_ref":150.03,"Adjust":29.3,"PTC":159.3,"pdc0":185.0,"gamma_pdc":-0.005520000000000001,"gamma_r":-0.552}