{"Date":"10.04.2010","Version":"MM107","Technology":"Multi-c-Si","BIPV":"N","A_c":1.605,"N_s":60.0,"T_NOCT":45.8,"I_sc_ref":8.15,"V_oc_ref":36.9,"I_mp_ref":7.53,"V_mp_ref":30.55,"alpha_sc":0.00758,"beta_oc":-0.12841,"a_ref":1.6726,"I_L_ref":8.16,"I_o_ref":2.0800000000000003e-09,"R_s":0.192,"R_sh_ref":153.58,"Adjust":21.4,"PTC":205.9,"pdc0":230.0,"gamma_pdc":-0.004739999999999999,"gamma_r":-0.474}