{"Date":"10.04.2010","Version":"MM107","Technology":"Multi-c-Si","BIPV":"N","A_c":1.911,"N_s":72.0,"T_NOCT":46.9,"I_sc_ref":8.17,"V_oc_ref":44.7,"I_mp_ref":7.63,"V_mp_ref":36.75,"alpha_sc":0.01152,"beta_oc":-0.15958,"a_ref":2.0396,"I_L_ref":8.176,"I_o_ref":2.44e-09,"R_s":0.266,"R_sh_ref":376.74,"Adjust":19.3,"PTC":250.8,"pdc0":280.0,"gamma_pdc":-0.0045000000000000005,"gamma_r":-0.45}