{"Date":"10.04.2010","Version":"MM107","Technology":"Multi-c-Si","BIPV":"N","A_c":1.911,"N_s":72.0,"T_NOCT":46.9,"I_sc_ref":8.21,"V_oc_ref":44.3,"I_mp_ref":7.53,"V_mp_ref":36.5,"alpha_sc":0.011576000000000001,"beta_oc":-0.15815,"a_ref":2.0471,"I_L_ref":8.224,"I_o_ref":3.17e-09,"R_s":0.244,"R_sh_ref":145.73,"Adjust":21.9,"PTC":246.2,"pdc0":275.0,"gamma_pdc":-0.0045000000000000005,"gamma_r":-0.45}