{"Date":"10.04.2010","Version":"MM107","Technology":"Multi-c-Si","BIPV":"N","A_c":1.911,"N_s":72.0,"T_NOCT":48.6,"I_sc_ref":7.82,"V_oc_ref":44.6,"I_mp_ref":7.25,"V_mp_ref":35.85,"alpha_sc":0.008524,"beta_oc":-0.15521,"a_ref":1.9898,"I_L_ref":7.832999999999999,"I_o_ref":1.4099999999999999e-09,"R_s":0.418,"R_sh_ref":257.68,"Adjust":17.8,"PTC":229.4,"pdc0":260.0,"gamma_pdc":-0.0046500000000000005,"gamma_r":-0.465}