{"Date":"10.04.2010","Version":"MM107","Technology":"Multi-c-Si","BIPV":"N","A_c":0.9790000000000001,"N_s":36.0,"T_NOCT":48.6,"I_sc_ref":7.85,"V_oc_ref":21.8,"I_mp_ref":7.28,"V_mp_ref":17.87,"alpha_sc":0.013502000000000002,"beta_oc":-0.07717,"a_ref":1.0393,"I_L_ref":7.858,"I_o_ref":5.98e-09,"R_s":0.131,"R_sh_ref":136.55,"Adjust":29.8,"PTC":114.0,"pdc0":130.0,"gamma_pdc":-0.0048200000000000005,"gamma_r":-0.48200000000000004}