{"Date":"10.04.2010","Version":"MM107","Technology":"Multi-c-Si","BIPV":"N","A_c":0.7709999999999999,"N_s":54.0,"T_NOCT":47.5,"I_sc_ref":4.08,"V_oc_ref":33.35,"I_mp_ref":3.79,"V_mp_ref":27.7,"alpha_sc":0.005834000000000001,"beta_oc":-0.1264,"a_ref":1.5398,"I_L_ref":4.083,"I_o_ref":1.57e-09,"R_s":0.305,"R_sh_ref":371.66,"Adjust":14.6,"PTC":93.8,"pdc0":105.0,"gamma_pdc":-0.0044,"gamma_r":-0.44}