{"Date":"09.01.2010","Version":"MM107","Technology":"Multi-c-Si","BIPV":"N","A_c":1.605,"N_s":60.0,"T_NOCT":45.8,"I_sc_ref":7.98,"V_oc_ref":36.78,"I_mp_ref":7.4,"V_mp_ref":30.41,"alpha_sc":0.007421,"beta_oc":-0.12799000000000002,"a_ref":1.6617,"I_L_ref":7.989,"I_o_ref":1.9e-09,"R_s":0.203,"R_sh_ref":185.16,"Adjust":20.7,"PTC":201.3,"pdc0":225.0,"gamma_pdc":-0.004739999999999999,"gamma_r":-0.474}