{"Date":"01.04.2010","Version":"MM106","Technology":"Multi-c-Si","BIPV":"N","A_c":1.6340000000000001,"N_s":60.0,"T_NOCT":47.3,"I_sc_ref":8.4,"V_oc_ref":35.87,"I_mp_ref":7.48,"V_mp_ref":29.4,"alpha_sc":0.00449,"beta_oc":-0.12550999999999998,"a_ref":1.6322,"I_L_ref":8.433,"I_o_ref":2.23e-09,"R_s":0.223,"R_sh_ref":57.45,"Adjust":21.7,"PTC":194.0,"pdc0":220.0,"gamma_pdc":-0.00493,"gamma_r":-0.493}