{"Date":"12.01.2009","Version":"MM106","Technology":"Mono-c-Si","BIPV":"N","A_c":1.2790000000000001,"N_s":72.0,"T_NOCT":44.4,"I_sc_ref":5.15,"V_oc_ref":44.2,"I_mp_ref":4.78,"V_mp_ref":35.0,"alpha_sc":0.00243,"beta_oc":-0.16760999999999998,"a_ref":1.9431,"I_L_ref":5.159,"I_o_ref":6.69e-10,"R_s":0.765,"R_sh_ref":444.94,"Adjust":5.8,"PTC":151.8,"pdc0":170.0,"gamma_pdc":-0.00509,"gamma_r":-0.509}