{"Date":"05.04.2011","Version":"MM107","Technology":"Multi-c-Si","BIPV":"N","A_c":1.9680000000000002,"N_s":72.0,"T_NOCT":46.6,"I_sc_ref":7.88,"V_oc_ref":44.5,"I_mp_ref":7.26,"V_mp_ref":35.8,"alpha_sc":0.00394,"beta_oc":-0.14685,"a_ref":1.8669,"I_L_ref":7.901,"I_o_ref":3.39e-10,"R_s":0.44299999999999995,"R_sh_ref":164.97,"Adjust":11.3,"PTC":232.7,"pdc0":260.0,"gamma_pdc":-0.0045000000000000005,"gamma_r":-0.45}