{"Date":"06.09.2010","Version":"MM107","Technology":"Multi-c-Si","BIPV":"N","A_c":1.609,"N_s":60.0,"T_NOCT":43.6,"I_sc_ref":8.09,"V_oc_ref":36.6,"I_mp_ref":7.52,"V_mp_ref":29.3,"alpha_sc":0.002912,"beta_oc":-0.127,"a_ref":1.4545,"I_L_ref":8.107999999999999,"I_o_ref":9.32e-11,"R_s":0.397,"R_sh_ref":178.98,"Adjust":-4.7,"PTC":201.6,"pdc0":220.0,"gamma_pdc":-0.00417,"gamma_r":-0.41700000000000004}