{"Date":"3/29/2010","Version":"MM107","Technology":"Multi-c-Si","BIPV":"N","A_c":1.445,"N_s":54.0,"T_NOCT":47.8,"I_sc_ref":8.52,"V_oc_ref":33.4,"I_mp_ref":7.65,"V_mp_ref":26.8,"alpha_sc":0.004714,"beta_oc":-0.12662,"a_ref":1.5648,"I_L_ref":8.556000000000001,"I_o_ref":4.320000000000001e-09,"R_s":0.278,"R_sh_ref":64.95,"Adjust":18.3,"PTC":178.3,"pdc0":205.0,"gamma_pdc":-0.005370000000000001,"gamma_r":-0.537}