{"Date":"02.07.2011","Version":"MM107","Technology":"Multi-c-Si","BIPV":"N","A_c":1.6269999999999998,"N_s":60.0,"T_NOCT":46.3,"I_sc_ref":7.98,"V_oc_ref":36.6,"I_mp_ref":7.33,"V_mp_ref":30.0,"alpha_sc":0.003647,"beta_oc":-0.11309000000000001,"a_ref":1.5078,"I_L_ref":8.0,"I_o_ref":2.2e-10,"R_s":0.28300000000000003,"R_sh_ref":111.37,"Adjust":14.8,"PTC":198.5,"pdc0":220.0,"gamma_pdc":-0.00427,"gamma_r":-0.42700000000000005}