{"Date":"02.07.2011","Version":"MM107","Technology":"Multi-c-Si","BIPV":"N","A_c":1.94,"N_s":72.0,"T_NOCT":46.7,"I_sc_ref":7.75,"V_oc_ref":43.3,"I_mp_ref":7.06,"V_mp_ref":35.4,"alpha_sc":0.0031780000000000003,"beta_oc":-0.1312,"a_ref":1.7948,"I_L_ref":7.775,"I_o_ref":2.46e-10,"R_s":0.35700000000000004,"R_sh_ref":109.52,"Adjust":18.5,"PTC":224.3,"pdc0":250.0,"gamma_pdc":-0.00435,"gamma_r":-0.435}