{"Date":"07.01.2014","Version":"NRELv1","Technology":"Multi-c-Si","BIPV":"N","A_c":2.5639999999999996,"N_s":96.0,"T_NOCT":48.7,"I_sc_ref":8.27,"V_oc_ref":59.7,"I_mp_ref":7.75,"V_mp_ref":48.39,"alpha_sc":0.002061,"beta_oc":-0.20469,"a_ref":2.3967,"I_L_ref":8.28,"I_o_ref":1.2399999999999999e-10,"R_s":0.5379999999999999,"R_sh_ref":457.5,"Adjust":-1.224,"PTC":334.0,"pdc0":375.0,"gamma_pdc":-0.00436,"gamma_r":-0.436}