{"Date":"02.07.2011","Version":"MM107","Technology":"Multi-c-Si","BIPV":"N","A_c":1.609,"N_s":60.0,"T_NOCT":43.0,"I_sc_ref":7.95,"V_oc_ref":36.8,"I_mp_ref":7.47,"V_mp_ref":28.9,"alpha_sc":0.002838,"beta_oc":-0.13333,"a_ref":1.5981,"I_L_ref":7.952000000000001,"I_o_ref":7.920000000000001e-10,"R_s":0.452,"R_sh_ref":2192.87,"Adjust":8.5,"PTC":193.1,"pdc0":215.0,"gamma_pdc":-0.00521,"gamma_r":-0.521}