{"Date":"3/30/2011","Version":"MM107","Technology":"Multi-c-Si","BIPV":"N","A_c":1.921,"N_s":72.0,"T_NOCT":48.5,"I_sc_ref":8.06,"V_oc_ref":41.4,"I_mp_ref":7.0,"V_mp_ref":35.0,"alpha_sc":0.0032240000000000003,"beta_oc":-0.13248,"a_ref":1.8415,"I_L_ref":8.078,"I_o_ref":1.25e-09,"R_s":0.109,"R_sh_ref":48.35,"Adjust":27.7,"PTC":216.8,"pdc0":245.0,"gamma_pdc":-0.0045000000000000005,"gamma_r":-0.45}