{"Date":"3/30/2011","Version":"MM107","Technology":"Multi-c-Si","BIPV":"N","A_c":1.921,"N_s":72.0,"T_NOCT":48.5,"I_sc_ref":8.46,"V_oc_ref":43.8,"I_mp_ref":7.81,"V_mp_ref":36.5,"alpha_sc":0.0033840000000000003,"beta_oc":-0.14015999999999998,"a_ref":1.8532,"I_L_ref":8.472999999999999,"I_o_ref":4.4499999999999996e-10,"R_s":0.221,"R_sh_ref":147.58,"Adjust":16.8,"PTC":253.3,"pdc0":285.0,"gamma_pdc":-0.0045000000000000005,"gamma_r":-0.45}