{"Date":"3/30/2011","Version":"MM107","Technology":"Multi-c-Si","BIPV":"N","A_c":0.9890000000000001,"N_s":36.0,"T_NOCT":48.5,"I_sc_ref":9.1,"V_oc_ref":23.4,"I_mp_ref":7.78,"V_mp_ref":18.0,"alpha_sc":0.00364,"beta_oc":-0.07488,"a_ref":0.99,"I_L_ref":9.247,"I_o_ref":4.3900000000000003e-10,"R_s":0.326,"R_sh_ref":20.17,"Adjust":16.2,"PTC":124.2,"pdc0":140.0,"gamma_pdc":-0.0045000000000000005,"gamma_r":-0.45}