{"Date":"05.04.2011","Version":"MM107","Technology":"Mono-c-Si","BIPV":"N","A_c":1.2770000000000001,"N_s":72.0,"T_NOCT":45.8,"I_sc_ref":4.92,"V_oc_ref":43.99,"I_mp_ref":4.6,"V_mp_ref":35.85,"alpha_sc":0.002362,"beta_oc":-0.13153,"a_ref":1.8443,"I_L_ref":4.925,"I_o_ref":2.12e-10,"R_s":0.585,"R_sh_ref":527.23,"Adjust":22.9,"PTC":147.9,"pdc0":165.0,"gamma_pdc":-0.00458,"gamma_r":-0.45799999999999996}