{"Date":"05.04.2011","Version":"MM107","Technology":"Mono-c-Si","BIPV":"N","A_c":1.94,"N_s":72.0,"T_NOCT":46.7,"I_sc_ref":7.96,"V_oc_ref":44.07,"I_mp_ref":7.44,"V_mp_ref":36.29,"alpha_sc":0.005094,"beta_oc":-0.14190999999999998,"a_ref":1.9084,"I_L_ref":7.9670000000000005,"I_o_ref":7.330000000000001e-10,"R_s":0.289,"R_sh_ref":328.82,"Adjust":21.1,"PTC":240.7,"pdc0":270.0,"gamma_pdc":-0.0046700000000000005,"gamma_r":-0.467}