{"Date":"07.01.2014","Version":"NRELv1","Technology":"Mono-c-Si","BIPV":"N","A_c":2.5639999999999996,"N_s":96.0,"T_NOCT":48.3,"I_sc_ref":9.04,"V_oc_ref":60.45,"I_mp_ref":8.56,"V_mp_ref":48.49,"alpha_sc":0.000944,"beta_oc":-0.21979,"a_ref":2.438,"I_L_ref":9.04,"I_o_ref":1.54e-10,"R_s":0.56,"R_sh_ref":18851.5,"Adjust":-5.773,"PTC":368.6,"pdc0":415.0,"gamma_pdc":-0.00466,"gamma_r":-0.466}