{"Date":"05.04.2011","Version":"MM107","Technology":"Mono-c-Si","BIPV":"N","A_c":1.9680000000000002,"N_s":72.0,"T_NOCT":46.4,"I_sc_ref":7.88,"V_oc_ref":44.5,"I_mp_ref":7.26,"V_mp_ref":35.8,"alpha_sc":0.004728,"beta_oc":-0.14685,"a_ref":1.9019,"I_L_ref":7.9,"I_o_ref":5.269999999999999e-10,"R_s":0.433,"R_sh_ref":170.57,"Adjust":15.2,"PTC":232.3,"pdc0":260.0,"gamma_pdc":-0.0046,"gamma_r":-0.46}