{"Date":"05.04.2011","Version":"MM107","Technology":"Mono-c-Si","BIPV":"N","A_c":1.903,"N_s":72.0,"T_NOCT":46.8,"I_sc_ref":7.8,"V_oc_ref":36.4,"I_mp_ref":7.22,"V_mp_ref":29.1,"alpha_sc":0.007784,"beta_oc":-0.13355,"a_ref":1.5818,"I_L_ref":7.816,"I_o_ref":7.729999999999999e-10,"R_s":0.379,"R_sh_ref":185.88,"Adjust":6.4,"PTC":187.5,"pdc0":210.0,"gamma_pdc":-0.00439,"gamma_r":-0.439}