{"Date":"07.01.2014","Version":"NRELv1","Technology":"Mono-c-Si","BIPV":"N","A_c":2.5639999999999996,"N_s":96.0,"T_NOCT":48.3,"I_sc_ref":8.95,"V_oc_ref":60.32,"I_mp_ref":8.47,"V_mp_ref":48.41,"alpha_sc":0.0009339999999999999,"beta_oc":-0.21932,"a_ref":2.4342,"I_L_ref":8.951,"I_o_ref":1.55e-10,"R_s":0.561,"R_sh_ref":5880.07,"Adjust":-5.666,"PTC":364.0,"pdc0":410.0,"gamma_pdc":-0.00466,"gamma_r":-0.466}