{"Date":"07.06.2011","Version":"MM107","Technology":"Mono-c-Si","BIPV":"N","A_c":2.5639999999999996,"N_s":96.0,"T_NOCT":47.7,"I_sc_ref":8.6,"V_oc_ref":60.38,"I_mp_ref":8.1,"V_mp_ref":50.06,"alpha_sc":0.0037840000000000005,"beta_oc":-0.22208000000000003,"a_ref":2.7465,"I_L_ref":8.602,"I_o_ref":2.42e-09,"R_s":0.28600000000000003,"R_sh_ref":1384.71,"Adjust":16.2,"PTC":354.6,"pdc0":405.0,"gamma_pdc":-0.00529,"gamma_r":-0.529}