{"Date":"05.04.2011","Version":"MM107","Technology":"Mono-c-Si","BIPV":"N","A_c":1.94,"N_s":72.0,"T_NOCT":46.7,"I_sc_ref":7.82,"V_oc_ref":43.92,"I_mp_ref":7.31,"V_mp_ref":35.57,"alpha_sc":0.005005,"beta_oc":-0.14142000000000002,"a_ref":1.8834,"I_L_ref":7.827999999999999,"I_o_ref":5.75e-10,"R_s":0.39,"R_sh_ref":375.26,"Adjust":18.9,"PTC":231.6,"pdc0":260.0,"gamma_pdc":-0.0046700000000000005,"gamma_r":-0.467}