{"Date":"10/20/2011","Version":"NRELv1","Technology":"Mono-c-Si","BIPV":"N","A_c":1.9369999999999998,"N_s":72.0,"T_NOCT":46.3,"I_sc_ref":9.06,"V_oc_ref":45.0,"I_mp_ref":8.47,"V_mp_ref":36.6,"alpha_sc":0.006362,"beta_oc":-0.17001,"a_ref":1.9043,"I_L_ref":9.07,"I_o_ref":4.87e-10,"R_s":0.33,"R_sh_ref":305.81,"Adjust":-1.239,"PTC":280.4,"pdc0":310.0,"gamma_pdc":-0.00433,"gamma_r":-0.433}