{"Date":"07.01.2014","Version":"NRELv1","Technology":"Mono-c-Si","BIPV":"N","A_c":2.5639999999999996,"N_s":96.0,"T_NOCT":51.4,"I_sc_ref":9.12,"V_oc_ref":60.65,"I_mp_ref":8.62,"V_mp_ref":48.73,"alpha_sc":0.00456,"beta_oc":-0.21834,"a_ref":2.6032,"I_L_ref":9.22,"I_o_ref":6.93e-10,"R_s":0.507,"R_sh_ref":536.93,"Adjust":6.776,"PTC":365.3,"pdc0":420.0,"gamma_pdc":-0.0048,"gamma_r":-0.48}