{"Date":"05.04.2011","Version":"MM107","Technology":"Mono-c-Si","BIPV":"N","A_c":1.9680000000000002,"N_s":72.0,"T_NOCT":46.4,"I_sc_ref":8.71,"V_oc_ref":44.8,"I_mp_ref":8.19,"V_mp_ref":36.0,"alpha_sc":0.005226,"beta_oc":-0.14784,"a_ref":1.8906,"I_L_ref":8.715,"I_o_ref":4.4299999999999997e-10,"R_s":0.402,"R_sh_ref":728.38,"Adjust":12.6,"PTC":264.5,"pdc0":295.0,"gamma_pdc":-0.0046,"gamma_r":-0.46}