{"Date":"9/18/2014","Version":"NRELv1","Technology":"Mono-c-Si","BIPV":"N","A_c":1.62,"N_s":60.0,"T_NOCT":48.1,"I_sc_ref":9.01,"V_oc_ref":37.99,"I_mp_ref":8.49,"V_mp_ref":30.63,"alpha_sc":0.0045049999999999995,"beta_oc":-0.13069,"a_ref":1.5933,"I_L_ref":9.014,"I_o_ref":3.9600000000000003e-10,"R_s":0.318,"R_sh_ref":810.39,"Adjust":6.986000000000001,"PTC":231.5,"pdc0":260.0,"gamma_pdc":-0.0046,"gamma_r":-0.46}