{"Date":"05.04.2011","Version":"MM107","Technology":"Mono-c-Si","BIPV":"N","A_c":1.94,"N_s":72.0,"T_NOCT":46.7,"I_sc_ref":8.04,"V_oc_ref":44.14,"I_mp_ref":7.52,"V_mp_ref":36.58,"alpha_sc":0.005146,"beta_oc":-0.14213,"a_ref":1.9173,"I_L_ref":8.046,"I_o_ref":7.939999999999999e-10,"R_s":0.25,"R_sh_ref":330.6,"Adjust":21.8,"PTC":245.3,"pdc0":275.0,"gamma_pdc":-0.0046700000000000005,"gamma_r":-0.467}