{"Date":"05.04.2011","Version":"MM107","Technology":"Mono-c-Si","BIPV":"N","A_c":1.94,"N_s":72.0,"T_NOCT":46.9,"I_sc_ref":7.71,"V_oc_ref":43.77,"I_mp_ref":7.21,"V_mp_ref":34.71,"alpha_sc":0.005012,"beta_oc":-0.1335,"a_ref":1.8493,"I_L_ref":7.718999999999999,"I_o_ref":4.0099999999999996e-10,"R_s":0.517,"R_sh_ref":468.08,"Adjust":22.1,"PTC":222.1,"pdc0":250.0,"gamma_pdc":-0.00468,"gamma_r":-0.46799999999999997}