{"Date":"02.11.2010","Version":"MM107","Technology":"Mono-c-Si","BIPV":"N","A_c":1.2770000000000001,"N_s":72.0,"T_NOCT":45.8,"I_sc_ref":5.15,"V_oc_ref":44.3,"I_mp_ref":4.8,"V_mp_ref":35.4,"alpha_sc":0.003708,"beta_oc":-0.19669,"a_ref":2.0417,"I_L_ref":5.155,"I_o_ref":1.92e-09,"R_s":0.6509999999999999,"R_sh_ref":714.49,"Adjust":-1.9,"PTC":150.1,"pdc0":170.0,"gamma_pdc":-0.00522,"gamma_r":-0.522}