{"Date":"05.04.2011","Version":"MM107","Technology":"Mono-c-Si","BIPV":"N","A_c":1.2770000000000001,"N_s":72.0,"T_NOCT":45.8,"I_sc_ref":5.1,"V_oc_ref":44.71,"I_mp_ref":4.77,"V_mp_ref":37.22,"alpha_sc":0.002448,"beta_oc":-0.13368,"a_ref":1.8968,"I_L_ref":5.104,"I_o_ref":2.9000000000000003e-10,"R_s":0.381,"R_sh_ref":472.77,"Adjust":25.7,"PTC":161.7,"pdc0":180.0,"gamma_pdc":-0.00458,"gamma_r":-0.45799999999999996}