{"Date":"05.04.2011","Version":"MM107","Technology":"Mono-c-Si","BIPV":"N","A_c":1.903,"N_s":72.0,"T_NOCT":46.1,"I_sc_ref":5.32,"V_oc_ref":45.2,"I_mp_ref":5.11,"V_mp_ref":36.2,"alpha_sc":0.00282,"beta_oc":-0.15549000000000002,"a_ref":1.8898,"I_L_ref":5.406000000000001,"I_o_ref":2.22e-10,"R_s":0.6859999999999999,"R_sh_ref":100000.0,"Adjust":6.2,"PTC":164.5,"pdc0":185.0,"gamma_pdc":-0.0046,"gamma_r":-0.46}