{"Date":"05.04.2011","Version":"MM107","Technology":"Mono-c-Si","BIPV":"N","A_c":1.903,"N_s":72.0,"T_NOCT":46.1,"I_sc_ref":5.01,"V_oc_ref":58.8,"I_mp_ref":4.68,"V_mp_ref":47.0,"alpha_sc":0.0026550000000000002,"beta_oc":-0.20227,"a_ref":2.4739,"I_L_ref":5.016,"I_o_ref":2.35e-10,"R_s":0.985,"R_sh_ref":777.07,"Adjust":7.4,"PTC":196.3,"pdc0":220.0,"gamma_pdc":-0.0046,"gamma_r":-0.46}