{"Date":"05.04.2011","Version":"MM107","Technology":"Mono-c-Si","BIPV":"N","A_c":1.903,"N_s":72.0,"T_NOCT":46.1,"I_sc_ref":5.43,"V_oc_ref":59.5,"I_mp_ref":5.06,"V_mp_ref":48.4,"alpha_sc":0.002878,"beta_oc":-0.20468,"a_ref":2.5329,"I_L_ref":5.437,"I_o_ref":3.3500000000000003e-10,"R_s":0.722,"R_sh_ref":545.62,"Adjust":9.8,"PTC":219.1,"pdc0":245.0,"gamma_pdc":-0.0046,"gamma_r":-0.46}