{"Date":"05.04.2011","Version":"MM107","Technology":"Mono-c-Si","BIPV":"N","A_c":1.903,"N_s":72.0,"T_NOCT":46.8,"I_sc_ref":7.9,"V_oc_ref":36.6,"I_mp_ref":7.34,"V_mp_ref":29.3,"alpha_sc":0.007884,"beta_oc":-0.13429000000000002,"a_ref":1.5879,"I_L_ref":7.912999999999999,"I_o_ref":7.570000000000001e-10,"R_s":0.37,"R_sh_ref":226.15,"Adjust":6.1,"PTC":192.1,"pdc0":215.0,"gamma_pdc":-0.00439,"gamma_r":-0.439}