{"Date":"02.07.2011","Version":"MM107","Technology":"Mono-c-Si","BIPV":"N","A_c":2.5639999999999996,"N_s":96.0,"T_NOCT":47.7,"I_sc_ref":8.36,"V_oc_ref":59.32,"I_mp_ref":7.86,"V_mp_ref":47.56,"alpha_sc":0.003684,"beta_oc":-0.21781999999999999,"a_ref":2.6465,"I_L_ref":8.362,"I_o_ref":1.54e-09,"R_s":0.534,"R_sh_ref":2201.38,"Adjust":12.4,"PTC":341.0,"pdc0":390.0,"gamma_pdc":-0.00529,"gamma_r":-0.529}