{"Date":"05.04.2011","Version":"MM107","Technology":"Mono-c-Si","BIPV":"N","A_c":1.903,"N_s":72.0,"T_NOCT":46.1,"I_sc_ref":5.57,"V_oc_ref":59.7,"I_mp_ref":5.2,"V_mp_ref":49.0,"alpha_sc":0.0029519999999999998,"beta_oc":-0.20536999999999997,"a_ref":2.5522,"I_L_ref":5.5760000000000005,"I_o_ref":3.8e-10,"R_s":0.608,"R_sh_ref":574.31,"Adjust":10.7,"PTC":228.3,"pdc0":255.0,"gamma_pdc":-0.0046,"gamma_r":-0.46}