{"Date":"05.04.2011","Version":"MM107","Technology":"Mono-c-Si","BIPV":"N","A_c":1.9680000000000002,"N_s":72.0,"T_NOCT":46.4,"I_sc_ref":8.28,"V_oc_ref":44.5,"I_mp_ref":7.68,"V_mp_ref":35.8,"alpha_sc":0.004968,"beta_oc":-0.14685,"a_ref":1.8936,"I_L_ref":8.296,"I_o_ref":5.04e-10,"R_s":0.413,"R_sh_ref":218.19,"Adjust":14.3,"PTC":246.1,"pdc0":275.0,"gamma_pdc":-0.0046,"gamma_r":-0.46}