{"Date":"07.01.2014","Version":"NRELv1","Technology":"Mono-c-Si","BIPV":"N","A_c":1.62,"N_s":60.0,"T_NOCT":48.1,"I_sc_ref":8.91,"V_oc_ref":37.69,"I_mp_ref":8.39,"V_mp_ref":30.4,"alpha_sc":0.004455,"beta_oc":-0.12965,"a_ref":1.5817,"I_L_ref":8.914,"I_o_ref":3.9699999999999997e-10,"R_s":0.318,"R_sh_ref":690.1,"Adjust":7.109,"PTC":226.9,"pdc0":255.0,"gamma_pdc":-0.0046,"gamma_r":-0.46}