{"Date":"02.07.2011","Version":"MM107","Technology":"Mono-c-Si","BIPV":"N","A_c":2.5639999999999996,"N_s":96.0,"T_NOCT":47.7,"I_sc_ref":8.36,"V_oc_ref":59.54,"I_mp_ref":7.86,"V_mp_ref":49.03,"alpha_sc":0.003684,"beta_oc":-0.21863000000000002,"a_ref":2.6994,"I_L_ref":8.363,"I_o_ref":2.1899999999999997e-09,"R_s":0.34,"R_sh_ref":1090.43,"Adjust":15.7,"PTC":336.4,"pdc0":385.0,"gamma_pdc":-0.00529,"gamma_r":-0.529}