{"Date":"05.04.2011","Version":"MM107","Technology":"Mono-c-Si","BIPV":"N","A_c":1.69,"N_s":96.0,"T_NOCT":46.9,"I_sc_ref":5.05,"V_oc_ref":59.04,"I_mp_ref":4.72,"V_mp_ref":49.72,"alpha_sc":0.003283,"beta_oc":-0.18007,"a_ref":2.5823,"I_L_ref":5.053,"I_o_ref":5.83e-10,"R_s":0.33799999999999997,"R_sh_ref":612.95,"Adjust":30.3,"PTC":209.2,"pdc0":235.0,"gamma_pdc":-0.00468,"gamma_r":-0.46799999999999997}