{"Date":"05.04.2011","Version":"MM107","Technology":"Mono-c-Si","BIPV":"N","A_c":1.903,"N_s":72.0,"T_NOCT":46.8,"I_sc_ref":8.24,"V_oc_ref":37.0,"I_mp_ref":7.69,"V_mp_ref":29.9,"alpha_sc":0.008223999999999999,"beta_oc":-0.13575,"a_ref":1.6098,"I_L_ref":8.249,"I_o_ref":8.47e-10,"R_s":0.315,"R_sh_ref":282.81,"Adjust":6.7,"PTC":205.8,"pdc0":230.0,"gamma_pdc":-0.00439,"gamma_r":-0.439}