{"Date":"01.04.2010","Version":"MM106","Technology":"Multi-c-Si","BIPV":"N","A_c":1.639,"N_s":60.0,"T_NOCT":47.3,"I_sc_ref":8.59,"V_oc_ref":37.8,"I_mp_ref":7.96,"V_mp_ref":29.72,"alpha_sc":0.0037799999999999995,"beta_oc":-0.11945,"a_ref":1.5072,"I_L_ref":8.613999999999999,"I_o_ref":1.08e-10,"R_s":0.462,"R_sh_ref":164.9,"Adjust":5.3,"PTC":211.4,"pdc0":235.0,"gamma_pdc":-0.00424,"gamma_r":-0.424}