{"Date":"10/20/2009","Version":"MM106","Technology":"Multi-c-Si","BIPV":"N","A_c":1.6369999999999998,"N_s":60.0,"T_NOCT":49.5,"I_sc_ref":8.28,"V_oc_ref":37.0,"I_mp_ref":6.97,"V_mp_ref":30.03,"alpha_sc":0.010019,"beta_oc":-0.13172,"a_ref":1.9284,"I_L_ref":8.332,"I_o_ref":3.35e-08,"R_s":0.20800000000000002,"R_sh_ref":33.14,"Adjust":49.6,"PTC":178.8,"pdc0":210.0,"gamma_pdc":-0.005579999999999999,"gamma_r":-0.5579999999999999}