{"Date":"10/20/2009","Version":"MM106","Technology":"Multi-c-Si","BIPV":"N","A_c":1.6369999999999998,"N_s":60.0,"T_NOCT":49.5,"I_sc_ref":8.34,"V_oc_ref":36.96,"I_mp_ref":7.36,"V_mp_ref":29.28,"alpha_sc":0.010091,"beta_oc":-0.13158,"a_ref":1.8319999999999999,"I_L_ref":8.391,"I_o_ref":1.3400000000000001e-08,"R_s":0.34700000000000003,"R_sh_ref":57.02,"Adjust":38.1,"PTC":183.2,"pdc0":215.0,"gamma_pdc":-0.005579999999999999,"gamma_r":-0.5579999999999999}