{"Date":"10/20/2009","Version":"MM106","Technology":"Multi-c-Si","BIPV":"N","A_c":1.6369999999999998,"N_s":60.0,"T_NOCT":49.5,"I_sc_ref":8.05,"V_oc_ref":36.55,"I_mp_ref":6.96,"V_mp_ref":28.8,"alpha_sc":0.009741,"beta_oc":-0.13012,"a_ref":1.8313,"I_L_ref":8.119,"I_o_ref":1.57e-08,"R_s":0.37799999999999995,"R_sh_ref":44.05,"Adjust":40.4,"PTC":170.0,"pdc0":200.0,"gamma_pdc":-0.005579999999999999,"gamma_r":-0.5579999999999999}