{"Date":"01.04.2010","Version":"MM106","Technology":"Multi-c-Si","BIPV":"N","A_c":1.639,"N_s":60.0,"T_NOCT":47.3,"I_sc_ref":8.91,"V_oc_ref":37.6,"I_mp_ref":7.96,"V_mp_ref":28.9,"alpha_sc":0.00392,"beta_oc":-0.11882000000000001,"a_ref":1.5101,"I_L_ref":8.993,"I_o_ref":1.28e-10,"R_s":0.544,"R_sh_ref":58.33,"Adjust":6.6,"PTC":206.8,"pdc0":230.0,"gamma_pdc":-0.00424,"gamma_r":-0.424}