{"Date":"01.04.2010","Version":"MM106","Technology":"Multi-c-Si","BIPV":"N","A_c":1.639,"N_s":60.0,"T_NOCT":47.3,"I_sc_ref":8.29,"V_oc_ref":37.1,"I_mp_ref":8.06,"V_mp_ref":29.8,"alpha_sc":0.0036479999999999998,"beta_oc":-0.11724000000000001,"a_ref":1.4776,"I_L_ref":8.504,"I_o_ref":1.06e-10,"R_s":0.364,"R_sh_ref":100000.0,"Adjust":5.2,"PTC":216.0,"pdc0":240.0,"gamma_pdc":-0.00424,"gamma_r":-0.424}