{"Date":"10/20/2009","Version":"MM106","Technology":"Mono-c-Si","BIPV":"N","A_c":1.29,"N_s":72.0,"T_NOCT":49.9,"I_sc_ref":5.13,"V_oc_ref":44.22,"I_mp_ref":4.61,"V_mp_ref":34.78,"alpha_sc":0.006207,"beta_oc":-0.17246,"a_ref":2.0293,"I_L_ref":5.1579999999999995,"I_o_ref":1.6699999999999998e-09,"R_s":0.8029999999999999,"R_sh_ref":147.65,"Adjust":10.1,"PTC":139.7,"pdc0":160.0,"gamma_pdc":-0.0046500000000000005,"gamma_r":-0.465}