{"Date":"10/20/2009","Version":"MM106","Technology":"Mono-c-Si","BIPV":"N","A_c":1.29,"N_s":72.0,"T_NOCT":49.9,"I_sc_ref":5.05,"V_oc_ref":44.34,"I_mp_ref":4.64,"V_mp_ref":35.76,"alpha_sc":0.006111,"beta_oc":-0.17293,"a_ref":2.0381,"I_L_ref":5.061,"I_o_ref":1.75e-09,"R_s":0.59,"R_sh_ref":270.86,"Adjust":10.6,"PTC":144.2,"pdc0":165.0,"gamma_pdc":-0.0046500000000000005,"gamma_r":-0.465}