{"Date":"10/20/2009","Version":"MM106","Technology":"Mono-c-Si","BIPV":"N","A_c":1.29,"N_s":72.0,"T_NOCT":49.9,"I_sc_ref":5.13,"V_oc_ref":44.66,"I_mp_ref":4.76,"V_mp_ref":36.03,"alpha_sc":0.006207,"beta_oc":-0.17417,"a_ref":2.0406,"I_L_ref":5.1370000000000005,"I_o_ref":1.58e-09,"R_s":0.586,"R_sh_ref":434.13,"Adjust":9.5,"PTC":148.7,"pdc0":170.0,"gamma_pdc":-0.0046500000000000005,"gamma_r":-0.465}