{"Date":"1/14/2013","Version":"NRELv1","Technology":"Multi-c-Si","BIPV":"N","A_c":1.621,"N_s":60.0,"T_NOCT":46.0,"I_sc_ref":7.75,"V_oc_ref":36.0,"I_mp_ref":6.97,"V_mp_ref":28.7,"alpha_sc":0.005425,"beta_oc":-0.12816,"a_ref":1.5398,"I_L_ref":7.792000000000001,"I_o_ref":5.12e-10,"R_s":0.402,"R_sh_ref":73.43,"Adjust":6.742000000000001,"PTC":179.9,"pdc0":200.0,"gamma_pdc":-0.00436,"gamma_r":-0.436}