{"Date":"6/14/2011","Version":"MM107","Technology":"Multi-c-Si","BIPV":"N","A_c":1.5719999999999998,"N_s":60.0,"T_NOCT":46.0,"I_sc_ref":8.53,"V_oc_ref":37.5,"I_mp_ref":7.93,"V_mp_ref":30.9,"alpha_sc":0.004265,"beta_oc":-0.11625,"a_ref":1.5809,"I_L_ref":8.542,"I_o_ref":4.1599999999999996e-10,"R_s":0.23800000000000002,"R_sh_ref":173.81,"Adjust":19.7,"PTC":220.9,"pdc0":245.0,"gamma_pdc":-0.0045000000000000005,"gamma_r":-0.45}