{"Date":"07.06.2011","Version":"MM107","Technology":"Multi-c-Si","BIPV":"N","A_c":1.455,"N_s":72.0,"T_NOCT":46.6,"I_sc_ref":8.53,"V_oc_ref":45.2,"I_mp_ref":7.93,"V_mp_ref":37.2,"alpha_sc":0.006823999999999999,"beta_oc":-0.15805999999999998,"a_ref":1.9469999999999998,"I_L_ref":8.541,"I_o_ref":6.900000000000001e-10,"R_s":0.28300000000000003,"R_sh_ref":221.56,"Adjust":10.1,"PTC":268.3,"pdc0":295.0,"gamma_pdc":-0.00436,"gamma_r":-0.436}