{"Date":"08.10.2011","Version":"MM107","Technology":"Mono-c-Si","BIPV":"N","A_c":1.526,"N_s":60.0,"T_NOCT":46.0,"I_sc_ref":8.42,"V_oc_ref":36.5,"I_mp_ref":7.74,"V_mp_ref":29.7,"alpha_sc":0.005742000000000001,"beta_oc":-0.14731,"a_ref":1.5702,"I_L_ref":8.44,"I_o_ref":6.53e-10,"R_s":0.281,"R_sh_ref":117.18,"Adjust":-4.9,"PTC":207.7,"pdc0":230.0,"gamma_pdc":-0.00436,"gamma_r":-0.436}