{"Date":"07.06.2011","Version":"MM107","Technology":"Mono-c-Si","BIPV":"N","A_c":1.455,"N_s":72.0,"T_NOCT":45.9,"I_sc_ref":8.45,"V_oc_ref":44.0,"I_mp_ref":7.78,"V_mp_ref":36.0,"alpha_sc":0.004724,"beta_oc":-0.16297999999999999,"a_ref":1.8643,"I_L_ref":8.469,"I_o_ref":4.59e-10,"R_s":0.317,"R_sh_ref":142.86,"Adjust":0.9,"PTC":255.0,"pdc0":280.0,"gamma_pdc":-0.004370000000000001,"gamma_r":-0.43700000000000006}