{"Date":"07.06.2011","Version":"MM107","Technology":"Mono-c-Si","BIPV":"N","A_c":1.6380000000000001,"N_s":96.0,"T_NOCT":46.2,"I_sc_ref":5.82,"V_oc_ref":60.0,"I_mp_ref":5.38,"V_mp_ref":41.88,"alpha_sc":0.003783,"beta_oc":-0.21864,"a_ref":2.3149,"I_L_ref":5.827999999999999,"I_o_ref":3.2100000000000004e-11,"R_s":2.235,"R_sh_ref":1685.97,"Adjust":-14.9,"PTC":230.5,"pdc0":255.0,"gamma_pdc":-0.00434,"gamma_r":-0.434}