{"Date":"7/13/2012","Version":"NRELv1","Technology":"Mono-c-Si","BIPV":"N","A_c":1.9469999999999998,"N_s":72.0,"T_NOCT":45.5,"I_sc_ref":8.56,"V_oc_ref":45.6,"I_mp_ref":7.98,"V_mp_ref":37.6,"alpha_sc":0.005804,"beta_oc":-0.18053,"a_ref":1.979,"I_L_ref":8.568999999999999,"I_o_ref":8.26e-10,"R_s":0.27,"R_sh_ref":263.79,"Adjust":-1.176,"PTC":271.2,"pdc0":300.0,"gamma_pdc":-0.00448,"gamma_r":-0.44799999999999995}