{"Vac":240.0,"Paco":190.0,"Pdco":200.046,"Vdco":32.5,"Pso":0.512116,"C0":-2.28007e-05,"C1":-0.0006438430000000001,"C2":-0.0406543,"C3":-0.29937600000000003,"Pnt":0.03,"Vdcmax":40.0,"Mppt_low":22.0,"Mppt_high":40.0}