{"Vac":240.0,"Paco":190.0,"Pdco":200.743,"Vdco":32.0,"Pso":0.675574,"C0":-7.18731e-05,"C1":-0.0007783760000000001,"C2":-0.00133632,"C3":-0.074336,"Pnt":0.01,"Vdcmax":40.0,"Mppt_low":22.0,"Mppt_high":40.0}