{"Date":"11.12.2009","Version":"MM106","Technology":"Mono-c-Si","BIPV":"N","A_c":1.632,"N_s":72.0,"T_NOCT":47.8,"I_sc_ref":8.39,"V_oc_ref":37.3,"I_mp_ref":7.45,"V_mp_ref":31.73,"alpha_sc":0.0037340000000000003,"beta_oc":-0.14845,"a_ref":1.8612,"I_L_ref":8.392000000000001,"I_o_ref":1.54e-08,"R_s":0.011000000000000001,"R_sh_ref":59.49,"Adjust":25.5,"PTC":207.6,"pdc0":240.0,"gamma_pdc":-0.00561,"gamma_r":-0.561}