{"Vac":240.0,"Paco":10000.0,"Pdco":10285.8,"Vdco":379.0,"Pso":20.4223,"C0":-2.4704499999999998e-06,"C1":1.73873e-06,"C2":0.0007837030000000001,"C3":-0.000137572,"Pnt":0.14,"Vdcmax":480.0,"Mppt_low":100.0,"Mppt_high":480.0}