{"Vac":240.0,"Paco":11100.0,"Pdco":11449.3,"Vdco":379.0,"Pso":21.3636,"C0":-2.61504e-06,"C1":-1.23417e-05,"C2":0.00171831,"C3":-0.00136778,"Pnt":0.14,"Vdcmax":480.0,"Mppt_low":345.0,"Mppt_high":480.0}