{"Vac":208.0,"Paco":2030.0,"Pdco":2100.08,"Vdco":400.0,"Pso":8.87765,"C0":-1.26248e-05,"C1":-5.13384e-05,"C2":-0.00253096,"C3":-0.00113528,"Pnt":0.0,"Vdcmax":480.0,"Mppt_low":100.0,"Mppt_high":480.0}