{"Vac":240.0,"Paco":2050.0,"Pdco":2108.52,"Vdco":400.0,"Pso":10.5345,"C0":-9.69353e-06,"C1":-4.5857700000000006e-05,"C2":-0.00164069,"C3":-0.00122366,"Pnt":0.0,"Vdcmax":480.0,"Mppt_low":100.0,"Mppt_high":480.0}