{"Vac":240.0,"Paco":2530.0,"Pdco":2620.36,"Vdco":415.0,"Pso":15.4278,"C0":-8.55649e-06,"C1":-3.2959e-05,"C2":0.00013154,"C3":-0.00045727800000000004,"Pnt":1.12,"Vdcmax":480.0,"Mppt_low":100.0,"Mppt_high":480.0}