{"Vac":208.0,"Paco":2530.0,"Pdco":2627.38,"Vdco":415.0,"Pso":11.3579,"C0":-1.05079e-05,"C1":-3.85391e-05,"C2":-0.000674885,"C3":-0.00096145,"Pnt":1.1,"Vdcmax":480.0,"Mppt_low":100.0,"Mppt_high":480.0}