{"Vac":240.0,"Paco":3040.0,"Pdco":3135.79,"Vdco":365.0,"Pso":27.8476,"C0":-4.31642e-06,"C1":-3.95161e-05,"C2":0.00124065,"C3":0.00043255199999999995,"Pnt":5.39,"Vdcmax":480.0,"Mppt_low":155.0,"Mppt_high":480.0}