{"Vac":208.0,"Paco":3000.0,"Pdco":3194.19,"Vdco":250.0,"Pso":14.5332,"C0":-1.20475e-05,"C1":2.9053600000000003e-05,"C2":0.000753604,"C3":-0.000108065,"Pnt":0.08,"Vdcmax":400.0,"Mppt_low":100.0,"Mppt_high":400.0}