{"Vac":240.0,"Paco":3050.0,"Pdco":3136.65,"Vdco":400.0,"Pso":19.4897,"C0":-3.5675199999999994e-06,"C1":-4.1475e-05,"C2":2.41025e-05,"C3":-0.00166878,"Pnt":0.49,"Vdcmax":480.0,"Mppt_low":100.0,"Mppt_high":480.0}