{"Vac":208.0,"Paco":3010.0,"Pdco":3147.75,"Vdco":415.0,"Pso":11.644,"C0":-1.12425e-05,"C1":-4.74083e-05,"C2":-0.00171491,"C3":-0.00134091,"Pnt":0.9,"Vdcmax":480.0,"Mppt_low":100.0,"Mppt_high":480.0}