{"Vac":208.0,"Paco":3030.0,"Pdco":3137.28,"Vdco":365.0,"Pso":26.8855,"C0":-5.714460000000001e-06,"C1":-3.34159e-05,"C2":0.00166103,"C3":0.00039630599999999997,"Pnt":5.36,"Vdcmax":480.0,"Mppt_low":155.0,"Mppt_high":480.0}