{"Vac":240.0,"Paco":3300.0,"Pdco":3503.0,"Vdco":250.0,"Pso":22.4775,"C0":-7.2621e-06,"C1":3.98106e-05,"C2":0.00139393,"C3":-0.00017533099999999998,"Pnt":0.16,"Vdcmax":400.0,"Mppt_low":100.0,"Mppt_high":400.0}