{"Vac":208.0,"Paco":3850.0,"Pdco":3980.44,"Vdco":400.0,"Pso":19.4713,"C0":-3.7744199999999995e-06,"C1":-3.77441e-05,"C2":0.000536945,"C3":-0.00101647,"Pnt":0.53,"Vdcmax":480.0,"Mppt_low":100.0,"Mppt_high":480.0}