{"Vac":240.0,"Paco":3850.0,"Pdco":3964.41,"Vdco":400.0,"Pso":17.8856,"C0":-3.0813799999999997e-06,"C1":-4.75529e-05,"C2":0.000123809,"C3":-0.0016321999999999999,"Pnt":0.49,"Vdcmax":480.0,"Mppt_low":100.0,"Mppt_high":480.0}