{"Vac":208.0,"Paco":3500.0,"Pdco":3768.26,"Vdco":235.0,"Pso":18.2022,"C0":-1.04224e-05,"C1":3.91517e-05,"C2":0.00213065,"C3":2.15889e-05,"Pnt":0.161,"Vdcmax":400.0,"Mppt_low":100.0,"Mppt_high":400.0}