{"Vac":208.0,"Paco":3600.0,"Pdco":3723.05,"Vdco":365.0,"Pso":26.9,"C0":-4.1933e-06,"C1":-2.6141799999999998e-05,"C2":0.00161768,"C3":-0.000554178,"Pnt":5.36,"Vdcmax":480.0,"Mppt_low":195.0,"Mppt_high":480.0}