{"Vac":240.0,"Paco":4050.0,"Pdco":4243.39,"Vdco":310.0,"Pso":23.5633,"C0":-6.1938e-06,"C1":2.02004e-05,"C2":0.00125875,"C3":-0.00023726400000000002,"Pnt":0.08,"Vdcmax":480.0,"Mppt_low":100.0,"Mppt_high":480.0}