{"Vac":240.0,"Paco":3850.0,"Pdco":3966.54,"Vdco":365.0,"Pso":25.5431,"C0":-2.90205e-06,"C1":-4.07115e-05,"C2":0.00100306,"C3":-0.00208739,"Pnt":5.39,"Vdcmax":480.0,"Mppt_low":195.0,"Mppt_high":480.0}