{"Vac":208.0,"Paco":4050.0,"Pdco":4191.89,"Vdco":400.0,"Pso":20.7362,"C0":-4.2955199999999995e-06,"C1":-4.07748e-05,"C2":0.000713749,"C3":-0.00084242,"Pnt":0.53,"Vdcmax":480.0,"Mppt_low":100.0,"Mppt_high":480.0}