{"Vac":240.0,"Paco":3800.0,"Pdco":3983.77,"Vdco":310.0,"Pso":28.2915,"C0":-7.948919999999999e-06,"C1":3.05242e-05,"C2":0.00112568,"C3":0.00046072400000000003,"Pnt":0.17,"Vdcmax":480.0,"Mppt_low":100.0,"Mppt_high":480.0}