{"Vac":240.0,"Paco":5050.0,"Pdco":5214.6,"Vdco":400.0,"Pso":17.1229,"C0":-3.13817e-06,"C1":-4.6603599999999995e-05,"C2":0.00019881,"C3":-0.000649751,"Pnt":0.49,"Vdcmax":480.0,"Mppt_low":100.0,"Mppt_high":480.0}