{"Vac":208.0,"Paco":5060.0,"Pdco":5240.53,"Vdco":365.0,"Pso":27.0081,"C0":-3.6381300000000004e-06,"C1":-3.191e-05,"C2":0.00302157,"C3":0.000252186,"Pnt":5.06,"Vdcmax":480.0,"Mppt_low":220.0,"Mppt_high":480.0}