{"Vac":277.0,"Paco":6000.0,"Pdco":6269.2,"Vdco":310.0,"Pso":51.5086,"C0":-4.1511800000000005e-06,"C1":4.3578199999999996e-05,"C2":0.0012504,"C3":0.000571753,"Pnt":1.41,"Vdcmax":480.0,"Mppt_low":100.0,"Mppt_high":480.0}