{"Vac":240.0,"Paco":6000.0,"Pdco":6404.36,"Vdco":310.0,"Pso":37.3575,"C0":-5.761960000000001e-06,"C1":2.77392e-05,"C2":0.00154252,"C3":0.000229195,"Pnt":0.2042,"Vdcmax":480.0,"Mppt_low":100.0,"Mppt_high":480.0}