{"Vac":277.0,"Paco":6000.0,"Pdco":6382.62,"Vdco":310.0,"Pso":39.5221,"C0":-5.24566e-06,"C1":3.04034e-05,"C2":0.00137047,"C3":0.000213256,"Pnt":0.23,"Vdcmax":480.0,"Mppt_low":100.0,"Mppt_high":480.0}