{"Vac":208.0,"Paco":5200.0,"Pdco":5389.67,"Vdco":412.0,"Pso":23.5866,"C0":-2.8288799999999996e-06,"C1":-2.8385900000000002e-05,"C2":0.0008394689999999999,"C3":-0.00103277,"Pnt":0.51,"Vdcmax":480.0,"Mppt_low":100.0,"Mppt_high":480.0}