{"Vac":240.0,"Paco":6050.0,"Pdco":6254.24,"Vdco":365.0,"Pso":27.3422,"C0":-2.96029e-06,"C1":-3.66605e-05,"C2":0.00198461,"C3":0.00022456400000000001,"Pnt":5.21,"Vdcmax":480.0,"Mppt_low":220.0,"Mppt_high":480.0}