{"Vac":240.0,"Paco":6000.0,"Pdco":6201.32,"Vdco":400.0,"Pso":21.6783,"C0":-2.4649900000000003e-06,"C1":-3.55302e-05,"C2":0.000806808,"C3":-0.000911758,"Pnt":0.46,"Vdcmax":480.0,"Mppt_low":100.0,"Mppt_high":480.0}