{"Vac":208.0,"Paco":5200.0,"Pdco":5552.25,"Vdco":334.0,"Pso":44.7108,"C0":-6.976110000000001e-06,"C1":2.8032e-05,"C2":0.00163356,"C3":1.92478e-05,"Pnt":0.2042,"Vdcmax":480.0,"Mppt_low":100.0,"Mppt_high":480.0}