{"Vac":208.0,"Paco":6000.0,"Pdco":6140.12,"Vdco":345.0,"Pso":15.0845,"C0":-2.587e-06,"C1":8.57198e-06,"C2":0.000307406,"C3":-0.0006840860000000001,"Pnt":0.34,"Vdcmax":480.0,"Mppt_low":100.0,"Mppt_high":480.0}