{"Vac":208.0,"Paco":6000.0,"Pdco":6295.47,"Vdco":310.0,"Pso":51.0894,"C0":-4.68772e-06,"C1":3.56281e-05,"C2":0.0006198940000000001,"C3":-0.000857668,"Pnt":0.46,"Vdcmax":480.0,"Mppt_low":100.0,"Mppt_high":480.0}