{"Vac":240.0,"Paco":7000.0,"Pdco":7150.16,"Vdco":379.0,"Pso":16.1878,"C0":-2.04111e-06,"C1":3.4221800000000003e-06,"C2":0.0005349430000000001,"C3":-0.000541727,"Pnt":0.14,"Vdcmax":480.0,"Mppt_low":100.0,"Mppt_high":480.0}