{"Vac":208.0,"Paco":6010.0,"Pdco":6240.56,"Vdco":400.0,"Pso":35.4055,"C0":-3.07345e-06,"C1":-2.7016399999999998e-05,"C2":0.00135364,"C3":-0.000220836,"Pnt":0.395,"Vdcmax":480.0,"Mppt_low":100.0,"Mppt_high":480.0}