{"Vac":208.0,"Paco":6920.0,"Pdco":7205.99,"Vdco":365.0,"Pso":20.766,"C0":-2.7064599999999996e-06,"C1":-2.9636999999999998e-05,"C2":0.00108501,"C3":-0.002042,"Pnt":5.37,"Vdcmax":480.0,"Mppt_low":245.0,"Mppt_high":480.0}