{"Vac":240.0,"Paco":7000.0,"Pdco":7345.15,"Vdco":310.0,"Pso":51.8409,"C0":-4.4081999999999996e-06,"C1":3.15661e-05,"C2":0.00111386,"C3":-5.14618e-05,"Pnt":0.72,"Vdcmax":480.0,"Mppt_low":100.0,"Mppt_high":480.0}