{"Vac":208.0,"Paco":7000.0,"Pdco":7180.16,"Vdco":345.0,"Pso":14.9817,"C0":-2.6075e-06,"C1":5.7424e-06,"C2":0.000323887,"C3":-0.000639334,"Pnt":0.34,"Vdcmax":480.0,"Mppt_low":100.0,"Mppt_high":480.0}