{"Vac":240.0,"Paco":7700.0,"Pdco":7968.03,"Vdco":400.0,"Pso":39.4084,"C0":-2.60288e-06,"C1":-2.1050900000000002e-05,"C2":0.00115453,"C3":0.000110484,"Pnt":0.46399999999999997,"Vdcmax":480.0,"Mppt_low":100.0,"Mppt_high":480.0}