{"Vac":208.0,"Paco":6730.0,"Pdco":6994.25,"Vdco":400.0,"Pso":26.7448,"C0":-2.54248e-06,"C1":-3.45745e-05,"C2":0.000209909,"C3":-0.0021625,"Pnt":0.395,"Vdcmax":480.0,"Mppt_low":100.0,"Mppt_high":480.0}