{"Vac":240.0,"Paco":7760.0,"Pdco":8056.32,"Vdco":365.0,"Pso":22.8631,"C0":-2.65e-06,"C1":-3.40268e-05,"C2":0.000767738,"C3":-0.00209635,"Pnt":5.1,"Vdcmax":480.0,"Mppt_low":270.0,"Mppt_high":480.0}