{"Vac":208.0,"Paco":9000.0,"Pdco":9286.6,"Vdco":345.0,"Pso":18.7467,"C0":-2.9468900000000003e-06,"C1":8.893700000000001e-08,"C2":0.00019342,"C3":-0.000656389,"Pnt":0.34,"Vdcmax":480.0,"Mppt_low":100.0,"Mppt_high":480.0}