{"Vac":240.0,"Paco":9000.0,"Pdco":9228.57,"Vdco":379.0,"Pso":18.3935,"C0":-2.26956e-06,"C1":1.6295500000000001e-06,"C2":0.0007766689999999999,"C3":-0.000204523,"Pnt":0.14,"Vdcmax":480.0,"Mppt_low":100.0,"Mppt_high":480.0}