{"Vac":208.0,"Paco":125000.0,"Pdco":134204.0,"Vdco":330.0,"Pso":674.9889999999999,"C0":-2.28224e-07,"C1":2.69504e-05,"C2":0.00529793,"C3":0.00133499,"Pnt":26.46,"Vdcmax":480.0,"Mppt_low":275.0,"Mppt_high":480.0}