{"Vac":480.0,"Paco":250000.0,"Pdco":259023.0,"Vdco":370.0,"Pso":2064.53,"C0":-1.26685e-07,"C1":5.28977e-06,"C2":0.00116611,"C3":-0.0008929610000000001,"Pnt":50.0,"Vdcmax":480.0,"Mppt_low":330.0,"Mppt_high":480.0}