{"Vac":0.0,"Paco":514000.0,"Pdco":529724.0,"Vdco":530.0,"Pso":2110.79,"C0":-3.6390599999999996e-08,"C1":1.61117e-05,"C2":0.00169731,"C3":-0.00013981899999999998,"Pnt":307.9,"Vdcmax":820.0,"Mppt_low":430.0,"Mppt_high":820.0}