{"Vac":0.0,"Paco":500000.0,"Pdco":521294.0,"Vdco":370.0,"Pso":3358.5,"C0":-6.707960000000001e-08,"C1":3.17441e-05,"C2":0.00301402,"C3":0.000407486,"Pnt":110.0,"Vdcmax":480.0,"Mppt_low":330.0,"Mppt_high":480.0}