{"Vac":0.0,"Paco":653000.0,"Pdco":671625.0,"Vdco":580.0,"Pso":2410.81,"C0":-2.58788e-08,"C1":1.88642e-05,"C2":0.0019210000000000002,"C3":0.000550212,"Pnt":371.9,"Vdcmax":820.0,"Mppt_low":500.0,"Mppt_high":820.0}