{"Vac":0.0,"Paco":742000.0,"Pdco":763510.0,"Vdco":592.0,"Pso":2602.88,"C0":-2.4458900000000002e-08,"C1":1.6785e-05,"C2":0.00216513,"C3":0.00071935,"Pnt":363.8,"Vdcmax":820.0,"Mppt_low":515.0,"Mppt_high":820.0}