{"Vac":0.0,"Paco":770000.0,"Pdco":791706.0,"Vdco":614.0,"Pso":2859.5,"C0":-2.44558e-08,"C1":1.2392000000000001e-05,"C2":0.00146089,"C3":-0.000203064,"Pnt":364.7,"Vdcmax":820.0,"Mppt_low":545.0,"Mppt_high":820.0}