{"Vac":0.0,"Paco":823000.0,"Pdco":845818.0,"Vdco":633.0,"Pso":3131.78,"C0":-2.42305e-08,"C1":1.6413900000000002e-05,"C2":0.00147636,"C3":0.00022438799999999998,"Pnt":362.9,"Vdcmax":820.0,"Mppt_low":570.0,"Mppt_high":820.0}