{"Vac":0.0,"Paco":888000.0,"Pdco":912455.0,"Vdco":671.0,"Pso":4188.98,"C0":-2.30531e-08,"C1":1.4836e-05,"C2":0.00108964,"C3":7.42262e-05,"Pnt":202.3,"Vdcmax":820.0,"Mppt_low":620.0,"Mppt_high":820.0}