{"Vac":0.0,"Paco":942000.0,"Pdco":966968.0,"Vdco":697.0,"Pso":4332.08,"C0":-2.00069e-08,"C1":1.7543099999999998e-05,"C2":0.00144923,"C3":0.0007650510000000001,"Pnt":198.2,"Vdcmax":820.0,"Mppt_low":655.0,"Mppt_high":820.0}