{"Vac":277.0,"Paco":36000.0,"Pdco":37492.9,"Vdco":310.0,"Pso":279.705,"C0":-6.63823e-07,"C1":7.3052e-05,"C2":0.00235907,"C3":0.000935258,"Pnt":8.46,"Vdcmax":480.0,"Mppt_low":250.0,"Mppt_high":480.0}