{"Vac":208.0,"Paco":36000.0,"Pdco":37670.7,"Vdco":310.0,"Pso":291.591,"C0":-8.293799999999999e-07,"C1":6.09825e-05,"C2":0.00116228,"C3":-0.00128764,"Pnt":2.76,"Vdcmax":480.0,"Mppt_low":250.0,"Mppt_high":480.0}