{"Vac":240.0,"Paco":36000.0,"Pdco":37591.0,"Vdco":310.0,"Pso":286.08,"C0":-7.64461e-07,"C1":6.11942e-05,"C2":0.0018627,"C3":-0.00036323400000000004,"Pnt":0.6,"Vdcmax":480.0,"Mppt_low":250.0,"Mppt_high":480.0}