{"Vac":240.0,"Paco":42000.0,"Pdco":43963.8,"Vdco":310.0,"Pso":283.243,"C0":-7.30292e-07,"C1":5.49138e-05,"C2":0.00223221,"C3":0.000183472,"Pnt":0.6,"Vdcmax":480.0,"Mppt_low":250.0,"Mppt_high":480.0}