{"Vac":208.0,"Paco":42000.0,"Pdco":44142.3,"Vdco":310.0,"Pso":255.838,"C0":-7.91902e-07,"C1":6.2989e-05,"C2":0.00245604,"C3":1.76813e-07,"Pnt":0.46,"Vdcmax":480.0,"Mppt_low":250.0,"Mppt_high":480.0}