{"Vac":240.0,"Paco":45600.0,"Pdco":47462.1,"Vdco":345.0,"Pso":144.53,"C0":-3.29666e-07,"C1":1.50207e-05,"C2":-0.000127669,"C3":-0.004936,"Pnt":1.01,"Vdcmax":480.0,"Mppt_low":300.0,"Mppt_high":480.0}