{"Vac":277.0,"Paco":48000.0,"Pdco":50334.6,"Vdco":345.0,"Pso":174.459,"C0":-4.92117e-07,"C1":5.1995e-05,"C2":0.00113493,"C3":-0.000361402,"Pnt":0.9,"Vdcmax":480.0,"Mppt_low":300.0,"Mppt_high":480.0}