{"Vac":480.0,"Paco":20000.0,"Pdco":20479.2,"Vdco":695.0,"Pso":46.141000000000005,"C0":-6.411620000000001e-07,"C1":-3.2308600000000004e-05,"C2":-0.000298314,"C3":-0.000382894,"Pnt":1.79,"Vdcmax":800.0,"Mppt_low":380.0,"Mppt_high":800.0}