{"Vac":480.0,"Paco":50072.0,"Pdco":51202.4,"Vdco":725.0,"Pso":124.382,"C0":-2.05004e-07,"C1":-2.28707e-05,"C2":-0.00374538,"C3":-0.00406985,"Pnt":5.1,"Vdcmax":800.0,"Mppt_low":500.0,"Mppt_high":800.0}