{"Vac":400.0,"Paco":59860.0,"Pdco":61130.8,"Vdco":630.0,"Pso":97.214,"C0":-2.06147e-07,"C1":2.69965e-05,"C2":0.00260575,"C3":0.00050141,"Pnt":7.1,"Vdcmax":800.0,"Mppt_low":570.0,"Mppt_high":800.0}