{"Vac":480.0,"Paco":60000.0,"Pdco":60974.6,"Vdco":710.0,"Pso":116.97,"C0":-1.5862999999999999e-07,"C1":3.4511199999999996e-05,"C2":0.00281341,"C3":0.0020613000000000003,"Pnt":8.16,"Vdcmax":800.0,"Mppt_low":685.0,"Mppt_high":800.0}