{"Vac":120.0,"Paco":4000.0,"Pdco":4273.367789,"Vdco":48.020875,"Pso":29.17925318,"C0":-1.15e-05,"C1":0.000307,"C2":-0.010449486,"C3":-0.00161,"Pnt":0.0,"Vdcmax":63.0,"Mppt_low":41.0,"Mppt_high":63.0}