{"Vac":120.0,"Paco":5000.0,"Pdco":5397.575425999999,"Vdco":47.98501333,"Pso":21.4856225,"C0":-1.0199999999999999e-05,"C1":0.000338,"C2":0.00118,"C3":0.000697,"Pnt":0.0,"Vdcmax":63.0,"Mppt_low":41.0,"Mppt_high":63.0}