{"Vac":240.0,"Paco":2100.0,"Pdco":2265.14,"Vdco":300.0,"Pso":18.8828,"C0":-1.4309600000000001e-05,"C1":4.10574e-05,"C2":0.00168385,"C3":-0.000302101,"Pnt":0.32,"Vdcmax":480.0,"Mppt_low":100.0,"Mppt_high":480.0}