{"Date":"10.01.2013","Version":"NRELv1","Technology":"Mono-c-Si","BIPV":"N","A_c":1.944,"N_s":72.0,"T_NOCT":45.6,"I_sc_ref":8.6,"V_oc_ref":44.1,"I_mp_ref":8.0,"V_mp_ref":35.7,"alpha_sc":0.006449,"beta_oc":-0.14288,"a_ref":1.8515,"I_L_ref":8.613999999999999,"I_o_ref":3.8100000000000003e-10,"R_s":0.369,"R_sh_ref":227.68,"Adjust":13.48,"PTC":258.2,"pdc0":285.0,"gamma_pdc":-0.004320000000000001,"gamma_r":-0.43200000000000005}