{"Date":"04.05.2011","Version":"MM107","Technology":"Multi-c-Si","BIPV":"N","A_c":1.64,"N_s":60.0,"T_NOCT":45.9,"I_sc_ref":8.48,"V_oc_ref":37.82,"I_mp_ref":7.99,"V_mp_ref":30.04,"alpha_sc":0.004325,"beta_oc":-0.12517999999999999,"a_ref":1.5591,"I_L_ref":8.482999999999999,"I_o_ref":2.46e-10,"R_s":0.40700000000000003,"R_sh_ref":1134.18,"Adjust":7.4,"PTC":216.0,"pdc0":240.0,"gamma_pdc":-0.00452,"gamma_r":-0.452}