{"Date":"04.05.2011","Version":"MM107","Technology":"Multi-c-Si","BIPV":"N","A_c":1.64,"N_s":60.0,"T_NOCT":45.9,"I_sc_ref":8.25,"V_oc_ref":37.34,"I_mp_ref":7.8,"V_mp_ref":29.49,"alpha_sc":0.004208,"beta_oc":-0.1236,"a_ref":1.5325,"I_L_ref":8.259,"I_o_ref":2.17e-10,"R_s":0.43799999999999994,"R_sh_ref":100000.0,"Adjust":6.5,"PTC":206.8,"pdc0":230.0,"gamma_pdc":-0.00452,"gamma_r":-0.452}