{"Date":"10.01.2013","Version":"NRELv1","Technology":"Multi-c-Si","BIPV":"N","A_c":1.952,"N_s":72.0,"T_NOCT":46.7,"I_sc_ref":8.25,"V_oc_ref":44.2,"I_mp_ref":7.53,"V_mp_ref":36.52,"alpha_sc":0.00495,"beta_oc":-0.14586,"a_ref":1.9293,"I_L_ref":8.269,"I_o_ref":8.849999999999999e-10,"R_s":0.258,"R_sh_ref":114.75,"Adjust":19.94,"PTC":245.7,"pdc0":275.0,"gamma_pdc":-0.0046,"gamma_r":-0.46}