{"Date":"04.05.2011","Version":"MM107","Technology":"Multi-c-Si","BIPV":"N","A_c":1.6369999999999998,"N_s":60.0,"T_NOCT":48.2,"I_sc_ref":8.77,"V_oc_ref":36.0,"I_mp_ref":7.83,"V_mp_ref":30.0,"alpha_sc":0.003947,"beta_oc":-0.14724,"a_ref":1.8195,"I_L_ref":8.783999999999999,"I_o_ref":2.09e-08,"R_s":0.096,"R_sh_ref":62.02,"Adjust":24.8,"PTC":200.7,"pdc0":235.0,"gamma_pdc":-0.0059299999999999995,"gamma_r":-0.593}