{"Date":"04.05.2011","Version":"MM107","Technology":"Multi-c-Si","BIPV":"N","A_c":1.6369999999999998,"N_s":60.0,"T_NOCT":48.2,"I_sc_ref":8.59,"V_oc_ref":36.0,"I_mp_ref":7.67,"V_mp_ref":30.0,"alpha_sc":0.0038659999999999996,"beta_oc":-0.14724,"a_ref":1.8186,"I_L_ref":8.603,"I_o_ref":2.0299999999999996e-08,"R_s":0.098,"R_sh_ref":63.4,"Adjust":24.7,"PTC":196.2,"pdc0":230.0,"gamma_pdc":-0.0059299999999999995,"gamma_r":-0.593}