{"Date":"04.05.2011","Version":"MM107","Technology":"Multi-c-Si","BIPV":"N","A_c":1.9409999999999998,"N_s":72.0,"T_NOCT":48.2,"I_sc_ref":8.06,"V_oc_ref":41.4,"I_mp_ref":7.0,"V_mp_ref":35.0,"alpha_sc":0.0036270000000000004,"beta_oc":-0.16933,"a_ref":2.1609,"I_L_ref":8.062000000000001,"I_o_ref":3.48e-08,"R_s":0.013000000000000001,"R_sh_ref":52.38,"Adjust":31.3,"PTC":208.2,"pdc0":245.0,"gamma_pdc":-0.0059299999999999995,"gamma_r":-0.593}