{"Vac":208.0,"Paco":5320.0,"Pdco":5570.770622,"Vdco":364.4151587,"Pso":24.90403802,"C0":-4.35e-06,"C1":-3.72e-05,"C2":-0.0007030000000000001,"C3":-0.000101,"Pnt":0.27,"Vdcmax":600.0,"Mppt_low":125.0,"Mppt_high":520.0}