{"Vac":208.0,"Paco":2980.0,"Pdco":3091.816154,"Vdco":369.3711111,"Pso":19.23822253,"C0":-3.57e-06,"C1":-4.2499999999999996e-05,"C2":-0.000502,"C3":0.00151,"Pnt":0.26,"Vdcmax":600.0,"Mppt_low":125.0,"Mppt_high":520.0}