{"Vac":240.0,"Paco":2980.0,"Pdco":3080.6211829999997,"Vdco":369.77785710000006,"Pso":18.02485326,"C0":-1.93e-06,"C1":-5.67e-05,"C2":-0.000362,"C3":0.00618,"Pnt":0.35,"Vdcmax":600.0,"Mppt_low":125.0,"Mppt_high":520.0}