{"Vac":240.0,"Paco":5990.0,"Pdco":6240.378366,"Vdco":362.3380952,"Pso":24.49881885,"C0":-3.25e-06,"C1":-4.55e-05,"C2":-0.00133,"C3":-0.000166,"Pnt":0.35,"Vdcmax":600.0,"Mppt_low":125.0,"Mppt_high":520.0}