{"Vac":240.0,"Paco":3990.0,"Pdco":4131.05266,"Vdco":368.91603169999996,"Pso":21.11038306,"C0":-2.92e-06,"C1":-5.720000000000001e-05,"C2":-0.0015199999999999999,"C3":0.0011300000000000001,"Pnt":0.35,"Vdcmax":600.0,"Mppt_low":125.0,"Mppt_high":520.0}