{"Vac":208.0,"Paco":3970.0,"Pdco":4128.7727350000005,"Vdco":369.1353968,"Pso":19.59594727,"C0":-3.75e-06,"C1":-4.95e-05,"C2":-0.00105,"C3":-0.000285,"Pnt":0.26,"Vdcmax":600.0,"Mppt_low":125.0,"Mppt_high":520.0}