{"Vac":208.0,"Paco":5000.0,"Pdco":5215.729517,"Vdco":374.25039680000003,"Pso":26.55736772,"C0":-3.46e-06,"C1":-3.9899999999999994e-05,"C2":-0.0008939999999999999,"C3":-0.000892,"Pnt":0.27,"Vdcmax":600.0,"Mppt_low":125.0,"Mppt_high":520.0}