{"Vac":240.0,"Paco":5000.0,"Pdco":5187.807574,"Vdco":373.5153175,"Pso":25.34050191,"C0":-2.77e-06,"C1":-4.46e-05,"C2":-0.00117,"C3":0.0005690000000000001,"Pnt":0.35,"Vdcmax":600.0,"Mppt_low":125.0,"Mppt_high":520.0}