{"Date":"11.04.2014","Version":"NRELv1","Technology":"Mono-c-Si","BIPV":"Y","A_c":0.415,"N_s":14.0,"T_NOCT":59.0,"I_sc_ref":8.63,"V_oc_ref":8.83,"I_mp_ref":8.02,"V_mp_ref":6.78,"alpha_sc":0.005178,"beta_oc":-0.03444,"a_ref":0.4064,"I_L_ref":8.638,"I_o_ref":3.14e-09,"R_s":0.11699999999999999,"R_sh_ref":120.85,"Adjust":11.84,"PTC":42.7,"pdc0":54.0,"gamma_pdc":-0.005699999999999999,"gamma_r":-0.57}