{"Vac":240.0,"Paco":5200.0,"Pdco":5391.65,"Vdco":280.0,"Pso":65.4711,"C0":-4.71185e-06,"C1":2.28877e-05,"C2":0.0006757989999999999,"C3":0.00033178699999999995,"Pnt":4.0,"Vdcmax":400.0,"Mppt_low":100.0,"Mppt_high":400.0}