{"Vac":208.0,"Paco":3300.0,"Pdco":3530.8,"Vdco":266.0,"Pso":33.1487,"C0":-1.0582e-05,"C1":1.4977e-05,"C2":0.0009586760000000001,"C3":0.000155379,"Pnt":1.0,"Vdcmax":480.0,"Mppt_low":100.0,"Mppt_high":480.0}