{"Vac":240.0,"Paco":4000.0,"Pdco":4197.88,"Vdco":300.0,"Pso":28.3114,"C0":-5.735689999999999e-06,"C1":1.0780899999999999e-05,"C2":0.000648359,"C3":0.00010261700000000001,"Pnt":1.1,"Vdcmax":480.0,"Mppt_low":100.0,"Mppt_high":480.0}