{"Vac":208.0,"Paco":2800.0,"Pdco":3023.66,"Vdco":230.0,"Pso":57.8501,"C0":-1.20228e-05,"C1":3.53933e-05,"C2":0.0008463339999999999,"C3":0.0006009990000000001,"Pnt":3.85,"Vdcmax":380.0,"Mppt_low":100.0,"Mppt_high":380.0}