{"Vac":240.0,"Paco":3300.0,"Pdco":3499.17,"Vdco":266.0,"Pso":32.9019,"C0":-9.173910000000001e-06,"C1":2.2655e-05,"C2":0.0012125,"C3":0.00040691699999999997,"Pnt":1.0,"Vdcmax":480.0,"Mppt_low":100.0,"Mppt_high":480.0}