{"Vac":240.0,"Paco":2000.0,"Pdco":2161.88,"Vdco":199.0,"Pso":24.4658,"C0":-1.27976e-05,"C1":5.46029e-05,"C2":0.0017035,"C3":0.000315045,"Pnt":3.6,"Vdcmax":380.0,"Mppt_low":100.0,"Mppt_high":380.0}