{"Vac":240.0,"Paco":3000.0,"Pdco":3205.93,"Vdco":222.5,"Pso":31.682,"C0":-8.210460000000001e-06,"C1":3.64168e-05,"C2":0.00170839,"C3":0.000860073,"Pnt":3.63,"Vdcmax":380.0,"Mppt_low":100.0,"Mppt_high":380.0}