{"Date":"03.08.2010","Version":"MM107","Technology":"Multi-c-Si","BIPV":"N","A_c":1.6219999999999999,"N_s":60.0,"T_NOCT":45.3,"I_sc_ref":7.74,"V_oc_ref":35.7,"I_mp_ref":7.23,"V_mp_ref":29.04,"alpha_sc":0.005186,"beta_oc":-0.11674000000000001,"a_ref":1.5052,"I_L_ref":7.749,"I_o_ref":3.8100000000000003e-10,"R_s":0.308,"R_sh_ref":262.86,"Adjust":13.3,"PTC":189.5,"pdc0":210.0,"gamma_pdc":-0.00442,"gamma_r":-0.442}