{"Date":"12.01.2011","Version":"NRELv1","Technology":"Multi-c-Si","BIPV":"N","A_c":1.584,"N_s":60.0,"T_NOCT":47.1,"I_sc_ref":7.88,"V_oc_ref":36.4,"I_mp_ref":7.24,"V_mp_ref":29.0,"alpha_sc":0.004728,"beta_oc":-0.13104000000000002,"a_ref":1.6013,"I_L_ref":7.902,"I_o_ref":1.0300000000000002e-09,"R_s":0.386,"R_sh_ref":137.43,"Adjust":11.56,"PTC":185.4,"pdc0":210.0,"gamma_pdc":-0.0049,"gamma_r":-0.49}