{"Date":"10/30/2012","Version":"NRELv1","Technology":"Multi-c-Si","BIPV":"N","A_c":1.6369999999999998,"N_s":60.0,"T_NOCT":44.3,"I_sc_ref":8.25,"V_oc_ref":36.7,"I_mp_ref":7.65,"V_mp_ref":29.4,"alpha_sc":0.006608,"beta_oc":-0.15018,"a_ref":1.567,"I_L_ref":8.266,"I_o_ref":5.43e-10,"R_s":0.359,"R_sh_ref":183.81,"Adjust":-7.4670000000000005,"PTC":204.9,"pdc0":225.0,"gamma_pdc":-0.0043,"gamma_r":-0.43}