{"Date":"12.01.2011","Version":"NRELv1","Technology":"Multi-c-Si","BIPV":"N","A_c":1.882,"N_s":72.0,"T_NOCT":47.1,"I_sc_ref":7.98,"V_oc_ref":43.9,"I_mp_ref":7.34,"V_mp_ref":34.7,"alpha_sc":0.004788000000000001,"beta_oc":-0.15804,"a_ref":1.9205,"I_L_ref":8.003,"I_o_ref":9.17e-10,"R_s":0.505,"R_sh_ref":175.28,"Adjust":10.42,"PTC":225.3,"pdc0":255.0,"gamma_pdc":-0.0049,"gamma_r":-0.49}