{"Date":"12.01.2011","Version":"NRELv1","Technology":"Mono-c-Si","BIPV":"N","A_c":1.882,"N_s":72.0,"T_NOCT":47.1,"I_sc_ref":8.19,"V_oc_ref":44.1,"I_mp_ref":7.59,"V_mp_ref":34.9,"alpha_sc":0.0040950000000000005,"beta_oc":-0.15435,"a_ref":1.9204,"I_L_ref":8.206,"I_o_ref":8.54e-10,"R_s":0.488,"R_sh_ref":246.26,"Adjust":12.8,"PTC":233.8,"pdc0":265.0,"gamma_pdc":-0.005,"gamma_r":-0.5}