{"Date":"12.01.2011","Version":"NRELv1","Technology":"Multi-c-Si","BIPV":"N","A_c":1.882,"N_s":72.0,"T_NOCT":47.1,"I_sc_ref":8.2,"V_oc_ref":44.2,"I_mp_ref":7.71,"V_mp_ref":35.0,"alpha_sc":0.00492,"beta_oc":-0.15912,"a_ref":1.9107,"I_L_ref":8.202,"I_o_ref":7.349999999999999e-10,"R_s":0.486,"R_sh_ref":1756.94,"Adjust":8.144,"PTC":238.9,"pdc0":270.0,"gamma_pdc":-0.0049,"gamma_r":-0.49}