{"Date":"12.01.2011","Version":"NRELv1","Technology":"Mono-c-Si","BIPV":"N","A_c":1.882,"N_s":72.0,"T_NOCT":47.1,"I_sc_ref":8.71,"V_oc_ref":44.7,"I_mp_ref":8.24,"V_mp_ref":35.8,"alpha_sc":0.0043549999999999995,"beta_oc":-0.15645,"a_ref":1.9474,"I_L_ref":8.804,"I_o_ref":9.379999999999999e-10,"R_s":0.4,"R_sh_ref":530.03,"Adjust":12.97,"PTC":261.1,"pdc0":295.0,"gamma_pdc":-0.005,"gamma_r":-0.5}