{"Technology":"Multi-c-Si","BIPV":"N","A_c":1.6159999999999999,"N_s":60.0,"T_NOCT":46.5,"PTC":229.2,"pdc0":255.0,"gamma_pdc":-0.004529999999999999}