{"Technology":"Multi-c-Si","BIPV":"N","A_c":1.6159999999999999,"N_s":60.0,"T_NOCT":46.1,"PTC":220.6,"pdc0":245.0,"gamma_pdc":-0.0045000000000000005}