{"Technology":"Mono-c-Si","BIPV":"N","A_c":1.6159999999999999,"N_s":60.0,"T_NOCT":47.9,"PTC":213.5,"pdc0":240.0,"gamma_pdc":-0.00458}