{"Date":"1/14/2013","Version":"NRELv1","Technology":"Multi-c-Si","BIPV":"N","A_c":1.4669999999999999,"N_s":54.0,"T_NOCT":46.3,"I_sc_ref":8.82,"V_oc_ref":34.09,"I_mp_ref":8.11,"V_mp_ref":28.4,"alpha_sc":0.006174,"beta_oc":-0.12136,"a_ref":1.5804,"I_L_ref":8.83,"I_o_ref":3.65e-09,"R_s":0.13,"R_sh_ref":110.78,"Adjust":23.91,"PTC":204.0,"pdc0":230.0,"gamma_pdc":-0.0051,"gamma_r":-0.51}