{"Date":"05.01.2013","Version":"NRELv1","Technology":"Mono-c-Si","BIPV":"N","A_c":1.624,"N_s":60.0,"T_NOCT":48.6,"I_sc_ref":8.79,"V_oc_ref":38.34,"I_mp_ref":8.1,"V_mp_ref":31.48,"alpha_sc":0.0021100000000000003,"beta_oc":-0.12882000000000002,"a_ref":1.65,"I_L_ref":8.807,"I_o_ref":6.89e-10,"R_s":0.244,"R_sh_ref":125.13,"Adjust":15.19,"PTC":224.6,"pdc0":255.0,"gamma_pdc":-0.00487,"gamma_r":-0.48700000000000004}