{"Date":"05.01.2013","Version":"NRELv1","Technology":"Mono-c-Si","BIPV":"N","A_c":1.624,"N_s":60.0,"T_NOCT":48.6,"I_sc_ref":8.81,"V_oc_ref":40.55,"I_mp_ref":8.17,"V_mp_ref":33.05,"alpha_sc":0.002114,"beta_oc":-0.13625,"a_ref":1.7307,"I_L_ref":8.825,"I_o_ref":5.73e-10,"R_s":0.294,"R_sh_ref":174.24,"Adjust":13.45,"PTC":238.3,"pdc0":270.0,"gamma_pdc":-0.00487,"gamma_r":-0.48700000000000004}