{"Date":"1/14/2013","Version":"NRELv1","Technology":"Multi-c-Si","BIPV":"N","A_c":1.9369999999999998,"N_s":72.0,"T_NOCT":46.3,"I_sc_ref":8.3,"V_oc_ref":44.33,"I_mp_ref":7.75,"V_mp_ref":35.49,"alpha_sc":0.00581,"beta_oc":-0.15782000000000002,"a_ref":1.9864,"I_L_ref":8.308,"I_o_ref":1.6699999999999998e-09,"R_s":0.409,"R_sh_ref":451.25,"Adjust":16.71,"PTC":243.2,"pdc0":275.0,"gamma_pdc":-0.0051,"gamma_r":-0.51}