{"Date":"05.01.2013","Version":"NRELv1","Technology":"Mono-c-Si","BIPV":"N","A_c":1.9369999999999998,"N_s":72.0,"T_NOCT":48.6,"I_sc_ref":8.74,"V_oc_ref":44.17,"I_mp_ref":8.16,"V_mp_ref":36.15,"alpha_sc":0.002098,"beta_oc":-0.14841,"a_ref":1.8821,"I_L_ref":8.75,"I_o_ref":5.52e-10,"R_s":0.302,"R_sh_ref":274.8,"Adjust":13.15,"PTC":259.6,"pdc0":295.0,"gamma_pdc":-0.00487,"gamma_r":-0.48700000000000004}