{"Date":"1/14/2013","Version":"NRELv1","Technology":"Multi-c-Si","BIPV":"N","A_c":1.4669999999999999,"N_s":54.0,"T_NOCT":46.3,"I_sc_ref":8.67,"V_oc_ref":33.89,"I_mp_ref":8.03,"V_mp_ref":28.08,"alpha_sc":0.006069,"beta_oc":-0.12065,"a_ref":1.5585,"I_L_ref":8.679,"I_o_ref":3.04e-09,"R_s":0.157,"R_sh_ref":152.39,"Adjust":22.21,"PTC":199.5,"pdc0":225.0,"gamma_pdc":-0.0051,"gamma_r":-0.51}