{"Date":"5/22/2012","Version":"NRELv1","Technology":"Multi-c-Si","BIPV":"N","A_c":1.6369999999999998,"N_s":60.0,"T_NOCT":45.8,"I_sc_ref":8.21,"V_oc_ref":36.66,"I_mp_ref":7.65,"V_mp_ref":29.44,"alpha_sc":0.004268999999999999,"beta_oc":-0.11988,"a_ref":1.5288,"I_L_ref":8.222999999999999,"I_o_ref":3.11e-10,"R_s":0.359,"R_sh_ref":227.3,"Adjust":11.26,"PTC":202.3,"pdc0":225.0,"gamma_pdc":-0.00451,"gamma_r":-0.451}