{"Date":"05.01.2013","Version":"NRELv1","Technology":"Mono-c-Si","BIPV":"N","A_c":1.9369999999999998,"N_s":72.0,"T_NOCT":48.6,"I_sc_ref":8.74,"V_oc_ref":44.9,"I_mp_ref":8.18,"V_mp_ref":36.68,"alpha_sc":0.002098,"beta_oc":-0.15086,"a_ref":1.9083,"I_L_ref":8.748,"I_o_ref":5.21e-10,"R_s":0.317,"R_sh_ref":339.14,"Adjust":12.62,"PTC":264.1,"pdc0":300.0,"gamma_pdc":-0.00487,"gamma_r":-0.48700000000000004}