{"Date":"1/14/2013","Version":"NRELv1","Technology":"Multi-c-Si","BIPV":"N","A_c":1.1540000000000001,"N_s":42.0,"T_NOCT":46.3,"I_sc_ref":8.15,"V_oc_ref":25.56,"I_mp_ref":7.59,"V_mp_ref":20.43,"alpha_sc":0.005705,"beta_oc":-0.09099,"a_ref":1.146,"I_L_ref":8.16,"I_o_ref":1.65e-09,"R_s":0.245,"R_sh_ref":208.95,"Adjust":16.82,"PTC":136.9,"pdc0":155.0,"gamma_pdc":-0.0051,"gamma_r":-0.51}