{"Date":"12.01.2011","Version":"NRELv1","Technology":"Multi-c-Si","BIPV":"N","A_c":1.165,"N_s":42.0,"T_NOCT":43.3,"I_sc_ref":8.27,"V_oc_ref":25.76,"I_mp_ref":7.7,"V_mp_ref":20.79,"alpha_sc":0.003225,"beta_oc":-0.09779,"a_ref":1.2029,"I_L_ref":8.277999999999999,"I_o_ref":4.08e-09,"R_s":0.20199999999999999,"R_sh_ref":219.88,"Adjust":18.1,"PTC":142.0,"pdc0":160.0,"gamma_pdc":-0.00572,"gamma_r":-0.5720000000000001}