{"Date":"05.01.2013","Version":"NRELv1","Technology":"Mono-c-Si","BIPV":"N","A_c":1.624,"N_s":60.0,"T_NOCT":48.6,"I_sc_ref":8.8,"V_oc_ref":39.32,"I_mp_ref":8.15,"V_mp_ref":32.11,"alpha_sc":0.002112,"beta_oc":-0.13212000000000002,"a_ref":1.6815,"I_L_ref":8.815,"I_o_ref":5.99e-10,"R_s":0.276,"R_sh_ref":158.31,"Adjust":13.86,"PTC":233.7,"pdc0":265.0,"gamma_pdc":-0.00487,"gamma_r":-0.48700000000000004}