{"Date":"05.01.2013","Version":"NRELv1","Technology":"Mono-c-Si","BIPV":"N","A_c":1.9369999999999998,"N_s":72.0,"T_NOCT":48.6,"I_sc_ref":8.76,"V_oc_ref":46.3,"I_mp_ref":8.22,"V_mp_ref":37.73,"alpha_sc":0.002102,"beta_oc":-0.15557,"a_ref":1.962,"I_L_ref":8.767000000000001,"I_o_ref":4.89e-10,"R_s":0.34,"R_sh_ref":454.39,"Adjust":12.0,"PTC":273.3,"pdc0":310.0,"gamma_pdc":-0.00487,"gamma_r":-0.48700000000000004}