{"Date":"1/14/2013","Version":"NRELv1","Technology":"Multi-c-Si","BIPV":"N","A_c":1.311,"N_s":48.0,"T_NOCT":46.3,"I_sc_ref":8.32,"V_oc_ref":29.53,"I_mp_ref":7.74,"V_mp_ref":23.92,"alpha_sc":0.005824,"beta_oc":-0.10513,"a_ref":1.3357,"I_L_ref":8.33,"I_o_ref":2.0499999999999997e-09,"R_s":0.228,"R_sh_ref":198.04,"Adjust":18.68,"PTC":163.6,"pdc0":185.0,"gamma_pdc":-0.0051,"gamma_r":-0.51}