{"Date":"12.01.2011","Version":"NRELv1","Technology":"Mono-c-Si","BIPV":"N","A_c":1.3219999999999998,"N_s":48.0,"T_NOCT":43.5,"I_sc_ref":8.21,"V_oc_ref":29.33,"I_mp_ref":7.65,"V_mp_ref":23.55,"alpha_sc":0.002846,"beta_oc":-0.10690999999999999,"a_ref":1.3036,"I_L_ref":8.22,"I_o_ref":1.3699999999999998e-09,"R_s":0.266,"R_sh_ref":229.11,"Adjust":12.66,"PTC":161.0,"pdc0":180.0,"gamma_pdc":-0.00528,"gamma_r":-0.528}