{"Date":"12.01.2011","Version":"NRELv1","Technology":"Mono-c-Si","BIPV":"N","A_c":1.008,"N_s":36.0,"T_NOCT":48.9,"I_sc_ref":8.06,"V_oc_ref":21.8,"I_mp_ref":7.52,"V_mp_ref":17.3,"alpha_sc":0.0024760000000000003,"beta_oc":-0.07334,"a_ref":0.9248,"I_L_ref":8.071,"I_o_ref":4.6e-10,"R_s":0.244,"R_sh_ref":179.78,"Adjust":12.0,"PTC":113.3,"pdc0":130.0,"gamma_pdc":-0.00494,"gamma_r":-0.494}