{"Date":"05.01.2013","Version":"NRELv1","Technology":"Mono-c-Si","BIPV":"N","A_c":1.9369999999999998,"N_s":72.0,"T_NOCT":48.6,"I_sc_ref":8.76,"V_oc_ref":46.98,"I_mp_ref":8.22,"V_mp_ref":38.32,"alpha_sc":0.002102,"beta_oc":-0.15785,"a_ref":1.9919,"I_L_ref":8.767000000000001,"I_o_ref":4.95e-10,"R_s":0.34,"R_sh_ref":457.08,"Adjust":12.12,"PTC":277.8,"pdc0":315.0,"gamma_pdc":-0.00487,"gamma_r":-0.48700000000000004}