{"Date":"12.01.2011","Version":"NRELv1","Technology":"Mono-c-Si","BIPV":"N","A_c":1.48,"N_s":54.0,"T_NOCT":45.3,"I_sc_ref":8.16,"V_oc_ref":32.89,"I_mp_ref":7.6,"V_mp_ref":26.31,"alpha_sc":0.001408,"beta_oc":-0.12511,"a_ref":1.5736,"I_L_ref":8.166,"I_o_ref":6.759999999999999e-09,"R_s":0.28600000000000003,"R_sh_ref":380.99,"Adjust":23.18,"PTC":172.7,"pdc0":200.0,"gamma_pdc":-0.00623,"gamma_r":-0.623}