{"Date":"1/14/2013","Version":"NRELv1","Technology":"Multi-c-Si","BIPV":"N","A_c":1.311,"N_s":48.0,"T_NOCT":46.3,"I_sc_ref":8.76,"V_oc_ref":30.12,"I_mp_ref":8.01,"V_mp_ref":24.98,"alpha_sc":0.006132,"beta_oc":-0.10722999999999999,"a_ref":1.3976,"I_L_ref":8.774,"I_o_ref":3.6700000000000004e-09,"R_s":0.131,"R_sh_ref":83.22,"Adjust":24.07,"PTC":177.3,"pdc0":200.0,"gamma_pdc":-0.0051,"gamma_r":-0.51}