{"Date":"12.01.2011","Version":"NRELv1","Technology":"Mono-c-Si","BIPV":"N","A_c":1.6369999999999998,"N_s":60.0,"T_NOCT":46.5,"I_sc_ref":8.3,"V_oc_ref":36.86,"I_mp_ref":7.72,"V_mp_ref":29.81,"alpha_sc":0.002208,"beta_oc":-0.13136,"a_ref":1.6207,"I_L_ref":8.311,"I_o_ref":1.0800000000000002e-09,"R_s":0.304,"R_sh_ref":225.26,"Adjust":13.04,"PTC":202.6,"pdc0":230.0,"gamma_pdc":-0.00519,"gamma_r":-0.519}