{"Date":"1/14/2013","Version":"NRELv1","Technology":"Multi-c-Si","BIPV":"N","A_c":0.998,"N_s":36.0,"T_NOCT":46.3,"I_sc_ref":7.91,"V_oc_ref":21.6,"I_mp_ref":7.4,"V_mp_ref":16.93,"alpha_sc":0.005536999999999999,"beta_oc":-0.0769,"a_ref":0.9544,"I_L_ref":7.915,"I_o_ref":1.1699999999999999e-09,"R_s":0.268,"R_sh_ref":421.82,"Adjust":13.78,"PTC":110.2,"pdc0":125.0,"gamma_pdc":-0.0051,"gamma_r":-0.51}