{"Date":"1/14/2013","Version":"NRELv1","Technology":"Multi-c-Si","BIPV":"N","A_c":1.9369999999999998,"N_s":72.0,"T_NOCT":46.3,"I_sc_ref":8.48,"V_oc_ref":44.67,"I_mp_ref":7.86,"V_mp_ref":36.26,"alpha_sc":0.005936,"beta_oc":-0.15903,"a_ref":2.0277,"I_L_ref":8.492,"I_o_ref":2.25e-09,"R_s":0.326,"R_sh_ref":231.44,"Adjust":19.41,"PTC":252.3,"pdc0":285.0,"gamma_pdc":-0.0051,"gamma_r":-0.51}