{"Date":"05.01.2013","Version":"NRELv1","Technology":"Mono-c-Si","BIPV":"N","A_c":1.624,"N_s":60.0,"T_NOCT":48.6,"I_sc_ref":8.8,"V_oc_ref":38.99,"I_mp_ref":8.13,"V_mp_ref":31.98,"alpha_sc":0.002112,"beta_oc":-0.13101,"a_ref":1.6743,"I_L_ref":8.816,"I_o_ref":6.569999999999999e-10,"R_s":0.253,"R_sh_ref":140.09,"Adjust":14.73,"PTC":229.2,"pdc0":260.0,"gamma_pdc":-0.00487,"gamma_r":-0.48700000000000004}