{"Date":"1/14/2013","Version":"NRELv1","Technology":"Multi-c-Si","BIPV":"N","A_c":1.624,"N_s":60.0,"T_NOCT":46.3,"I_sc_ref":8.79,"V_oc_ref":37.85,"I_mp_ref":8.08,"V_mp_ref":31.65,"alpha_sc":0.0061530000000000005,"beta_oc":-0.13475,"a_ref":1.7590000000000001,"I_L_ref":8.799,"I_o_ref":3.829999999999999e-09,"R_s":0.128,"R_sh_ref":121.24,"Adjust":24.45,"PTC":226.2,"pdc0":255.0,"gamma_pdc":-0.0051,"gamma_r":-0.51}