{"Date":"05.01.2013","Version":"NRELv1","Technology":"Mono-c-Si","BIPV":"N","A_c":1.9369999999999998,"N_s":72.0,"T_NOCT":48.6,"I_sc_ref":8.77,"V_oc_ref":47.69,"I_mp_ref":8.23,"V_mp_ref":38.9,"alpha_sc":0.002105,"beta_oc":-0.16024000000000002,"a_ref":2.0219,"I_L_ref":8.776,"I_o_ref":4.95e-10,"R_s":0.345,"R_sh_ref":467.11,"Adjust":12.11,"PTC":282.4,"pdc0":320.0,"gamma_pdc":-0.00487,"gamma_r":-0.48700000000000004}