{"Date":"12.01.2011","Version":"NRELv1","Technology":"Mono-c-Si","BIPV":"N","A_c":1.008,"N_s":36.0,"T_NOCT":48.9,"I_sc_ref":8.21,"V_oc_ref":22.0,"I_mp_ref":7.65,"V_mp_ref":17.66,"alpha_sc":0.002522,"beta_oc":-0.07402,"a_ref":0.9404,"I_L_ref":8.222000000000001,"I_o_ref":5.59e-10,"R_s":0.21,"R_sh_ref":148.45,"Adjust":13.6,"PTC":117.8,"pdc0":135.0,"gamma_pdc":-0.00494,"gamma_r":-0.494}