{"Date":"12.01.2011","Version":"NRELv1","Technology":"Mono-c-Si","BIPV":"N","A_c":1.3219999999999998,"N_s":48.0,"T_NOCT":43.5,"I_sc_ref":7.99,"V_oc_ref":28.93,"I_mp_ref":7.46,"V_mp_ref":22.82,"alpha_sc":0.002769,"beta_oc":-0.10545,"a_ref":1.2704,"I_L_ref":7.997999999999999,"I_o_ref":1.02e-09,"R_s":0.336,"R_sh_ref":336.39,"Adjust":10.21,"PTC":151.9,"pdc0":170.0,"gamma_pdc":-0.00528,"gamma_r":-0.528}