{"Date":"5/22/2012","Version":"NRELv1","Technology":"Multi-c-Si","BIPV":"N","A_c":1.6369999999999998,"N_s":60.0,"T_NOCT":45.8,"I_sc_ref":8.39,"V_oc_ref":37.06,"I_mp_ref":7.79,"V_mp_ref":30.18,"alpha_sc":0.0043630000000000006,"beta_oc":-0.12119,"a_ref":1.5614,"I_L_ref":8.404,"I_o_ref":4.03e-10,"R_s":0.29100000000000004,"R_sh_ref":173.17,"Adjust":13.44,"PTC":211.6,"pdc0":235.0,"gamma_pdc":-0.00451,"gamma_r":-0.451}