{"Date":"1/14/2013","Version":"NRELv1","Technology":"Multi-c-Si","BIPV":"N","A_c":1.4669999999999999,"N_s":54.0,"T_NOCT":46.3,"I_sc_ref":8.36,"V_oc_ref":33.29,"I_mp_ref":7.77,"V_mp_ref":27.05,"alpha_sc":0.005852,"beta_oc":-0.11850999999999999,"a_ref":1.5095,"I_L_ref":8.37,"I_o_ref":2.17e-09,"R_s":0.243,"R_sh_ref":204.97,"Adjust":19.2,"PTC":185.8,"pdc0":210.0,"gamma_pdc":-0.0051,"gamma_r":-0.51}