{"Date":"1/14/2013","Version":"NRELv1","Technology":"Multi-c-Si","BIPV":"N","A_c":1.4669999999999999,"N_s":54.0,"T_NOCT":46.3,"I_sc_ref":8.06,"V_oc_ref":32.7,"I_mp_ref":7.52,"V_mp_ref":25.95,"alpha_sc":0.005642,"beta_oc":-0.11640999999999999,"a_ref":1.4581,"I_L_ref":8.068,"I_o_ref":1.45e-09,"R_s":0.34700000000000003,"R_sh_ref":345.97,"Adjust":15.67,"PTC":172.1,"pdc0":195.0,"gamma_pdc":-0.0051,"gamma_r":-0.51}