{"Date":"05.01.2013","Version":"NRELv1","Technology":"Multi-c-Si","BIPV":"N","A_c":1.9369999999999998,"N_s":72.0,"T_NOCT":49.0,"I_sc_ref":8.61,"V_oc_ref":44.95,"I_mp_ref":7.95,"V_mp_ref":37.11,"alpha_sc":0.003341,"beta_oc":-0.1598,"a_ref":2.0306,"I_L_ref":8.622,"I_o_ref":2.04e-09,"R_s":0.23800000000000002,"R_sh_ref":173.2,"Adjust":18.83,"PTC":256.6,"pdc0":295.0,"gamma_pdc":-0.005180000000000001,"gamma_r":-0.518}