{"Date":"12.01.2011","Version":"NRELv1","Technology":"Mono-c-Si","BIPV":"N","A_c":1.3219999999999998,"N_s":48.0,"T_NOCT":43.5,"I_sc_ref":8.55,"V_oc_ref":29.93,"I_mp_ref":7.92,"V_mp_ref":24.66,"alpha_sc":0.002963,"beta_oc":-0.1091,"a_ref":1.3567,"I_L_ref":8.56,"I_o_ref":2.1899999999999997e-09,"R_s":0.165,"R_sh_ref":136.6,"Adjust":16.68,"PTC":174.8,"pdc0":195.0,"gamma_pdc":-0.00528,"gamma_r":-0.528}