{"Date":"1/14/2013","Version":"NRELv1","Technology":"Multi-c-Si","BIPV":"N","A_c":1.624,"N_s":60.0,"T_NOCT":46.3,"I_sc_ref":8.57,"V_oc_ref":37.46,"I_mp_ref":7.93,"V_mp_ref":30.91,"alpha_sc":0.005999,"beta_oc":-0.13335999999999998,"a_ref":1.7194,"I_L_ref":8.58,"I_o_ref":2.8800000000000004e-09,"R_s":0.19399999999999998,"R_sh_ref":165.4,"Adjust":21.79,"PTC":217.1,"pdc0":245.0,"gamma_pdc":-0.0051,"gamma_r":-0.51}