{"Date":"1/14/2013","Version":"NRELv1","Technology":"Multi-c-Si","BIPV":"N","A_c":1.624,"N_s":60.0,"T_NOCT":46.3,"I_sc_ref":7.94,"V_oc_ref":36.06,"I_mp_ref":7.42,"V_mp_ref":28.34,"alpha_sc":0.005558,"beta_oc":-0.12837,"a_ref":1.5969,"I_L_ref":7.946000000000001,"I_o_ref":1.23e-09,"R_s":0.433,"R_sh_ref":547.53,"Adjust":14.24,"PTC":185.2,"pdc0":210.0,"gamma_pdc":-0.0051,"gamma_r":-0.51}