{"Date":"1/14/2013","Version":"NRELv1","Technology":"Multi-c-Si","BIPV":"N","A_c":1.311,"N_s":48.0,"T_NOCT":46.3,"I_sc_ref":8.1,"V_oc_ref":29.13,"I_mp_ref":7.55,"V_mp_ref":23.19,"alpha_sc":0.0056700000000000006,"beta_oc":-0.1037,"a_ref":1.3022,"I_L_ref":8.109,"I_o_ref":1.54e-09,"R_s":0.29600000000000004,"R_sh_ref":268.61,"Adjust":16.19,"PTC":154.5,"pdc0":175.0,"gamma_pdc":-0.0051,"gamma_r":-0.51}