{"Date":"05.01.2013","Version":"NRELv1","Technology":"Mono-c-Si","BIPV":"N","A_c":1.9369999999999998,"N_s":72.0,"T_NOCT":48.6,"I_sc_ref":8.73,"V_oc_ref":42.72,"I_mp_ref":8.12,"V_mp_ref":35.1,"alpha_sc":0.002095,"beta_oc":-0.14354,"a_ref":1.8287,"I_L_ref":8.741,"I_o_ref":6.110000000000001e-10,"R_s":0.272,"R_sh_ref":208.8,"Adjust":14.1,"PTC":250.5,"pdc0":285.0,"gamma_pdc":-0.00487,"gamma_r":-0.48700000000000004}