{"Date":"05.01.2013","Version":"NRELv1","Technology":"Mono-c-Si","BIPV":"N","A_c":1.9369999999999998,"N_s":72.0,"T_NOCT":48.6,"I_sc_ref":8.77,"V_oc_ref":48.42,"I_mp_ref":8.23,"V_mp_ref":39.49,"alpha_sc":0.002105,"beta_oc":-0.16269,"a_ref":2.0527,"I_L_ref":8.776,"I_o_ref":4.94e-10,"R_s":0.35100000000000003,"R_sh_ref":474.87,"Adjust":12.1,"PTC":287.0,"pdc0":325.0,"gamma_pdc":-0.00487,"gamma_r":-0.48700000000000004}