{"Date":"1/14/2013","Version":"NRELv1","Technology":"Multi-c-Si","BIPV":"N","A_c":1.311,"N_s":48.0,"T_NOCT":46.3,"I_sc_ref":8.55,"V_oc_ref":29.93,"I_mp_ref":7.92,"V_mp_ref":24.66,"alpha_sc":0.005985,"beta_oc":-0.10655,"a_ref":1.3716,"I_L_ref":8.56,"I_o_ref":2.7800000000000003e-09,"R_s":0.162,"R_sh_ref":140.19,"Adjust":21.45,"PTC":172.7,"pdc0":195.0,"gamma_pdc":-0.0051,"gamma_r":-0.51}