{"Date":"05.01.2013","Version":"NRELv1","Technology":"Mono-c-Si","BIPV":"N","A_c":1.9369999999999998,"N_s":72.0,"T_NOCT":48.6,"I_sc_ref":8.88,"V_oc_ref":48.6,"I_mp_ref":8.36,"V_mp_ref":39.49,"alpha_sc":0.002131,"beta_oc":-0.1633,"a_ref":2.052,"I_L_ref":8.884,"I_o_ref":4.5699999999999997e-10,"R_s":0.369,"R_sh_ref":763.97,"Adjust":11.26,"PTC":291.5,"pdc0":330.0,"gamma_pdc":-0.00487,"gamma_r":-0.48700000000000004}