{"Date":"1/14/2013","Version":"NRELv1","Technology":"Multi-c-Si","BIPV":"N","A_c":0.998,"N_s":36.0,"T_NOCT":46.3,"I_sc_ref":8.36,"V_oc_ref":22.2,"I_mp_ref":7.77,"V_mp_ref":18.03,"alpha_sc":0.005852,"beta_oc":-0.07902999999999999,"a_ref":1.0063,"I_L_ref":8.37,"I_o_ref":2.1600000000000004e-09,"R_s":0.163,"R_sh_ref":137.05,"Adjust":19.14,"PTC":123.8,"pdc0":140.0,"gamma_pdc":-0.0051,"gamma_r":-0.51}