{"Date":"1/14/2013","Version":"NRELv1","Technology":"Multi-c-Si","BIPV":"N","A_c":1.311,"N_s":48.0,"T_NOCT":46.3,"I_sc_ref":8.85,"V_oc_ref":30.32,"I_mp_ref":8.11,"V_mp_ref":25.32,"alpha_sc":0.006195,"beta_oc":-0.10794000000000001,"a_ref":1.4108,"I_L_ref":8.861,"I_o_ref":3.95e-09,"R_s":0.106,"R_sh_ref":87.52,"Adjust":24.7,"PTC":181.8,"pdc0":205.0,"gamma_pdc":-0.0051,"gamma_r":-0.51}