{"Date":"05.01.2013","Version":"NRELv1","Technology":"Mono-c-Si","BIPV":"N","A_c":1.9369999999999998,"N_s":72.0,"T_NOCT":48.6,"I_sc_ref":8.75,"V_oc_ref":45.6,"I_mp_ref":8.2,"V_mp_ref":37.2,"alpha_sc":0.0021,"beta_oc":-0.15322,"a_ref":1.935,"I_L_ref":8.757,"I_o_ref":5.04e-10,"R_s":0.33,"R_sh_ref":389.65,"Adjust":12.29,"PTC":268.7,"pdc0":305.0,"gamma_pdc":-0.00487,"gamma_r":-0.48700000000000004}