{"Date":"1/14/2013","Version":"NRELv1","Technology":"Multi-c-Si","BIPV":"N","A_c":0.998,"N_s":36.0,"T_NOCT":46.3,"I_sc_ref":8.21,"V_oc_ref":22.0,"I_mp_ref":7.65,"V_mp_ref":17.66,"alpha_sc":0.0057469999999999995,"beta_oc":-0.07832,"a_ref":0.9886,"I_L_ref":8.219,"I_o_ref":1.75e-09,"R_s":0.19699999999999998,"R_sh_ref":180.63,"Adjust":17.3,"PTC":119.2,"pdc0":135.0,"gamma_pdc":-0.0051,"gamma_r":-0.51}