{"Date":"07.09.2010","Version":"MM107","Technology":"1-a-Si","BIPV":"N","A_c":0.95,"N_s":108.0,"T_NOCT":43.5,"I_sc_ref":1.19,"V_oc_ref":91.8,"I_mp_ref":0.9,"V_mp_ref":67.0,"alpha_sc":0.0019039999999999999,"beta_oc":-0.25888,"a_ref":3.6196,"I_L_ref":1.263,"I_o_ref":8.769999999999999e-12,"R_s":15.703,"R_sh_ref":257.58,"Adjust":11.7,"PTC":57.0,"pdc0":60.0,"gamma_pdc":-0.00224,"gamma_r":-0.22399999999999998}