{"Date":"06.10.2011","Version":"MM107","Technology":"a-Si/nc","BIPV":"N","A_c":1.22,"N_s":53.0,"T_NOCT":47.6,"I_sc_ref":2.4,"V_oc_ref":71.0,"I_mp_ref":1.96,"V_mp_ref":53.5,"alpha_sc":0.001368,"beta_oc":-0.25986,"a_ref":2.9212,"I_L_ref":2.471,"I_o_ref":5.6100000000000005e-11,"R_s":4.593999999999999,"R_sh_ref":155.97,"Adjust":-4.4,"PTC":94.5,"pdc0":105.0,"gamma_pdc":-0.00381,"gamma_r":-0.381}