{"Date":"06.10.2011","Version":"MM107","Technology":"a-Si/nc","BIPV":"N","A_c":1.22,"N_s":53.0,"T_NOCT":47.6,"I_sc_ref":2.5,"V_oc_ref":71.0,"I_mp_ref":2.04,"V_mp_ref":54.0,"alpha_sc":0.001425,"beta_oc":-0.25986,"a_ref":2.9431,"I_L_ref":2.569,"I_o_ref":6.990000000000001e-11,"R_s":4.1080000000000005,"R_sh_ref":149.72,"Adjust":-3.0,"PTC":99.1,"pdc0":110.0,"gamma_pdc":-0.00381,"gamma_r":-0.381}