{"Date":"3/30/2010","Version":"MM107","Technology":"Multi-c-Si","BIPV":"N","A_c":1.6369999999999998,"N_s":60.0,"T_NOCT":45.7,"I_sc_ref":8.39,"V_oc_ref":37.06,"I_mp_ref":7.79,"V_mp_ref":30.18,"alpha_sc":0.00461,"beta_oc":-0.12167,"a_ref":1.5795,"I_L_ref":8.402999999999999,"I_o_ref":5.29e-10,"R_s":0.28600000000000003,"R_sh_ref":177.92,"Adjust":15.3,"PTC":211.2,"pdc0":235.0,"gamma_pdc":-0.0046,"gamma_r":-0.46}