{"Date":"12/15/2012","Version":"NRELv1","Technology":"Multi-c-Si","BIPV":"N","A_c":1.6369999999999998,"N_s":60.0,"T_NOCT":46.8,"I_sc_ref":8.72,"V_oc_ref":38.02,"I_mp_ref":8.31,"V_mp_ref":31.36,"alpha_sc":0.006037,"beta_oc":-0.12303,"a_ref":1.5903,"I_L_ref":8.811,"I_o_ref":3.6200000000000004e-10,"R_s":0.23199999999999998,"R_sh_ref":615.32,"Adjust":12.97,"PTC":234.7,"pdc0":260.0,"gamma_pdc":-0.00431,"gamma_r":-0.431}