{"Date":"3/30/2010","Version":"MM107","Technology":"Multi-c-Si","BIPV":"N","A_c":1.48,"N_s":54.0,"T_NOCT":45.7,"I_sc_ref":8.18,"V_oc_ref":32.89,"I_mp_ref":7.61,"V_mp_ref":26.35,"alpha_sc":0.004495,"beta_oc":-0.10797999999999999,"a_ref":1.3869,"I_L_ref":8.193999999999999,"I_o_ref":4.03e-10,"R_s":0.32799999999999996,"R_sh_ref":194.32,"Adjust":13.0,"PTC":179.5,"pdc0":200.0,"gamma_pdc":-0.0046,"gamma_r":-0.46}