{"Date":"3/30/2010","Version":"MM107","Technology":"Multi-c-Si","BIPV":"N","A_c":1.48,"N_s":54.0,"T_NOCT":45.7,"I_sc_ref":8.27,"V_oc_ref":33.09,"I_mp_ref":7.69,"V_mp_ref":26.68,"alpha_sc":0.004543999999999999,"beta_oc":-0.10862999999999999,"a_ref":1.4012,"I_L_ref":8.283999999999999,"I_o_ref":4.49e-10,"R_s":0.3,"R_sh_ref":182.12,"Adjust":13.9,"PTC":184.1,"pdc0":205.0,"gamma_pdc":-0.0046,"gamma_r":-0.46}