{"Date":"4/19/2010","Version":"MM107","Technology":"Multi-c-Si","BIPV":"N","A_c":1.3219999999999998,"N_s":48.0,"T_NOCT":45.7,"I_sc_ref":8.05,"V_oc_ref":28.98,"I_mp_ref":7.55,"V_mp_ref":23.19,"alpha_sc":0.00442,"beta_oc":-0.09514,"a_ref":1.2155,"I_L_ref":8.057,"I_o_ref":3.52e-10,"R_s":0.299,"R_sh_ref":353.9,"Adjust":11.9,"PTC":157.0,"pdc0":175.0,"gamma_pdc":-0.0046,"gamma_r":-0.46}