{"Date":"3/30/2010","Version":"MM107","Technology":"Multi-c-Si","BIPV":"N","A_c":1.3219999999999998,"N_s":48.0,"T_NOCT":45.7,"I_sc_ref":8.23,"V_oc_ref":29.38,"I_mp_ref":7.75,"V_mp_ref":23.91,"alpha_sc":0.004522,"beta_oc":-0.09645,"a_ref":1.2413,"I_L_ref":8.234,"I_o_ref":4.2999999999999996e-10,"R_s":0.235,"R_sh_ref":507.5,"Adjust":13.5,"PTC":166.2,"pdc0":185.0,"gamma_pdc":-0.0046,"gamma_r":-0.46}