{"Date":"4/19/2010","Version":"MM107","Technology":"Multi-c-Si","BIPV":"N","A_c":1.165,"N_s":42.0,"T_NOCT":45.7,"I_sc_ref":7.88,"V_oc_ref":25.27,"I_mp_ref":7.28,"V_mp_ref":20.64,"alpha_sc":0.00433,"beta_oc":-0.08296,"a_ref":1.0821,"I_L_ref":7.895,"I_o_ref":5.52e-10,"R_s":0.19699999999999998,"R_sh_ref":102.43,"Adjust":16.3,"PTC":134.5,"pdc0":150.0,"gamma_pdc":-0.0046,"gamma_r":-0.46}