{"Date":"4/19/2010","Version":"MM107","Technology":"Multi-c-Si","BIPV":"N","A_c":1.165,"N_s":42.0,"T_NOCT":45.7,"I_sc_ref":8.06,"V_oc_ref":25.67,"I_mp_ref":7.38,"V_mp_ref":21.69,"alpha_sc":0.004429,"beta_oc":-0.08427,"a_ref":1.1282,"I_L_ref":8.068999999999999,"I_o_ref":1.01e-09,"R_s":0.079,"R_sh_ref":71.81,"Adjust":22.0,"PTC":143.7,"pdc0":160.0,"gamma_pdc":-0.0046,"gamma_r":-0.46}