{"Date":"3/30/2010","Version":"MM107","Technology":"Multi-c-Si","BIPV":"N","A_c":1.008,"N_s":36.0,"T_NOCT":45.7,"I_sc_ref":8.36,"V_oc_ref":22.2,"I_mp_ref":7.77,"V_mp_ref":18.03,"alpha_sc":0.004594,"beta_oc":-0.07288,"a_ref":0.9440000000000001,"I_L_ref":8.373,"I_o_ref":5e-10,"R_s":0.18,"R_sh_ref":113.9,"Adjust":14.8,"PTC":125.7,"pdc0":140.0,"gamma_pdc":-0.0046,"gamma_r":-0.46}