{"Date":"3/30/2010","Version":"MM107","Technology":"Multi-c-Si","BIPV":"N","A_c":1.008,"N_s":36.0,"T_NOCT":45.7,"I_sc_ref":8.21,"V_oc_ref":22.0,"I_mp_ref":7.67,"V_mp_ref":17.62,"alpha_sc":0.004511,"beta_oc":-0.07222999999999999,"a_ref":0.9254,"I_L_ref":8.22,"I_o_ref":3.83e-10,"R_s":0.22,"R_sh_ref":175.29,"Adjust":12.5,"PTC":121.1,"pdc0":135.0,"gamma_pdc":-0.0046,"gamma_r":-0.46}