{"Date":"5/22/2012","Version":"NRELv1","Technology":"Multi-c-Si","BIPV":"N","A_c":1.7730000000000001,"N_s":72.0,"T_NOCT":45.2,"I_sc_ref":8.66,"V_oc_ref":45.24,"I_mp_ref":8.15,"V_mp_ref":36.31,"alpha_sc":0.004896,"beta_oc":-0.1487,"a_ref":1.8779,"I_L_ref":8.665,"I_o_ref":2.97e-10,"R_s":0.42200000000000004,"R_sh_ref":771.58,"Adjust":9.708,"PTC":267.7,"pdc0":295.0,"gamma_pdc":-0.00448,"gamma_r":-0.44799999999999995}