{"Date":"5/22/2012","Version":"NRELv1","Technology":"Multi-c-Si","BIPV":"N","A_c":1.7730000000000001,"N_s":72.0,"T_NOCT":45.2,"I_sc_ref":8.68,"V_oc_ref":45.31,"I_mp_ref":8.18,"V_mp_ref":36.74,"alpha_sc":0.004908,"beta_oc":-0.14893,"a_ref":1.8904,"I_L_ref":8.684,"I_o_ref":3.36e-10,"R_s":0.368,"R_sh_ref":834.91,"Adjust":10.8,"PTC":272.3,"pdc0":300.0,"gamma_pdc":-0.00448,"gamma_r":-0.44799999999999995}