{"Date":"5/22/2012","Version":"NRELv1","Technology":"Multi-c-Si","BIPV":"N","A_c":1.7730000000000001,"N_s":72.0,"T_NOCT":45.2,"I_sc_ref":8.55,"V_oc_ref":44.67,"I_mp_ref":7.95,"V_mp_ref":35.81,"alpha_sc":0.004834000000000001,"beta_oc":-0.14683,"a_ref":1.8657,"I_L_ref":8.565,"I_o_ref":3.3500000000000003e-10,"R_s":0.428,"R_sh_ref":236.74,"Adjust":10.95,"PTC":258.4,"pdc0":285.0,"gamma_pdc":-0.00448,"gamma_r":-0.44799999999999995}