{"Date":"5/22/2012","Version":"NRELv1","Technology":"Multi-c-Si","BIPV":"N","A_c":1.7730000000000001,"N_s":72.0,"T_NOCT":45.2,"I_sc_ref":8.78,"V_oc_ref":45.61,"I_mp_ref":8.41,"V_mp_ref":36.49,"alpha_sc":0.004964,"beta_oc":-0.14992,"a_ref":1.8903,"I_L_ref":8.964,"I_o_ref":2.9499999999999996e-10,"R_s":0.429,"R_sh_ref":544.91,"Adjust":9.374,"PTC":281.7,"pdc0":310.0,"gamma_pdc":-0.00448,"gamma_r":-0.44799999999999995}