{"Date":"12/23/2014","Version":"NRELv1","Technology":"Mono-c-Si","BIPV":"N","A_c":1.6380000000000001,"N_s":60.0,"T_NOCT":46.0,"I_sc_ref":8.29,"V_oc_ref":37.56,"I_mp_ref":7.69,"V_mp_ref":31.2,"alpha_sc":0.004454,"beta_oc":-0.13385999999999998,"a_ref":1.6585,"I_L_ref":8.299,"I_o_ref":1.18e-09,"R_s":0.18899999999999997,"R_sh_ref":171.82,"Adjust":13.57,"PTC":214.4,"pdc0":240.0,"gamma_pdc":-0.0048,"gamma_r":-0.48}