{"Date":"12/23/2014","Version":"NRELv1","Technology":"Multi-c-Si","BIPV":"N","A_c":1.6380000000000001,"N_s":60.0,"T_NOCT":47.6,"I_sc_ref":8.23,"V_oc_ref":36.72,"I_mp_ref":7.68,"V_mp_ref":30.6,"alpha_sc":0.004739,"beta_oc":-0.12272000000000001,"a_ref":1.5719,"I_L_ref":8.237,"I_o_ref":5.78e-10,"R_s":0.185,"R_sh_ref":212.33,"Adjust":14.36,"PTC":209.6,"pdc0":235.0,"gamma_pdc":-0.0045000000000000005,"gamma_r":-0.45}