{"Date":"12/23/2014","Version":"NRELv1","Technology":"Multi-c-Si","BIPV":"N","A_c":1.6380000000000001,"N_s":60.0,"T_NOCT":47.6,"I_sc_ref":7.83,"V_oc_ref":36.0,"I_mp_ref":7.18,"V_mp_ref":29.94,"alpha_sc":0.004509,"beta_oc":-0.12030999999999999,"a_ref":1.5561,"I_L_ref":7.843999999999999,"I_o_ref":6.74e-10,"R_s":0.196,"R_sh_ref":109.33,"Adjust":16.33,"PTC":191.3,"pdc0":215.0,"gamma_pdc":-0.0045000000000000005,"gamma_r":-0.45}