{"Date":"12/23/2014","Version":"NRELv1","Technology":"Mono-c-Si","BIPV":"N","A_c":1.9509999999999998,"N_s":72.0,"T_NOCT":47.9,"I_sc_ref":8.52,"V_oc_ref":44.57,"I_mp_ref":8.04,"V_mp_ref":36.72,"alpha_sc":0.004543,"beta_oc":-0.14459,"a_ref":1.8693,"I_L_ref":8.523,"I_o_ref":3.7400000000000005e-10,"R_s":0.28600000000000003,"R_sh_ref":800.0,"Adjust":13.46,"PTC":263.2,"pdc0":295.0,"gamma_pdc":-0.00449,"gamma_r":-0.449}