{"Date":"12/23/2014","Version":"NRELv1","Technology":"Mono-c-Si","BIPV":"N","A_c":1.9509999999999998,"N_s":72.0,"T_NOCT":47.9,"I_sc_ref":8.11,"V_oc_ref":44.42,"I_mp_ref":7.36,"V_mp_ref":36.0,"alpha_sc":0.004324000000000001,"beta_oc":-0.1441,"a_ref":1.8888,"I_L_ref":8.141,"I_o_ref":4.71e-10,"R_s":0.385,"R_sh_ref":102.24,"Adjust":16.2,"PTC":235.7,"pdc0":265.0,"gamma_pdc":-0.00449,"gamma_r":-0.449}