{"Date":"12/23/2014","Version":"NRELv1","Technology":"Mono-c-Si","BIPV":"N","A_c":1.6380000000000001,"N_s":60.0,"T_NOCT":46.0,"I_sc_ref":8.8,"V_oc_ref":37.8,"I_mp_ref":8.5,"V_mp_ref":30.6,"alpha_sc":0.004728,"beta_oc":-0.13472,"a_ref":1.6304,"I_L_ref":9.073,"I_o_ref":7.66e-10,"R_s":0.289,"R_sh_ref":387.74,"Adjust":8.839,"PTC":232.9,"pdc0":260.0,"gamma_pdc":-0.0048,"gamma_r":-0.48}