{"Date":"12/23/2014","Version":"NRELv1","Technology":"Mono-c-Si","BIPV":"N","A_c":1.6380000000000001,"N_s":60.0,"T_NOCT":46.0,"I_sc_ref":8.18,"V_oc_ref":37.32,"I_mp_ref":7.55,"V_mp_ref":30.48,"alpha_sc":0.0043950000000000005,"beta_oc":-0.13301,"a_ref":1.6362,"I_L_ref":8.195,"I_o_ref":9.86e-10,"R_s":0.271,"R_sh_ref":146.59,"Adjust":12.06,"PTC":205.3,"pdc0":230.0,"gamma_pdc":-0.0048,"gamma_r":-0.48}