{"Date":"12/23/2014","Version":"NRELv1","Technology":"Mono-c-Si","BIPV":"N","A_c":1.9509999999999998,"N_s":72.0,"T_NOCT":47.9,"I_sc_ref":8.58,"V_oc_ref":44.71,"I_mp_ref":8.17,"V_mp_ref":36.72,"alpha_sc":0.004575,"beta_oc":-0.14504,"a_ref":1.8719,"I_L_ref":8.67,"I_o_ref":3.65e-10,"R_s":0.298,"R_sh_ref":698.51,"Adjust":13.08,"PTC":267.8,"pdc0":300.0,"gamma_pdc":-0.00449,"gamma_r":-0.449}