{"Date":"12/23/2014","Version":"NRELv1","Technology":"Mono-c-Si","BIPV":"N","A_c":1.6380000000000001,"N_s":60.0,"T_NOCT":46.0,"I_sc_ref":8.11,"V_oc_ref":37.02,"I_mp_ref":7.5,"V_mp_ref":30.0,"alpha_sc":0.004358,"beta_oc":-0.13194,"a_ref":1.6134,"I_L_ref":8.125,"I_o_ref":8.55e-10,"R_s":0.308,"R_sh_ref":163.03,"Adjust":10.84,"PTC":200.7,"pdc0":225.0,"gamma_pdc":-0.0048,"gamma_r":-0.48}