{"Vac":208.0,"Paco":100000.0,"Pdco":103751.0,"Vdco":345.0,"Pso":1009.94,"C0":-1.85337e-07,"C1":1.6781500000000002e-05,"C2":0.00108006,"C3":0.000315322,"Pnt":27.4,"Vdcmax":480.0,"Mppt_low":300.0,"Mppt_high":480.0}