{"Vac":480.0,"Paco":125000.0,"Pdco":129397.0,"Vdco":365.0,"Pso":960.5139999999999,"C0":-1.37971e-07,"C1":1.90073e-05,"C2":0.00188945,"C3":0.00146474,"Pnt":17.0,"Vdcmax":480.0,"Mppt_low":315.0,"Mppt_high":480.0}