{"Date":"03.08.2010","Version":"MM107","Technology":"Mono-c-Si","BIPV":"N","A_c":1.2770000000000001,"N_s":72.0,"T_NOCT":44.6,"I_sc_ref":5.35,"V_oc_ref":44.5,"I_mp_ref":4.96,"V_mp_ref":36.3,"alpha_sc":0.00091,"beta_oc":-0.16376,"a_ref":1.9217,"I_L_ref":5.359,"I_o_ref":4.58e-10,"R_s":0.515,"R_sh_ref":317.8,"Adjust":5.8,"PTC":161.1,"pdc0":180.0,"gamma_pdc":-0.00502,"gamma_r":-0.502}