{"Technology":"Mono-c-Si","BIPV":"N","A_c":1.5959999999999999,"N_s":60.0,"T_NOCT":51.3,"PTC":239.8,"pdc0":275.0,"gamma_pdc":-0.00481}