{"Technology":"Mono-c-Si","BIPV":"N","A_c":1.6769999999999998,"N_s":60.0,"T_NOCT":45.9,"PTC":266.1,"pdc0":290.0,"gamma_pdc":-0.0039000000000000003}