{"Date":"10/30/2012","Version":"NRELv1","Technology":"Multi-c-Si","BIPV":"N","A_c":1.6369999999999998,"N_s":60.0,"T_NOCT":49.8,"I_sc_ref":8.63,"V_oc_ref":37.68,"I_mp_ref":8.08,"V_mp_ref":30.93,"alpha_sc":0.00863,"beta_oc":-0.13037,"a_ref":1.6678,"I_L_ref":8.636000000000001,"I_o_ref":1.31e-09,"R_s":0.23199999999999998,"R_sh_ref":338.14,"Adjust":17.11,"PTC":220.4,"pdc0":250.0,"gamma_pdc":-0.00457,"gamma_r":-0.457}