{"Date":"04.02.2013","Version":"NRELv1","Technology":"Multi-c-Si","BIPV":"N","A_c":1.6369999999999998,"N_s":60.0,"T_NOCT":48.9,"I_sc_ref":9.09,"V_oc_ref":38.22,"I_mp_ref":8.52,"V_mp_ref":31.69,"alpha_sc":0.003363,"beta_oc":-0.12689,"a_ref":1.5918,"I_L_ref":9.097000000000001,"I_o_ref":3.34e-10,"R_s":0.207,"R_sh_ref":256.52,"Adjust":9.496,"PTC":240.4,"pdc0":270.0,"gamma_pdc":-0.00448,"gamma_r":-0.44799999999999995}