{"Date":"5/22/2012","Version":"NRELv1","Technology":"Multi-c-Si","BIPV":"N","A_c":1.886,"N_s":72.0,"T_NOCT":47.5,"I_sc_ref":8.7,"V_oc_ref":45.1,"I_mp_ref":8.3,"V_mp_ref":36.1,"alpha_sc":0.003045,"beta_oc":-0.1592,"a_ref":1.8421,"I_L_ref":8.789,"I_o_ref":2.0400000000000002e-10,"R_s":0.435,"R_sh_ref":2072.09,"Adjust":-0.7917,"PTC":263.7,"pdc0":295.0,"gamma_pdc":-0.004529999999999999,"gamma_r":-0.45299999999999996}