{"Date":"7/13/2009","Version":"MM106","Technology":"Mono-c-Si","BIPV":"N","A_c":1.114,"N_s":72.0,"T_NOCT":44.4,"I_sc_ref":5.5,"V_oc_ref":44.3,"I_mp_ref":4.83,"V_mp_ref":36.2,"alpha_sc":0.003218,"beta_oc":-0.17857,"a_ref":2.1673,"I_L_ref":5.523,"I_o_ref":6.690000000000001e-09,"R_s":0.382,"R_sh_ref":92.46,"Adjust":19.6,"PTC":155.7,"pdc0":175.0,"gamma_pdc":-0.0054600000000000004,"gamma_r":-0.546}