{"Date":"7/13/2009","Version":"MM106","Technology":"Multi-c-Si","BIPV":"N","A_c":1.47,"N_s":54.0,"T_NOCT":45.3,"I_sc_ref":8.0,"V_oc_ref":32.8,"I_mp_ref":7.22,"V_mp_ref":27.0,"alpha_sc":0.004007999999999999,"beta_oc":-0.11706,"a_ref":1.5305,"I_L_ref":8.02,"I_o_ref":3.73e-09,"R_s":0.185,"R_sh_ref":72.47,"Adjust":24.9,"PTC":172.4,"pdc0":195.0,"gamma_pdc":-0.00528,"gamma_r":-0.528}