{"Date":"7/13/2009","Version":"MM106","Technology":"Multi-c-Si","BIPV":"N","A_c":1.47,"N_s":54.0,"T_NOCT":45.3,"I_sc_ref":7.9,"V_oc_ref":32.7,"I_mp_ref":7.36,"V_mp_ref":27.2,"alpha_sc":0.003958,"beta_oc":-0.11671,"a_ref":1.5039,"I_L_ref":7.905,"I_o_ref":2.8000000000000003e-09,"R_s":0.15,"R_sh_ref":221.13,"Adjust":22.0,"PTC":176.9,"pdc0":200.0,"gamma_pdc":-0.00528,"gamma_r":-0.528}