{"Date":"06.09.2010","Version":"MM107","Technology":"Multi-c-Si","BIPV":"N","A_c":1.6269999999999998,"N_s":60.0,"T_NOCT":45.6,"I_sc_ref":8.1,"V_oc_ref":36.3,"I_mp_ref":7.58,"V_mp_ref":29.0,"alpha_sc":0.005265,"beta_oc":-0.12342,"a_ref":1.5204,"I_L_ref":8.109,"I_o_ref":3.42e-10,"R_s":0.38,"R_sh_ref":346.16,"Adjust":7.6,"PTC":198.2,"pdc0":220.0,"gamma_pdc":-0.00446,"gamma_r":-0.446}