{"Date":"01.05.2012","Version":"NRELv1","Technology":"Multi-c-Si","BIPV":"N","A_c":1.569,"N_s":60.0,"T_NOCT":46.6,"I_sc_ref":8.64,"V_oc_ref":37.0,"I_mp_ref":7.94,"V_mp_ref":30.23,"alpha_sc":0.001987,"beta_oc":-0.11395999999999999,"a_ref":1.5386,"I_L_ref":8.662,"I_o_ref":3e-10,"R_s":0.275,"R_sh_ref":107.76,"Adjust":17.75,"PTC":215.1,"pdc0":240.0,"gamma_pdc":-0.0045899999999999995,"gamma_r":-0.45899999999999996}