{"Date":"01.05.2012","Version":"NRELv1","Technology":"Multi-c-Si","BIPV":"N","A_c":1.611,"N_s":60.0,"T_NOCT":46.8,"I_sc_ref":8.76,"V_oc_ref":37.2,"I_mp_ref":8.05,"V_mp_ref":30.43,"alpha_sc":0.004906000000000001,"beta_oc":-0.17298,"a_ref":1.6426,"I_L_ref":8.777999999999999,"I_o_ref":1.24e-09,"R_s":0.242,"R_sh_ref":116.47,"Adjust":-13.17,"PTC":219.0,"pdc0":245.0,"gamma_pdc":-0.0046500000000000005,"gamma_r":-0.465}