{"Date":"12/23/2014","Version":"NRELv1","Technology":"Multi-c-Si","BIPV":"N","A_c":1.611,"N_s":60.0,"T_NOCT":45.5,"I_sc_ref":8.84,"V_oc_ref":38.09,"I_mp_ref":8.26,"V_mp_ref":31.48,"alpha_sc":0.003536,"beta_oc":-0.1257,"a_ref":1.5939,"I_L_ref":8.849,"I_o_ref":3.63e-10,"R_s":0.22399999999999998,"R_sh_ref":219.24,"Adjust":11.11,"PTC":235.2,"pdc0":260.0,"gamma_pdc":-0.0045000000000000005,"gamma_r":-0.45}