{"Date":"9/23/2009","Version":"MM106","Technology":"Multi-c-Si","BIPV":"N","A_c":1.739,"N_s":72.0,"T_NOCT":45.3,"I_sc_ref":7.9,"V_oc_ref":43.63,"I_mp_ref":7.28,"V_mp_ref":36.4,"alpha_sc":0.004868,"beta_oc":-0.16261,"a_ref":2.0318,"I_L_ref":7.9079999999999995,"I_o_ref":3.6200000000000003e-09,"R_s":0.17600000000000002,"R_sh_ref":172.31,"Adjust":19.2,"PTC":235.8,"pdc0":265.0,"gamma_pdc":-0.00519,"gamma_r":-0.519}