{"Date":"12/27/2012","Version":"NRELv1","Technology":"Multi-c-Si","BIPV":"N","A_c":1.94,"N_s":72.0,"T_NOCT":47.7,"I_sc_ref":8.72,"V_oc_ref":44.89,"I_mp_ref":8.18,"V_mp_ref":36.68,"alpha_sc":0.003575,"beta_oc":-0.15532,"a_ref":1.8601,"I_L_ref":8.728,"I_o_ref":2.85e-10,"R_s":0.32899999999999996,"R_sh_ref":375.12,"Adjust":3.9789999999999996,"PTC":268.3,"pdc0":300.0,"gamma_pdc":-0.00446,"gamma_r":-0.446}