{"Date":"5/22/2012","Version":"NRELv1","Technology":"Multi-c-Si","BIPV":"N","A_c":1.635,"N_s":60.0,"T_NOCT":47.5,"I_sc_ref":8.69,"V_oc_ref":37.44,"I_mp_ref":8.07,"V_mp_ref":29.74,"alpha_sc":0.005697,"beta_oc":-0.12504,"a_ref":1.6168,"I_L_ref":8.705,"I_o_ref":7.480000000000001e-10,"R_s":0.37799999999999995,"R_sh_ref":212.7,"Adjust":16.24,"PTC":208.1,"pdc0":235.0,"gamma_pdc":-0.00479,"gamma_r":-0.479}