{"Date":"02.07.2011","Version":"MM107","Technology":"Mono-c-Si","BIPV":"N","A_c":1.6369999999999998,"N_s":60.0,"T_NOCT":46.6,"I_sc_ref":8.08,"V_oc_ref":37.0,"I_mp_ref":7.57,"V_mp_ref":29.7,"alpha_sc":0.003582,"beta_oc":-0.11237,"a_ref":1.4983,"I_L_ref":8.09,"I_o_ref":1.5e-10,"R_s":0.381,"R_sh_ref":321.75,"Adjust":13.1,"PTC":202.3,"pdc0":225.0,"gamma_pdc":-0.00435,"gamma_r":-0.435}