{"Date":"02.07.2011","Version":"MM107","Technology":"Mono-c-Si","BIPV":"N","A_c":1.6369999999999998,"N_s":60.0,"T_NOCT":46.6,"I_sc_ref":8.2,"V_oc_ref":37.1,"I_mp_ref":7.69,"V_mp_ref":29.9,"alpha_sc":0.003635,"beta_oc":-0.11267,"a_ref":1.505,"I_L_ref":8.209,"I_o_ref":1.5900000000000002e-10,"R_s":0.358,"R_sh_ref":337.18,"Adjust":13.5,"PTC":206.9,"pdc0":230.0,"gamma_pdc":-0.00435,"gamma_r":-0.435}