{"Date":"11.04.2014","Version":"NRELv1","Technology":"Multi-c-Si","BIPV":"N","A_c":1.615,"N_s":60.0,"T_NOCT":49.0,"I_sc_ref":8.55,"V_oc_ref":37.55,"I_mp_ref":7.91,"V_mp_ref":30.34,"alpha_sc":0.001967,"beta_oc":-0.11302999999999999,"a_ref":1.4884,"I_L_ref":8.572000000000001,"I_o_ref":9.170000000000002e-11,"R_s":0.348,"R_sh_ref":134.29,"Adjust":9.664,"PTC":214.2,"pdc0":240.0,"gamma_pdc":-0.00425,"gamma_r":-0.425}