{"Date":"08.08.2014","Version":"NRELv1","Technology":"Multi-c-Si","BIPV":"N","A_c":1.6340000000000001,"N_s":60.0,"T_NOCT":48.2,"I_sc_ref":9.12,"V_oc_ref":38.5,"I_mp_ref":8.55,"V_mp_ref":31.0,"alpha_sc":0.004651,"beta_oc":-0.11742999999999999,"a_ref":1.5338,"I_L_ref":9.131,"I_o_ref":1.13e-10,"R_s":0.345,"R_sh_ref":285.49,"Adjust":9.077,"PTC":238.9,"pdc0":265.0,"gamma_pdc":-0.00412,"gamma_r":-0.41200000000000003}