{"Date":"08.08.2014","Version":"NRELv1","Technology":"Multi-c-Si","BIPV":"N","A_c":1.6340000000000001,"N_s":60.0,"T_NOCT":48.2,"I_sc_ref":8.76,"V_oc_ref":37.5,"I_mp_ref":8.24,"V_mp_ref":30.5,"alpha_sc":0.004468,"beta_oc":-0.11438,"a_ref":1.4996,"I_L_ref":8.767000000000001,"I_o_ref":1.2e-10,"R_s":0.306,"R_sh_ref":368.2,"Adjust":9.922,"PTC":225.0,"pdc0":250.0,"gamma_pdc":-0.00412,"gamma_r":-0.41200000000000003}