{"Date":"08.08.2014","Version":"NRELv1","Technology":"Multi-c-Si","BIPV":"N","A_c":1.95,"N_s":72.0,"T_NOCT":47.5,"I_sc_ref":8.72,"V_oc_ref":45.3,"I_mp_ref":8.21,"V_mp_ref":36.7,"alpha_sc":0.004796,"beta_oc":-0.14043,"a_ref":1.808,"I_L_ref":8.727,"I_o_ref":1.13e-10,"R_s":0.392,"R_sh_ref":520.16,"Adjust":7.667999999999999,"PTC":271.2,"pdc0":300.0,"gamma_pdc":-0.004079999999999999,"gamma_r":-0.408}