{"Date":"10.01.2014","Version":"NRELv1","Technology":"Multi-c-Si","BIPV":"N","A_c":1.611,"N_s":60.0,"T_NOCT":48.4,"I_sc_ref":8.45,"V_oc_ref":37.8,"I_mp_ref":8.06,"V_mp_ref":30.4,"alpha_sc":0.003042,"beta_oc":-0.12134,"a_ref":1.5474,"I_L_ref":8.537,"I_o_ref":2.0899999999999998e-10,"R_s":0.354,"R_sh_ref":1322.57,"Adjust":9.604,"PTC":217.7,"pdc0":245.0,"gamma_pdc":-0.00455,"gamma_r":-0.455}