{"Date":"10.01.2014","Version":"NRELv1","Technology":"Multi-c-Si","BIPV":"N","A_c":1.611,"N_s":60.0,"T_NOCT":49.2,"I_sc_ref":8.35,"V_oc_ref":37.8,"I_mp_ref":7.89,"V_mp_ref":30.4,"alpha_sc":0.005845,"beta_oc":-0.13343,"a_ref":1.5998,"I_L_ref":8.35,"I_o_ref":4.5699999999999997e-10,"R_s":0.349,"R_sh_ref":8217.79,"Adjust":5.871,"PTC":212.4,"pdc0":240.0,"gamma_pdc":-0.00452,"gamma_r":-0.452}