{"Date":"10.01.2014","Version":"NRELv1","Technology":"Multi-c-Si","BIPV":"N","A_c":1.6269999999999998,"N_s":60.0,"T_NOCT":44.3,"I_sc_ref":8.5,"V_oc_ref":38.4,"I_mp_ref":8.2,"V_mp_ref":31.1,"alpha_sc":0.0034,"beta_oc":-0.13018,"a_ref":1.6051,"I_L_ref":8.672,"I_o_ref":3.5299999999999997e-10,"R_s":0.316,"R_sh_ref":3208.43,"Adjust":8.025,"PTC":231.1,"pdc0":255.0,"gamma_pdc":-0.0046700000000000005,"gamma_r":-0.467}