{"Date":"10.01.2014","Version":"NRELv1","Technology":"Multi-c-Si","BIPV":"N","A_c":1.6269999999999998,"N_s":60.0,"T_NOCT":43.8,"I_sc_ref":8.6,"V_oc_ref":38.4,"I_mp_ref":8.39,"V_mp_ref":31.0,"alpha_sc":0.002494,"beta_oc":-0.13171,"a_ref":1.6063,"I_L_ref":8.957,"I_o_ref":3.67e-10,"R_s":0.321,"R_sh_ref":351.39,"Adjust":6.994,"PTC":236.0,"pdc0":260.0,"gamma_pdc":-0.00475,"gamma_r":-0.475}