{"Date":"10.01.2014","Version":"NRELv1","Technology":"Multi-c-Si","BIPV":"N","A_c":1.94,"N_s":72.0,"T_NOCT":45.3,"I_sc_ref":8.74,"V_oc_ref":45.8,"I_mp_ref":8.45,"V_mp_ref":36.1,"alpha_sc":0.0026309999999999997,"beta_oc":-0.15764,"a_ref":1.8938,"I_L_ref":9.012,"I_o_ref":2.81e-10,"R_s":0.501,"R_sh_ref":644.68,"Adjust":4.26,"PTC":274.3,"pdc0":305.0,"gamma_pdc":-0.00476,"gamma_r":-0.47600000000000003}