{"Date":"9/18/2014","Version":"NRELv1","Technology":"Thin Film","BIPV":"N","A_c":1.0859999999999999,"N_s":100.0,"T_NOCT":47.0,"I_sc_ref":3.45,"V_oc_ref":62.5,"I_mp_ref":3.12,"V_mp_ref":48.1,"alpha_sc":0.000225,"beta_oc":-0.17875,"a_ref":2.066,"I_L_ref":3.483,"I_o_ref":2.37e-13,"R_s":2.594,"R_sh_ref":267.51,"Adjust":-23.14,"PTC":139.2,"pdc0":150.0,"gamma_pdc":-0.00306,"gamma_r":-0.306}