{"Date":"9/18/2014","Version":"NRELv1","Technology":"Thin Film","BIPV":"N","A_c":1.0859999999999999,"N_s":133.0,"T_NOCT":46.9,"I_sc_ref":2.52,"V_oc_ref":81.35,"I_mp_ref":2.3,"V_mp_ref":65.22,"alpha_sc":0.0002,"beta_oc":-0.23673000000000002,"a_ref":2.7071,"I_L_ref":2.535,"I_o_ref":2.12e-13,"R_s":3.3160000000000003,"R_sh_ref":552.17,"Adjust":-23.18,"PTC":139.5,"pdc0":150.0,"gamma_pdc":-0.00298,"gamma_r":-0.298}