{"Date":"9/18/2014","Version":"NRELv1","Technology":"Thin Film","BIPV":"N","A_c":1.0859999999999999,"N_s":133.0,"T_NOCT":46.9,"I_sc_ref":2.51,"V_oc_ref":79.8,"I_mp_ref":2.19,"V_mp_ref":61.64,"alpha_sc":0.000199,"beta_oc":-0.23221999999999998,"a_ref":2.6657,"I_L_ref":2.551,"I_o_ref":2.26e-13,"R_s":4.535,"R_sh_ref":277.76,"Adjust":-22.62,"PTC":125.4,"pdc0":135.0,"gamma_pdc":-0.00298,"gamma_r":-0.298}