{"Date":"07.08.2009","Version":"MM106","Technology":"Multi-c-Si","BIPV":"N","A_c":1.008,"N_s":36.0,"T_NOCT":43.0,"I_sc_ref":7.75,"V_oc_ref":21.6,"I_mp_ref":6.99,"V_mp_ref":17.2,"alpha_sc":0.004952000000000001,"beta_oc":-0.07454,"a_ref":0.9479,"I_L_ref":7.787999999999999,"I_o_ref":9.31e-10,"R_s":0.237,"R_sh_ref":48.16,"Adjust":15.5,"PTC":108.7,"pdc0":120.0,"gamma_pdc":-0.004739999999999999,"gamma_r":-0.474}