{"Date":"11.04.2014","Version":"NRELv1","Technology":"Mono-c-Si","BIPV":"N","A_c":1.46,"N_s":60.0,"T_NOCT":49.3,"I_sc_ref":9.18,"V_oc_ref":38.4,"I_mp_ref":8.48,"V_mp_ref":31.9,"alpha_sc":0.0022949999999999997,"beta_oc":-0.14015999999999998,"a_ref":1.6746,"I_L_ref":9.193,"I_o_ref":9.78e-10,"R_s":0.179,"R_sh_ref":129.42,"Adjust":8.651,"PTC":238.0,"pdc0":270.0,"gamma_pdc":-0.00491,"gamma_r":-0.491}