{"Date":"6/14/2011","Version":"MM107","Technology":"Mono-c-Si","BIPV":"N","A_c":1.528,"N_s":60.0,"T_NOCT":45.7,"I_sc_ref":8.79,"V_oc_ref":37.6,"I_mp_ref":8.08,"V_mp_ref":31.0,"alpha_sc":0.009142,"beta_oc":-0.14551,"a_ref":1.7107,"I_L_ref":8.804,"I_o_ref":2.42e-09,"R_s":0.198,"R_sh_ref":121.51,"Adjust":9.6,"PTC":225.8,"pdc0":250.0,"gamma_pdc":-0.00454,"gamma_r":-0.45399999999999996}