{"Date":"1/23/2009","Version":"MM106","Technology":"Multi-c-Si","BIPV":"N","A_c":1.3840000000000001,"N_s":50.0,"T_NOCT":47.3,"I_sc_ref":7.83,"V_oc_ref":29.9,"I_mp_ref":7.19,"V_mp_ref":23.7,"alpha_sc":0.005732,"beta_oc":-0.10192999999999999,"a_ref":1.2657,"I_L_ref":7.856,"I_o_ref":4.17e-10,"R_s":0.35200000000000004,"R_sh_ref":105.73,"Adjust":9.3,"PTC":151.6,"pdc0":170.0,"gamma_pdc":-0.00443,"gamma_r":-0.44299999999999995}