{"Date":"08.10.2011","Version":"MM107","Technology":"Mono-c-Si","BIPV":"N","A_c":1.526,"N_s":60.0,"T_NOCT":45.0,"I_sc_ref":8.6,"V_oc_ref":37.0,"I_mp_ref":8.07,"V_mp_ref":29.8,"alpha_sc":0.0051600000000000005,"beta_oc":-0.1258,"a_ref":1.5626,"I_L_ref":8.607000000000001,"I_o_ref":4.4299999999999997e-10,"R_s":0.327,"R_sh_ref":427.16,"Adjust":9.4,"PTC":217.2,"pdc0":240.0,"gamma_pdc":-0.00456,"gamma_r":-0.456}