{"Date":"2/17/2011","Version":"MM107","Technology":"Multi-c-Si","BIPV":"N","A_c":1.383,"N_s":50.0,"T_NOCT":45.2,"I_sc_ref":8.24,"V_oc_ref":30.3,"I_mp_ref":7.44,"V_mp_ref":24.9,"alpha_sc":0.010218000000000001,"beta_oc":-0.10240999999999999,"a_ref":1.3077,"I_L_ref":8.267000000000001,"I_o_ref":6.72e-10,"R_s":0.20199999999999999,"R_sh_ref":60.99,"Adjust":13.6,"PTC":169.6,"pdc0":185.0,"gamma_pdc":-0.00381,"gamma_r":-0.381}