{"Date":"6/17/2011","Version":"MM107","Technology":"Multi-c-Si","BIPV":"N","A_c":1.6230000000000002,"N_s":60.0,"T_NOCT":46.1,"I_sc_ref":8.44,"V_oc_ref":36.5,"I_mp_ref":8.09,"V_mp_ref":29.7,"alpha_sc":0.005064,"beta_oc":-0.1241,"a_ref":1.5476,"I_L_ref":8.547,"I_o_ref":4.89e-10,"R_s":0.28,"R_sh_ref":100000.0,"Adjust":10.3,"PTC":215.4,"pdc0":240.0,"gamma_pdc":-0.0046,"gamma_r":-0.46}