{"Date":"6/17/2011","Version":"MM107","Technology":"Multi-c-Si","BIPV":"N","A_c":1.6230000000000002,"N_s":60.0,"T_NOCT":45.4,"I_sc_ref":7.65,"V_oc_ref":36.3,"I_mp_ref":7.24,"V_mp_ref":29.0,"alpha_sc":0.003213,"beta_oc":-0.12415,"a_ref":1.4865,"I_L_ref":7.654,"I_o_ref":1.9e-10,"R_s":0.409,"R_sh_ref":100000.0,"Adjust":2.7,"PTC":189.0,"pdc0":210.0,"gamma_pdc":-0.00451,"gamma_r":-0.451}