{"Date":"6/17/2011","Version":"MM107","Technology":"Multi-c-Si","BIPV":"N","A_c":1.6230000000000002,"N_s":60.0,"T_NOCT":45.4,"I_sc_ref":7.97,"V_oc_ref":36.3,"I_mp_ref":7.53,"V_mp_ref":29.2,"alpha_sc":0.0033469999999999997,"beta_oc":-0.12415,"a_ref":1.4939,"I_L_ref":7.972,"I_o_ref":2.23e-10,"R_s":0.361,"R_sh_ref":1816.02,"Adjust":3.7,"PTC":198.2,"pdc0":220.0,"gamma_pdc":-0.00451,"gamma_r":-0.451}