{"Date":"6/17/2011","Version":"MM107","Technology":"Multi-c-Si","BIPV":"N","A_c":1.6230000000000002,"N_s":60.0,"T_NOCT":45.4,"I_sc_ref":7.31,"V_oc_ref":36.2,"I_mp_ref":6.92,"V_mp_ref":28.9,"alpha_sc":0.00307,"beta_oc":-0.1238,"a_ref":1.4824,"I_L_ref":7.316,"I_o_ref":1.8100000000000002e-10,"R_s":0.43,"R_sh_ref":100000.0,"Adjust":2.7,"PTC":179.8,"pdc0":200.0,"gamma_pdc":-0.00451,"gamma_r":-0.451}