{"Vac":208.0,"Paco":240.0,"Pdco":251.69400000000002,"Vdco":32.0,"Pso":2.1823799999999998,"C0":-5.3950100000000004e-05,"C1":-0.000880063,"C2":0.0161819,"C3":-0.051276199999999994,"Pnt":0.15,"Vdcmax":37.0,"Mppt_low":25.0,"Mppt_high":37.0}