{"Date":"09.02.2010","Version":"MM107","Technology":"Mono-c-Si","BIPV":"N","A_c":1.262,"N_s":72.0,"T_NOCT":46.8,"I_sc_ref":5.25,"V_oc_ref":45.3,"I_mp_ref":5.11,"V_mp_ref":36.2,"alpha_sc":0.006384,"beta_oc":-0.23873000000000003,"a_ref":2.3803,"I_L_ref":5.473,"I_o_ref":2.97e-08,"R_s":0.516,"R_sh_ref":100000.0,"Adjust":2.8,"PTC":158.4,"pdc0":185.0,"gamma_pdc":-0.00625,"gamma_r":-0.625}