{"Date":"10.05.2010","Version":"MM107","Technology":"Multi-c-Si","BIPV":"N","A_c":1.455,"N_s":54.0,"T_NOCT":46.3,"I_sc_ref":8.24,"V_oc_ref":32.8,"I_mp_ref":7.44,"V_mp_ref":26.9,"alpha_sc":0.006543000000000001,"beta_oc":-0.07472000000000001,"a_ref":1.4003,"I_L_ref":8.269,"I_o_ref":5.220000000000001e-10,"R_s":0.231,"R_sh_ref":65.54,"Adjust":66.8,"PTC":178.9,"pdc0":200.0,"gamma_pdc":-0.00461,"gamma_r":-0.461}