{"Date":"10.05.2010","Version":"MM107","Technology":"Multi-c-Si","BIPV":"N","A_c":1.455,"N_s":54.0,"T_NOCT":46.3,"I_sc_ref":8.47,"V_oc_ref":33.1,"I_mp_ref":7.75,"V_mp_ref":27.1,"alpha_sc":0.006725,"beta_oc":-0.0754,"a_ref":1.4023,"I_L_ref":8.493,"I_o_ref":4.55e-10,"R_s":0.23600000000000002,"R_sh_ref":88.04,"Adjust":64.5,"PTC":188.1,"pdc0":210.0,"gamma_pdc":-0.00461,"gamma_r":-0.461}