{"Date":"10.05.2010","Version":"MM107","Technology":"Multi-c-Si","BIPV":"N","A_c":1.611,"N_s":60.0,"T_NOCT":46.3,"I_sc_ref":8.12,"V_oc_ref":36.5,"I_mp_ref":7.4,"V_mp_ref":29.8,"alpha_sc":0.006447,"beta_oc":-0.08315,"a_ref":1.547,"I_L_ref":8.145,"I_o_ref":4.3900000000000003e-10,"R_s":0.284,"R_sh_ref":91.46,"Adjust":64.6,"PTC":196.8,"pdc0":220.0,"gamma_pdc":-0.00461,"gamma_r":-0.461}