{"Date":"10.05.2010","Version":"MM107","Technology":"Multi-c-Si","BIPV":"N","A_c":1.611,"N_s":60.0,"T_NOCT":46.3,"I_sc_ref":8.44,"V_oc_ref":36.8,"I_mp_ref":7.81,"V_mp_ref":30.1,"alpha_sc":0.006701,"beta_oc":-0.08383,"a_ref":1.5491,"I_L_ref":8.456,"I_o_ref":3.95e-10,"R_s":0.26899999999999996,"R_sh_ref":143.43,"Adjust":62.6,"PTC":210.6,"pdc0":235.0,"gamma_pdc":-0.00461,"gamma_r":-0.461}