{"Date":"10.05.2010","Version":"MM107","Technology":"Multi-c-Si","BIPV":"N","A_c":1.611,"N_s":60.0,"T_NOCT":46.3,"I_sc_ref":8.55,"V_oc_ref":37.0,"I_mp_ref":7.95,"V_mp_ref":30.2,"alpha_sc":0.006789,"beta_oc":-0.08429,"a_ref":1.5519,"I_L_ref":8.562999999999999,"I_o_ref":3.69e-10,"R_s":0.27699999999999997,"R_sh_ref":178.75,"Adjust":61.5,"PTC":215.2,"pdc0":240.0,"gamma_pdc":-0.00461,"gamma_r":-0.461}