{"Date":"08.11.2010","Version":"MM107","Technology":"1-a-Si","BIPV":"N","A_c":2.86,"N_s":106.0,"T_NOCT":44.3,"I_sc_ref":2.93,"V_oc_ref":93.92,"I_mp_ref":2.36,"V_mp_ref":72.03,"alpha_sc":0.0028399999999999996,"beta_oc":-0.32778,"a_ref":3.6325,"I_L_ref":3.0180000000000002,"I_o_ref":1.4199999999999998e-11,"R_s":4.6160000000000005,"R_sh_ref":153.02,"Adjust":-12.2,"PTC":159.7,"pdc0":170.0,"gamma_pdc":-0.0025900000000000003,"gamma_r":-0.259}