{"Date":"08.06.2010","Version":"MM107","Technology":"1-a-Si","BIPV":"N","A_c":1.43,"N_s":106.0,"T_NOCT":44.3,"I_sc_ref":1.5,"V_oc_ref":94.33,"I_mp_ref":1.22,"V_mp_ref":73.78,"alpha_sc":0.0014550000000000001,"beta_oc":-0.32921,"a_ref":3.6744,"I_L_ref":1.535,"I_o_ref":8.820000000000002e-12,"R_s":7.62,"R_sh_ref":322.93,"Adjust":-10.8,"PTC":84.6,"pdc0":90.0,"gamma_pdc":-0.0025900000000000003,"gamma_r":-0.259}