{"Date":"08.01.2012","Version":"NRELv1","Technology":"1-a-Si","BIPV":"N","A_c":1.4280000000000002,"N_s":106.0,"T_NOCT":44.5,"I_sc_ref":1.62,"V_oc_ref":96.2,"I_mp_ref":1.37,"V_mp_ref":74.2,"alpha_sc":0.001196,"beta_oc":-0.34324,"a_ref":3.5433,"I_L_ref":1.6540000000000001,"I_o_ref":2.28e-12,"R_s":8.222999999999999,"R_sh_ref":396.84,"Adjust":-21.93,"PTC":93.7,"pdc0":100.0,"gamma_pdc":-0.00272,"gamma_r":-0.272}