{"Date":"08.06.2010","Version":"MM107","Technology":"1-a-Si","BIPV":"N","A_c":1.43,"N_s":106.0,"T_NOCT":44.3,"I_sc_ref":1.46,"V_oc_ref":93.92,"I_mp_ref":1.18,"V_mp_ref":72.03,"alpha_sc":0.001416,"beta_oc":-0.32778,"a_ref":3.6241,"I_L_ref":1.5030000000000001,"I_o_ref":6.69e-12,"R_s":9.259,"R_sh_ref":313.38,"Adjust":-12.6,"PTC":79.9,"pdc0":85.0,"gamma_pdc":-0.0025900000000000003,"gamma_r":-0.259}