{"Date":"08.01.2012","Version":"NRELv1","Technology":"1-a-Si","BIPV":"N","A_c":1.4280000000000002,"N_s":106.0,"T_NOCT":44.5,"I_sc_ref":1.69,"V_oc_ref":97.05,"I_mp_ref":1.42,"V_mp_ref":74.05,"alpha_sc":0.001247,"beta_oc":-0.34626999999999997,"a_ref":3.5639,"I_L_ref":1.73,"I_o_ref":2.18e-12,"R_s":8.642999999999999,"R_sh_ref":362.36,"Adjust":-22.49,"PTC":98.4,"pdc0":105.0,"gamma_pdc":-0.00272,"gamma_r":-0.272}