{"Date":"08.01.2012","Version":"NRELv1","Technology":"1-a-Si","BIPV":"N","A_c":1.4280000000000002,"N_s":106.0,"T_NOCT":44.5,"I_sc_ref":1.59,"V_oc_ref":95.0,"I_mp_ref":1.35,"V_mp_ref":72.9,"alpha_sc":0.001173,"beta_oc":-0.33896,"a_ref":3.4777,"I_L_ref":1.6230000000000002,"I_o_ref":1.9099999999999997e-12,"R_s":8.597999999999999,"R_sh_ref":412.23,"Adjust":-22.96,"PTC":89.0,"pdc0":95.0,"gamma_pdc":-0.00272,"gamma_r":-0.272}