{"Date":"08.11.2010","Version":"MM107","Technology":"1-a-Si","BIPV":"N","A_c":2.86,"N_s":216.0,"T_NOCT":44.3,"I_sc_ref":1.5,"V_oc_ref":194.0,"I_mp_ref":1.22,"V_mp_ref":147.6,"alpha_sc":0.0014550000000000001,"beta_oc":-0.67706,"a_ref":7.4068,"I_L_ref":1.546,"I_o_ref":5.26e-12,"R_s":19.79,"R_sh_ref":651.1,"Adjust":-14.5,"PTC":169.2,"pdc0":180.0,"gamma_pdc":-0.0025900000000000003,"gamma_r":-0.259}