{"Date":"08.11.2010","Version":"MM107","Technology":"1-a-Si","BIPV":"N","A_c":2.86,"N_s":106.0,"T_NOCT":44.3,"I_sc_ref":2.91,"V_oc_ref":94.33,"I_mp_ref":2.44,"V_mp_ref":73.78,"alpha_sc":0.002823,"beta_oc":-0.32921,"a_ref":3.5909,"I_L_ref":2.966,"I_o_ref":9.779999999999999e-12,"R_s":3.938,"R_sh_ref":204.94,"Adjust":-14.8,"PTC":169.2,"pdc0":180.0,"gamma_pdc":-0.0025900000000000003,"gamma_r":-0.259}