{"Date":"08.11.2010","Version":"MM107","Technology":"1-a-Si","BIPV":"N","A_c":5.72,"N_s":216.0,"T_NOCT":44.3,"I_sc_ref":2.93,"V_oc_ref":191.7,"I_mp_ref":2.36,"V_mp_ref":144.1,"alpha_sc":0.0028420000000000003,"beta_oc":-0.66903,"a_ref":7.3061,"I_L_ref":3.034,"I_o_ref":9.710000000000001e-12,"R_s":10.932,"R_sh_ref":307.75,"Adjust":-14.9,"PTC":319.4,"pdc0":340.0,"gamma_pdc":-0.0025900000000000003,"gamma_r":-0.259}