{"Date":"04.02.2013","Version":"NRELv1","Technology":"Multi-c-Si","BIPV":"N","A_c":1.6269999999999998,"N_s":60.0,"T_NOCT":46.9,"I_sc_ref":8.65,"V_oc_ref":37.2,"I_mp_ref":8.0,"V_mp_ref":30.0,"alpha_sc":0.0034950000000000003,"beta_oc":-0.12864,"a_ref":1.5602,"I_L_ref":8.669,"I_o_ref":3.7199999999999996e-10,"R_s":0.327,"R_sh_ref":145.33,"Adjust":6.425,"PTC":214.6,"pdc0":240.0,"gamma_pdc":-0.00458,"gamma_r":-0.45799999999999996}