{"Date":"04.02.2013","Version":"NRELv1","Technology":"Multi-c-Si","BIPV":"N","A_c":1.6269999999999998,"N_s":60.0,"T_NOCT":46.9,"I_sc_ref":8.85,"V_oc_ref":37.8,"I_mp_ref":8.2,"V_mp_ref":30.5,"alpha_sc":0.003575,"beta_oc":-0.13071,"a_ref":1.5841,"I_L_ref":8.868,"I_o_ref":3.7400000000000005e-10,"R_s":0.322,"R_sh_ref":156.28,"Adjust":6.276,"PTC":223.8,"pdc0":250.0,"gamma_pdc":-0.00458,"gamma_r":-0.45799999999999996}