{"Date":"04.02.2013","Version":"NRELv1","Technology":"Mono-c-Si","BIPV":"N","A_c":1.6269999999999998,"N_s":60.0,"T_NOCT":44.2,"I_sc_ref":8.8,"V_oc_ref":38.1,"I_mp_ref":8.15,"V_mp_ref":30.7,"alpha_sc":0.0026309999999999997,"beta_oc":-0.12939,"a_ref":1.5925,"I_L_ref":8.818999999999999,"I_o_ref":3.49e-10,"R_s":0.33399999999999996,"R_sh_ref":155.2,"Adjust":7.797999999999999,"PTC":226.6,"pdc0":250.0,"gamma_pdc":-0.0046700000000000005,"gamma_r":-0.467}