{"Date":"04.02.2013","Version":"NRELv1","Technology":"Mono-c-Si","BIPV":"N","A_c":1.6269999999999998,"N_s":60.0,"T_NOCT":44.2,"I_sc_ref":8.92,"V_oc_ref":38.1,"I_mp_ref":8.3,"V_mp_ref":30.7,"alpha_sc":0.002667,"beta_oc":-0.12939,"a_ref":1.5881,"I_L_ref":8.935,"I_o_ref":3.3300000000000004e-10,"R_s":0.33,"R_sh_ref":194.46,"Adjust":7.257000000000001,"PTC":231.3,"pdc0":255.0,"gamma_pdc":-0.0046700000000000005,"gamma_r":-0.467}