{"Date":"04.02.2013","Version":"NRELv1","Technology":"Multi-c-Si","BIPV":"N","A_c":1.6269999999999998,"N_s":60.0,"T_NOCT":46.9,"I_sc_ref":9.02,"V_oc_ref":37.8,"I_mp_ref":8.36,"V_mp_ref":30.5,"alpha_sc":0.0036439999999999997,"beta_oc":-0.13071,"a_ref":1.5839,"I_L_ref":9.038,"I_o_ref":3.8e-10,"R_s":0.316,"R_sh_ref":155.46,"Adjust":6.242000000000001,"PTC":228.4,"pdc0":255.0,"gamma_pdc":-0.00458,"gamma_r":-0.45799999999999996}