{"Date":"04.02.2013","Version":"NRELv1","Technology":"Mono-c-Si","BIPV":"N","A_c":1.6269999999999998,"N_s":60.0,"T_NOCT":44.2,"I_sc_ref":9.02,"V_oc_ref":38.1,"I_mp_ref":8.47,"V_mp_ref":30.7,"alpha_sc":0.0026969999999999997,"beta_oc":-0.12939,"a_ref":1.5798,"I_L_ref":9.027000000000001,"I_o_ref":3e-10,"R_s":0.326,"R_sh_ref":407.53,"Adjust":6.228,"PTC":235.9,"pdc0":260.0,"gamma_pdc":-0.0046700000000000005,"gamma_r":-0.467}