{"Date":"04.02.2013","Version":"NRELv1","Technology":"Multi-c-Si","BIPV":"N","A_c":1.6269999999999998,"N_s":60.0,"T_NOCT":46.9,"I_sc_ref":9.05,"V_oc_ref":38.2,"I_mp_ref":8.39,"V_mp_ref":31.0,"alpha_sc":0.0036560000000000004,"beta_oc":-0.1321,"a_ref":1.6058,"I_L_ref":9.067,"I_o_ref":4.12e-10,"R_s":0.294,"R_sh_ref":155.42,"Adjust":6.905,"PTC":233.0,"pdc0":260.0,"gamma_pdc":-0.00458,"gamma_r":-0.45799999999999996}