{"Date":"04.02.2013","Version":"NRELv1","Technology":"Mono-c-Si","BIPV":"N","A_c":1.94,"N_s":72.0,"T_NOCT":45.9,"I_sc_ref":8.65,"V_oc_ref":44.9,"I_mp_ref":8.01,"V_mp_ref":36.2,"alpha_sc":0.003572,"beta_oc":-0.15525999999999998,"a_ref":1.9223,"I_L_ref":8.667,"I_o_ref":6.05e-10,"R_s":0.385,"R_sh_ref":194.47,"Adjust":10.67,"PTC":259.4,"pdc0":290.0,"gamma_pdc":-0.00479,"gamma_r":-0.479}