{"Date":"04.02.2013","Version":"NRELv1","Technology":"Multi-c-Si","BIPV":"N","A_c":1.94,"N_s":72.0,"T_NOCT":45.1,"I_sc_ref":8.79,"V_oc_ref":45.3,"I_mp_ref":8.22,"V_mp_ref":36.5,"alpha_sc":0.003454,"beta_oc":-0.15615,"a_ref":1.909,"I_L_ref":8.8,"I_o_ref":4.29e-10,"R_s":0.392,"R_sh_ref":348.9,"Adjust":7.83,"PTC":270.3,"pdc0":300.0,"gamma_pdc":-0.004710000000000001,"gamma_r":-0.47100000000000003}