{"Date":"04.02.2013","Version":"NRELv1","Technology":"Mono-c-Si","BIPV":"N","A_c":1.94,"N_s":72.0,"T_NOCT":45.9,"I_sc_ref":8.83,"V_oc_ref":45.5,"I_mp_ref":8.17,"V_mp_ref":36.7,"alpha_sc":0.003647,"beta_oc":-0.15734,"a_ref":1.9495,"I_L_ref":8.847999999999999,"I_o_ref":6.279999999999999e-10,"R_s":0.38,"R_sh_ref":185.59,"Adjust":10.83,"PTC":268.7,"pdc0":300.0,"gamma_pdc":-0.00479,"gamma_r":-0.479}