{"Date":"04.02.2013","Version":"NRELv1","Technology":"Multi-c-Si","BIPV":"N","A_c":1.94,"N_s":72.0,"T_NOCT":45.1,"I_sc_ref":8.94,"V_oc_ref":45.3,"I_mp_ref":8.36,"V_mp_ref":36.5,"alpha_sc":0.003513,"beta_oc":-0.15615,"a_ref":1.909,"I_L_ref":8.95,"I_o_ref":4.36e-10,"R_s":0.385,"R_sh_ref":342.09,"Adjust":7.834,"PTC":275.0,"pdc0":305.0,"gamma_pdc":-0.004710000000000001,"gamma_r":-0.47100000000000003}