{"Date":"04.02.2013","Version":"NRELv1","Technology":"Mono-c-Si","BIPV":"N","A_c":1.94,"N_s":72.0,"T_NOCT":45.9,"I_sc_ref":9.04,"V_oc_ref":45.8,"I_mp_ref":8.51,"V_mp_ref":37.0,"alpha_sc":0.0037340000000000003,"beta_oc":-0.15838,"a_ref":1.9442,"I_L_ref":9.044,"I_o_ref":5.28e-10,"R_s":0.368,"R_sh_ref":839.11,"Adjust":9.011000000000001,"PTC":282.5,"pdc0":315.0,"gamma_pdc":-0.00479,"gamma_r":-0.479}