{"Date":"04.02.2013","Version":"NRELv1","Technology":"Multi-c-Si","BIPV":"N","A_c":1.94,"N_s":72.0,"T_NOCT":45.1,"I_sc_ref":8.96,"V_oc_ref":45.6,"I_mp_ref":8.38,"V_mp_ref":37.0,"alpha_sc":0.0035210000000000003,"beta_oc":-0.15718,"a_ref":1.9294,"I_L_ref":8.969,"I_o_ref":4.81e-10,"R_s":0.35,"R_sh_ref":330.95,"Adjust":8.664,"PTC":279.6,"pdc0":310.0,"gamma_pdc":-0.004710000000000001,"gamma_r":-0.47100000000000003}