{"Technology":"Mono-c-Si","BIPV":"N","A_c":1.6269999999999998,"N_s":60.0,"T_NOCT":46.7,"PTC":284.5,"pdc0":310.0,"gamma_pdc":-0.00386}