{"Date":"02.11.2010","Version":"MM107","Technology":"Mono-c-Si","BIPV":"N","A_c":1.2770000000000001,"N_s":72.0,"T_NOCT":45.4,"I_sc_ref":5.35,"V_oc_ref":44.2,"I_mp_ref":4.9,"V_mp_ref":36.8,"alpha_sc":0.002344,"beta_oc":-0.1764,"a_ref":2.0793,"I_L_ref":5.357,"I_o_ref":3.02e-09,"R_s":0.271,"R_sh_ref":212.54,"Adjust":13.4,"PTC":158.9,"pdc0":180.0,"gamma_pdc":-0.005390000000000001,"gamma_r":-0.539}