{"Date":"01.05.2012","Version":"NRELv1","Technology":"Mono-c-Si","BIPV":"N","A_c":1.2770000000000001,"N_s":72.0,"T_NOCT":46.5,"I_sc_ref":5.48,"V_oc_ref":44.5,"I_mp_ref":5.07,"V_mp_ref":36.5,"alpha_sc":0.0032329999999999998,"beta_oc":-0.16127,"a_ref":1.8737,"I_L_ref":5.49,"I_o_ref":2.58e-10,"R_s":0.479,"R_sh_ref":262.41,"Adjust":2.055,"PTC":166.8,"pdc0":185.0,"gamma_pdc":-0.00431,"gamma_r":-0.431}