{"Date":"05.06.2011","Version":"MM107","Technology":"Multi-c-Si","BIPV":"N","A_c":1.94,"N_s":72.0,"T_NOCT":45.4,"I_sc_ref":8.42,"V_oc_ref":44.5,"I_mp_ref":7.69,"V_mp_ref":35.1,"alpha_sc":0.007098,"beta_oc":-0.16158,"a_ref":1.8964,"I_L_ref":8.454,"I_o_ref":5.220000000000001e-10,"R_s":0.511,"R_sh_ref":125.24,"Adjust":3.7,"PTC":244.4,"pdc0":270.0,"gamma_pdc":-0.00434,"gamma_r":-0.434}