{"Date":"01.05.2012","Version":"NRELv1","Technology":"Multi-c-Si","BIPV":"N","A_c":1.6269999999999998,"N_s":60.0,"T_NOCT":45.8,"I_sc_ref":8.45,"V_oc_ref":37.08,"I_mp_ref":7.78,"V_mp_ref":30.22,"alpha_sc":0.006228,"beta_oc":-0.13585999999999998,"a_ref":1.5889,"I_L_ref":8.469,"I_o_ref":5.99e-10,"R_s":0.27899999999999997,"R_sh_ref":124.08,"Adjust":4.165,"PTC":212.5,"pdc0":235.0,"gamma_pdc":-0.00434,"gamma_r":-0.434}