{"Date":"01.05.2012","Version":"NRELv1","Technology":"Mono-c-Si","BIPV":"N","A_c":1.2770000000000001,"N_s":72.0,"T_NOCT":46.5,"I_sc_ref":5.62,"V_oc_ref":44.6,"I_mp_ref":5.2,"V_mp_ref":36.6,"alpha_sc":0.0033159999999999995,"beta_oc":-0.16163,"a_ref":1.8783,"I_L_ref":5.63,"I_o_ref":2.66e-10,"R_s":0.46399999999999997,"R_sh_ref":257.06,"Adjust":2.104,"PTC":171.5,"pdc0":190.0,"gamma_pdc":-0.00431,"gamma_r":-0.431}