{"Date":"01.05.2012","Version":"NRELv1","Technology":"Multi-c-Si","BIPV":"N","A_c":1.6269999999999998,"N_s":60.0,"T_NOCT":45.8,"I_sc_ref":8.3,"V_oc_ref":36.96,"I_mp_ref":7.64,"V_mp_ref":30.12,"alpha_sc":0.006117,"beta_oc":-0.13542,"a_ref":1.5839,"I_L_ref":8.318999999999999,"I_o_ref":5.89e-10,"R_s":0.284,"R_sh_ref":124.85,"Adjust":4.184,"PTC":207.9,"pdc0":230.0,"gamma_pdc":-0.00434,"gamma_r":-0.434}