{"Date":"04.04.2011","Version":"MM107","Technology":"Multi-c-Si","BIPV":"N","A_c":1.6369999999999998,"N_s":60.0,"T_NOCT":46.3,"I_sc_ref":8.34,"V_oc_ref":37.2,"I_mp_ref":7.74,"V_mp_ref":29.7,"alpha_sc":0.008307,"beta_oc":-0.13779,"a_ref":1.6182,"I_L_ref":8.355,"I_o_ref":8.48e-10,"R_s":0.36700000000000005,"R_sh_ref":208.32,"Adjust":5.6,"PTC":206.9,"pdc0":230.0,"gamma_pdc":-0.00442,"gamma_r":-0.442}