{"Date":"8/31/2010","Version":"MM107","Technology":"Mono-c-Si","BIPV":"N","A_c":1.4069999999999998,"N_s":54.0,"T_NOCT":44.2,"I_sc_ref":8.35,"V_oc_ref":33.68,"I_mp_ref":7.98,"V_mp_ref":26.33,"alpha_sc":0.011364,"beta_oc":-0.12495,"a_ref":1.5625,"I_L_ref":8.515,"I_o_ref":3.71e-09,"R_s":0.379,"R_sh_ref":100000.0,"Adjust":18.4,"PTC":188.2,"pdc0":210.0,"gamma_pdc":-0.0051400000000000005,"gamma_r":-0.514}