{"Date":"8/31/2010","Version":"MM107","Technology":"Mono-c-Si","BIPV":"N","A_c":1.304,"N_s":48.0,"T_NOCT":45.1,"I_sc_ref":8.33,"V_oc_ref":29.9,"I_mp_ref":7.63,"V_mp_ref":24.28,"alpha_sc":0.00758,"beta_oc":-0.10674000000000002,"a_ref":1.4035,"I_L_ref":8.347000000000001,"I_o_ref":4.5e-09,"R_s":0.209,"R_sh_ref":99.74,"Adjust":25.9,"PTC":164.3,"pdc0":185.0,"gamma_pdc":-0.00522,"gamma_r":-0.522}