{"Date":"8/31/2010","Version":"MM107","Technology":"Mono-c-Si","BIPV":"N","A_c":1.4069999999999998,"N_s":54.0,"T_NOCT":44.2,"I_sc_ref":5.21,"V_oc_ref":32.95,"I_mp_ref":7.71,"V_mp_ref":25.31,"alpha_sc":0.007086,"beta_oc":-0.12224000000000002,"a_ref":1.4643,"I_L_ref":8.23,"I_o_ref":1.3900000000000002e-09,"R_s":0.466,"R_sh_ref":100000.0,"Adjust":10.0,"PTC":174.4,"pdc0":195.0,"gamma_pdc":-0.0051400000000000005,"gamma_r":-0.514}