{"Date":"8/31/2010","Version":"MM107","Technology":"Multi-c-Si","BIPV":"N","A_c":1.304,"N_s":48.0,"T_NOCT":45.9,"I_sc_ref":8.15,"V_oc_ref":29.51,"I_mp_ref":7.61,"V_mp_ref":23.68,"alpha_sc":0.007254000000000001,"beta_oc":-0.10325999999999999,"a_ref":1.3078,"I_L_ref":8.158,"I_o_ref":1.2800000000000001e-09,"R_s":0.273,"R_sh_ref":280.09,"Adjust":16.0,"PTC":160.5,"pdc0":180.0,"gamma_pdc":-0.0048,"gamma_r":-0.48}