{"Date":"8/31/2010","Version":"MM107","Technology":"Mono-c-Si","BIPV":"N","A_c":1.2770000000000001,"N_s":60.0,"T_NOCT":45.8,"I_sc_ref":4.96,"V_oc_ref":43.1,"I_mp_ref":4.56,"V_mp_ref":34.08,"alpha_sc":0.002996,"beta_oc":-0.17119,"a_ref":1.9713,"I_L_ref":4.973,"I_o_ref":1.54e-09,"R_s":0.758,"R_sh_ref":298.71,"Adjust":8.3,"PTC":136.2,"pdc0":155.0,"gamma_pdc":-0.0053100000000000005,"gamma_r":-0.531}