{"Date":"8/31/2010","Version":"MM107","Technology":"Mono-c-Si","BIPV":"N","A_c":1.2770000000000001,"N_s":60.0,"T_NOCT":45.8,"I_sc_ref":5.15,"V_oc_ref":44.9,"I_mp_ref":4.8,"V_mp_ref":36.6,"alpha_sc":0.003111,"beta_oc":-0.17834,"a_ref":2.075,"I_L_ref":5.154,"I_o_ref":2.0300000000000002e-09,"R_s":0.48700000000000004,"R_sh_ref":579.42,"Adjust":10.4,"PTC":154.2,"pdc0":175.0,"gamma_pdc":-0.0053100000000000005,"gamma_r":-0.531}