{"Date":"8/31/2010","Version":"MM107","Technology":"Mono-c-Si","BIPV":"N","A_c":1.2770000000000001,"N_s":60.0,"T_NOCT":45.8,"I_sc_ref":5.05,"V_oc_ref":44.2,"I_mp_ref":4.75,"V_mp_ref":35.8,"alpha_sc":0.0030510000000000003,"beta_oc":-0.17556,"a_ref":2.0231,"I_L_ref":5.051,"I_o_ref":1.6399999999999997e-09,"R_s":0.551,"R_sh_ref":3232.99,"Adjust":8.6,"PTC":149.7,"pdc0":170.0,"gamma_pdc":-0.0053100000000000005,"gamma_r":-0.531}