{"Date":"8/31/2010","Version":"MM107","Technology":"Mono-c-Si","BIPV":"N","A_c":1.2770000000000001,"N_s":60.0,"T_NOCT":45.8,"I_sc_ref":5.04,"V_oc_ref":44.5,"I_mp_ref":4.62,"V_mp_ref":35.8,"alpha_sc":0.003045,"beta_oc":-0.17675,"a_ref":2.0619,"I_L_ref":5.052,"I_o_ref":2.07e-09,"R_s":0.609,"R_sh_ref":255.17,"Adjust":10.8,"PTC":145.2,"pdc0":165.0,"gamma_pdc":-0.0053100000000000005,"gamma_r":-0.531}