{"Date":"08.04.2010","Version":"MM107","Technology":"Multi-c-Si","BIPV":"N","A_c":1.94,"N_s":72.0,"T_NOCT":46.7,"I_sc_ref":8.2,"V_oc_ref":44.3,"I_mp_ref":7.6,"V_mp_ref":36.2,"alpha_sc":0.0033619999999999995,"beta_oc":-0.13423,"a_ref":1.8169,"I_L_ref":8.216000000000001,"I_o_ref":2.0500000000000002e-10,"R_s":0.35200000000000004,"R_sh_ref":181.62,"Adjust":16.2,"PTC":247.3,"pdc0":275.0,"gamma_pdc":-0.00435,"gamma_r":-0.435}