{"Date":"12/23/2014","Version":"NRELv1","Technology":"Multi-c-Si","BIPV":"N","A_c":1.931,"N_s":72.0,"T_NOCT":46.4,"I_sc_ref":8.31,"V_oc_ref":45.1,"I_mp_ref":7.76,"V_mp_ref":35.44,"alpha_sc":0.004014,"beta_oc":-0.14428,"a_ref":1.8102,"I_L_ref":8.324,"I_o_ref":1.2399999999999999e-10,"R_s":0.5670000000000001,"R_sh_ref":341.66,"Adjust":5.553999999999999,"PTC":248.0,"pdc0":275.0,"gamma_pdc":-0.00431,"gamma_r":-0.431}