{"Date":"12/23/2014","Version":"NRELv1","Technology":"Multi-c-Si","BIPV":"N","A_c":1.931,"N_s":72.0,"T_NOCT":46.4,"I_sc_ref":8.48,"V_oc_ref":45.43,"I_mp_ref":7.97,"V_mp_ref":35.8,"alpha_sc":0.004096,"beta_oc":-0.14533,"a_ref":1.82,"I_L_ref":8.487,"I_o_ref":1.2200000000000002e-10,"R_s":0.544,"R_sh_ref":687.16,"Adjust":5.197,"PTC":257.3,"pdc0":285.0,"gamma_pdc":-0.00431,"gamma_r":-0.431}