{"Date":"12/27/2012","Version":"NRELv1","Technology":"Multi-c-Si","BIPV":"N","A_c":1.94,"N_s":72.0,"T_NOCT":46.9,"I_sc_ref":9.23,"V_oc_ref":47.64,"I_mp_ref":8.58,"V_mp_ref":35.56,"alpha_sc":0.003692,"beta_oc":-0.16674,"a_ref":1.8886,"I_L_ref":9.249,"I_o_ref":1.01e-10,"R_s":0.7929999999999999,"R_sh_ref":383.37,"Adjust":-5.837000000000001,"PTC":273.8,"pdc0":305.0,"gamma_pdc":-0.0045000000000000005,"gamma_r":-0.45}