{"Date":"12/27/2012","Version":"NRELv1","Technology":"Multi-c-Si","BIPV":"N","A_c":1.94,"N_s":72.0,"T_NOCT":46.9,"I_sc_ref":8.82,"V_oc_ref":45.5,"I_mp_ref":8.19,"V_mp_ref":35.4,"alpha_sc":0.0035280000000000003,"beta_oc":-0.15925,"a_ref":1.8493,"I_L_ref":8.841000000000001,"I_o_ref":1.79e-10,"R_s":0.583,"R_sh_ref":245.09,"Adjust":-1.056,"PTC":259.9,"pdc0":290.0,"gamma_pdc":-0.0045000000000000005,"gamma_r":-0.45}