{"Date":"12/27/2012","Version":"NRELv1","Technology":"Multi-c-Si","BIPV":"N","A_c":1.94,"N_s":72.0,"T_NOCT":46.9,"I_sc_ref":8.68,"V_oc_ref":44.81,"I_mp_ref":8.07,"V_mp_ref":35.33,"alpha_sc":0.003472,"beta_oc":-0.15684,"a_ref":1.8343,"I_L_ref":8.698,"I_o_ref":2.0899999999999998e-10,"R_s":0.515,"R_sh_ref":245.5,"Adjust":0.3452,"PTC":255.3,"pdc0":285.0,"gamma_pdc":-0.0045000000000000005,"gamma_r":-0.45}