{"Date":"5/22/2012","Version":"NRELv1","Technology":"Mono-c-Si","BIPV":"N","A_c":1.635,"N_s":60.0,"T_NOCT":47.3,"I_sc_ref":8.85,"V_oc_ref":36.76,"I_mp_ref":8.25,"V_mp_ref":28.51,"alpha_sc":0.004911,"beta_oc":-0.12458,"a_ref":1.5503,"I_L_ref":8.863,"I_o_ref":4.4100000000000003e-10,"R_s":0.467,"R_sh_ref":328.41,"Adjust":9.674,"PTC":208.3,"pdc0":235.0,"gamma_pdc":-0.00479,"gamma_r":-0.479}