{"Date":"12/27/2012","Version":"NRELv1","Technology":"Mono-c-Si","BIPV":"N","A_c":1.94,"N_s":72.0,"T_NOCT":47.1,"I_sc_ref":9.14,"V_oc_ref":46.56,"I_mp_ref":8.52,"V_mp_ref":36.42,"alpha_sc":0.0036560000000000004,"beta_oc":-0.15365,"a_ref":1.8898,"I_L_ref":9.157,"I_o_ref":1.8e-10,"R_s":0.5489999999999999,"R_sh_ref":303.35,"Adjust":4.708,"PTC":278.1,"pdc0":310.0,"gamma_pdc":-0.0045000000000000005,"gamma_r":-0.45}