{"Date":"06.09.2010","Version":"MM107","Technology":"Multi-c-Si","BIPV":"N","A_c":1.925,"N_s":72.0,"T_NOCT":46.2,"I_sc_ref":7.95,"V_oc_ref":44.49,"I_mp_ref":7.45,"V_mp_ref":36.72,"alpha_sc":0.010334999999999999,"beta_oc":-0.13347,"a_ref":1.9517,"I_L_ref":7.955,"I_o_ref":9.89e-10,"R_s":0.272,"R_sh_ref":428.35,"Adjust":32.6,"PTC":243.1,"pdc0":270.0,"gamma_pdc":-0.0044,"gamma_r":-0.44}