{"Date":"12/23/2014","Version":"NRELv1","Technology":"Multi-c-Si","BIPV":"N","A_c":1.6380000000000001,"N_s":60.0,"T_NOCT":46.2,"I_sc_ref":8.56,"V_oc_ref":37.5,"I_mp_ref":8.08,"V_mp_ref":31.56,"alpha_sc":0.00428,"beta_oc":-0.11625,"a_ref":1.5535,"I_L_ref":8.562999999999999,"I_o_ref":2.79e-10,"R_s":0.153,"R_sh_ref":453.06,"Adjust":15.98,"PTC":230.8,"pdc0":255.0,"gamma_pdc":-0.0043,"gamma_r":-0.43}