{"Date":"12/23/2014","Version":"NRELv1","Technology":"Multi-c-Si","BIPV":"N","A_c":1.6380000000000001,"N_s":60.0,"T_NOCT":46.2,"I_sc_ref":8.52,"V_oc_ref":37.2,"I_mp_ref":8.03,"V_mp_ref":31.2,"alpha_sc":0.00426,"beta_oc":-0.11532,"a_ref":1.5395,"I_L_ref":8.524,"I_o_ref":2.7e-10,"R_s":0.168,"R_sh_ref":389.61,"Adjust":15.74,"PTC":226.1,"pdc0":250.0,"gamma_pdc":-0.0043,"gamma_r":-0.43}