{"Date":"08.01.2013","Version":"NRELv1","Technology":"Multi-c-Si","BIPV":"N","A_c":1.2770000000000001,"N_s":72.0,"T_NOCT":48.8,"I_sc_ref":8.59,"V_oc_ref":36.4,"I_mp_ref":7.97,"V_mp_ref":30.75,"alpha_sc":0.005154,"beta_oc":-0.13104000000000002,"a_ref":1.6497,"I_L_ref":8.595,"I_o_ref":2.1899999999999997e-09,"R_s":0.09300000000000001,"R_sh_ref":159.74,"Adjust":17.82,"PTC":217.0,"pdc0":245.0,"gamma_pdc":-0.0049,"gamma_r":-0.49}