{"Vac":208.0,"Paco":4910.0,"Pdco":5377.77,"Vdco":400.0,"Pso":62.6764,"C0":-1.0991500000000001e-05,"C1":1.31374e-05,"C2":0.00118061,"C3":0.00016281,"Pnt":1.32,"Vdcmax":550.0,"Mppt_low":100.0,"Mppt_high":550.0}