{"Vac":240.0,"Paco":4880.0,"Pdco":5311.67,"Vdco":400.0,"Pso":55.0137,"C0":-9.143350000000001e-06,"C1":7.33903e-06,"C2":0.000778927,"C3":-0.00043839800000000005,"Pnt":1.75,"Vdcmax":550.0,"Mppt_low":100.0,"Mppt_high":550.0}