{"Date":"4/28/2008","Version":"MM105","Technology":"Mono-c-Si","BIPV":"N","A_c":0.644,"N_s":36.0,"T_NOCT":49.5,"I_sc_ref":5.17,"V_oc_ref":22.0,"I_mp_ref":4.7,"V_mp_ref":18.36,"alpha_sc":0.004446,"beta_oc":-0.09647,"a_ref":1.1022,"I_L_ref":5.175,"I_o_ref":1.06e-08,"R_s":0.099,"R_sh_ref":95.37,"Adjust":14.4,"PTC":72.6,"pdc0":85.0,"gamma_pdc":-0.005529999999999999,"gamma_r":-0.5529999999999999}