{"Date":"4/28/2008","Version":"MM105","Technology":"Mono-c-Si","BIPV":"N","A_c":1.304,"N_s":72.0,"T_NOCT":50.1,"I_sc_ref":4.96,"V_oc_ref":44.28,"I_mp_ref":4.63,"V_mp_ref":36.72,"alpha_sc":0.0030600000000000002,"beta_oc":-0.18761,"a_ref":2.1549,"I_L_ref":4.962,"I_o_ref":5.83e-09,"R_s":0.3,"R_sh_ref":723.66,"Adjust":13.2,"PTC":143.5,"pdc0":170.0,"gamma_pdc":-0.00573,"gamma_r":-0.573}