{"Vac":120.0,"Paco":212.0,"Pdco":225.72799999999998,"Vdco":50.0,"Pso":3.8160000000000003,"C0":-0.000280842,"C1":-0.000336511,"C2":0.0161992,"C3":-0.0107809,"Pnt":0.0,"Vdcmax":55.0,"Mppt_low":36.0,"Mppt_high":55.0}