{"Date":"10/30/2012","Version":"NRELv1","Technology":"Multi-c-Si","BIPV":"N","A_c":1.325,"N_s":48.0,"T_NOCT":46.7,"I_sc_ref":8.53,"V_oc_ref":29.49,"I_mp_ref":8.03,"V_mp_ref":23.04,"alpha_sc":0.005118,"beta_oc":-0.10615999999999999,"a_ref":1.2819,"I_L_ref":8.626,"I_o_ref":8.690000000000001e-10,"R_s":0.35200000000000004,"R_sh_ref":283.35,"Adjust":9.222999999999999,"PTC":163.5,"pdc0":185.0,"gamma_pdc":-0.005,"gamma_r":-0.5}