{"Date":"10/30/2012","Version":"NRELv1","Technology":"Multi-c-Si","BIPV":"N","A_c":1.483,"N_s":54.0,"T_NOCT":46.7,"I_sc_ref":8.52,"V_oc_ref":33.44,"I_mp_ref":8.02,"V_mp_ref":26.81,"alpha_sc":0.005111999999999999,"beta_oc":-0.12038,"a_ref":1.4687,"I_L_ref":8.522,"I_o_ref":1.1e-09,"R_s":0.301,"R_sh_ref":1467.71,"Adjust":11.39,"PTC":190.3,"pdc0":215.0,"gamma_pdc":-0.005,"gamma_r":-0.5}