{"Date":"10/30/2012","Version":"NRELv1","Technology":"Multi-c-Si","BIPV":"N","A_c":1.64,"N_s":60.0,"T_NOCT":45.9,"I_sc_ref":8.55,"V_oc_ref":37.16,"I_mp_ref":8.05,"V_mp_ref":29.81,"alpha_sc":0.004361,"beta_oc":-0.12300000000000001,"a_ref":1.5408,"I_L_ref":8.554,"I_o_ref":2.85e-10,"R_s":0.354,"R_sh_ref":702.94,"Adjust":8.772,"PTC":216.0,"pdc0":240.0,"gamma_pdc":-0.00452,"gamma_r":-0.452}