{"Date":"10/30/2012","Version":"NRELv1","Technology":"Multi-c-Si","BIPV":"N","A_c":1.64,"N_s":60.0,"T_NOCT":45.9,"I_sc_ref":8.52,"V_oc_ref":36.98,"I_mp_ref":8.02,"V_mp_ref":29.3,"alpha_sc":0.004345,"beta_oc":-0.1224,"a_ref":1.5226,"I_L_ref":8.524,"I_o_ref":2.4e-10,"R_s":0.40700000000000003,"R_sh_ref":891.06,"Adjust":7.3,"PTC":211.4,"pdc0":235.0,"gamma_pdc":-0.00452,"gamma_r":-0.452}