{"Date":"02.11.2010","Version":"MM107","Technology":"Mono-c-Si","BIPV":"N","A_c":1.2770000000000001,"N_s":72.0,"T_NOCT":45.4,"I_sc_ref":5.2,"V_oc_ref":43.2,"I_mp_ref":4.65,"V_mp_ref":35.6,"alpha_sc":0.002278,"beta_oc":-0.17240999999999998,"a_ref":2.0536,"I_L_ref":5.215,"I_o_ref":3.5600000000000005e-09,"R_s":0.348,"R_sh_ref":124.01,"Adjust":15.3,"PTC":145.3,"pdc0":165.0,"gamma_pdc":-0.005390000000000001,"gamma_r":-0.539}