{"Date":"11/15/2013","Version":"NRELv1","Technology":"Mono-c-Si","BIPV":"N","A_c":1.2770000000000001,"N_s":72.0,"T_NOCT":47.6,"I_sc_ref":5.23,"V_oc_ref":43.3,"I_mp_ref":4.93,"V_mp_ref":35.5,"alpha_sc":0.0016059999999999998,"beta_oc":-0.16277,"a_ref":1.9359,"I_L_ref":5.231,"I_o_ref":1.01e-09,"R_s":0.442,"R_sh_ref":2459.35,"Adjust":10.5,"PTC":152.5,"pdc0":175.0,"gamma_pdc":-0.0053,"gamma_r":-0.53}