{"Date":"11/16/2013","Version":"NRELv1","Technology":"Mono-c-Si","BIPV":"N","A_c":1.2770000000000001,"N_s":72.0,"T_NOCT":47.6,"I_sc_ref":5.3,"V_oc_ref":43.9,"I_mp_ref":5.0,"V_mp_ref":36.0,"alpha_sc":0.001627,"beta_oc":-0.16502,"a_ref":1.962,"I_L_ref":5.301,"I_o_ref":1.01e-09,"R_s":0.44,"R_sh_ref":3475.26,"Adjust":10.43,"PTC":157.0,"pdc0":180.0,"gamma_pdc":-0.0053,"gamma_r":-0.53}