{"Date":"11/17/2013","Version":"NRELv1","Technology":"Mono-c-Si","BIPV":"N","A_c":1.2770000000000001,"N_s":72.0,"T_NOCT":47.6,"I_sc_ref":5.45,"V_oc_ref":43.9,"I_mp_ref":5.14,"V_mp_ref":36.0,"alpha_sc":0.001673,"beta_oc":-0.16502,"a_ref":1.9623,"I_L_ref":5.4510000000000005,"I_o_ref":1.0499999999999999e-09,"R_s":0.428,"R_sh_ref":2926.2,"Adjust":10.47,"PTC":161.5,"pdc0":185.0,"gamma_pdc":-0.0053,"gamma_r":-0.53}