{"Date":"11/22/2013","Version":"NRELv1","Technology":"Multi-c-Si","BIPV":"N","A_c":1.6369999999999998,"N_s":60.0,"T_NOCT":47.2,"I_sc_ref":8.01,"V_oc_ref":36.0,"I_mp_ref":7.41,"V_mp_ref":29.0,"alpha_sc":0.002996,"beta_oc":-0.1269,"a_ref":1.5873,"I_L_ref":8.025,"I_o_ref":1.1e-09,"R_s":0.325,"R_sh_ref":172.61,"Adjust":14.72,"PTC":188.5,"pdc0":215.0,"gamma_pdc":-0.00512,"gamma_r":-0.512}