{"Date":"11/26/2013","Version":"NRELv1","Technology":"Mono-c-Si","BIPV":"N","A_c":1.6369999999999998,"N_s":60.0,"T_NOCT":45.4,"I_sc_ref":8.18,"V_oc_ref":36.8,"I_mp_ref":7.58,"V_mp_ref":29.7,"alpha_sc":0.001391,"beta_oc":-0.13999,"a_ref":1.6656,"I_L_ref":8.192,"I_o_ref":2.0300000000000002e-09,"R_s":0.305,"R_sh_ref":200.39,"Adjust":11.68,"PTC":197.7,"pdc0":225.0,"gamma_pdc":-0.00555,"gamma_r":-0.555}