{"Date":"11/29/2013","Version":"NRELv1","Technology":"Mono-c-Si","BIPV":"N","A_c":1.6369999999999998,"N_s":60.0,"T_NOCT":45.4,"I_sc_ref":8.3,"V_oc_ref":36.8,"I_mp_ref":7.69,"V_mp_ref":29.7,"alpha_sc":0.001411,"beta_oc":-0.13999,"a_ref":1.6657,"I_L_ref":8.312999999999999,"I_o_ref":2.07e-09,"R_s":0.301,"R_sh_ref":195.78,"Adjust":11.7,"PTC":202.2,"pdc0":230.0,"gamma_pdc":-0.00555,"gamma_r":-0.555}