{"Date":"12.01.2013","Version":"NRELv1","Technology":"Multi-c-Si","BIPV":"N","A_c":1.6369999999999998,"N_s":60.0,"T_NOCT":47.2,"I_sc_ref":8.42,"V_oc_ref":36.6,"I_mp_ref":7.8,"V_mp_ref":29.5,"alpha_sc":0.003149,"beta_oc":-0.12902,"a_ref":1.6130000000000002,"I_L_ref":8.435,"I_o_ref":1.15e-09,"R_s":0.312,"R_sh_ref":178.45,"Adjust":14.62,"PTC":202.1,"pdc0":230.0,"gamma_pdc":-0.00512,"gamma_r":-0.512}