{"Date":"11/30/2013","Version":"NRELv1","Technology":"Mono-c-Si","BIPV":"N","A_c":1.683,"N_s":96.0,"T_NOCT":47.6,"I_sc_ref":5.15,"V_oc_ref":58.6,"I_mp_ref":4.79,"V_mp_ref":48.0,"alpha_sc":0.0015810000000000002,"beta_oc":-0.22028000000000003,"a_ref":2.6405,"I_L_ref":5.156000000000001,"I_o_ref":1.16e-09,"R_s":0.61,"R_sh_ref":568.4,"Adjust":11.99,"PTC":200.4,"pdc0":230.0,"gamma_pdc":-0.0053,"gamma_r":-0.53}