{"Date":"12.04.2013","Version":"NRELv1","Technology":"Multi-c-Si","BIPV":"N","A_c":1.6369999999999998,"N_s":60.0,"T_NOCT":47.2,"I_sc_ref":8.46,"V_oc_ref":37.2,"I_mp_ref":7.83,"V_mp_ref":30.0,"alpha_sc":0.003164,"beta_oc":-0.13113,"a_ref":1.6409,"I_L_ref":8.475,"I_o_ref":1.18e-09,"R_s":0.313,"R_sh_ref":172.09,"Adjust":14.8,"PTC":206.6,"pdc0":235.0,"gamma_pdc":-0.00512,"gamma_r":-0.512}