{"Date":"12.09.2013","Version":"NRELv1","Technology":"Mono-c-Si","BIPV":"N","A_c":1.683,"N_s":96.0,"T_NOCT":47.6,"I_sc_ref":5.45,"V_oc_ref":59.2,"I_mp_ref":5.05,"V_mp_ref":48.5,"alpha_sc":0.001673,"beta_oc":-0.22253,"a_ref":2.6743,"I_L_ref":5.457000000000001,"I_o_ref":1.29e-09,"R_s":0.578,"R_sh_ref":439.65,"Adjust":12.47,"PTC":213.9,"pdc0":245.0,"gamma_pdc":-0.0053,"gamma_r":-0.53}