{"Date":"12/13/2013","Version":"NRELv1","Technology":"Multi-c-Si","BIPV":"N","A_c":1.6369999999999998,"N_s":60.0,"T_NOCT":47.2,"I_sc_ref":8.85,"V_oc_ref":37.8,"I_mp_ref":8.2,"V_mp_ref":30.5,"alpha_sc":0.00331,"beta_oc":-0.13325,"a_ref":1.6667,"I_L_ref":8.865,"I_o_ref":1.22e-09,"R_s":0.302,"R_sh_ref":176.41,"Adjust":14.74,"PTC":220.2,"pdc0":250.0,"gamma_pdc":-0.00512,"gamma_r":-0.512}