{"Date":"12.12.2013","Version":"NRELv1","Technology":"Mono-c-Si","BIPV":"N","A_c":1.683,"N_s":96.0,"T_NOCT":47.6,"I_sc_ref":5.51,"V_oc_ref":59.8,"I_mp_ref":5.1,"V_mp_ref":49.0,"alpha_sc":0.0016920000000000001,"beta_oc":-0.22479000000000002,"a_ref":2.7036,"I_L_ref":5.518,"I_o_ref":1.3300000000000002e-09,"R_s":0.575,"R_sh_ref":416.13,"Adjust":12.63,"PTC":218.4,"pdc0":250.0,"gamma_pdc":-0.0053,"gamma_r":-0.53}