{"Date":"12/21/2013","Version":"NRELv1","Technology":"Multi-c-Si","BIPV":"N","A_c":1.9409999999999998,"N_s":72.0,"T_NOCT":47.2,"I_sc_ref":7.95,"V_oc_ref":43.4,"I_mp_ref":7.43,"V_mp_ref":35.0,"alpha_sc":0.002973,"beta_oc":-0.15299000000000001,"a_ref":1.903,"I_L_ref":7.957999999999999,"I_o_ref":9.78e-10,"R_s":0.39,"R_sh_ref":413.46,"Adjust":13.62,"PTC":228.1,"pdc0":260.0,"gamma_pdc":-0.00512,"gamma_r":-0.512}