{"Date":"12/19/2013","Version":"NRELv1","Technology":"Mono-c-Si","BIPV":"N","A_c":1.9409999999999998,"N_s":72.0,"T_NOCT":45.4,"I_sc_ref":7.95,"V_oc_ref":43.6,"I_mp_ref":7.38,"V_mp_ref":35.2,"alpha_sc":0.001352,"beta_oc":-0.16585,"a_ref":1.9715,"I_L_ref":7.961,"I_o_ref":1.94e-09,"R_s":0.371,"R_sh_ref":271.04,"Adjust":11.51,"PTC":228.3,"pdc0":260.0,"gamma_pdc":-0.00555,"gamma_r":-0.555}