{"Date":"12/23/2013","Version":"NRELv1","Technology":"Multi-c-Si","BIPV":"N","A_c":1.9409999999999998,"N_s":72.0,"T_NOCT":47.2,"I_sc_ref":8.06,"V_oc_ref":44.0,"I_mp_ref":7.46,"V_mp_ref":35.5,"alpha_sc":0.003014,"beta_oc":-0.1551,"a_ref":1.9413,"I_L_ref":8.075,"I_o_ref":1.13e-09,"R_s":0.386,"R_sh_ref":213.56,"Adjust":14.86,"PTC":232.6,"pdc0":265.0,"gamma_pdc":-0.00512,"gamma_r":-0.512}