{"Date":"12/22/2013","Version":"NRELv1","Technology":"Mono-c-Si","BIPV":"N","A_c":1.9409999999999998,"N_s":72.0,"T_NOCT":45.4,"I_sc_ref":8.02,"V_oc_ref":44.3,"I_mp_ref":7.42,"V_mp_ref":35.7,"alpha_sc":0.001363,"beta_oc":-0.16852,"a_ref":2.0052,"I_L_ref":8.033999999999999,"I_o_ref":1.99e-09,"R_s":0.38299999999999995,"R_sh_ref":227.38,"Adjust":11.69,"PTC":232.8,"pdc0":265.0,"gamma_pdc":-0.00555,"gamma_r":-0.555}