{"Date":"12/25/2013","Version":"NRELv1","Technology":"Multi-c-Si","BIPV":"N","A_c":1.9409999999999998,"N_s":72.0,"T_NOCT":47.2,"I_sc_ref":8.14,"V_oc_ref":44.0,"I_mp_ref":7.61,"V_mp_ref":35.5,"alpha_sc":0.0030440000000000003,"beta_oc":-0.1551,"a_ref":1.9294,"I_L_ref":8.147,"I_o_ref":1e-09,"R_s":0.384,"R_sh_ref":420.65,"Adjust":13.64,"PTC":237.1,"pdc0":270.0,"gamma_pdc":-0.00512,"gamma_r":-0.512}