{"Date":"12/26/2013","Version":"NRELv1","Technology":"Mono-c-Si","BIPV":"N","A_c":1.9409999999999998,"N_s":72.0,"T_NOCT":45.4,"I_sc_ref":8.31,"V_oc_ref":44.3,"I_mp_ref":7.7,"V_mp_ref":35.7,"alpha_sc":0.001413,"beta_oc":-0.16852,"a_ref":2.0032,"I_L_ref":8.323,"I_o_ref":2.02e-09,"R_s":0.37,"R_sh_ref":238.32,"Adjust":11.5,"PTC":241.9,"pdc0":275.0,"gamma_pdc":-0.00555,"gamma_r":-0.555}