{"Date":"12/29/2013","Version":"NRELv1","Technology":"Multi-c-Si","BIPV":"N","A_c":1.9409999999999998,"N_s":72.0,"T_NOCT":47.2,"I_sc_ref":8.4,"V_oc_ref":44.6,"I_mp_ref":7.78,"V_mp_ref":36.0,"alpha_sc":0.0031420000000000003,"beta_oc":-0.15722,"a_ref":1.9675,"I_L_ref":8.415,"I_o_ref":1.1699999999999999e-09,"R_s":0.373,"R_sh_ref":214.58,"Adjust":14.83,"PTC":246.2,"pdc0":280.0,"gamma_pdc":-0.00512,"gamma_r":-0.512}