{"Date":"01.01.2014","Version":"NRELv1","Technology":"Mono-c-Si","BIPV":"N","A_c":1.9409999999999998,"N_s":72.0,"T_NOCT":45.4,"I_sc_ref":8.65,"V_oc_ref":44.9,"I_mp_ref":8.01,"V_mp_ref":36.2,"alpha_sc":0.001471,"beta_oc":-0.1708,"a_ref":2.0318,"I_L_ref":8.664,"I_o_ref":2.14e-09,"R_s":0.358,"R_sh_ref":223.61,"Adjust":11.64,"PTC":255.5,"pdc0":290.0,"gamma_pdc":-0.00555,"gamma_r":-0.555}