{"Date":"01.04.2014","Version":"NRELv1","Technology":"Multi-c-Si","BIPV":"N","A_c":1.9409999999999998,"N_s":72.0,"T_NOCT":47.2,"I_sc_ref":8.72,"V_oc_ref":45.3,"I_mp_ref":8.08,"V_mp_ref":36.5,"alpha_sc":0.003261,"beta_oc":-0.15968,"a_ref":1.9956,"I_L_ref":8.735,"I_o_ref":1.18e-09,"R_s":0.375,"R_sh_ref":216.49,"Adjust":14.55,"PTC":259.8,"pdc0":295.0,"gamma_pdc":-0.00512,"gamma_r":-0.512}