{"Date":"12/27/2012","Version":"NRELv1","Technology":"Multi-c-Si","BIPV":"N","A_c":1.94,"N_s":72.0,"T_NOCT":46.9,"I_sc_ref":8.95,"V_oc_ref":46.2,"I_mp_ref":8.32,"V_mp_ref":35.47,"alpha_sc":0.00358,"beta_oc":-0.1617,"a_ref":1.8619999999999999,"I_L_ref":8.97,"I_o_ref":1.48e-10,"R_s":0.652,"R_sh_ref":290.07,"Adjust":-2.6830000000000003,"PTC":264.5,"pdc0":295.0,"gamma_pdc":-0.0045000000000000005,"gamma_r":-0.45}