{"Date":"12/27/2012","Version":"NRELv1","Technology":"Mono-c-Si","BIPV":"N","A_c":1.94,"N_s":72.0,"T_NOCT":47.1,"I_sc_ref":9.08,"V_oc_ref":46.11,"I_mp_ref":8.46,"V_mp_ref":36.06,"alpha_sc":0.003632,"beta_oc":-0.15216,"a_ref":1.8718,"I_L_ref":9.097000000000001,"I_o_ref":1.79e-10,"R_s":0.5489999999999999,"R_sh_ref":291.9,"Adjust":4.7330000000000005,"PTC":273.5,"pdc0":305.0,"gamma_pdc":-0.0045000000000000005,"gamma_r":-0.45}