{"Date":"04.02.2013","Version":"NRELv1","Technology":"Multi-c-Si","BIPV":"N","A_c":1.661,"N_s":60.0,"T_NOCT":46.7,"I_sc_ref":8.35,"V_oc_ref":37.26,"I_mp_ref":7.92,"V_mp_ref":30.96,"alpha_sc":0.0037890000000000003,"beta_oc":-0.12572,"a_ref":1.5653,"I_L_ref":8.35,"I_o_ref":3.83e-10,"R_s":0.20600000000000002,"R_sh_ref":4008.98,"Adjust":9.527999999999999,"PTC":219.6,"pdc0":245.0,"gamma_pdc":-0.004529999999999999,"gamma_r":-0.45299999999999996}