{"Date":"5/22/2012","Version":"NRELv1","Technology":"Mono-c-Si","BIPV":"N","A_c":1.949,"N_s":72.0,"T_NOCT":45.7,"I_sc_ref":8.4,"V_oc_ref":44.6,"I_mp_ref":7.8,"V_mp_ref":37.2,"alpha_sc":0.003973,"beta_oc":-0.15328,"a_ref":1.9123,"I_L_ref":8.408999999999999,"I_o_ref":6.08e-10,"R_s":0.215,"R_sh_ref":195.21,"Adjust":11.6,"PTC":261.1,"pdc0":290.0,"gamma_pdc":-0.00456,"gamma_r":-0.456}