{"Date":"5/22/2012","Version":"NRELv1","Technology":"Multi-c-Si","BIPV":"N","A_c":1.6369999999999998,"N_s":60.0,"T_NOCT":45.6,"I_sc_ref":8.2,"V_oc_ref":37.2,"I_mp_ref":7.6,"V_mp_ref":30.3,"alpha_sc":0.0041,"beta_oc":-0.12648,"a_ref":1.5683,"I_L_ref":8.215,"I_o_ref":3.9899999999999997e-10,"R_s":0.298,"R_sh_ref":163.28,"Adjust":9.22,"PTC":207.2,"pdc0":230.0,"gamma_pdc":-0.0045000000000000005,"gamma_r":-0.45}