{"Date":"03.09.2011","Version":"MM107","Technology":"Mono-c-Si","BIPV":"N","A_c":1.6369999999999998,"N_s":60.0,"T_NOCT":45.5,"I_sc_ref":8.5,"V_oc_ref":37.7,"I_mp_ref":7.93,"V_mp_ref":30.9,"alpha_sc":0.0034,"beta_oc":-0.12064000000000001,"a_ref":1.5795,"I_L_ref":8.51,"I_o_ref":3.59e-10,"R_s":0.266,"R_sh_ref":216.14,"Adjust":14.7,"PTC":220.9,"pdc0":245.0,"gamma_pdc":-0.00456,"gamma_r":-0.456}