{"Date":"5/22/2012","Version":"NRELv1","Technology":"Multi-c-Si","BIPV":"N","A_c":1.47,"N_s":54.0,"T_NOCT":45.6,"I_sc_ref":8.25,"V_oc_ref":33.3,"I_mp_ref":7.63,"V_mp_ref":26.9,"alpha_sc":0.004125,"beta_oc":-0.11322,"a_ref":1.3988,"I_L_ref":8.267999999999999,"I_o_ref":3.6799999999999997e-10,"R_s":0.299,"R_sh_ref":135.8,"Adjust":8.454,"PTC":184.7,"pdc0":205.0,"gamma_pdc":-0.0045000000000000005,"gamma_r":-0.45}