{"Date":"5/22/2012","Version":"NRELv1","Technology":"Multi-c-Si","BIPV":"N","A_c":1.949,"N_s":72.0,"T_NOCT":45.6,"I_sc_ref":8.55,"V_oc_ref":45.3,"I_mp_ref":8.1,"V_mp_ref":37.7,"alpha_sc":0.004275,"beta_oc":-0.15402000000000002,"a_ref":1.9089,"I_L_ref":8.551,"I_o_ref":4.21e-10,"R_s":0.235,"R_sh_ref":1973.54,"Adjust":9.258,"PTC":275.6,"pdc0":305.0,"gamma_pdc":-0.0045000000000000005,"gamma_r":-0.45}