{"Date":"03.09.2011","Version":"MM107","Technology":"Mono-c-Si","BIPV":"N","A_c":1.47,"N_s":54.0,"T_NOCT":45.5,"I_sc_ref":8.7,"V_oc_ref":33.9,"I_mp_ref":8.2,"V_mp_ref":28.0,"alpha_sc":0.0034799999999999996,"beta_oc":-0.10848,"a_ref":1.4179,"I_L_ref":8.704,"I_o_ref":3.57e-10,"R_s":0.204,"R_sh_ref":454.01,"Adjust":14.4,"PTC":207.6,"pdc0":230.0,"gamma_pdc":-0.00456,"gamma_r":-0.456}