{"Date":"5/22/2012","Version":"NRELv1","Technology":"Multi-c-Si","BIPV":"N","A_c":1.6369999999999998,"N_s":60.0,"T_NOCT":45.6,"I_sc_ref":8.55,"V_oc_ref":37.6,"I_mp_ref":8.0,"V_mp_ref":31.2,"alpha_sc":0.004275,"beta_oc":-0.12784,"a_ref":1.5934,"I_L_ref":8.557,"I_o_ref":4.75e-10,"R_s":0.205,"R_sh_ref":248.46,"Adjust":10.37,"PTC":225.7,"pdc0":250.0,"gamma_pdc":-0.0045000000000000005,"gamma_r":-0.45}