{"Date":"5/22/2012","Version":"NRELv1","Technology":"Mono-c-Si","BIPV":"N","A_c":1.949,"N_s":72.0,"T_NOCT":45.7,"I_sc_ref":8.7,"V_oc_ref":45.1,"I_mp_ref":8.1,"V_mp_ref":37.7,"alpha_sc":0.004115,"beta_oc":-0.155,"a_ref":1.9331,"I_L_ref":8.708,"I_o_ref":6.27e-10,"R_s":0.19899999999999998,"R_sh_ref":214.55,"Adjust":11.55,"PTC":275.0,"pdc0":305.0,"gamma_pdc":-0.00456,"gamma_r":-0.456}