{"Date":"5/22/2012","Version":"NRELv1","Technology":"Mono-c-Si","BIPV":"N","A_c":1.2790000000000001,"N_s":72.0,"T_NOCT":45.7,"I_sc_ref":5.7,"V_oc_ref":45.4,"I_mp_ref":5.38,"V_mp_ref":38.1,"alpha_sc":0.001796,"beta_oc":-0.19209,"a_ref":1.9081,"I_L_ref":5.702000000000001,"I_o_ref":2.62e-10,"R_s":0.29,"R_sh_ref":923.8,"Adjust":-12.57,"PTC":185.2,"pdc0":205.0,"gamma_pdc":-0.00451,"gamma_r":-0.451}