{"Date":"5/22/2012","Version":"NRELv1","Technology":"Mono-c-Si","BIPV":"N","A_c":1.2790000000000001,"N_s":72.0,"T_NOCT":45.7,"I_sc_ref":5.55,"V_oc_ref":45.1,"I_mp_ref":5.05,"V_mp_ref":37.8,"alpha_sc":0.001749,"beta_oc":-0.19082000000000002,"a_ref":1.9393,"I_L_ref":5.56,"I_o_ref":4.19e-10,"R_s":0.285,"R_sh_ref":154.86,"Adjust":-8.901,"PTC":171.3,"pdc0":190.0,"gamma_pdc":-0.00451,"gamma_r":-0.451}