{"Date":"03.09.2011","Version":"MM107","Technology":"Mono-c-Si","BIPV":"N","A_c":1.6369999999999998,"N_s":60.0,"T_NOCT":45.5,"I_sc_ref":8.7,"V_oc_ref":37.9,"I_mp_ref":8.15,"V_mp_ref":31.3,"alpha_sc":0.0034799999999999996,"beta_oc":-0.12128,"a_ref":1.5906,"I_L_ref":8.707,"I_o_ref":3.8399999999999997e-10,"R_s":0.228,"R_sh_ref":269.64,"Adjust":15.1,"PTC":230.2,"pdc0":255.0,"gamma_pdc":-0.00456,"gamma_r":-0.456}