{"Date":"5/22/2012","Version":"NRELv1","Technology":"Mono-c-Si","BIPV":"N","A_c":1.2790000000000001,"N_s":72.0,"T_NOCT":45.7,"I_sc_ref":5.4,"V_oc_ref":45.0,"I_mp_ref":4.9,"V_mp_ref":37.8,"alpha_sc":0.001702,"beta_oc":-0.1904,"a_ref":1.9414,"I_L_ref":5.41,"I_o_ref":4.38e-10,"R_s":0.27,"R_sh_ref":149.35,"Adjust":-8.357000000000001,"PTC":166.7,"pdc0":185.0,"gamma_pdc":-0.00451,"gamma_r":-0.451}