{"Date":"5/22/2012","Version":"NRELv1","Technology":"Multi-c-Si","BIPV":"N","A_c":1.6369999999999998,"N_s":60.0,"T_NOCT":45.6,"I_sc_ref":8.4,"V_oc_ref":37.4,"I_mp_ref":7.8,"V_mp_ref":30.8,"alpha_sc":0.0042,"beta_oc":-0.12716,"a_ref":1.5852,"I_L_ref":8.412,"I_o_ref":4.6399999999999995e-10,"R_s":0.242,"R_sh_ref":168.63,"Adjust":10.35,"PTC":216.5,"pdc0":240.0,"gamma_pdc":-0.0045000000000000005,"gamma_r":-0.45}