{"Date":"5/22/2012","Version":"NRELv1","Technology":"Multi-c-Si","BIPV":"N","A_c":1.47,"N_s":54.0,"T_NOCT":45.6,"I_sc_ref":8.5,"V_oc_ref":34.1,"I_mp_ref":8.0,"V_mp_ref":28.1,"alpha_sc":0.00425,"beta_oc":-0.11594000000000002,"a_ref":1.4343,"I_L_ref":8.505,"I_o_ref":3.98e-10,"R_s":0.217,"R_sh_ref":410.32,"Adjust":8.834,"PTC":203.2,"pdc0":225.0,"gamma_pdc":-0.0045000000000000005,"gamma_r":-0.45}