{"Date":"5/22/2012","Version":"NRELv1","Technology":"Multi-c-Si","BIPV":"N","A_c":1.6369999999999998,"N_s":60.0,"T_NOCT":45.6,"I_sc_ref":8.1,"V_oc_ref":37.0,"I_mp_ref":7.5,"V_mp_ref":30.1,"alpha_sc":0.00405,"beta_oc":-0.1258,"a_ref":1.5596,"I_L_ref":8.116,"I_o_ref":3.92e-10,"R_s":0.306,"R_sh_ref":158.11,"Adjust":9.184,"PTC":202.6,"pdc0":225.0,"gamma_pdc":-0.0045000000000000005,"gamma_r":-0.45}