{"Date":"5/22/2012","Version":"NRELv1","Technology":"Mono-c-Si","BIPV":"N","A_c":1.949,"N_s":72.0,"T_NOCT":45.7,"I_sc_ref":8.1,"V_oc_ref":44.0,"I_mp_ref":7.5,"V_mp_ref":36.7,"alpha_sc":0.003832,"beta_oc":-0.15122,"a_ref":1.89,"I_L_ref":8.11,"I_o_ref":6.090000000000001e-10,"R_s":0.21899999999999997,"R_sh_ref":177.21,"Adjust":11.96,"PTC":247.3,"pdc0":275.0,"gamma_pdc":-0.00456,"gamma_r":-0.456}