{"Date":"5/22/2012","Version":"NRELv1","Technology":"Mono-c-Si","BIPV":"N","A_c":1.2790000000000001,"N_s":72.0,"T_NOCT":45.7,"I_sc_ref":5.65,"V_oc_ref":45.3,"I_mp_ref":5.25,"V_mp_ref":38.0,"alpha_sc":0.0017800000000000001,"beta_oc":-0.19167,"a_ref":1.9221,"I_L_ref":5.656000000000001,"I_o_ref":3.2000000000000003e-10,"R_s":0.287,"R_sh_ref":291.24,"Adjust":-11.04,"PTC":180.6,"pdc0":200.0,"gamma_pdc":-0.00451,"gamma_r":-0.451}