{"Date":"5/22/2012","Version":"NRELv1","Technology":"Mono-c-Si","BIPV":"N","A_c":1.2790000000000001,"N_s":72.0,"T_NOCT":45.7,"I_sc_ref":5.3,"V_oc_ref":44.2,"I_mp_ref":4.8,"V_mp_ref":36.6,"alpha_sc":0.0016699999999999998,"beta_oc":-0.18702,"a_ref":1.8921,"I_L_ref":5.315,"I_o_ref":3.59e-10,"R_s":0.4,"R_sh_ref":144.92,"Adjust":-9.684,"PTC":157.5,"pdc0":175.0,"gamma_pdc":-0.00451,"gamma_r":-0.451}