{"Date":"03.09.2011","Version":"MM107","Technology":"Mono-c-Si","BIPV":"N","A_c":1.47,"N_s":54.0,"T_NOCT":45.5,"I_sc_ref":8.3,"V_oc_ref":33.4,"I_mp_ref":7.65,"V_mp_ref":27.4,"alpha_sc":0.0033200000000000005,"beta_oc":-0.10687999999999999,"a_ref":1.41,"I_L_ref":8.317,"I_o_ref":4.14e-10,"R_s":0.23600000000000002,"R_sh_ref":113.03,"Adjust":16.3,"PTC":189.1,"pdc0":210.0,"gamma_pdc":-0.00456,"gamma_r":-0.456}