{"Date":"5/22/2012","Version":"NRELv1","Technology":"Multi-c-Si","BIPV":"N","A_c":1.47,"N_s":54.0,"T_NOCT":45.6,"I_sc_ref":8.35,"V_oc_ref":33.5,"I_mp_ref":7.75,"V_mp_ref":27.1,"alpha_sc":0.004175,"beta_oc":-0.1139,"a_ref":1.4054,"I_L_ref":8.365,"I_o_ref":3.6200000000000004e-10,"R_s":0.292,"R_sh_ref":158.06,"Adjust":8.212,"PTC":189.3,"pdc0":210.0,"gamma_pdc":-0.0045000000000000005,"gamma_r":-0.45}