{"Date":"5/22/2012","Version":"NRELv1","Technology":"Multi-c-Si","BIPV":"N","A_c":1.949,"N_s":72.0,"T_NOCT":45.6,"I_sc_ref":8.6,"V_oc_ref":45.4,"I_mp_ref":8.15,"V_mp_ref":38.0,"alpha_sc":0.0043,"beta_oc":-0.15436,"a_ref":1.919,"I_L_ref":8.601,"I_o_ref":4.5600000000000003e-10,"R_s":0.203,"R_sh_ref":1826.51,"Adjust":9.904,"PTC":280.2,"pdc0":310.0,"gamma_pdc":-0.0045000000000000005,"gamma_r":-0.45}