{"Date":"5/22/2012","Version":"NRELv1","Technology":"Multi-c-Si","BIPV":"N","A_c":1.47,"N_s":54.0,"T_NOCT":45.6,"I_sc_ref":8.65,"V_oc_ref":34.5,"I_mp_ref":8.2,"V_mp_ref":28.6,"alpha_sc":0.004325,"beta_oc":-0.1173,"a_ref":1.45,"I_L_ref":8.651,"I_o_ref":4.0099999999999996e-10,"R_s":0.193,"R_sh_ref":2724.84,"Adjust":8.718,"PTC":212.5,"pdc0":235.0,"gamma_pdc":-0.0045000000000000005,"gamma_r":-0.45}