{"Date":"5/22/2012","Version":"NRELv1","Technology":"Multi-c-Si","BIPV":"N","A_c":1.6369999999999998,"N_s":60.0,"T_NOCT":45.6,"I_sc_ref":8.3,"V_oc_ref":37.3,"I_mp_ref":7.7,"V_mp_ref":30.5,"alpha_sc":0.00415,"beta_oc":-0.12682000000000002,"a_ref":1.5752,"I_L_ref":8.314,"I_o_ref":4.21e-10,"R_s":0.27699999999999997,"R_sh_ref":166.8,"Adjust":9.587,"PTC":211.8,"pdc0":235.0,"gamma_pdc":-0.0045000000000000005,"gamma_r":-0.45}