{"Date":"5/22/2012","Version":"NRELv1","Technology":"Multi-c-Si","BIPV":"N","A_c":1.949,"N_s":72.0,"T_NOCT":45.6,"I_sc_ref":8.45,"V_oc_ref":45.1,"I_mp_ref":7.9,"V_mp_ref":37.4,"alpha_sc":0.004225,"beta_oc":-0.15334,"a_ref":1.9115,"I_L_ref":8.457,"I_o_ref":4.7e-10,"R_s":0.253,"R_sh_ref":286.29,"Adjust":10.39,"PTC":266.3,"pdc0":295.0,"gamma_pdc":-0.0045000000000000005,"gamma_r":-0.45}