{"Date":"03.09.2011","Version":"MM107","Technology":"Mono-c-Si","BIPV":"N","A_c":1.6369999999999998,"N_s":60.0,"T_NOCT":45.5,"I_sc_ref":8.6,"V_oc_ref":37.8,"I_mp_ref":8.05,"V_mp_ref":31.0,"alpha_sc":0.00344,"beta_oc":-0.12095999999999998,"a_ref":1.5814,"I_L_ref":8.607999999999999,"I_o_ref":3.52e-10,"R_s":0.261,"R_sh_ref":267.46,"Adjust":14.4,"PTC":225.5,"pdc0":250.0,"gamma_pdc":-0.00456,"gamma_r":-0.456}