{"Date":"5/22/2012","Version":"NRELv1","Technology":"Multi-c-Si","BIPV":"N","A_c":1.47,"N_s":54.0,"T_NOCT":45.6,"I_sc_ref":8.4,"V_oc_ref":33.7,"I_mp_ref":7.85,"V_mp_ref":27.4,"alpha_sc":0.0042,"beta_oc":-0.11458,"a_ref":1.4123,"I_L_ref":8.41,"I_o_ref":3.58e-10,"R_s":0.272,"R_sh_ref":232.34,"Adjust":8.033999999999999,"PTC":193.9,"pdc0":215.0,"gamma_pdc":-0.0045000000000000005,"gamma_r":-0.45}