{"Date":"6/14/2011","Version":"MM107","Technology":"Multi-c-Si","BIPV":"N","A_c":1.455,"N_s":54.0,"T_NOCT":45.7,"I_sc_ref":8.0,"V_oc_ref":32.8,"I_mp_ref":7.64,"V_mp_ref":26.2,"alpha_sc":0.006696,"beta_oc":-0.11588,"a_ref":1.3869999999999998,"I_L_ref":8.089,"I_o_ref":4.34e-10,"R_s":0.33899999999999997,"R_sh_ref":100000.0,"Adjust":5.3,"PTC":180.4,"pdc0":200.0,"gamma_pdc":-0.00442,"gamma_r":-0.442}