{"Date":"6/14/2011","Version":"MM107","Technology":"Multi-c-Si","BIPV":"N","A_c":1.455,"N_s":54.0,"T_NOCT":45.7,"I_sc_ref":7.82,"V_oc_ref":32.8,"I_mp_ref":7.28,"V_mp_ref":26.2,"alpha_sc":0.0065450000000000005,"beta_oc":-0.11588,"a_ref":1.3995,"I_L_ref":7.832000000000001,"I_o_ref":5.09e-10,"R_s":0.35,"R_sh_ref":225.23,"Adjust":7.0,"PTC":171.1,"pdc0":190.0,"gamma_pdc":-0.00442,"gamma_r":-0.442}