{"Date":"6/14/2011","Version":"MM107","Technology":"Multi-c-Si","BIPV":"N","A_c":1.7690000000000001,"N_s":66.0,"T_NOCT":45.3,"I_sc_ref":8.0,"V_oc_ref":40.5,"I_mp_ref":7.2,"V_mp_ref":32.0,"alpha_sc":0.006848000000000001,"beta_oc":-0.14726,"a_ref":1.7798,"I_L_ref":8.044,"I_o_ref":9.919999999999999e-10,"R_s":0.47,"R_sh_ref":84.74,"Adjust":9.6,"PTC":206.9,"pdc0":230.0,"gamma_pdc":-0.00455,"gamma_r":-0.455}