{"Date":"6/14/2011","Version":"MM107","Technology":"Multi-c-Si","BIPV":"N","A_c":1.611,"N_s":60.0,"T_NOCT":45.0,"I_sc_ref":8.0,"V_oc_ref":36.44,"I_mp_ref":7.6,"V_mp_ref":29.0,"alpha_sc":0.007176,"beta_oc":-0.1271,"a_ref":1.5642,"I_L_ref":8.057,"I_o_ref":6.149999999999999e-10,"R_s":0.38799999999999996,"R_sh_ref":100000.0,"Adjust":9.7,"PTC":198.4,"pdc0":220.0,"gamma_pdc":-0.00456,"gamma_r":-0.456}