{"Date":"6/14/2011","Version":"MM107","Technology":"Multi-c-Si","BIPV":"N","A_c":1.455,"N_s":54.0,"T_NOCT":45.7,"I_sc_ref":8.25,"V_oc_ref":33.4,"I_mp_ref":8.22,"V_mp_ref":26.8,"alpha_sc":0.006905,"beta_oc":-0.11800000000000001,"a_ref":1.4114,"I_L_ref":8.698,"I_o_ref":4.59e-10,"R_s":0.305,"R_sh_ref":100000.0,"Adjust":5.2,"PTC":198.9,"pdc0":220.0,"gamma_pdc":-0.00442,"gamma_r":-0.442}