{"Date":"6/14/2011","Version":"MM107","Technology":"Multi-c-Si","BIPV":"N","A_c":1.923,"N_s":72.0,"T_NOCT":45.1,"I_sc_ref":7.9,"V_oc_ref":43.6,"I_mp_ref":7.47,"V_mp_ref":34.8,"alpha_sc":0.007142,"beta_oc":-0.15522,"a_ref":1.8629,"I_L_ref":7.914,"I_o_ref":5.42e-10,"R_s":0.45899999999999996,"R_sh_ref":100000.0,"Adjust":6.5,"PTC":234.9,"pdc0":260.0,"gamma_pdc":-0.00446,"gamma_r":-0.446}