{"Date":"6/14/2011","Version":"MM107","Technology":"Mono-c-Si","BIPV":"N","A_c":1.262,"N_s":72.0,"T_NOCT":45.7,"I_sc_ref":5.73,"V_oc_ref":43.8,"I_mp_ref":5.23,"V_mp_ref":36.5,"alpha_sc":0.0037530000000000003,"beta_oc":-0.16188,"a_ref":1.9439,"I_L_ref":5.74,"I_o_ref":8.97e-10,"R_s":0.289,"R_sh_ref":164.31,"Adjust":10.1,"PTC":171.1,"pdc0":190.0,"gamma_pdc":-0.00457,"gamma_r":-0.457}