{"Date":"6/14/2011","Version":"MM107","Technology":"Multi-c-Si","BIPV":"N","A_c":1.7690000000000001,"N_s":66.0,"T_NOCT":45.3,"I_sc_ref":8.2,"V_oc_ref":40.5,"I_mp_ref":7.46,"V_mp_ref":32.2,"alpha_sc":0.007019,"beta_oc":-0.14726,"a_ref":1.7747,"I_L_ref":8.232999999999999,"I_o_ref":9.64e-10,"R_s":0.42700000000000005,"R_sh_ref":106.12,"Adjust":9.1,"PTC":216.1,"pdc0":240.0,"gamma_pdc":-0.00455,"gamma_r":-0.455}