{"Date":"6/14/2011","Version":"MM107","Technology":"Multi-c-Si","BIPV":"N","A_c":1.923,"N_s":72.0,"T_NOCT":45.1,"I_sc_ref":7.8,"V_oc_ref":43.4,"I_mp_ref":7.23,"V_mp_ref":34.6,"alpha_sc":0.007051000000000001,"beta_oc":-0.1545,"a_ref":1.8730000000000002,"I_L_ref":7.815,"I_o_ref":6.6e-10,"R_s":0.47,"R_sh_ref":238.62,"Adjust":8.4,"PTC":225.6,"pdc0":250.0,"gamma_pdc":-0.00446,"gamma_r":-0.446}