{"Date":"6/16/2011","Version":"MM107","Technology":"Multi-c-Si","BIPV":"N","A_c":1.923,"N_s":72.0,"T_NOCT":45.1,"I_sc_ref":8.1,"V_oc_ref":43.7,"I_mp_ref":7.72,"V_mp_ref":35.0,"alpha_sc":0.0073219999999999995,"beta_oc":-0.15557,"a_ref":1.8699,"I_L_ref":8.176,"I_o_ref":5.79e-10,"R_s":0.42700000000000005,"R_sh_ref":100000.0,"Adjust":6.8,"PTC":244.1,"pdc0":270.0,"gamma_pdc":-0.00446,"gamma_r":-0.446}