{"Date":"6/14/2011","Version":"MM107","Technology":"Multi-c-Si","BIPV":"N","A_c":1.923,"N_s":72.0,"T_NOCT":45.1,"I_sc_ref":7.7,"V_oc_ref":43.2,"I_mp_ref":6.89,"V_mp_ref":34.4,"alpha_sc":0.006961,"beta_oc":-0.15379,"a_ref":1.9053,"I_L_ref":7.744,"I_o_ref":1.0300000000000002e-09,"R_s":0.47600000000000003,"R_sh_ref":82.72,"Adjust":12.6,"PTC":216.4,"pdc0":240.0,"gamma_pdc":-0.00446,"gamma_r":-0.446}