{"Date":"6/14/2011","Version":"MM107","Technology":"Multi-c-Si","BIPV":"N","A_c":1.611,"N_s":60.0,"T_NOCT":45.0,"I_sc_ref":7.82,"V_oc_ref":36.44,"I_mp_ref":7.25,"V_mp_ref":29.0,"alpha_sc":0.007015,"beta_oc":-0.1271,"a_ref":1.5811,"I_L_ref":7.835,"I_o_ref":7.5e-10,"R_s":0.39899999999999997,"R_sh_ref":207.65,"Adjust":11.8,"PTC":189.2,"pdc0":210.0,"gamma_pdc":-0.00456,"gamma_r":-0.456}