{"Date":"6/14/2011","Version":"MM107","Technology":"Mono-c-Si","BIPV":"N","A_c":1.262,"N_s":72.0,"T_NOCT":45.7,"I_sc_ref":5.96,"V_oc_ref":43.8,"I_mp_ref":5.43,"V_mp_ref":36.9,"alpha_sc":0.003904,"beta_oc":-0.16188,"a_ref":1.9595,"I_L_ref":5.968,"I_o_ref":1.11e-09,"R_s":0.18899999999999997,"R_sh_ref":149.28,"Adjust":11.7,"PTC":180.4,"pdc0":200.0,"gamma_pdc":-0.00457,"gamma_r":-0.457}