{"Date":"6/14/2011","Version":"MM107","Technology":"Multi-c-Si","BIPV":"N","A_c":1.611,"N_s":60.0,"T_NOCT":45.0,"I_sc_ref":7.7,"V_oc_ref":36.0,"I_mp_ref":6.94,"V_mp_ref":28.85,"alpha_sc":0.006906999999999999,"beta_oc":-0.12557000000000001,"a_ref":1.5958,"I_L_ref":7.735,"I_o_ref":1.16e-09,"R_s":0.363,"R_sh_ref":79.5,"Adjust":16.1,"PTC":180.0,"pdc0":200.0,"gamma_pdc":-0.00456,"gamma_r":-0.456}