{"Date":"02.07.2011","Version":"MM107","Technology":"Multi-c-Si","BIPV":"N","A_c":1.9480000000000002,"N_s":72.0,"T_NOCT":46.7,"I_sc_ref":8.37,"V_oc_ref":43.5,"I_mp_ref":7.39,"V_mp_ref":34.5,"alpha_sc":0.0050219999999999996,"beta_oc":-0.15225,"a_ref":1.9004,"I_L_ref":8.435,"I_o_ref":8.849999999999999e-10,"R_s":0.47,"R_sh_ref":60.94,"Adjust":12.8,"PTC":227.4,"pdc0":255.0,"gamma_pdc":-0.0046,"gamma_r":-0.46}