{"Date":"02.07.2011","Version":"MM107","Technology":"Multi-c-Si","BIPV":"N","A_c":1.6340000000000001,"N_s":60.0,"T_NOCT":46.7,"I_sc_ref":8.9,"V_oc_ref":36.76,"I_mp_ref":8.15,"V_mp_ref":28.22,"alpha_sc":0.00534,"beta_oc":-0.12866,"a_ref":1.5378,"I_L_ref":8.94,"I_o_ref":3.58e-10,"R_s":0.514,"R_sh_ref":115.08,"Adjust":4.2,"PTC":205.5,"pdc0":230.0,"gamma_pdc":-0.0046,"gamma_r":-0.46}