{"Date":"02.07.2011","Version":"MM107","Technology":"Mono-c-Si","BIPV":"N","A_c":1.9480000000000002,"N_s":72.0,"T_NOCT":46.8,"I_sc_ref":8.92,"V_oc_ref":44.4,"I_mp_ref":8.05,"V_mp_ref":35.42,"alpha_sc":0.002676,"beta_oc":-0.15984,"a_ref":1.9048,"I_L_ref":8.965,"I_o_ref":6.360000000000001e-10,"R_s":0.425,"R_sh_ref":84.82,"Adjust":6.5,"PTC":253.5,"pdc0":285.0,"gamma_pdc":-0.0048,"gamma_r":-0.48}