{"Date":"02.07.2011","Version":"MM107","Technology":"Mono-c-Si","BIPV":"N","A_c":1.6340000000000001,"N_s":60.0,"T_NOCT":46.8,"I_sc_ref":9.01,"V_oc_ref":36.76,"I_mp_ref":8.33,"V_mp_ref":28.22,"alpha_sc":0.002703,"beta_oc":-0.13234,"a_ref":1.5181,"I_L_ref":9.037,"I_o_ref":2.69e-10,"R_s":0.509,"R_sh_ref":172.58,"Adjust":-0.8,"PTC":208.9,"pdc0":235.0,"gamma_pdc":-0.0048,"gamma_r":-0.48}