{"Date":"02.07.2011","Version":"MM107","Technology":"Multi-c-Si","BIPV":"N","A_c":1.9480000000000002,"N_s":72.0,"T_NOCT":46.7,"I_sc_ref":8.52,"V_oc_ref":43.8,"I_mp_ref":7.61,"V_mp_ref":34.8,"alpha_sc":0.005111999999999999,"beta_oc":-0.1533,"a_ref":1.9017,"I_L_ref":8.574,"I_o_ref":7.920000000000001e-10,"R_s":0.456,"R_sh_ref":72.5,"Adjust":11.6,"PTC":236.6,"pdc0":265.0,"gamma_pdc":-0.0046,"gamma_r":-0.46}