{"Date":"02.07.2011","Version":"MM107","Technology":"Mono-c-Si","BIPV":"N","A_c":1.9480000000000002,"N_s":72.0,"T_NOCT":46.8,"I_sc_ref":7.93,"V_oc_ref":43.5,"I_mp_ref":7.1,"V_mp_ref":34.5,"alpha_sc":0.002379,"beta_oc":-0.1566,"a_ref":1.8695,"I_L_ref":7.98,"I_o_ref":5.84e-10,"R_s":0.502,"R_sh_ref":80.34,"Adjust":6.8,"PTC":217.0,"pdc0":245.0,"gamma_pdc":-0.0048,"gamma_r":-0.48}