{"Date":"02.07.2011","Version":"MM107","Technology":"Multi-c-Si","BIPV":"N","A_c":1.475,"N_s":54.0,"T_NOCT":46.7,"I_sc_ref":8.73,"V_oc_ref":33.1,"I_mp_ref":7.79,"V_mp_ref":26.33,"alpha_sc":0.0052380000000000005,"beta_oc":-0.11585,"a_ref":1.4386,"I_L_ref":8.785,"I_o_ref":8.29e-10,"R_s":0.332,"R_sh_ref":52.51,"Adjust":11.8,"PTC":183.1,"pdc0":205.0,"gamma_pdc":-0.0046,"gamma_r":-0.46}