{"Date":"06.02.2011","Version":"MM107","Technology":"Mono-c-Si","BIPV":"N","A_c":1.6340000000000001,"N_s":60.0,"T_NOCT":45.2,"I_sc_ref":5.55,"V_oc_ref":44.33,"I_mp_ref":5.31,"V_mp_ref":35.82,"alpha_sc":0.0016649999999999998,"beta_oc":-0.15072,"a_ref":1.839,"I_L_ref":5.609,"I_o_ref":1.9e-10,"R_s":0.5870000000000001,"R_sh_ref":100000.0,"Adjust":6.1,"PTC":170.0,"pdc0":190.0,"gamma_pdc":-0.004699999999999999,"gamma_r":-0.47}