{"Date":"02.11.2010","Version":"MM107","Technology":"Mono-c-Si","BIPV":"N","A_c":1.2770000000000001,"N_s":72.0,"T_NOCT":45.2,"I_sc_ref":5.0,"V_oc_ref":43.4,"I_mp_ref":4.51,"V_mp_ref":34.4,"alpha_sc":0.00214,"beta_oc":-0.14643,"a_ref":1.8322,"I_L_ref":5.0280000000000005,"I_o_ref":2.4400000000000004e-10,"R_s":0.8109999999999999,"R_sh_ref":145.43,"Adjust":10.1,"PTC":139.2,"pdc0":155.0,"gamma_pdc":-0.00458,"gamma_r":-0.45799999999999996}