{"Date":"6/14/2010","Version":"MM107","Technology":"3-a-Si","BIPV":"N","A_c":4.771,"N_s":36.0,"T_NOCT":51.5,"I_sc_ref":5.7,"V_oc_ref":72.0,"I_mp_ref":4.6,"V_mp_ref":57.3,"alpha_sc":0.007751999999999999,"beta_oc":-0.28368000000000004,"a_ref":3.0094,"I_L_ref":5.807,"I_o_ref":1.9e-10,"R_s":1.196,"R_sh_ref":63.61,"Adjust":-9.7,"PTC":243.5,"pdc0":264.0,"gamma_pdc":-0.00243,"gamma_r":-0.243}