{"Date":"5/22/2012","Version":"NRELv1","Technology":"Mono-c-Si","BIPV":"N","A_c":1.601,"N_s":60.0,"T_NOCT":47.4,"I_sc_ref":8.57,"V_oc_ref":37.2,"I_mp_ref":8.02,"V_mp_ref":29.7,"alpha_sc":0.004285,"beta_oc":-0.13392,"a_ref":1.5913,"I_L_ref":8.578,"I_o_ref":5.97e-10,"R_s":0.36200000000000004,"R_sh_ref":378.58,"Adjust":6.102,"PTC":211.0,"pdc0":238.0,"gamma_pdc":-0.0048,"gamma_r":-0.48}