{"Date":"5/22/2012","Version":"NRELv1","Technology":"Mono-c-Si","BIPV":"N","A_c":1.631,"N_s":60.0,"T_NOCT":46.8,"I_sc_ref":8.56,"V_oc_ref":37.5,"I_mp_ref":8.03,"V_mp_ref":30.35,"alpha_sc":0.00428,"beta_oc":-0.1275,"a_ref":1.5946,"I_L_ref":8.567,"I_o_ref":5.19e-10,"R_s":0.31,"R_sh_ref":406.08,"Adjust":11.12,"PTC":216.8,"pdc0":243.0,"gamma_pdc":-0.004699999999999999,"gamma_r":-0.47}