{"Date":"5/22/2012","Version":"NRELv1","Technology":"Mono-c-Si","BIPV":"N","A_c":1.631,"N_s":60.0,"T_NOCT":46.8,"I_sc_ref":8.59,"V_oc_ref":37.6,"I_mp_ref":8.07,"V_mp_ref":30.45,"alpha_sc":0.004295,"beta_oc":-0.12784,"a_ref":1.5981,"I_L_ref":8.595,"I_o_ref":5.15e-10,"R_s":0.307,"R_sh_ref":486.71,"Adjust":11.03,"PTC":218.7,"pdc0":245.0,"gamma_pdc":-0.004699999999999999,"gamma_r":-0.47}