{"Date":"5/22/2012","Version":"NRELv1","Technology":"Mono-c-Si","BIPV":"N","A_c":1.601,"N_s":60.0,"T_NOCT":47.4,"I_sc_ref":8.96,"V_oc_ref":37.6,"I_mp_ref":8.49,"V_mp_ref":30.1,"alpha_sc":0.00448,"beta_oc":-0.13535999999999998,"a_ref":1.608,"I_L_ref":9.056000000000001,"I_o_ref":6.279999999999999e-10,"R_s":0.336,"R_sh_ref":482.57,"Adjust":6.06,"PTC":226.6,"pdc0":255.0,"gamma_pdc":-0.0048,"gamma_r":-0.48}