{"Date":"5/22/2012","Version":"NRELv1","Technology":"Mono-c-Si","BIPV":"N","A_c":1.601,"N_s":60.0,"T_NOCT":47.4,"I_sc_ref":9.03,"V_oc_ref":37.6,"I_mp_ref":8.59,"V_mp_ref":30.1,"alpha_sc":0.004515,"beta_oc":-0.13535999999999998,"a_ref":1.6043,"I_L_ref":9.123,"I_o_ref":6.02e-10,"R_s":0.33299999999999996,"R_sh_ref":1162.01,"Adjust":5.63,"PTC":229.3,"pdc0":258.0,"gamma_pdc":-0.0048,"gamma_r":-0.48}