{"Date":"5/22/2012","Version":"NRELv1","Technology":"Mono-c-Si","BIPV":"N","A_c":1.631,"N_s":60.0,"T_NOCT":46.8,"I_sc_ref":8.85,"V_oc_ref":37.8,"I_mp_ref":8.42,"V_mp_ref":30.65,"alpha_sc":0.004425,"beta_oc":-0.12852,"a_ref":1.6045,"I_L_ref":8.942,"I_o_ref":5.220000000000001e-10,"R_s":0.292,"R_sh_ref":735.12,"Adjust":10.78,"PTC":230.6,"pdc0":258.0,"gamma_pdc":-0.004699999999999999,"gamma_r":-0.47}