{"Date":"5/22/2012","Version":"NRELv1","Technology":"Mono-c-Si","BIPV":"N","A_c":1.631,"N_s":60.0,"T_NOCT":46.8,"I_sc_ref":8.89,"V_oc_ref":37.8,"I_mp_ref":8.49,"V_mp_ref":30.65,"alpha_sc":0.004445,"beta_oc":-0.12852,"a_ref":1.6011,"I_L_ref":8.979,"I_o_ref":5.01e-10,"R_s":0.29100000000000004,"R_sh_ref":4408.62,"Adjust":10.35,"PTC":232.5,"pdc0":260.0,"gamma_pdc":-0.004699999999999999,"gamma_r":-0.47}