{"Vac":400.0,"Paco":99680.0,"Pdco":104411.8203,"Vdco":401.3206667,"Pso":1245.627109,"C0":-1.1900000000000001e-07,"C1":7.120000000000001e-05,"C2":0.00144,"C3":0.000824,"Pnt":90.92,"Vdcmax":900.0,"Mppt_low":450.0,"Mppt_high":800.0}