{"Date":"08.01.2012","Version":"NRELv1","Technology":"Mono-c-Si","BIPV":"N","A_c":1.641,"N_s":60.0,"T_NOCT":51.9,"I_sc_ref":8.76,"V_oc_ref":37.18,"I_mp_ref":8.12,"V_mp_ref":30.26,"alpha_sc":0.0037670000000000004,"beta_oc":-0.12307,"a_ref":1.5587,"I_L_ref":8.776,"I_o_ref":3.73e-10,"R_s":0.284,"R_sh_ref":152.34,"Adjust":11.09,"PTC":213.6,"pdc0":245.0,"gamma_pdc":-0.004529999999999999,"gamma_r":-0.45299999999999996}