{"Date":"08.01.2012","Version":"NRELv1","Technology":"Mono-c-Si","BIPV":"N","A_c":1.641,"N_s":60.0,"T_NOCT":48.9,"I_sc_ref":8.85,"V_oc_ref":37.81,"I_mp_ref":8.53,"V_mp_ref":30.42,"alpha_sc":0.003186,"beta_oc":-0.13045,"a_ref":1.5436,"I_L_ref":9.03,"I_o_ref":2.07e-10,"R_s":0.335,"R_sh_ref":1418.51,"Adjust":1.413,"PTC":231.0,"pdc0":260.0,"gamma_pdc":-0.0045000000000000005,"gamma_r":-0.45}