{"Date":"08.01.2012","Version":"NRELv1","Technology":"Mono-c-Si","BIPV":"N","A_c":1.641,"N_s":60.0,"T_NOCT":51.9,"I_sc_ref":8.65,"V_oc_ref":36.94,"I_mp_ref":7.79,"V_mp_ref":30.15,"alpha_sc":0.00372,"beta_oc":-0.12227,"a_ref":1.5793,"I_L_ref":8.685,"I_o_ref":5.65e-10,"R_s":0.268,"R_sh_ref":67.23,"Adjust":15.11,"PTC":204.6,"pdc0":235.0,"gamma_pdc":-0.004529999999999999,"gamma_r":-0.45299999999999996}