{"Date":"08.01.2012","Version":"NRELv1","Technology":"Mono-c-Si","BIPV":"N","A_c":1.641,"N_s":60.0,"T_NOCT":51.9,"I_sc_ref":8.71,"V_oc_ref":36.97,"I_mp_ref":7.97,"V_mp_ref":30.2,"alpha_sc":0.0037450000000000005,"beta_oc":-0.12237,"a_ref":1.5655,"I_L_ref":8.734,"I_o_ref":4.63e-10,"R_s":0.266,"R_sh_ref":96.18,"Adjust":13.15,"PTC":209.1,"pdc0":240.0,"gamma_pdc":-0.004529999999999999,"gamma_r":-0.45299999999999996}