{"Date":"08.01.2012","Version":"NRELv1","Technology":"Mono-c-Si","BIPV":"N","A_c":1.641,"N_s":60.0,"T_NOCT":51.9,"I_sc_ref":8.61,"V_oc_ref":36.92,"I_mp_ref":7.64,"V_mp_ref":30.1,"alpha_sc":0.0037020000000000004,"beta_oc":-0.12220999999999999,"a_ref":1.5929,"I_L_ref":8.654,"I_o_ref":6.83e-10,"R_s":0.271,"R_sh_ref":52.72,"Adjust":16.98,"PTC":200.1,"pdc0":230.0,"gamma_pdc":-0.004529999999999999,"gamma_r":-0.45299999999999996}