{"Date":"05.01.2013","Version":"NRELv1","Technology":"Multi-c-Si","BIPV":"N","A_c":1.641,"N_s":60.0,"T_NOCT":46.1,"I_sc_ref":8.74,"V_oc_ref":37.71,"I_mp_ref":8.27,"V_mp_ref":30.26,"alpha_sc":0.00591,"beta_oc":-0.13082,"a_ref":1.6096,"I_L_ref":8.835,"I_o_ref":5.84e-10,"R_s":0.336,"R_sh_ref":389.94,"Adjust":9.482999999999999,"PTC":224.5,"pdc0":250.0,"gamma_pdc":-0.00461,"gamma_r":-0.461}