{"Date":"05.01.2013","Version":"NRELv1","Technology":"Multi-c-Si","BIPV":"N","A_c":1.641,"N_s":60.0,"T_NOCT":46.1,"I_sc_ref":8.66,"V_oc_ref":37.53,"I_mp_ref":8.14,"V_mp_ref":30.09,"alpha_sc":0.005856,"beta_oc":-0.13019,"a_ref":1.599,"I_L_ref":8.665,"I_o_ref":5.510000000000001e-10,"R_s":0.345,"R_sh_ref":659.13,"Adjust":9.118,"PTC":219.9,"pdc0":245.0,"gamma_pdc":-0.00461,"gamma_r":-0.461}