{"Date":"08.01.2012","Version":"NRELv1","Technology":"Mono-c-Si","BIPV":"N","A_c":1.641,"N_s":60.0,"T_NOCT":48.9,"I_sc_ref":8.76,"V_oc_ref":37.18,"I_mp_ref":8.12,"V_mp_ref":30.26,"alpha_sc":0.003154,"beta_oc":-0.12827,"a_ref":1.5462,"I_L_ref":8.777000000000001,"I_o_ref":3.07e-10,"R_s":0.287,"R_sh_ref":149.82,"Adjust":4.995,"PTC":217.3,"pdc0":245.0,"gamma_pdc":-0.0045000000000000005,"gamma_r":-0.45}