{"Date":"08.01.2012","Version":"NRELv1","Technology":"Mono-c-Si","BIPV":"N","A_c":1.641,"N_s":60.0,"T_NOCT":48.9,"I_sc_ref":8.71,"V_oc_ref":36.97,"I_mp_ref":7.97,"V_mp_ref":30.2,"alpha_sc":0.003136,"beta_oc":-0.12755,"a_ref":1.5530000000000002,"I_L_ref":8.735,"I_o_ref":3.83e-10,"R_s":0.26899999999999996,"R_sh_ref":95.2,"Adjust":6.9639999999999995,"PTC":212.7,"pdc0":240.0,"gamma_pdc":-0.0045000000000000005,"gamma_r":-0.45}