{"Date":"08.01.2012","Version":"NRELv1","Technology":"Mono-c-Si","BIPV":"N","A_c":1.641,"N_s":60.0,"T_NOCT":48.9,"I_sc_ref":8.79,"V_oc_ref":37.38,"I_mp_ref":8.26,"V_mp_ref":30.32,"alpha_sc":0.003164,"beta_oc":-0.12896,"a_ref":1.5390000000000001,"I_L_ref":8.797,"I_o_ref":2.46e-10,"R_s":0.304,"R_sh_ref":392.89,"Adjust":3.065,"PTC":221.9,"pdc0":250.0,"gamma_pdc":-0.0045000000000000005,"gamma_r":-0.45}