{"Date":"08.01.2012","Version":"NRELv1","Technology":"Mono-c-Si","BIPV":"N","A_c":1.9569999999999999,"N_s":72.0,"T_NOCT":51.8,"I_sc_ref":8.92,"V_oc_ref":45.12,"I_mp_ref":8.43,"V_mp_ref":36.78,"alpha_sc":0.004371,"beta_oc":-0.14077,"a_ref":1.8358,"I_L_ref":8.923,"I_o_ref":1.88e-10,"R_s":0.342,"R_sh_ref":1040.63,"Adjust":11.27,"PTC":272.9,"pdc0":310.0,"gamma_pdc":-0.00431,"gamma_r":-0.431}