{"Vac":240.0,"Paco":4030.0,"Pdco":4260.78,"Vdco":310.0,"Pso":42.9082,"C0":-8.79137e-06,"C1":-2.4523400000000003e-05,"C2":0.00131226,"C3":-0.000847367,"Pnt":0.19,"Vdcmax":440.0,"Mppt_low":100.0,"Mppt_high":440.0}