{"Date":"9/26/2011","Version":"MM107","Technology":"Multi-c-Si","BIPV":"N","A_c":1.635,"N_s":60.0,"T_NOCT":46.7,"I_sc_ref":8.06,"V_oc_ref":36.66,"I_mp_ref":7.49,"V_mp_ref":28.72,"alpha_sc":0.004836,"beta_oc":-0.12097999999999999,"a_ref":1.5347,"I_L_ref":8.076,"I_o_ref":3.34e-10,"R_s":0.47200000000000003,"R_sh_ref":237.08,"Adjust":10.8,"PTC":191.8,"pdc0":215.0,"gamma_pdc":-0.0046,"gamma_r":-0.46}