{"Date":"9/26/2011","Version":"MM107","Technology":"Multi-c-Si","BIPV":"N","A_c":1.635,"N_s":60.0,"T_NOCT":46.7,"I_sc_ref":8.4,"V_oc_ref":37.34,"I_mp_ref":7.96,"V_mp_ref":29.52,"alpha_sc":0.00504,"beta_oc":-0.12322000000000001,"a_ref":1.5572,"I_L_ref":8.434,"I_o_ref":3.25e-10,"R_s":0.419,"R_sh_ref":100000.0,"Adjust":10.1,"PTC":210.1,"pdc0":235.0,"gamma_pdc":-0.0046,"gamma_r":-0.46}