{"Date":"9/26/2011","Version":"MM107","Technology":"Multi-c-Si","BIPV":"N","A_c":1.635,"N_s":60.0,"T_NOCT":46.7,"I_sc_ref":8.48,"V_oc_ref":37.51,"I_mp_ref":8.08,"V_mp_ref":29.72,"alpha_sc":0.0050880000000000005,"beta_oc":-0.12378,"a_ref":1.5657,"I_L_ref":8.559,"I_o_ref":3.37e-10,"R_s":0.405,"R_sh_ref":100000.0,"Adjust":10.3,"PTC":214.7,"pdc0":240.0,"gamma_pdc":-0.0046,"gamma_r":-0.46}