{"Date":"03.07.2011","Version":"MM107","Technology":"Multi-c-Si","BIPV":"N","A_c":1.609,"N_s":60.0,"T_NOCT":46.5,"I_sc_ref":8.02,"V_oc_ref":37.0,"I_mp_ref":7.54,"V_mp_ref":29.3,"alpha_sc":0.004732,"beta_oc":-0.16427999999999998,"a_ref":1.8668,"I_L_ref":8.068,"I_o_ref":1.99e-08,"R_s":0.34600000000000003,"R_sh_ref":100000.0,"Adjust":14.9,"PTC":186.8,"pdc0":220.0,"gamma_pdc":-0.006540000000000001,"gamma_r":-0.654}