{"Date":"03.07.2011","Version":"MM107","Technology":"Multi-c-Si","BIPV":"N","A_c":1.609,"N_s":60.0,"T_NOCT":46.9,"I_sc_ref":8.02,"V_oc_ref":37.0,"I_mp_ref":7.54,"V_mp_ref":29.3,"alpha_sc":0.005293,"beta_oc":-0.16760999999999998,"a_ref":1.9112,"I_L_ref":8.078,"I_o_ref":3.16e-08,"R_s":0.335,"R_sh_ref":100000.0,"Adjust":17.0,"PTC":185.0,"pdc0":220.0,"gamma_pdc":-0.006750000000000001,"gamma_r":-0.675}