{"Date":"03.07.2011","Version":"MM107","Technology":"Multi-c-Si","BIPV":"N","A_c":1.609,"N_s":60.0,"T_NOCT":48.4,"I_sc_ref":7.9,"V_oc_ref":36.5,"I_mp_ref":7.4,"V_mp_ref":28.5,"alpha_sc":0.005609,"beta_oc":-0.14637,"a_ref":1.7048,"I_L_ref":7.901,"I_o_ref":3.98e-09,"R_s":0.445,"R_sh_ref":100000.0,"Adjust":11.4,"PTC":179.8,"pdc0":210.0,"gamma_pdc":-0.005679999999999999,"gamma_r":-0.568}