{"Date":"03.07.2011","Version":"MM107","Technology":"Multi-c-Si","BIPV":"N","A_c":1.609,"N_s":60.0,"T_NOCT":46.9,"I_sc_ref":7.95,"V_oc_ref":36.8,"I_mp_ref":7.47,"V_mp_ref":28.9,"alpha_sc":0.005247,"beta_oc":-0.1667,"a_ref":1.891,"I_L_ref":8.012,"I_o_ref":2.8300000000000002e-08,"R_s":0.375,"R_sh_ref":100000.0,"Adjust":16.0,"PTC":180.7,"pdc0":215.0,"gamma_pdc":-0.006750000000000001,"gamma_r":-0.675}