{"Date":"03.07.2011","Version":"MM107","Technology":"Multi-c-Si","BIPV":"N","A_c":1.609,"N_s":60.0,"T_NOCT":46.9,"I_sc_ref":7.78,"V_oc_ref":36.1,"I_mp_ref":7.25,"V_mp_ref":27.7,"alpha_sc":0.005135,"beta_oc":-0.16353,"a_ref":1.8299,"I_L_ref":7.8,"I_o_ref":2.11e-08,"R_s":0.489,"R_sh_ref":100000.0,"Adjust":13.4,"PTC":167.6,"pdc0":200.0,"gamma_pdc":-0.006750000000000001,"gamma_r":-0.675}