{"Date":"03.04.2011","Version":"MM107","Technology":"Multi-c-Si","BIPV":"N","A_c":1.609,"N_s":60.0,"T_NOCT":46.5,"I_sc_ref":7.78,"V_oc_ref":36.1,"I_mp_ref":7.25,"V_mp_ref":27.7,"alpha_sc":0.0045899999999999995,"beta_oc":-0.16028,"a_ref":1.7882,"I_L_ref":7.789,"I_o_ref":1.33e-08,"R_s":0.5,"R_sh_ref":100000.0,"Adjust":11.4,"PTC":169.3,"pdc0":200.0,"gamma_pdc":-0.006540000000000001,"gamma_r":-0.654}