{"Date":"8/29/2011","Version":"MM107","Technology":"Multi-c-Si","BIPV":"N","A_c":1.609,"N_s":60.0,"T_NOCT":45.3,"I_sc_ref":8.24,"V_oc_ref":37.9,"I_mp_ref":7.79,"V_mp_ref":30.5,"alpha_sc":0.004375,"beta_oc":-0.14773,"a_ref":1.7507,"I_L_ref":8.276,"I_o_ref":3.2799999999999994e-09,"R_s":0.313,"R_sh_ref":100000.0,"Adjust":12.6,"PTC":207.0,"pdc0":235.0,"gamma_pdc":-0.00555,"gamma_r":-0.555}