{"Date":"03.07.2011","Version":"MM107","Technology":"Multi-c-Si","BIPV":"N","A_c":1.609,"N_s":60.0,"T_NOCT":48.4,"I_sc_ref":8.02,"V_oc_ref":37.0,"I_mp_ref":7.54,"V_mp_ref":29.3,"alpha_sc":0.005693999999999999,"beta_oc":-0.14837,"a_ref":1.7413,"I_L_ref":8.037,"I_o_ref":4.7499999999999995e-09,"R_s":0.37799999999999995,"R_sh_ref":100000.0,"Adjust":12.9,"PTC":188.7,"pdc0":220.0,"gamma_pdc":-0.005679999999999999,"gamma_r":-0.568}