{"Date":"05.09.2011","Version":"MM107","Technology":"Multi-c-Si","BIPV":"N","A_c":1.61,"N_s":60.0,"T_NOCT":43.0,"I_sc_ref":7.9,"V_oc_ref":36.5,"I_mp_ref":7.4,"V_mp_ref":28.5,"alpha_sc":0.00282,"beta_oc":-0.13224,"a_ref":1.5821,"I_L_ref":7.904,"I_o_ref":7.51e-10,"R_s":0.47700000000000004,"R_sh_ref":858.28,"Adjust":8.1,"PTC":188.5,"pdc0":210.0,"gamma_pdc":-0.00521,"gamma_r":-0.521}