{"Date":"05.09.2011","Version":"MM107","Technology":"Multi-c-Si","BIPV":"N","A_c":1.61,"N_s":60.0,"T_NOCT":43.0,"I_sc_ref":7.78,"V_oc_ref":36.1,"I_mp_ref":7.25,"V_mp_ref":27.7,"alpha_sc":0.002777,"beta_oc":-0.13079000000000002,"a_ref":1.5525,"I_L_ref":7.789,"I_o_ref":6.149999999999999e-10,"R_s":0.561,"R_sh_ref":480.83,"Adjust":6.5,"PTC":179.3,"pdc0":200.0,"gamma_pdc":-0.00521,"gamma_r":-0.521}