{"Date":"07.08.2010","Version":"MM107","Technology":"CIS","BIPV":"N","A_c":1.094,"N_s":104.0,"T_NOCT":48.3,"I_sc_ref":3.15,"V_oc_ref":57.9,"I_mp_ref":2.4,"V_mp_ref":45.8,"alpha_sc":-0.000277,"beta_oc":-0.23611999999999997,"a_ref":2.8638,"I_L_ref":3.216,"I_o_ref":3.98e-09,"R_s":1.4909999999999999,"R_sh_ref":71.21,"Adjust":19.7,"PTC":86.1,"pdc0":100.0,"gamma_pdc":-0.005180000000000001,"gamma_r":-0.518}