{"Technology":"Multi-c-Si","BIPV":"N","A_c":1.6130000000000002,"N_s":60.0,"T_NOCT":45.5,"PTC":240.7,"pdc0":265.0,"gamma_pdc":-0.00435}