{"Technology":"Multi-c-Si","BIPV":"N","A_c":1.3019999999999998,"N_s":48.0,"T_NOCT":45.5,"PTC":190.7,"pdc0":210.0,"gamma_pdc":-0.00435}