{"Technology":"Multi-c-Si","BIPV":"N","A_c":1.3019999999999998,"N_s":48.0,"T_NOCT":45.5,"PTC":181.4,"pdc0":200.0,"gamma_pdc":-0.00435}