{"Date":"8/13/2010","Version":"MM107","Technology":"Mono-c-Si","BIPV":"N","A_c":1.661,"N_s":96.0,"T_NOCT":52.1,"I_sc_ref":5.45,"V_oc_ref":60.0,"I_mp_ref":5.12,"V_mp_ref":48.9,"alpha_sc":0.0021579999999999998,"beta_oc":-0.22025999999999998,"a_ref":2.6618,"I_L_ref":5.452000000000001,"I_o_ref":8.790000000000001e-10,"R_s":0.66,"R_sh_ref":1503.15,"Adjust":11.3,"PTC":213.4,"pdc0":250.0,"gamma_pdc":-0.0051600000000000005,"gamma_r":-0.516}