{"Date":"10.04.2010","Version":"MM107","Technology":"Mono-c-Si","BIPV":"N","A_c":1.9269999999999998,"N_s":72.0,"T_NOCT":52.0,"I_sc_ref":8.5,"V_oc_ref":44.75,"I_mp_ref":7.92,"V_mp_ref":34.8,"alpha_sc":0.005347,"beta_oc":-0.179,"a_ref":2.1194,"I_L_ref":8.504,"I_o_ref":5.720000000000001e-09,"R_s":0.523,"R_sh_ref":995.51,"Adjust":14.5,"PTC":228.4,"pdc0":275.0,"gamma_pdc":-0.005920000000000001,"gamma_r":-0.5920000000000001}