{"Date":"10.04.2010","Version":"MM107","Technology":"Mono-c-Si","BIPV":"N","A_c":1.9269999999999998,"N_s":72.0,"T_NOCT":52.0,"I_sc_ref":8.53,"V_oc_ref":44.75,"I_mp_ref":7.94,"V_mp_ref":35.3,"alpha_sc":0.005365,"beta_oc":-0.179,"a_ref":2.1409,"I_L_ref":8.536,"I_o_ref":7.070000000000001e-09,"R_s":0.444,"R_sh_ref":597.72,"Adjust":16.5,"PTC":232.7,"pdc0":280.0,"gamma_pdc":-0.005920000000000001,"gamma_r":-0.5920000000000001}