{"Vac":300.0,"Paco":150000.0,"Pdco":153491.0,"Vdco":615.0,"Pso":691.428,"C0":-7.34036e-08,"C1":2.32815e-06,"C2":0.00101285,"C3":0.00485681,"Pnt":62.53,"Vdcmax":750.0,"Mppt_low":480.0,"Mppt_high":750.0}