{"Technology":"Multi-c-Si","BIPV":"N","A_c":1.6580000000000001,"N_s":60.0,"T_NOCT":46.2,"PTC":252.0,"pdc0":275.0,"gamma_pdc":-0.00384}