{"Technology":"Mono-c-Si","BIPV":"N","A_c":1.6580000000000001,"N_s":60.0,"T_NOCT":49.5,"PTC":273.3,"pdc0":300.0,"gamma_pdc":-0.0036320000000000002}