{"Date":"04.04.2011","Version":"MM107","Technology":"Mono-c-Si","BIPV":"N","A_c":1.6340000000000001,"N_s":60.0,"T_NOCT":46.3,"I_sc_ref":8.31,"V_oc_ref":37.1,"I_mp_ref":7.81,"V_mp_ref":30.11,"alpha_sc":0.004155,"beta_oc":-0.12985,"a_ref":1.6277,"I_L_ref":8.314,"I_o_ref":1.0400000000000001e-09,"R_s":0.29100000000000004,"R_sh_ref":653.1,"Adjust":14.3,"PTC":208.4,"pdc0":235.0,"gamma_pdc":-0.005,"gamma_r":-0.5}