{"Date":"2/14/2011","Version":"MM107","Technology":"Mono-c-Si","BIPV":"N","A_c":1.2770000000000001,"N_s":72.0,"T_NOCT":47.2,"I_sc_ref":5.5,"V_oc_ref":45.0,"I_mp_ref":5.1,"V_mp_ref":36.27,"alpha_sc":0.003817,"beta_oc":-0.17118,"a_ref":1.9196,"I_L_ref":5.51,"I_o_ref":3.54e-10,"R_s":0.612,"R_sh_ref":325.9,"Adjust":-0.6,"PTC":165.8,"pdc0":185.0,"gamma_pdc":-0.00442,"gamma_r":-0.442}