{"Date":"2/14/2011","Version":"MM107","Technology":"Multi-c-Si","BIPV":"N","A_c":1.642,"N_s":60.0,"T_NOCT":48.9,"I_sc_ref":8.4,"V_oc_ref":37.0,"I_mp_ref":7.71,"V_mp_ref":30.5,"alpha_sc":0.0069299999999999995,"beta_oc":-0.14981,"a_ref":1.6432,"I_L_ref":8.416,"I_o_ref":1.35e-09,"R_s":0.215,"R_sh_ref":114.49,"Adjust":0.4,"PTC":208.6,"pdc0":235.0,"gamma_pdc":-0.00443,"gamma_r":-0.44299999999999995}