{"Date":"10/20/2011","Version":"NRELv1","Technology":"Mono-c-Si","BIPV":"N","A_c":1.642,"N_s":60.0,"T_NOCT":46.0,"I_sc_ref":8.5,"V_oc_ref":36.1,"I_mp_ref":7.6,"V_mp_ref":30.3,"alpha_sc":0.006000999999999999,"beta_oc":-0.13776,"a_ref":1.6221,"I_L_ref":8.517000000000001,"I_o_ref":1.71e-09,"R_s":0.122,"R_sh_ref":59.48,"Adjust":8.982000000000001,"PTC":207.1,"pdc0":230.0,"gamma_pdc":-0.00443,"gamma_r":-0.44299999999999995}