{"Date":"10/20/2011","Version":"NRELv1","Technology":"Multi-c-Si","BIPV":"N","A_c":1.94,"N_s":72.0,"T_NOCT":46.6,"I_sc_ref":8.2,"V_oc_ref":43.6,"I_mp_ref":7.48,"V_mp_ref":36.1,"alpha_sc":0.006798,"beta_oc":-0.17806,"a_ref":1.9419,"I_L_ref":8.217,"I_o_ref":1.3900000000000002e-09,"R_s":0.23399999999999999,"R_sh_ref":114.39,"Adjust":0.153,"PTC":242.6,"pdc0":270.0,"gamma_pdc":-0.004379999999999999,"gamma_r":-0.43799999999999994}