{"Date":"10/26/2011","Version":"NRELv1","Technology":"Mono-c-Si","BIPV":"N","A_c":1.94,"N_s":72.0,"T_NOCT":46.0,"I_sc_ref":9.05,"V_oc_ref":39.8,"I_mp_ref":8.21,"V_mp_ref":33.5,"alpha_sc":0.005638000000000001,"beta_oc":-0.14857,"a_ref":1.7480000000000002,"I_L_ref":9.064,"I_o_ref":1.11e-09,"R_s":0.125,"R_sh_ref":79.51,"Adjust":7.062,"PTC":248.0,"pdc0":275.0,"gamma_pdc":-0.00439,"gamma_r":-0.439}