{"Date":"10/20/2011","Version":"NRELv1","Technology":"Mono-c-Si","BIPV":"N","A_c":1.94,"N_s":72.0,"T_NOCT":48.5,"I_sc_ref":9.05,"V_oc_ref":39.8,"I_mp_ref":8.21,"V_mp_ref":33.5,"alpha_sc":0.006815000000000001,"beta_oc":-0.15327000000000002,"a_ref":1.7756,"I_L_ref":9.062999999999999,"I_o_ref":1.58e-09,"R_s":0.11800000000000001,"R_sh_ref":80.71,"Adjust":6.643,"PTC":244.8,"pdc0":275.0,"gamma_pdc":-0.00439,"gamma_r":-0.439}