{"Date":"10/20/2011","Version":"NRELv1","Technology":"Multi-c-Si","BIPV":"N","A_c":1.94,"N_s":72.0,"T_NOCT":46.1,"I_sc_ref":8.2,"V_oc_ref":44.0,"I_mp_ref":7.56,"V_mp_ref":36.37,"alpha_sc":0.0068390000000000005,"beta_oc":-0.18621,"a_ref":1.9976,"I_L_ref":8.211,"I_o_ref":2.1600000000000004e-09,"R_s":0.235,"R_sh_ref":168.22,"Adjust":0.1287,"PTC":246.3,"pdc0":275.0,"gamma_pdc":-0.0046500000000000005,"gamma_r":-0.465}