{"Date":"10/20/2011","Version":"NRELv1","Technology":"Multi-c-Si","BIPV":"N","A_c":1.94,"N_s":72.0,"T_NOCT":46.6,"I_sc_ref":8.32,"V_oc_ref":44.6,"I_mp_ref":7.73,"V_mp_ref":36.9,"alpha_sc":0.0068969999999999995,"beta_oc":-0.18215,"a_ref":1.9614,"I_L_ref":8.329,"I_o_ref":1.0800000000000002e-09,"R_s":0.247,"R_sh_ref":222.03,"Adjust":-2.035,"PTC":256.5,"pdc0":285.0,"gamma_pdc":-0.004379999999999999,"gamma_r":-0.43799999999999994}