{"Technology":"Mono-c-Si","BIPV":"N","A_c":1.6340000000000001,"N_s":60.0,"T_NOCT":49.8,"PTC":261.0,"pdc0":290.0,"gamma_pdc":-0.0040100000000000005}