{"Date":"10/20/2011","Version":"NRELv1","Technology":"Mono-c-Si","BIPV":"N","A_c":1.2770000000000001,"N_s":72.0,"T_NOCT":44.7,"I_sc_ref":5.43,"V_oc_ref":45.0,"I_mp_ref":5.08,"V_mp_ref":36.4,"alpha_sc":0.004306,"beta_oc":-0.16169,"a_ref":1.9127,"I_L_ref":5.436,"I_o_ref":3.25e-10,"R_s":0.5920000000000001,"R_sh_ref":580.68,"Adjust":4.668,"PTC":168.1,"pdc0":185.0,"gamma_pdc":-0.00436,"gamma_r":-0.436}