{"Date":"10/20/2011","Version":"NRELv1","Technology":"Mono-c-Si","BIPV":"N","A_c":1.2770000000000001,"N_s":72.0,"T_NOCT":44.7,"I_sc_ref":5.32,"V_oc_ref":44.8,"I_mp_ref":5.0,"V_mp_ref":36.0,"alpha_sc":0.004219,"beta_oc":-0.16097,"a_ref":1.8916,"I_L_ref":5.3229999999999995,"I_o_ref":2.74e-10,"R_s":0.659,"R_sh_ref":1099.75,"Adjust":3.384,"PTC":163.5,"pdc0":180.0,"gamma_pdc":-0.00436,"gamma_r":-0.436}