{"Date":"10/20/2011","Version":"NRELv1","Technology":"Mono-c-Si","BIPV":"N","A_c":1.2770000000000001,"N_s":72.0,"T_NOCT":44.7,"I_sc_ref":5.53,"V_oc_ref":45.2,"I_mp_ref":5.16,"V_mp_ref":36.8,"alpha_sc":0.004385,"beta_oc":-0.1624,"a_ref":1.9317,"I_L_ref":5.537000000000001,"I_o_ref":3.7400000000000005e-10,"R_s":0.528,"R_sh_ref":447.56,"Adjust":5.737,"PTC":172.8,"pdc0":190.0,"gamma_pdc":-0.00436,"gamma_r":-0.436}