{"Date":"10/20/2011","Version":"NRELv1","Technology":"Multi-c-Si","BIPV":"N","A_c":1.6269999999999998,"N_s":60.0,"T_NOCT":44.2,"I_sc_ref":8.14,"V_oc_ref":37.2,"I_mp_ref":7.76,"V_mp_ref":29.0,"alpha_sc":0.007318000000000001,"beta_oc":-0.21850999999999998,"a_ref":1.6279,"I_L_ref":8.31,"I_o_ref":9.82e-10,"R_s":0.467,"R_sh_ref":591.18,"Adjust":-32.69,"PTC":204.3,"pdc0":225.0,"gamma_pdc":-0.00447,"gamma_r":-0.447}