{"Date":"10/20/2011","Version":"NRELv1","Technology":"Mono-c-Si","BIPV":"N","A_c":1.6269999999999998,"N_s":60.0,"T_NOCT":51.8,"I_sc_ref":8.45,"V_oc_ref":38.45,"I_mp_ref":8.22,"V_mp_ref":29.8,"alpha_sc":0.00278,"beta_oc":-0.14415,"a_ref":1.6471,"I_L_ref":8.801,"I_o_ref":6.35e-10,"R_s":0.488,"R_sh_ref":579.14,"Adjust":2.358,"PTC":209.5,"pdc0":245.0,"gamma_pdc":-0.0051600000000000005,"gamma_r":-0.516}