{"Date":"10/20/2011","Version":"NRELv1","Technology":"Mono-c-Si","BIPV":"N","A_c":1.6269999999999998,"N_s":60.0,"T_NOCT":52.1,"I_sc_ref":8.03,"V_oc_ref":38.3,"I_mp_ref":7.9,"V_mp_ref":29.1,"alpha_sc":0.0028829999999999997,"beta_oc":-0.14282,"a_ref":1.6146,"I_L_ref":8.443,"I_o_ref":4.2000000000000005e-10,"R_s":0.596,"R_sh_ref":1634.01,"Adjust":-0.1713,"PTC":196.2,"pdc0":230.0,"gamma_pdc":-0.0051,"gamma_r":-0.51}