{"Date":"10/20/2011","Version":"NRELv1","Technology":"Mono-c-Si","BIPV":"N","A_c":1.6269999999999998,"N_s":60.0,"T_NOCT":51.8,"I_sc_ref":8.57,"V_oc_ref":38.6,"I_mp_ref":8.33,"V_mp_ref":30.0,"alpha_sc":0.00282,"beta_oc":-0.14470999999999998,"a_ref":1.6571,"I_L_ref":8.927,"I_o_ref":6.769999999999999e-10,"R_s":0.47100000000000003,"R_sh_ref":478.58,"Adjust":2.7680000000000002,"PTC":214.0,"pdc0":250.0,"gamma_pdc":-0.0051600000000000005,"gamma_r":-0.516}