{"Date":"10/20/2011","Version":"NRELv1","Technology":"Multi-c-Si","BIPV":"N","A_c":1.6269999999999998,"N_s":60.0,"T_NOCT":44.2,"I_sc_ref":8.01,"V_oc_ref":37.1,"I_mp_ref":7.64,"V_mp_ref":28.8,"alpha_sc":0.007201000000000001,"beta_oc":-0.21793,"a_ref":1.6182,"I_L_ref":8.177,"I_o_ref":8.97e-10,"R_s":0.49200000000000005,"R_sh_ref":722.36,"Adjust":-33.09,"PTC":199.6,"pdc0":220.0,"gamma_pdc":-0.00447,"gamma_r":-0.447}