{"Date":"09.07.2010","Version":"MM107","Technology":"Mono-c-Si","BIPV":"N","A_c":1.624,"N_s":60.0,"T_NOCT":48.7,"I_sc_ref":8.13,"V_oc_ref":38.0,"I_mp_ref":7.45,"V_mp_ref":30.9,"alpha_sc":0.002439,"beta_oc":-0.1216,"a_ref":1.5769,"I_L_ref":8.154,"I_o_ref":2.67e-10,"R_s":0.32299999999999995,"R_sh_ref":108.72,"Adjust":12.6,"PTC":203.9,"pdc0":230.0,"gamma_pdc":-0.0045000000000000005,"gamma_r":-0.45}