{"Date":"9/26/2011","Version":"MM107","Technology":"Multi-c-Si","BIPV":"N","A_c":1.624,"N_s":60.0,"T_NOCT":46.2,"I_sc_ref":7.99,"V_oc_ref":36.12,"I_mp_ref":7.4,"V_mp_ref":29.58,"alpha_sc":0.0037549999999999997,"beta_oc":-0.12460999999999998,"a_ref":1.5841,"I_L_ref":8.002,"I_o_ref":9.75e-10,"R_s":0.256,"R_sh_ref":167.11,"Adjust":15.8,"PTC":195.5,"pdc0":220.0,"gamma_pdc":-0.00488,"gamma_r":-0.488}