{"Date":"09.07.2010","Version":"MM107","Technology":"Mono-c-Si","BIPV":"N","A_c":1.9369999999999998,"N_s":72.0,"T_NOCT":48.7,"I_sc_ref":8.5,"V_oc_ref":44.2,"I_mp_ref":7.71,"V_mp_ref":35.0,"alpha_sc":0.00255,"beta_oc":-0.14144,"a_ref":1.8162,"I_L_ref":8.544,"I_o_ref":2.18e-10,"R_s":0.503,"R_sh_ref":96.4,"Adjust":10.4,"PTC":239.2,"pdc0":270.0,"gamma_pdc":-0.0045000000000000005,"gamma_r":-0.45}