{"Date":"9/26/2011","Version":"MM107","Technology":"Multi-c-Si","BIPV":"N","A_c":0.917,"N_s":32.0,"T_NOCT":46.2,"I_sc_ref":8.32,"V_oc_ref":19.5,"I_mp_ref":7.88,"V_mp_ref":15.03,"alpha_sc":0.00391,"beta_oc":-0.06727999999999999,"a_ref":0.8171,"I_L_ref":8.381,"I_o_ref":3.6200000000000004e-10,"R_s":0.275,"R_sh_ref":100000.0,"Adjust":6.4,"PTC":106.5,"pdc0":120.0,"gamma_pdc":-0.00488,"gamma_r":-0.488}