{"Date":"10.05.2009","Version":"MM106","Technology":"Multi-c-Si","BIPV":"N","A_c":1.611,"N_s":60.0,"T_NOCT":48.4,"I_sc_ref":7.82,"V_oc_ref":36.3,"I_mp_ref":7.27,"V_mp_ref":28.89,"alpha_sc":0.010244,"beta_oc":-0.13395,"a_ref":1.7008,"I_L_ref":7.827999999999999,"I_o_ref":4.15e-09,"R_s":0.36200000000000004,"R_sh_ref":341.36,"Adjust":21.1,"PTC":182.9,"pdc0":210.0,"gamma_pdc":-0.00509,"gamma_r":-0.509}