{"Date":"9/26/2011","Version":"MM107","Technology":"Multi-c-Si","BIPV":"N","A_c":0.917,"N_s":32.0,"T_NOCT":46.2,"I_sc_ref":8.05,"V_oc_ref":19.33,"I_mp_ref":7.48,"V_mp_ref":15.84,"alpha_sc":0.0037840000000000005,"beta_oc":-0.06669,"a_ref":0.8461,"I_L_ref":8.06,"I_o_ref":9.42e-10,"R_s":0.135,"R_sh_ref":104.07,"Adjust":15.4,"PTC":102.0,"pdc0":115.0,"gamma_pdc":-0.00488,"gamma_r":-0.488}