{"Date":"9/26/2011","Version":"MM107","Technology":"Multi-c-Si","BIPV":"N","A_c":1.9380000000000002,"N_s":72.0,"T_NOCT":46.2,"I_sc_ref":8.17,"V_oc_ref":43.78,"I_mp_ref":7.6,"V_mp_ref":36.0,"alpha_sc":0.0038399999999999997,"beta_oc":-0.15104,"a_ref":1.9189,"I_L_ref":8.179,"I_o_ref":9.88e-10,"R_s":0.281,"R_sh_ref":243.48,"Adjust":15.7,"PTC":235.5,"pdc0":265.0,"gamma_pdc":-0.00488,"gamma_r":-0.488}