{"Date":"09.07.2010","Version":"MM107","Technology":"Mono-c-Si","BIPV":"N","A_c":1.1079999999999999,"N_s":40.0,"T_NOCT":48.7,"I_sc_ref":8.15,"V_oc_ref":25.2,"I_mp_ref":7.6,"V_mp_ref":20.4,"alpha_sc":0.002445,"beta_oc":-0.08064,"a_ref":1.0322,"I_L_ref":8.163,"I_o_ref":2e-10,"R_s":0.22899999999999998,"R_sh_ref":148.56,"Adjust":9.9,"PTC":137.4,"pdc0":155.0,"gamma_pdc":-0.0045000000000000005,"gamma_r":-0.45}