{"Date":"9/26/2011","Version":"MM107","Technology":"Multi-c-Si","BIPV":"N","A_c":1.9380000000000002,"N_s":72.0,"T_NOCT":46.2,"I_sc_ref":8.34,"V_oc_ref":44.35,"I_mp_ref":7.78,"V_mp_ref":36.5,"alpha_sc":0.00392,"beta_oc":-0.15300999999999998,"a_ref":1.9419,"I_L_ref":8.347999999999999,"I_o_ref":9.88e-10,"R_s":0.275,"R_sh_ref":285.97,"Adjust":15.5,"PTC":244.7,"pdc0":275.0,"gamma_pdc":-0.00488,"gamma_r":-0.488}