{"Date":"9/26/2011","Version":"MM107","Technology":"Multi-c-Si","BIPV":"N","A_c":1.624,"N_s":60.0,"T_NOCT":46.2,"I_sc_ref":8.35,"V_oc_ref":37.02,"I_mp_ref":7.79,"V_mp_ref":30.54,"alpha_sc":0.003925,"beta_oc":-0.12772,"a_ref":1.6232,"I_L_ref":8.357999999999999,"I_o_ref":1.02e-09,"R_s":0.218,"R_sh_ref":236.91,"Adjust":15.8,"PTC":204.6,"pdc0":230.0,"gamma_pdc":-0.00488,"gamma_r":-0.488}