{"Date":"9/26/2011","Version":"MM107","Technology":"Multi-c-Si","BIPV":"N","A_c":1.4669999999999999,"N_s":54.0,"T_NOCT":46.2,"I_sc_ref":8.46,"V_oc_ref":33.97,"I_mp_ref":7.91,"V_mp_ref":28.08,"alpha_sc":0.0039759999999999995,"beta_oc":-0.1172,"a_ref":1.4894,"I_L_ref":8.466000000000001,"I_o_ref":1.0400000000000001e-09,"R_s":0.19,"R_sh_ref":248.1,"Adjust":15.8,"PTC":191.5,"pdc0":215.0,"gamma_pdc":-0.00488,"gamma_r":-0.488}