{"Date":"9/26/2011","Version":"MM107","Technology":"Multi-c-Si","BIPV":"N","A_c":1.4669999999999999,"N_s":54.0,"T_NOCT":46.2,"I_sc_ref":8.11,"V_oc_ref":32.72,"I_mp_ref":7.54,"V_mp_ref":26.84,"alpha_sc":0.003812,"beta_oc":-0.11288,"a_ref":1.4328,"I_L_ref":8.12,"I_o_ref":9.6e-10,"R_s":0.222,"R_sh_ref":179.65,"Adjust":15.5,"PTC":173.2,"pdc0":195.0,"gamma_pdc":-0.00488,"gamma_r":-0.488}