{"Date":"10.05.2009","Version":"MM106","Technology":"Multi-c-Si","BIPV":"N","A_c":0.968,"N_s":36.0,"T_NOCT":46.4,"I_sc_ref":7.92,"V_oc_ref":21.79,"I_mp_ref":7.38,"V_mp_ref":17.08,"alpha_sc":0.017503,"beta_oc":-0.08171,"a_ref":1.0893,"I_L_ref":7.922000000000001,"I_o_ref":1.62e-08,"R_s":0.23800000000000002,"R_sh_ref":1025.34,"Adjust":32.6,"PTC":110.0,"pdc0":126.0,"gamma_pdc":-0.00547,"gamma_r":-0.547}