{"Date":"9/26/2011","Version":"MM107","Technology":"Multi-c-Si","BIPV":"N","A_c":1.624,"N_s":60.0,"T_NOCT":46.2,"I_sc_ref":8.51,"V_oc_ref":37.32,"I_mp_ref":7.88,"V_mp_ref":29.62,"alpha_sc":0.004,"beta_oc":-0.12875,"a_ref":1.6061,"I_L_ref":8.527999999999999,"I_o_ref":6.74e-10,"R_s":0.391,"R_sh_ref":181.26,"Adjust":11.8,"PTC":213.8,"pdc0":240.0,"gamma_pdc":-0.00488,"gamma_r":-0.488}