{"Date":"09.07.2010","Version":"MM107","Technology":"Mono-c-Si","BIPV":"N","A_c":0.894,"N_s":32.0,"T_NOCT":48.7,"I_sc_ref":8.1,"V_oc_ref":20.1,"I_mp_ref":7.66,"V_mp_ref":16.3,"alpha_sc":0.00243,"beta_oc":-0.06432,"a_ref":0.8176,"I_L_ref":8.102,"I_o_ref":1.7e-10,"R_s":0.18,"R_sh_ref":761.95,"Adjust":8.5,"PTC":110.8,"pdc0":125.0,"gamma_pdc":-0.0045000000000000005,"gamma_r":-0.45}