{"Date":"9/26/2011","Version":"MM107","Technology":"Multi-c-Si","BIPV":"N","A_c":1.624,"N_s":60.0,"T_NOCT":46.2,"I_sc_ref":8.41,"V_oc_ref":36.52,"I_mp_ref":7.78,"V_mp_ref":28.49,"alpha_sc":0.003953,"beta_oc":-0.12599000000000002,"a_ref":1.5559,"I_L_ref":8.431000000000001,"I_o_ref":5.269999999999999e-10,"R_s":0.46299999999999997,"R_sh_ref":185.47,"Adjust":9.7,"PTC":200.1,"pdc0":225.0,"gamma_pdc":-0.00488,"gamma_r":-0.488}