{"Date":"9/26/2011","Version":"MM107","Technology":"Multi-c-Si","BIPV":"N","A_c":1.9380000000000002,"N_s":72.0,"T_NOCT":46.2,"I_sc_ref":8.31,"V_oc_ref":43.97,"I_mp_ref":7.74,"V_mp_ref":34.62,"alpha_sc":0.003906,"beta_oc":-0.1517,"a_ref":1.8765,"I_L_ref":8.323,"I_o_ref":5.46e-10,"R_s":0.514,"R_sh_ref":338.13,"Adjust":10.1,"PTC":240.1,"pdc0":270.0,"gamma_pdc":-0.00488,"gamma_r":-0.488}