{"Date":"03.07.2011","Version":"MM107","Technology":"Multi-c-Si","BIPV":"N","A_c":1.6369999999999998,"N_s":60.0,"T_NOCT":46.7,"I_sc_ref":8.24,"V_oc_ref":36.6,"I_mp_ref":7.63,"V_mp_ref":29.0,"alpha_sc":0.004161,"beta_oc":-0.11935,"a_ref":1.5278,"I_L_ref":8.26,"I_o_ref":3.1800000000000004e-10,"R_s":0.415,"R_sh_ref":171.48,"Adjust":11.6,"PTC":201.0,"pdc0":225.0,"gamma_pdc":-0.00457,"gamma_r":-0.457}