{"Date":"03.07.2011","Version":"MM107","Technology":"Multi-c-Si","BIPV":"N","A_c":1.6369999999999998,"N_s":60.0,"T_NOCT":46.7,"I_sc_ref":7.58,"V_oc_ref":35.3,"I_mp_ref":7.02,"V_mp_ref":28.5,"alpha_sc":0.0038280000000000002,"beta_oc":-0.11510999999999999,"a_ref":1.4893,"I_L_ref":7.596,"I_o_ref":3.76e-10,"R_s":0.34600000000000003,"R_sh_ref":168.67,"Adjust":13.9,"PTC":178.2,"pdc0":200.0,"gamma_pdc":-0.00457,"gamma_r":-0.457}