{"Date":"03.07.2011","Version":"MM107","Technology":"Multi-c-Si","BIPV":"N","A_c":1.6369999999999998,"N_s":60.0,"T_NOCT":46.7,"I_sc_ref":8.01,"V_oc_ref":36.0,"I_mp_ref":7.41,"V_mp_ref":29.0,"alpha_sc":0.004045,"beta_oc":-0.1174,"a_ref":1.5182,"I_L_ref":8.027999999999999,"I_o_ref":3.9300000000000004e-10,"R_s":0.344,"R_sh_ref":156.14,"Adjust":13.8,"PTC":191.9,"pdc0":215.0,"gamma_pdc":-0.00457,"gamma_r":-0.457}