{"Date":"03.07.2011","Version":"MM107","Technology":"Multi-c-Si","BIPV":"N","A_c":1.6369999999999998,"N_s":60.0,"T_NOCT":46.7,"I_sc_ref":8.42,"V_oc_ref":36.6,"I_mp_ref":7.8,"V_mp_ref":29.5,"alpha_sc":0.004252000000000001,"beta_oc":-0.11935,"a_ref":1.5427,"I_L_ref":8.437000000000001,"I_o_ref":4.0800000000000004e-10,"R_s":0.33,"R_sh_ref":160.36,"Adjust":13.7,"PTC":205.6,"pdc0":230.0,"gamma_pdc":-0.00457,"gamma_r":-0.457}