{"Date":"10.05.2010","Version":"MM107","Technology":"Multi-c-Si","BIPV":"N","A_c":1.473,"N_s":36.0,"T_NOCT":43.1,"I_sc_ref":11.95,"V_oc_ref":21.5,"I_mp_ref":10.92,"V_mp_ref":17.4,"alpha_sc":0.007684000000000001,"beta_oc":-0.07332000000000001,"a_ref":0.9283,"I_L_ref":11.987,"I_o_ref":1e-09,"R_s":0.126,"R_sh_ref":41.13,"Adjust":13.5,"PTC":172.9,"pdc0":190.0,"gamma_pdc":-0.00455,"gamma_r":-0.455}