{"Date":"10.05.2010","Version":"MM107","Technology":"Multi-c-Si","BIPV":"N","A_c":1.4969999999999999,"N_s":38.0,"T_NOCT":43.1,"I_sc_ref":11.39,"V_oc_ref":22.7,"I_mp_ref":10.44,"V_mp_ref":18.2,"alpha_sc":0.007324,"beta_oc":-0.07741,"a_ref":0.9726,"I_L_ref":11.425999999999998,"I_o_ref":8.029999999999999e-10,"R_s":0.159,"R_sh_ref":50.83,"Adjust":11.9,"PTC":172.9,"pdc0":190.0,"gamma_pdc":-0.00455,"gamma_r":-0.455}