{"Date":"08.01.2012","Version":"NRELv1","Technology":"Multi-c-Si","BIPV":"N","A_c":1.6369999999999998,"N_s":60.0,"T_NOCT":46.6,"I_sc_ref":8.34,"V_oc_ref":37.56,"I_mp_ref":7.93,"V_mp_ref":29.64,"alpha_sc":0.006305,"beta_oc":-0.14506,"a_ref":1.5619999999999998,"I_L_ref":8.426,"I_o_ref":3.03e-10,"R_s":0.431,"R_sh_ref":1329.46,"Adjust":-6.584,"PTC":211.7,"pdc0":235.0,"gamma_pdc":-0.004320000000000001,"gamma_r":-0.43200000000000005}