{"Date":"07.12.2010","Version":"MM107","Technology":"Multi-c-Si","BIPV":"N","A_c":1.609,"N_s":60.0,"T_NOCT":49.1,"I_sc_ref":6.26,"V_oc_ref":35.7,"I_mp_ref":5.59,"V_mp_ref":28.6,"alpha_sc":0.008138,"beta_oc":-0.13209,"a_ref":1.6238,"I_L_ref":6.292999999999999,"I_o_ref":1.66e-09,"R_s":0.43200000000000005,"R_sh_ref":82.53,"Adjust":14.1,"PTC":141.0,"pdc0":160.0,"gamma_pdc":-0.00434,"gamma_r":-0.434}