{"Date":"7/13/2011","Version":"MM107","Technology":"Multi-c-Si","BIPV":"N","A_c":1.629,"N_s":60.0,"T_NOCT":46.8,"I_sc_ref":7.61,"V_oc_ref":35.0,"I_mp_ref":7.33,"V_mp_ref":30.0,"alpha_sc":0.00898,"beta_oc":-0.1316,"a_ref":1.6215,"I_L_ref":7.729,"I_o_ref":3.27e-09,"R_s":0.026000000000000002,"R_sh_ref":100000.0,"Adjust":16.7,"PTC":196.0,"pdc0":220.0,"gamma_pdc":-0.00464,"gamma_r":-0.46399999999999997}