{"Date":"07.12.2011","Version":"MM107","Technology":"Multi-c-Si","BIPV":"N","A_c":1.629,"N_s":60.0,"T_NOCT":46.8,"I_sc_ref":8.3,"V_oc_ref":35.0,"I_mp_ref":7.7,"V_mp_ref":30.0,"alpha_sc":0.009794,"beta_oc":-0.1316,"a_ref":1.6472,"I_L_ref":8.301,"I_o_ref":4.78e-09,"R_s":0.013999999999999999,"R_sh_ref":161.3,"Adjust":19.8,"PTC":205.2,"pdc0":230.0,"gamma_pdc":-0.00464,"gamma_r":-0.46399999999999997}