{"Vac":240.0,"Paco":4000.0,"Pdco":4115.8,"Vdco":400.0,"Pso":18.427,"C0":-3.5418599999999997e-06,"C1":-1.94331e-05,"C2":-0.00017589599999999998,"C3":-0.000373675,"Pnt":0.64,"Vdcmax":500.0,"Mppt_low":100.0,"Mppt_high":500.0}