{"Vac":277.0,"Paco":7000.0,"Pdco":7162.41,"Vdco":400.0,"Pso":40.1229,"C0":-1.56189e-06,"C1":-2.87835e-05,"C2":-0.00183975,"C3":-0.000931332,"Pnt":0.45,"Vdcmax":480.0,"Mppt_low":100.0,"Mppt_high":480.0}