{"Vac":240.0,"Paco":9000.0,"Pdco":9236.27,"Vdco":400.0,"Pso":37.3572,"C0":-1.6451400000000002e-06,"C1":-1.43361e-05,"C2":-0.000882933,"C3":-0.00113764,"Pnt":0.4,"Vdcmax":480.0,"Mppt_low":100.0,"Mppt_high":480.0}