{"Vac":277.0,"Paco":10000.0,"Pdco":10261.2,"Vdco":400.0,"Pso":48.5935,"C0":-1.44719e-06,"C1":-1.2502999999999999e-05,"C2":-0.000982385,"C3":6.20466e-05,"Pnt":0.44,"Vdcmax":480.0,"Mppt_low":100.0,"Mppt_high":480.0}