{"Vac":240.0,"Paco":7000.0,"Pdco":7176.79,"Vdco":400.0,"Pso":33.9824,"C0":-2.05836e-06,"C1":-2.39092e-05,"C2":-0.00127895,"C3":-0.000820836,"Pnt":0.39,"Vdcmax":480.0,"Mppt_low":100.0,"Mppt_high":480.0}