{"Vac":208.0,"Paco":9000.0,"Pdco":9306.24,"Vdco":400.0,"Pso":37.6144,"C0":-2.17853e-06,"C1":-9.88214e-06,"C2":0.00011886799999999999,"C3":-0.0006011559999999999,"Pnt":0.43,"Vdcmax":480.0,"Mppt_low":100.0,"Mppt_high":480.0}