{"Vac":240.0,"Paco":6000.0,"Pdco":6180.24,"Vdco":400.0,"Pso":26.4819,"C0":-3.1056799999999996e-06,"C1":-2.2239200000000002e-05,"C2":-0.00023667099999999998,"C3":-0.000495944,"Pnt":0.68,"Vdcmax":500.0,"Mppt_low":100.0,"Mppt_high":500.0}