{"Vac":208.0,"Paco":235.0,"Pdco":245.505,"Vdco":34.0,"Pso":1.75347,"C0":-4.776729999999999e-05,"C1":-0.00014576,"C2":0.0274498,"C3":0.00785006,"Pnt":0.08,"Vdcmax":40.0,"Mppt_low":27.0,"Mppt_high":40.0}