{"Vac":240.0,"Paco":238.0,"Pdco":248.676,"Vdco":34.0,"Pso":1.92183,"C0":-2.30264e-05,"C1":-6.50991e-05,"C2":0.032967800000000005,"C3":0.100986,"Pnt":0.08,"Vdcmax":40.0,"Mppt_low":27.0,"Mppt_high":40.0}