{"Vac":208.0,"Paco":4000.0,"Pdco":4137.88,"Vdco":400.0,"Pso":16.0722,"C0":-3.8741e-06,"C1":-2.17226e-05,"C2":-0.000612353,"C3":-0.00195851,"Pnt":0.21,"Vdcmax":500.0,"Mppt_low":100.0,"Mppt_high":500.0}