{"Vac":240.0,"Paco":10000.0,"Pdco":10268.7,"Vdco":400.0,"Pso":37.7022,"C0":-1.5359799999999999e-06,"C1":-1.28366e-05,"C2":-0.0007719630000000001,"C3":-0.00100539,"Pnt":0.38,"Vdcmax":480.0,"Mppt_low":100.0,"Mppt_high":480.0}