{"Vac":277.0,"Paco":9000.0,"Pdco":9227.9,"Vdco":400.0,"Pso":45.1182,"C0":-1.36918e-06,"C1":-1.5465e-05,"C2":-0.00152729,"C3":-0.000705632,"Pnt":0.52,"Vdcmax":480.0,"Mppt_low":100.0,"Mppt_high":480.0}