{"Vac":240.0,"Paco":5000.0,"Pdco":5150.2,"Vdco":400.0,"Pso":22.0682,"C0":-3.72681e-06,"C1":-2.2239000000000002e-05,"C2":-0.00023668700000000002,"C3":-0.000495925,"Pnt":0.24,"Vdcmax":500.0,"Mppt_low":100.0,"Mppt_high":500.0}