{"Vac":208.0,"Paco":8000.0,"Pdco":8268.74,"Vdco":400.0,"Pso":46.1162,"C0":-2.70661e-06,"C1":-1.0429600000000001e-05,"C2":3.77692e-05,"C3":-0.00024876900000000003,"Pnt":0.43,"Vdcmax":480.0,"Mppt_low":100.0,"Mppt_high":480.0}