{"Vac":277.0,"Paco":8000.0,"Pdco":8198.23,"Vdco":400.0,"Pso":49.967,"C0":-1.36356e-06,"C1":-2.3956599999999997e-05,"C2":-0.0015833,"C3":-0.00131437,"Pnt":0.28,"Vdcmax":480.0,"Mppt_low":100.0,"Mppt_high":480.0}