{"Date":"10/26/2011","Version":"NRELv1","Technology":"Multi-c-Si","BIPV":"N","A_c":1.6369999999999998,"N_s":60.0,"T_NOCT":46.2,"I_sc_ref":8.1,"V_oc_ref":36.6,"I_mp_ref":7.34,"V_mp_ref":30.0,"alpha_sc":0.006504,"beta_oc":-0.1408,"a_ref":1.6155,"I_L_ref":8.124,"I_o_ref":1.11e-09,"R_s":0.25,"R_sh_ref":83.16,"Adjust":4.625,"PTC":197.9,"pdc0":220.0,"gamma_pdc":-0.00439,"gamma_r":-0.439}