{"Date":"10/26/2011","Version":"NRELv1","Technology":"Mono-c-Si","BIPV":"N","A_c":1.9609999999999999,"N_s":112.0,"T_NOCT":46.2,"I_sc_ref":5.4,"V_oc_ref":69.4,"I_mp_ref":4.9,"V_mp_ref":57.1,"alpha_sc":0.003904,"beta_oc":-0.26406999999999997,"a_ref":3.0588,"I_L_ref":5.415,"I_o_ref":7.18e-10,"R_s":0.662,"R_sh_ref":242.27,"Adjust":5.603,"PTC":251.9,"pdc0":280.0,"gamma_pdc":-0.00445,"gamma_r":-0.445}