{"Date":"10/26/2011","Version":"NRELv1","Technology":"Multi-c-Si","BIPV":"N","A_c":1.3090000000000002,"N_s":48.0,"T_NOCT":46.2,"I_sc_ref":8.0,"V_oc_ref":29.0,"I_mp_ref":7.2,"V_mp_ref":23.5,"alpha_sc":0.006423999999999999,"beta_oc":-0.11155999999999999,"a_ref":1.2766,"I_L_ref":8.033,"I_o_ref":1.0300000000000002e-09,"R_s":0.244,"R_sh_ref":58.38,"Adjust":4.051,"PTC":152.8,"pdc0":170.0,"gamma_pdc":-0.00439,"gamma_r":-0.439}