{"Date":"10/26/2011","Version":"NRELv1","Technology":"Multi-c-Si","BIPV":"N","A_c":1.9340000000000002,"N_s":72.0,"T_NOCT":46.2,"I_sc_ref":8.4,"V_oc_ref":44.1,"I_mp_ref":7.67,"V_mp_ref":36.5,"alpha_sc":0.006745,"beta_oc":-0.16965,"a_ref":1.9486,"I_L_ref":8.417,"I_o_ref":1.19e-09,"R_s":0.237,"R_sh_ref":114.97,"Adjust":4.881,"PTC":252.3,"pdc0":280.0,"gamma_pdc":-0.00439,"gamma_r":-0.439}