{"Date":"10/26/2011","Version":"NRELv1","Technology":"Mono-c-Si","BIPV":"N","A_c":1.2770000000000001,"N_s":72.0,"T_NOCT":46.2,"I_sc_ref":5.5,"V_oc_ref":45.0,"I_mp_ref":5.1,"V_mp_ref":36.3,"alpha_sc":0.0039770000000000005,"beta_oc":-0.17123,"a_ref":1.932,"I_L_ref":5.51,"I_o_ref":4.12e-10,"R_s":0.601,"R_sh_ref":329.61,"Adjust":0.7136,"PTC":166.5,"pdc0":185.0,"gamma_pdc":-0.00445,"gamma_r":-0.445}