{"Date":"10/26/2011","Version":"NRELv1","Technology":"Multi-c-Si","BIPV":"N","A_c":1.9340000000000002,"N_s":72.0,"T_NOCT":46.2,"I_sc_ref":8.2,"V_oc_ref":43.6,"I_mp_ref":7.48,"V_mp_ref":36.1,"alpha_sc":0.006585,"beta_oc":-0.16773,"a_ref":1.9283,"I_L_ref":8.217,"I_o_ref":1.19e-09,"R_s":0.23800000000000002,"R_sh_ref":113.43,"Adjust":5.047,"PTC":243.1,"pdc0":270.0,"gamma_pdc":-0.00439,"gamma_r":-0.439}