{"Date":"10/26/2011","Version":"NRELv1","Technology":"Mono-c-Si","BIPV":"N","A_c":1.9609999999999999,"N_s":112.0,"T_NOCT":46.2,"I_sc_ref":5.33,"V_oc_ref":68.3,"I_mp_ref":4.91,"V_mp_ref":54.9,"alpha_sc":0.003854,"beta_oc":-0.25988,"a_ref":2.9379,"I_L_ref":5.343,"I_o_ref":4.14e-10,"R_s":0.986,"R_sh_ref":390.98,"Adjust":1.0270000000000001,"PTC":242.7,"pdc0":270.0,"gamma_pdc":-0.00445,"gamma_r":-0.445}