{"Date":"10/26/2011","Version":"NRELv1","Technology":"Multi-c-Si","BIPV":"N","A_c":1.47,"N_s":54.0,"T_NOCT":46.2,"I_sc_ref":7.97,"V_oc_ref":32.6,"I_mp_ref":7.17,"V_mp_ref":26.5,"alpha_sc":0.0064,"beta_oc":-0.12541,"a_ref":1.4383,"I_L_ref":8.002,"I_o_ref":1.0800000000000002e-09,"R_s":0.261,"R_sh_ref":65.19,"Adjust":4.489,"PTC":170.8,"pdc0":190.0,"gamma_pdc":-0.00439,"gamma_r":-0.439}