{"Date":"10/26/2011","Version":"NRELv1","Technology":"Mono-c-Si","BIPV":"N","A_c":1.9609999999999999,"N_s":112.0,"T_NOCT":46.2,"I_sc_ref":5.41,"V_oc_ref":69.8,"I_mp_ref":4.98,"V_mp_ref":58.2,"alpha_sc":0.0039109999999999995,"beta_oc":-0.26559,"a_ref":3.0728,"I_L_ref":5.417999999999999,"I_o_ref":7.12e-10,"R_s":0.49200000000000005,"R_sh_ref":353.13,"Adjust":5.475,"PTC":261.1,"pdc0":290.0,"gamma_pdc":-0.00445,"gamma_r":-0.445}