{"Date":"10/26/2011","Version":"NRELv1","Technology":"Mono-c-Si","BIPV":"N","A_c":1.675,"N_s":96.0,"T_NOCT":46.2,"I_sc_ref":5.3,"V_oc_ref":60.4,"I_mp_ref":4.8,"V_mp_ref":50.0,"alpha_sc":0.003832,"beta_oc":-0.22981999999999997,"a_ref":2.6759,"I_L_ref":5.313,"I_o_ref":7.9e-10,"R_s":0.51,"R_sh_ref":204.75,"Adjust":6.595,"PTC":215.9,"pdc0":240.0,"gamma_pdc":-0.00445,"gamma_r":-0.445}