{"Date":"10/26/2011","Version":"NRELv1","Technology":"Multi-c-Si","BIPV":"N","A_c":1.47,"N_s":54.0,"T_NOCT":46.2,"I_sc_ref":8.16,"V_oc_ref":32.7,"I_mp_ref":7.49,"V_mp_ref":26.7,"alpha_sc":0.006552,"beta_oc":-0.1258,"a_ref":1.4278,"I_L_ref":8.179,"I_o_ref":8.89e-10,"R_s":0.24100000000000002,"R_sh_ref":104.42,"Adjust":2.6289999999999996,"PTC":180.0,"pdc0":200.0,"gamma_pdc":-0.00439,"gamma_r":-0.439}