{"Date":"10/26/2011","Version":"NRELv1","Technology":"Multi-c-Si","BIPV":"N","A_c":1.3090000000000002,"N_s":48.0,"T_NOCT":46.2,"I_sc_ref":8.05,"V_oc_ref":29.0,"I_mp_ref":7.32,"V_mp_ref":23.9,"alpha_sc":0.006464,"beta_oc":-0.11155999999999999,"a_ref":1.2815,"I_L_ref":8.07,"I_o_ref":1.14e-09,"R_s":0.179,"R_sh_ref":71.44,"Adjust":4.867,"PTC":157.4,"pdc0":175.0,"gamma_pdc":-0.00439,"gamma_r":-0.439}