{"Date":"03.01.2011","Version":"MM107","Technology":"Multi-c-Si","BIPV":"N","A_c":1.6159999999999999,"N_s":60.0,"T_NOCT":51.2,"I_sc_ref":7.87,"V_oc_ref":36.72,"I_mp_ref":7.38,"V_mp_ref":29.82,"alpha_sc":0.006705,"beta_oc":-0.12599000000000002,"a_ref":1.5843,"I_L_ref":7.876,"I_o_ref":6.69e-10,"R_s":0.308,"R_sh_ref":428.68,"Adjust":12.6,"PTC":192.2,"pdc0":220.0,"gamma_pdc":-0.00449,"gamma_r":-0.449}