{"Date":"03.01.2011","Version":"MM107","Technology":"Multi-c-Si","BIPV":"N","A_c":1.6159999999999999,"N_s":60.0,"T_NOCT":51.2,"I_sc_ref":7.74,"V_oc_ref":36.3,"I_mp_ref":7.2,"V_mp_ref":29.16,"alpha_sc":0.006594,"beta_oc":-0.12455,"a_ref":1.5629,"I_L_ref":7.752000000000001,"I_o_ref":6.22e-10,"R_s":0.36200000000000004,"R_sh_ref":235.68,"Adjust":12.1,"PTC":183.2,"pdc0":210.0,"gamma_pdc":-0.00449,"gamma_r":-0.449}