{"Date":"03.10.2011","Version":"MM107","Technology":"Multi-c-Si","BIPV":"N","A_c":1.6159999999999999,"N_s":60.0,"T_NOCT":49.3,"I_sc_ref":8.19,"V_oc_ref":38.48,"I_mp_ref":7.7,"V_mp_ref":30.52,"alpha_sc":0.007698999999999999,"beta_oc":-0.13583,"a_ref":1.6758,"I_L_ref":8.192,"I_o_ref":8.71e-10,"R_s":0.413,"R_sh_ref":1586.75,"Adjust":11.3,"PTC":206.8,"pdc0":235.0,"gamma_pdc":-0.0046700000000000005,"gamma_r":-0.467}