{"Date":"04.02.2013","Version":"NRELv1","Technology":"Thin Film","BIPV":"N","A_c":1.425,"N_s":106.0,"T_NOCT":44.8,"I_sc_ref":1.69,"V_oc_ref":93.0,"I_mp_ref":1.43,"V_mp_ref":72.0,"alpha_sc":0.001352,"beta_oc":-0.3069,"a_ref":3.5528,"I_L_ref":1.723,"I_o_ref":6.3099999999999996e-12,"R_s":7.2139999999999995,"R_sh_ref":374.76,"Adjust":-8.666,"PTC":95.3,"pdc0":102.5,"gamma_pdc":-0.003,"gamma_r":-0.3}