{"Date":"04.02.2013","Version":"NRELv1","Technology":"Thin Film","BIPV":"N","A_c":5.71,"N_s":216.0,"T_NOCT":44.8,"I_sc_ref":3.24,"V_oc_ref":185.0,"I_mp_ref":2.71,"V_mp_ref":141.0,"alpha_sc":0.002592,"beta_oc":-0.6105,"a_ref":7.0489,"I_L_ref":3.318,"I_o_ref":1.1199999999999999e-11,"R_s":8.485,"R_sh_ref":351.66,"Adjust":-9.256,"PTC":343.6,"pdc0":370.0,"gamma_pdc":-0.003,"gamma_r":-0.3}