{"Date":"04.02.2013","Version":"NRELv1","Technology":"Thin Film","BIPV":"N","A_c":5.71,"N_s":216.0,"T_NOCT":44.8,"I_sc_ref":3.24,"V_oc_ref":190.0,"I_mp_ref":2.74,"V_mp_ref":148.0,"alpha_sc":0.002592,"beta_oc":-0.627,"a_ref":7.2902,"I_L_ref":3.299,"I_o_ref":1.35e-11,"R_s":7.292999999999999,"R_sh_ref":398.48,"Adjust":-7.818,"PTC":362.3,"pdc0":390.0,"gamma_pdc":-0.003,"gamma_r":-0.3}