{"Vac":240.0,"Paco":249.3,"Pdco":266.8870311,"Vdco":29.8526778,"Pso":2.874140085,"C0":-5.21e-05,"C1":-0.0007431660000000001,"C2":0.000454,"C3":-0.0759,"Pnt":0.2,"Vdcmax":0.0,"Mppt_low":0.0,"Mppt_high":0.0}