{"Technology":"Multi-c-Si","BIPV":"N","A_c":1.6269999999999998,"N_s":60.0,"T_NOCT":46.7,"PTC":279.8,"pdc0":305.0,"gamma_pdc":-0.00386}