{"Date":"05.05.2011","Version":"MM107","Technology":"Mono-c-Si","BIPV":"N","A_c":1.2770000000000001,"N_s":72.0,"T_NOCT":47.2,"I_sc_ref":5.23,"V_oc_ref":44.7,"I_mp_ref":4.9,"V_mp_ref":35.8,"alpha_sc":0.0016,"beta_oc":-0.15877,"a_ref":1.8885,"I_L_ref":5.235,"I_o_ref":2.72e-10,"R_s":0.6970000000000001,"R_sh_ref":760.56,"Adjust":5.1,"PTC":154.8,"pdc0":175.0,"gamma_pdc":-0.00485,"gamma_r":-0.485}