{"Date":"05.05.2011","Version":"MM107","Technology":"Mono-c-Si","BIPV":"N","A_c":1.2770000000000001,"N_s":72.0,"T_NOCT":46.9,"I_sc_ref":5.43,"V_oc_ref":45.0,"I_mp_ref":5.09,"V_mp_ref":36.4,"alpha_sc":0.004208,"beta_oc":-0.1769,"a_ref":1.9255,"I_L_ref":5.434,"I_o_ref":3.8100000000000003e-10,"R_s":0.586,"R_sh_ref":733.8,"Adjust":-3.3,"PTC":166.2,"pdc0":185.0,"gamma_pdc":-0.004379999999999999,"gamma_r":-0.43799999999999994}