{"Date":"05.05.2011","Version":"MM107","Technology":"Mono-c-Si","BIPV":"N","A_c":1.2770000000000001,"N_s":72.0,"T_NOCT":47.2,"I_sc_ref":5.29,"V_oc_ref":44.8,"I_mp_ref":5.0,"V_mp_ref":36.0,"alpha_sc":0.0016190000000000002,"beta_oc":-0.15913,"a_ref":1.8874,"I_L_ref":5.29,"I_o_ref":2.6e-10,"R_s":0.662,"R_sh_ref":26041.26,"Adjust":4.6,"PTC":159.3,"pdc0":180.0,"gamma_pdc":-0.00485,"gamma_r":-0.485}