{"Date":"09.03.2009","Version":"MM106","Technology":"Mono-c-Si","BIPV":"N","A_c":1.2770000000000001,"N_s":72.0,"T_NOCT":45.8,"I_sc_ref":5.48,"V_oc_ref":44.8,"I_mp_ref":5.17,"V_mp_ref":35.8,"alpha_sc":0.001516,"beta_oc":-0.14765999999999999,"a_ref":1.8535,"I_L_ref":5.481,"I_o_ref":1.74e-10,"R_s":0.6970000000000001,"R_sh_ref":2720.89,"Adjust":8.9,"PTC":165.6,"pdc0":185.0,"gamma_pdc":-0.004739999999999999,"gamma_r":-0.474}