{"Date":"05.05.2011","Version":"MM107","Technology":"Mono-c-Si","BIPV":"N","A_c":1.2770000000000001,"N_s":72.0,"T_NOCT":46.9,"I_sc_ref":5.56,"V_oc_ref":45.2,"I_mp_ref":5.19,"V_mp_ref":36.6,"alpha_sc":0.004309,"beta_oc":-0.17768,"a_ref":1.9396,"I_L_ref":5.566,"I_o_ref":4.15e-10,"R_s":0.5660000000000001,"R_sh_ref":485.4,"Adjust":-2.8,"PTC":170.8,"pdc0":190.0,"gamma_pdc":-0.004379999999999999,"gamma_r":-0.43799999999999994}