{"Date":"08.03.2011","Version":"MM107","Technology":"Mono-c-Si","BIPV":"N","A_c":1.2770000000000001,"N_s":72.0,"T_NOCT":46.2,"I_sc_ref":5.6,"V_oc_ref":45.3,"I_mp_ref":5.3,"V_mp_ref":36.8,"alpha_sc":0.002688,"beta_oc":-0.20385,"a_ref":2.2002,"I_L_ref":5.638,"I_o_ref":6.45e-09,"R_s":0.436,"R_sh_ref":100000.0,"Adjust":6.4,"PTC":169.0,"pdc0":195.0,"gamma_pdc":-0.00601,"gamma_r":-0.601}