{"Date":"05.05.2011","Version":"MM107","Technology":"Mono-c-Si","BIPV":"N","A_c":1.2770000000000001,"N_s":72.0,"T_NOCT":46.9,"I_sc_ref":5.67,"V_oc_ref":45.4,"I_mp_ref":5.3,"V_mp_ref":36.8,"alpha_sc":0.0043939999999999995,"beta_oc":-0.17847000000000002,"a_ref":1.9481,"I_L_ref":5.676,"I_o_ref":4.23e-10,"R_s":0.5489999999999999,"R_sh_ref":530.17,"Adjust":-2.8,"PTC":175.4,"pdc0":195.0,"gamma_pdc":-0.004379999999999999,"gamma_r":-0.43799999999999994}