{"Date":"08.03.2011","Version":"MM107","Technology":"Mono-c-Si","BIPV":"N","A_c":1.2770000000000001,"N_s":72.0,"T_NOCT":46.2,"I_sc_ref":5.86,"V_oc_ref":45.5,"I_mp_ref":5.4,"V_mp_ref":37.0,"alpha_sc":0.002813,"beta_oc":-0.20475,"a_ref":2.2422,"I_L_ref":5.867999999999999,"I_o_ref":8.8e-09,"R_s":0.402,"R_sh_ref":307.74,"Adjust":8.9,"PTC":173.5,"pdc0":200.0,"gamma_pdc":-0.00601,"gamma_r":-0.601}