{"Date":"05.05.2011","Version":"MM107","Technology":"Mono-c-Si","BIPV":"N","A_c":1.2770000000000001,"N_s":72.0,"T_NOCT":46.9,"I_sc_ref":5.8,"V_oc_ref":45.6,"I_mp_ref":5.42,"V_mp_ref":36.9,"alpha_sc":0.004495,"beta_oc":-0.17925,"a_ref":1.9556,"I_L_ref":5.806,"I_o_ref":4.27e-10,"R_s":0.552,"R_sh_ref":515.36,"Adjust":-2.9,"PTC":180.0,"pdc0":200.0,"gamma_pdc":-0.004379999999999999,"gamma_r":-0.43799999999999994}