{"Date":"05.05.2011","Version":"MM107","Technology":"Mono-c-Si","BIPV":"N","A_c":1.6369999999999998,"N_s":60.0,"T_NOCT":47.6,"I_sc_ref":7.97,"V_oc_ref":36.9,"I_mp_ref":7.46,"V_mp_ref":29.5,"alpha_sc":0.000534,"beta_oc":-0.16749,"a_ref":1.8111,"I_L_ref":7.971,"I_o_ref":1.1299999999999999e-08,"R_s":0.319,"R_sh_ref":2328.26,"Adjust":7.8,"PTC":184.5,"pdc0":220.0,"gamma_pdc":-0.00662,"gamma_r":-0.662}