{"Date":"2/16/2010","Version":"MM107","Technology":"Mono-c-Si","BIPV":"N","A_c":1.624,"N_s":60.0,"T_NOCT":46.2,"I_sc_ref":8.28,"V_oc_ref":36.5,"I_mp_ref":7.57,"V_mp_ref":29.1,"alpha_sc":0.003229,"beta_oc":-0.11205999999999999,"a_ref":1.4676,"I_L_ref":8.315,"I_o_ref":1.25e-10,"R_s":0.40399999999999997,"R_sh_ref":96.48,"Adjust":10.2,"PTC":198.8,"pdc0":220.0,"gamma_pdc":-0.00423,"gamma_r":-0.423}