{"Date":"05.05.2011","Version":"MM107","Technology":"Multi-c-Si","BIPV":"N","A_c":1.6369999999999998,"N_s":60.0,"T_NOCT":46.6,"I_sc_ref":8.35,"V_oc_ref":36.8,"I_mp_ref":7.78,"V_mp_ref":29.6,"alpha_sc":0.006162,"beta_oc":-0.12972,"a_ref":1.5927,"I_L_ref":8.361,"I_o_ref":7.580000000000001e-10,"R_s":0.332,"R_sh_ref":249.76,"Adjust":10.3,"PTC":205.4,"pdc0":230.0,"gamma_pdc":-0.00463,"gamma_r":-0.46299999999999997}