{"Date":"2/16/2010","Version":"MM107","Technology":"Mono-c-Si","BIPV":"N","A_c":1.624,"N_s":60.0,"T_NOCT":46.2,"I_sc_ref":8.54,"V_oc_ref":36.8,"I_mp_ref":7.94,"V_mp_ref":29.6,"alpha_sc":0.003331,"beta_oc":-0.11298,"a_ref":1.4729,"I_L_ref":8.558,"I_o_ref":1.18e-10,"R_s":0.35600000000000004,"R_sh_ref":171.03,"Adjust":9.3,"PTC":212.6,"pdc0":235.0,"gamma_pdc":-0.00423,"gamma_r":-0.423}