{"Date":"05.05.2011","Version":"MM107","Technology":"Mono-c-Si","BIPV":"N","A_c":1.6369999999999998,"N_s":60.0,"T_NOCT":46.6,"I_sc_ref":8.31,"V_oc_ref":37.2,"I_mp_ref":7.83,"V_mp_ref":30.0,"alpha_sc":0.003684,"beta_oc":-0.11298,"a_ref":1.5055,"I_L_ref":8.315,"I_o_ref":1.53e-10,"R_s":0.35200000000000004,"R_sh_ref":597.94,"Adjust":13.0,"PTC":211.5,"pdc0":235.0,"gamma_pdc":-0.00435,"gamma_r":-0.435}