{"Date":"05.05.2011","Version":"MM107","Technology":"Mono-c-Si","BIPV":"N","A_c":1.6369999999999998,"N_s":60.0,"T_NOCT":46.6,"I_sc_ref":8.58,"V_oc_ref":37.4,"I_mp_ref":8.06,"V_mp_ref":30.4,"alpha_sc":0.003804,"beta_oc":-0.11358,"a_ref":1.5225,"I_L_ref":8.587,"I_o_ref":1.8200000000000002e-10,"R_s":0.307,"R_sh_ref":356.73,"Adjust":14.3,"PTC":220.8,"pdc0":245.0,"gamma_pdc":-0.00435,"gamma_r":-0.435}