{"Date":"05.05.2011","Version":"MM107","Technology":"Multi-c-Si","BIPV":"N","A_c":1.6369999999999998,"N_s":60.0,"T_NOCT":46.6,"I_sc_ref":8.56,"V_oc_ref":37.2,"I_mp_ref":8.01,"V_mp_ref":30.0,"alpha_sc":0.0063170000000000006,"beta_oc":-0.13113,"a_ref":1.609,"I_L_ref":8.568,"I_o_ref":7.7e-10,"R_s":0.316,"R_sh_ref":349.08,"Adjust":10.2,"PTC":214.6,"pdc0":240.0,"gamma_pdc":-0.00463,"gamma_r":-0.46299999999999997}