{"Date":"05.05.2011","Version":"MM107","Technology":"Mono-c-Si","BIPV":"N","A_c":1.6369999999999998,"N_s":60.0,"T_NOCT":46.6,"I_sc_ref":8.45,"V_oc_ref":37.3,"I_mp_ref":7.95,"V_mp_ref":30.2,"alpha_sc":0.003746,"beta_oc":-0.11327999999999999,"a_ref":1.5143,"I_L_ref":8.456,"I_o_ref":1.68e-10,"R_s":0.32899999999999996,"R_sh_ref":448.63,"Adjust":13.7,"PTC":216.2,"pdc0":240.0,"gamma_pdc":-0.00435,"gamma_r":-0.435}