{"Date":"08.03.2011","Version":"MM107","Technology":"Mono-c-Si","BIPV":"N","A_c":1.633,"N_s":60.0,"T_NOCT":46.0,"I_sc_ref":8.71,"V_oc_ref":37.26,"I_mp_ref":8.18,"V_mp_ref":30.03,"alpha_sc":0.001361,"beta_oc":-0.11744,"a_ref":1.483,"I_L_ref":8.719,"I_o_ref":1.0500000000000001e-10,"R_s":0.345,"R_sh_ref":337.25,"Adjust":5.6,"PTC":220.9,"pdc0":245.0,"gamma_pdc":-0.00443,"gamma_r":-0.44299999999999995}