{"Date":"04.01.2011","Version":"MM107","Technology":"Multi-c-Si","BIPV":"N","A_c":1.577,"N_s":60.0,"T_NOCT":47.9,"I_sc_ref":8.7,"V_oc_ref":37.4,"I_mp_ref":8.2,"V_mp_ref":29.9,"alpha_sc":0.006959999999999999,"beta_oc":-0.12679,"a_ref":1.5732,"I_L_ref":8.702,"I_o_ref":4.11e-10,"R_s":0.358,"R_sh_ref":1307.12,"Adjust":8.7,"PTC":219.2,"pdc0":245.0,"gamma_pdc":-0.00441,"gamma_r":-0.441}