{"Date":"05.05.2011","Version":"MM107","Technology":"Multi-c-Si","BIPV":"N","A_c":1.94,"N_s":72.0,"T_NOCT":47.1,"I_sc_ref":8.11,"V_oc_ref":43.5,"I_mp_ref":7.2,"V_mp_ref":34.7,"alpha_sc":0.004574,"beta_oc":-0.11932000000000001,"a_ref":1.8562,"I_L_ref":8.166,"I_o_ref":4.99e-10,"R_s":0.465,"R_sh_ref":67.02,"Adjust":38.1,"PTC":222.5,"pdc0":250.0,"gamma_pdc":-0.00458,"gamma_r":-0.45799999999999996}