{"Date":"05.05.2011","Version":"MM107","Technology":"Multi-c-Si","BIPV":"N","A_c":1.94,"N_s":72.0,"T_NOCT":47.1,"I_sc_ref":8.2,"V_oc_ref":43.7,"I_mp_ref":7.31,"V_mp_ref":34.9,"alpha_sc":0.004625,"beta_oc":-0.11987,"a_ref":1.8616,"I_L_ref":8.253,"I_o_ref":4.880000000000001e-10,"R_s":0.456,"R_sh_ref":71.11,"Adjust":37.7,"PTC":227.1,"pdc0":255.0,"gamma_pdc":-0.00458,"gamma_r":-0.45799999999999996}