{"Date":"08.03.2011","Version":"MM107","Technology":"Mono-c-Si","BIPV":"N","A_c":1.633,"N_s":60.0,"T_NOCT":46.0,"I_sc_ref":8.72,"V_oc_ref":37.4,"I_mp_ref":8.22,"V_mp_ref":30.3,"alpha_sc":0.001363,"beta_oc":-0.11788,"a_ref":1.4898,"I_L_ref":8.726,"I_o_ref":1.08e-10,"R_s":0.324,"R_sh_ref":503.5,"Adjust":5.8,"PTC":225.6,"pdc0":250.0,"gamma_pdc":-0.00443,"gamma_r":-0.44299999999999995}