{"Date":"08.03.2011","Version":"MM107","Technology":"Mono-c-Si","BIPV":"N","A_c":1.6269999999999998,"N_s":60.0,"T_NOCT":45.2,"I_sc_ref":8.89,"V_oc_ref":37.5,"I_mp_ref":8.22,"V_mp_ref":30.4,"alpha_sc":0.003378,"beta_oc":-0.13725,"a_ref":1.6111,"I_L_ref":8.908,"I_o_ref":6.74e-10,"R_s":0.289,"R_sh_ref":144.87,"Adjust":5.1,"PTC":224.8,"pdc0":250.0,"gamma_pdc":-0.0047799999999999995,"gamma_r":-0.478}