{"Date":"05.05.2011","Version":"MM107","Technology":"Multi-c-Si","BIPV":"N","A_c":1.94,"N_s":72.0,"T_NOCT":47.1,"I_sc_ref":8.42,"V_oc_ref":44.1,"I_mp_ref":7.55,"V_mp_ref":35.1,"alpha_sc":0.004749000000000001,"beta_oc":-0.12097000000000001,"a_ref":1.8682,"I_L_ref":8.471,"I_o_ref":4.4299999999999997e-10,"R_s":0.467,"R_sh_ref":77.56,"Adjust":36.3,"PTC":236.2,"pdc0":265.0,"gamma_pdc":-0.00458,"gamma_r":-0.45799999999999996}