{"Technology":"Mono-c-Si","BIPV":"N","A_c":1.6340000000000001,"N_s":60.0,"T_NOCT":46.9,"PTC":236.2,"pdc0":260.0,"gamma_pdc":-0.004039999999999999}