{"Date":"05.05.2011","Version":"MM107","Technology":"Mono-c-Si","BIPV":"N","A_c":1.94,"N_s":72.0,"T_NOCT":46.6,"I_sc_ref":8.35,"V_oc_ref":45.0,"I_mp_ref":7.52,"V_mp_ref":35.9,"alpha_sc":0.0037020000000000004,"beta_oc":-0.13667,"a_ref":1.8579,"I_L_ref":8.397,"I_o_ref":2.38e-10,"R_s":0.48100000000000004,"R_sh_ref":84.69,"Adjust":17.2,"PTC":242.9,"pdc0":270.0,"gamma_pdc":-0.00435,"gamma_r":-0.435}