{"Date":"08.04.2010","Version":"MM107","Technology":"Multi-c-Si","BIPV":"N","A_c":1.936,"N_s":72.0,"T_NOCT":47.4,"I_sc_ref":8.59,"V_oc_ref":44.4,"I_mp_ref":7.99,"V_mp_ref":35.7,"alpha_sc":0.004295,"beta_oc":-0.16427999999999998,"a_ref":1.9732,"I_L_ref":8.601,"I_o_ref":1.4300000000000002e-09,"R_s":0.37799999999999995,"R_sh_ref":285.04,"Adjust":10.6,"PTC":250.6,"pdc0":285.0,"gamma_pdc":-0.0051,"gamma_r":-0.51}