{"Date":"05.05.2011","Version":"MM107","Technology":"Multi-c-Si","BIPV":"N","A_c":1.94,"N_s":72.0,"T_NOCT":47.1,"I_sc_ref":8.95,"V_oc_ref":45.2,"I_mp_ref":8.02,"V_mp_ref":36.8,"alpha_sc":0.0050479999999999995,"beta_oc":-0.12397999999999999,"a_ref":1.9407,"I_L_ref":8.99,"I_o_ref":6.42e-10,"R_s":0.32799999999999996,"R_sh_ref":72.83,"Adjust":39.8,"PTC":263.7,"pdc0":295.0,"gamma_pdc":-0.00458,"gamma_r":-0.45799999999999996}