{"Date":"6/14/2011","Version":"MM107","Technology":"Mono-c-Si","BIPV":"N","A_c":1.94,"N_s":72.0,"T_NOCT":46.7,"I_sc_ref":8.59,"V_oc_ref":46.0,"I_mp_ref":7.85,"V_mp_ref":37.6,"alpha_sc":0.006279,"beta_oc":-0.1644,"a_ref":1.9897,"I_L_ref":8.613,"I_o_ref":7.489999999999999e-10,"R_s":0.321,"R_sh_ref":120.01,"Adjust":8.5,"PTC":265.6,"pdc0":295.0,"gamma_pdc":-0.00439,"gamma_r":-0.439}