{"Date":"05.05.2011","Version":"MM107","Technology":"Multi-c-Si","BIPV":"N","A_c":1.94,"N_s":72.0,"T_NOCT":47.1,"I_sc_ref":8.89,"V_oc_ref":44.9,"I_mp_ref":7.97,"V_mp_ref":36.4,"alpha_sc":0.005014,"beta_oc":-0.12315999999999999,"a_ref":1.9226,"I_L_ref":8.932,"I_o_ref":6e-10,"R_s":0.35200000000000004,"R_sh_ref":73.62,"Adjust":39.1,"PTC":259.2,"pdc0":290.0,"gamma_pdc":-0.00458,"gamma_r":-0.45799999999999996}