{"Date":"08.04.2010","Version":"MM107","Technology":"Mono-c-Si","BIPV":"N","A_c":1.936,"N_s":72.0,"T_NOCT":48.0,"I_sc_ref":8.68,"V_oc_ref":44.5,"I_mp_ref":8.11,"V_mp_ref":35.8,"alpha_sc":0.003472,"beta_oc":-0.17355,"a_ref":1.9782,"I_L_ref":8.687999999999999,"I_o_ref":1.46e-09,"R_s":0.37200000000000005,"R_sh_ref":416.73,"Adjust":5.1,"PTC":253.5,"pdc0":290.0,"gamma_pdc":-0.0052,"gamma_r":-0.52}