{"Date":"08.04.2010","Version":"MM107","Technology":"Multi-c-Si","BIPV":"N","A_c":1.936,"N_s":72.0,"T_NOCT":48.0,"I_sc_ref":8.68,"V_oc_ref":44.5,"I_mp_ref":8.11,"V_mp_ref":35.8,"alpha_sc":0.00434,"beta_oc":-0.16465,"a_ref":1.9724,"I_L_ref":8.687999999999999,"I_o_ref":1.3699999999999998e-09,"R_s":0.373,"R_sh_ref":410.34,"Adjust":10.1,"PTC":255.2,"pdc0":290.0,"gamma_pdc":-0.0051,"gamma_r":-0.51}