{"Date":"6/14/2011","Version":"MM107","Technology":"Mono-c-Si","BIPV":"N","A_c":1.94,"N_s":72.0,"T_NOCT":46.7,"I_sc_ref":8.67,"V_oc_ref":46.4,"I_mp_ref":7.9,"V_mp_ref":38.0,"alpha_sc":0.006338,"beta_oc":-0.16583,"a_ref":2.0131,"I_L_ref":8.693999999999999,"I_o_ref":8.09e-10,"R_s":0.309,"R_sh_ref":110.77,"Adjust":9.1,"PTC":270.2,"pdc0":300.0,"gamma_pdc":-0.00439,"gamma_r":-0.439}