{"Date":"03.10.2011","Version":"MM107","Technology":"Mono-c-Si","BIPV":"N","A_c":1.3459999999999999,"N_s":72.0,"T_NOCT":46.1,"I_sc_ref":5.4,"V_oc_ref":44.6,"I_mp_ref":5.09,"V_mp_ref":35.4,"alpha_sc":0.002651,"beta_oc":-0.15387,"a_ref":1.8619,"I_L_ref":5.401,"I_o_ref":2.13e-10,"R_s":0.75,"R_sh_ref":3361.88,"Adjust":5.6,"PTC":165.5,"pdc0":185.0,"gamma_pdc":-0.0046500000000000005,"gamma_r":-0.465}