{"Date":"6/17/2011","Version":"MM107","Technology":"Mono-c-Si","BIPV":"N","A_c":1.3459999999999999,"N_s":72.0,"T_NOCT":46.1,"I_sc_ref":5.48,"V_oc_ref":44.8,"I_mp_ref":5.17,"V_mp_ref":35.8,"alpha_sc":0.002482,"beta_oc":-0.15195999999999998,"a_ref":1.8535,"I_L_ref":5.481,"I_o_ref":1.74e-10,"R_s":0.6970000000000001,"R_sh_ref":2721.66,"Adjust":5.6,"PTC":170.5,"pdc0":190.0,"gamma_pdc":-0.00457,"gamma_r":-0.457}