{"Date":"06.10.2011","Version":"MM107","Technology":"Mono-c-Si","BIPV":"N","A_c":1.3459999999999999,"N_s":72.0,"T_NOCT":46.1,"I_sc_ref":5.5,"V_oc_ref":45.0,"I_mp_ref":5.25,"V_mp_ref":36.2,"alpha_sc":0.0024920000000000003,"beta_oc":-0.15264,"a_ref":1.8652,"I_L_ref":5.547999999999999,"I_o_ref":1.8499999999999998e-10,"R_s":0.637,"R_sh_ref":100000.0,"Adjust":6.0,"PTC":175.1,"pdc0":195.0,"gamma_pdc":-0.00457,"gamma_r":-0.457}