{"Date":"6/17/2011","Version":"MM107","Technology":"Mono-c-Si","BIPV":"N","A_c":1.3459999999999999,"N_s":72.0,"T_NOCT":46.1,"I_sc_ref":5.29,"V_oc_ref":44.4,"I_mp_ref":4.83,"V_mp_ref":35.2,"alpha_sc":0.002396,"beta_oc":-0.1506,"a_ref":1.8639,"I_L_ref":5.312,"I_o_ref":2.29e-10,"R_s":0.782,"R_sh_ref":190.06,"Adjust":8.4,"PTC":156.7,"pdc0":175.0,"gamma_pdc":-0.00457,"gamma_r":-0.457}