{"Date":"03.10.2011","Version":"MM107","Technology":"Mono-c-Si","BIPV":"N","A_c":1.3459999999999999,"N_s":72.0,"T_NOCT":46.1,"I_sc_ref":5.5,"V_oc_ref":45.0,"I_mp_ref":5.25,"V_mp_ref":36.2,"alpha_sc":0.0027010000000000003,"beta_oc":-0.15525,"a_ref":1.8895,"I_L_ref":5.5520000000000005,"I_o_ref":2.52e-10,"R_s":0.628,"R_sh_ref":100000.0,"Adjust":6.8,"PTC":174.7,"pdc0":195.0,"gamma_pdc":-0.0046500000000000005,"gamma_r":-0.465}