{"Date":"03.10.2011","Version":"MM107","Technology":"Mono-c-Si","BIPV":"N","A_c":1.3459999999999999,"N_s":72.0,"T_NOCT":46.1,"I_sc_ref":5.34,"V_oc_ref":44.5,"I_mp_ref":4.96,"V_mp_ref":35.3,"alpha_sc":0.0026219999999999998,"beta_oc":-0.15353,"a_ref":1.8732,"I_L_ref":5.35,"I_o_ref":2.52e-10,"R_s":0.762,"R_sh_ref":388.77,"Adjust":7.2,"PTC":160.9,"pdc0":180.0,"gamma_pdc":-0.0046500000000000005,"gamma_r":-0.465}