{"Date":"03.10.2011","Version":"MM107","Technology":"Mono-c-Si","BIPV":"N","A_c":1.3459999999999999,"N_s":72.0,"T_NOCT":46.1,"I_sc_ref":5.48,"V_oc_ref":44.8,"I_mp_ref":5.17,"V_mp_ref":35.8,"alpha_sc":0.002691,"beta_oc":-0.15456,"a_ref":1.8766,"I_L_ref":5.481,"I_o_ref":2.35e-10,"R_s":0.687,"R_sh_ref":3698.58,"Adjust":6.3,"PTC":170.1,"pdc0":190.0,"gamma_pdc":-0.0046500000000000005,"gamma_r":-0.465}