{"Date":"03.10.2011","Version":"MM107","Technology":"Mono-c-Si","BIPV":"N","A_c":1.3459999999999999,"N_s":72.0,"T_NOCT":46.1,"I_sc_ref":5.29,"V_oc_ref":44.4,"I_mp_ref":4.83,"V_mp_ref":35.2,"alpha_sc":0.002597,"beta_oc":-0.15317999999999998,"a_ref":1.8874,"I_L_ref":5.311,"I_o_ref":3.09e-10,"R_s":0.772,"R_sh_ref":193.48,"Adjust":9.1,"PTC":156.3,"pdc0":175.0,"gamma_pdc":-0.0046500000000000005,"gamma_r":-0.465}