{"Date":"6/14/2011","Version":"MM107","Technology":"Mono-c-Si","BIPV":"N","A_c":1.703,"N_s":60.0,"T_NOCT":46.6,"I_sc_ref":8.54,"V_oc_ref":36.8,"I_mp_ref":7.94,"V_mp_ref":29.6,"alpha_sc":0.004185,"beta_oc":-0.1288,"a_ref":1.5838,"I_L_ref":8.552999999999999,"I_o_ref":6.79e-10,"R_s":0.327,"R_sh_ref":207.14,"Adjust":10.2,"PTC":208.9,"pdc0":235.0,"gamma_pdc":-0.00479,"gamma_r":-0.479}