{"Date":"6/17/2011","Version":"MM107","Technology":"Mono-c-Si","BIPV":"N","A_c":1.3459999999999999,"N_s":72.0,"T_NOCT":46.1,"I_sc_ref":5.53,"V_oc_ref":45.1,"I_mp_ref":5.34,"V_mp_ref":36.5,"alpha_sc":0.0025050000000000003,"beta_oc":-0.15298,"a_ref":1.8747,"I_L_ref":5.64,"I_o_ref":2.01e-10,"R_s":0.58,"R_sh_ref":100000.0,"Adjust":6.6,"PTC":179.7,"pdc0":200.0,"gamma_pdc":-0.00457,"gamma_r":-0.457}