{"Date":"6/17/2011","Version":"MM107","Technology":"Mono-c-Si","BIPV":"N","A_c":1.703,"N_s":60.0,"T_NOCT":46.6,"I_sc_ref":8.69,"V_oc_ref":37.2,"I_mp_ref":8.17,"V_mp_ref":30.0,"alpha_sc":0.004258,"beta_oc":-0.1302,"a_ref":1.5927,"I_L_ref":8.693999999999999,"I_o_ref":6.2e-10,"R_s":0.315,"R_sh_ref":619.04,"Adjust":9.2,"PTC":218.1,"pdc0":245.0,"gamma_pdc":-0.00479,"gamma_r":-0.479}