{"Date":"03.10.2011","Version":"MM107","Technology":"Mono-c-Si","BIPV":"N","A_c":1.703,"N_s":60.0,"T_NOCT":46.6,"I_sc_ref":8.78,"V_oc_ref":37.3,"I_mp_ref":8.31,"V_mp_ref":30.1,"alpha_sc":0.004267,"beta_oc":-0.13126,"a_ref":1.5966,"I_L_ref":8.792,"I_o_ref":6.279999999999999e-10,"R_s":0.308,"R_sh_ref":100000.0,"Adjust":8.6,"PTC":222.5,"pdc0":250.0,"gamma_pdc":-0.0048200000000000005,"gamma_r":-0.48200000000000004}