{"Date":"03.10.2011","Version":"MM107","Technology":"Mono-c-Si","BIPV":"N","A_c":1.3459999999999999,"N_s":72.0,"T_NOCT":46.1,"I_sc_ref":5.53,"V_oc_ref":45.1,"I_mp_ref":5.34,"V_mp_ref":36.5,"alpha_sc":0.002715,"beta_oc":-0.1556,"a_ref":1.8982,"I_L_ref":5.643,"I_o_ref":2.71e-10,"R_s":0.5710000000000001,"R_sh_ref":100000.0,"Adjust":7.3,"PTC":179.3,"pdc0":200.0,"gamma_pdc":-0.0046500000000000005,"gamma_r":-0.465}