{"Date":"03.10.2011","Version":"MM107","Technology":"Mono-c-Si","BIPV":"N","A_c":1.703,"N_s":60.0,"T_NOCT":46.6,"I_sc_ref":8.54,"V_oc_ref":36.8,"I_mp_ref":7.94,"V_mp_ref":29.6,"alpha_sc":0.00415,"beta_oc":-0.1295,"a_ref":1.5876,"I_L_ref":8.552999999999999,"I_o_ref":7.18e-10,"R_s":0.326,"R_sh_ref":208.65,"Adjust":10.1,"PTC":208.8,"pdc0":235.0,"gamma_pdc":-0.0048200000000000005,"gamma_r":-0.48200000000000004}