{"Date":"04.01.2011","Version":"MM107","Technology":"Mono-c-Si","BIPV":"N","A_c":1.465,"N_s":54.0,"T_NOCT":48.8,"I_sc_ref":8.75,"V_oc_ref":33.5,"I_mp_ref":8.15,"V_mp_ref":27.0,"alpha_sc":0.004375,"beta_oc":-0.13065,"a_ref":1.5352,"I_L_ref":8.759,"I_o_ref":2.8800000000000004e-09,"R_s":0.26,"R_sh_ref":260.49,"Adjust":10.9,"PTC":190.3,"pdc0":220.0,"gamma_pdc":-0.0054,"gamma_r":-0.54}