{"Date":"04.01.2011","Version":"MM107","Technology":"Mono-c-Si","BIPV":"N","A_c":1.624,"N_s":60.0,"T_NOCT":47.6,"I_sc_ref":8.54,"V_oc_ref":36.8,"I_mp_ref":7.94,"V_mp_ref":29.6,"alpha_sc":0.00427,"beta_oc":-0.14352,"a_ref":1.6865,"I_L_ref":8.55,"I_o_ref":2.8100000000000004e-09,"R_s":0.301,"R_sh_ref":257.15,"Adjust":10.9,"PTC":204.6,"pdc0":235.0,"gamma_pdc":-0.0054,"gamma_r":-0.54}