{"Date":"04.01.2011","Version":"MM107","Technology":"Mono-c-Si","BIPV":"N","A_c":1.936,"N_s":72.0,"T_NOCT":47.0,"I_sc_ref":8.59,"V_oc_ref":44.4,"I_mp_ref":7.99,"V_mp_ref":35.7,"alpha_sc":0.003436,"beta_oc":-0.1776,"a_ref":2.0556,"I_L_ref":8.599,"I_o_ref":3.53e-09,"R_s":0.358,"R_sh_ref":334.71,"Adjust":10.2,"PTC":247.9,"pdc0":285.0,"gamma_pdc":-0.005600000000000001,"gamma_r":-0.56}