{"Date":"04.01.2011","Version":"MM107","Technology":"Mono-c-Si","BIPV":"N","A_c":1.936,"N_s":72.0,"T_NOCT":47.0,"I_sc_ref":8.73,"V_oc_ref":44.6,"I_mp_ref":8.22,"V_mp_ref":35.9,"alpha_sc":0.0034920000000000003,"beta_oc":-0.1784,"a_ref":2.0502,"I_L_ref":8.731,"I_o_ref":3.11e-09,"R_s":0.35,"R_sh_ref":100000.0,"Adjust":8.9,"PTC":256.9,"pdc0":295.0,"gamma_pdc":-0.005600000000000001,"gamma_r":-0.56}