{"Date":"04.01.2011","Version":"MM107","Technology":"Mono-c-Si","BIPV":"N","A_c":1.465,"N_s":54.0,"T_NOCT":48.4,"I_sc_ref":8.62,"V_oc_ref":33.4,"I_mp_ref":7.99,"V_mp_ref":26.9,"alpha_sc":0.0043100000000000005,"beta_oc":-0.12358,"a_ref":1.5028,"I_L_ref":8.633,"I_o_ref":1.88e-09,"R_s":0.273,"R_sh_ref":174.92,"Adjust":13.1,"PTC":187.4,"pdc0":215.0,"gamma_pdc":-0.0052,"gamma_r":-0.52}