{"Date":"04.01.2011","Version":"MM107","Technology":"Mono-c-Si","BIPV":"N","A_c":1.465,"N_s":54.0,"T_NOCT":48.8,"I_sc_ref":8.84,"V_oc_ref":33.6,"I_mp_ref":8.3,"V_mp_ref":27.1,"alpha_sc":0.00442,"beta_oc":-0.13104000000000002,"a_ref":1.5331,"I_L_ref":8.843,"I_o_ref":2.67e-09,"R_s":0.256,"R_sh_ref":834.33,"Adjust":10.1,"PTC":194.8,"pdc0":225.0,"gamma_pdc":-0.0054,"gamma_r":-0.54}