{"Date":"04.01.2011","Version":"MM107","Technology":"Mono-c-Si","BIPV":"N","A_c":1.936,"N_s":72.0,"T_NOCT":47.0,"I_sc_ref":8.53,"V_oc_ref":44.2,"I_mp_ref":7.89,"V_mp_ref":35.5,"alpha_sc":0.0034119999999999997,"beta_oc":-0.1768,"a_ref":2.0521,"I_L_ref":8.543,"I_o_ref":3.69e-09,"R_s":0.364,"R_sh_ref":230.95,"Adjust":10.7,"PTC":243.4,"pdc0":280.0,"gamma_pdc":-0.005600000000000001,"gamma_r":-0.56}