{"Date":"10.01.2013","Version":"NRELv1","Technology":"Mono-c-Si","BIPV":"N","A_c":1.2770000000000001,"N_s":72.0,"T_NOCT":47.0,"I_sc_ref":5.47,"V_oc_ref":44.6,"I_mp_ref":4.97,"V_mp_ref":36.2,"alpha_sc":0.002735,"beta_oc":-0.16055999999999998,"a_ref":1.9438,"I_L_ref":5.4879999999999995,"I_o_ref":5.65e-10,"R_s":0.541,"R_sh_ref":160.53,"Adjust":9.646,"PTC":160.1,"pdc0":180.0,"gamma_pdc":-0.004699999999999999,"gamma_r":-0.47}