{"Date":"06.01.2013","Version":"NRELv1","Technology":"Mono-c-Si","BIPV":"N","A_c":1.2770000000000001,"N_s":72.0,"T_NOCT":47.1,"I_sc_ref":5.7,"V_oc_ref":45.75,"I_mp_ref":5.46,"V_mp_ref":37.55,"alpha_sc":0.003135,"beta_oc":-0.16196,"a_ref":2.0058,"I_L_ref":5.818,"I_o_ref":7.16e-10,"R_s":0.426,"R_sh_ref":811.24,"Adjust":12.96,"PTC":182.2,"pdc0":205.0,"gamma_pdc":-0.00488,"gamma_r":-0.488}