{"Date":"10.01.2013","Version":"NRELv1","Technology":"Mono-c-Si","BIPV":"N","A_c":1.7009999999999998,"N_s":96.0,"T_NOCT":47.0,"I_sc_ref":5.83,"V_oc_ref":60.4,"I_mp_ref":5.45,"V_mp_ref":49.5,"alpha_sc":0.002915,"beta_oc":-0.21744000000000002,"a_ref":2.6011,"I_L_ref":5.835,"I_o_ref":4.72e-10,"R_s":0.595,"R_sh_ref":634.69,"Adjust":7.419,"PTC":241.1,"pdc0":270.0,"gamma_pdc":-0.004699999999999999,"gamma_r":-0.47}