{"Date":"06.01.2013","Version":"NRELv1","Technology":"Mono-c-Si","BIPV":"N","A_c":1.9409999999999998,"N_s":72.0,"T_NOCT":47.0,"I_sc_ref":8.52,"V_oc_ref":45.01,"I_mp_ref":7.67,"V_mp_ref":36.5,"alpha_sc":0.00409,"beta_oc":-0.17464000000000002,"a_ref":2.0822,"I_L_ref":8.551,"I_o_ref":3.2899999999999996e-09,"R_s":0.324,"R_sh_ref":89.74,"Adjust":13.27,"PTC":245.8,"pdc0":280.0,"gamma_pdc":-0.00524,"gamma_r":-0.524}