{"Date":"06.01.2013","Version":"NRELv1","Technology":"Mono-c-Si","BIPV":"N","A_c":1.9409999999999998,"N_s":72.0,"T_NOCT":47.0,"I_sc_ref":9.19,"V_oc_ref":46.72,"I_mp_ref":8.65,"V_mp_ref":38.15,"alpha_sc":0.005146,"beta_oc":-0.1495,"a_ref":1.9638,"I_L_ref":9.195,"I_o_ref":4.24e-10,"R_s":0.321,"R_sh_ref":602.26,"Adjust":15.48,"PTC":296.5,"pdc0":330.0,"gamma_pdc":-0.004529999999999999,"gamma_r":-0.45299999999999996}