{"Date":"06.01.2013","Version":"NRELv1","Technology":"Mono-c-Si","BIPV":"N","A_c":1.9409999999999998,"N_s":72.0,"T_NOCT":47.0,"I_sc_ref":8.33,"V_oc_ref":44.39,"I_mp_ref":7.5,"V_mp_ref":36.0,"alpha_sc":0.003998,"beta_oc":-0.17223,"a_ref":2.0534,"I_L_ref":8.36,"I_o_ref":3.22e-09,"R_s":0.327,"R_sh_ref":90.78,"Adjust":13.26,"PTC":236.7,"pdc0":270.0,"gamma_pdc":-0.00524,"gamma_r":-0.524}