{"Date":"06.01.2013","Version":"NRELv1","Technology":"Mono-c-Si","BIPV":"N","A_c":1.9409999999999998,"N_s":72.0,"T_NOCT":47.0,"I_sc_ref":8.99,"V_oc_ref":46.54,"I_mp_ref":8.43,"V_mp_ref":37.96,"alpha_sc":0.005034,"beta_oc":-0.14893,"a_ref":1.9592,"I_L_ref":8.998,"I_o_ref":4.2799999999999997e-10,"R_s":0.332,"R_sh_ref":396.81,"Adjust":15.79,"PTC":287.3,"pdc0":320.0,"gamma_pdc":-0.004529999999999999,"gamma_r":-0.45299999999999996}