{"Date":"06.01.2013","Version":"NRELv1","Technology":"Mono-c-Si","BIPV":"N","A_c":1.9409999999999998,"N_s":72.0,"T_NOCT":47.0,"I_sc_ref":8.66,"V_oc_ref":46.19,"I_mp_ref":8.06,"V_mp_ref":37.2,"alpha_sc":0.004157,"beta_oc":-0.17922000000000002,"a_ref":2.0811,"I_L_ref":8.67,"I_o_ref":1.9600000000000003e-09,"R_s":0.375,"R_sh_ref":319.44,"Adjust":8.294,"PTC":263.9,"pdc0":300.0,"gamma_pdc":-0.00524,"gamma_r":-0.524}