{"Date":"06.01.2013","Version":"NRELv1","Technology":"Mono-c-Si","BIPV":"N","A_c":1.6369999999999998,"N_s":60.0,"T_NOCT":47.0,"I_sc_ref":8.95,"V_oc_ref":38.4,"I_mp_ref":8.46,"V_mp_ref":30.72,"alpha_sc":0.005012,"beta_oc":-0.12287999999999999,"a_ref":1.5916,"I_L_ref":8.95,"I_o_ref":2.97e-10,"R_s":0.36,"R_sh_ref":8348.08,"Adjust":12.42,"PTC":233.2,"pdc0":260.0,"gamma_pdc":-0.004529999999999999,"gamma_r":-0.45299999999999996}