{"Date":"06.01.2013","Version":"NRELv1","Technology":"Mono-c-Si","BIPV":"N","A_c":1.9409999999999998,"N_s":72.0,"T_NOCT":47.0,"I_sc_ref":8.73,"V_oc_ref":46.26,"I_mp_ref":8.13,"V_mp_ref":37.5,"alpha_sc":0.00419,"beta_oc":-0.17949,"a_ref":2.092,"I_L_ref":8.738999999999999,"I_o_ref":2.14e-09,"R_s":0.337,"R_sh_ref":317.87,"Adjust":9.019,"PTC":268.5,"pdc0":305.0,"gamma_pdc":-0.00524,"gamma_r":-0.524}