{"Date":"10.01.2013","Version":"NRELv1","Technology":"Multi-c-Si","BIPV":"N","A_c":1.9409999999999998,"N_s":72.0,"T_NOCT":47.1,"I_sc_ref":8.42,"V_oc_ref":44.5,"I_mp_ref":7.76,"V_mp_ref":36.1,"alpha_sc":0.005052,"beta_oc":-0.14685,"a_ref":1.8734,"I_L_ref":8.44,"I_o_ref":3.94e-10,"R_s":0.37,"R_sh_ref":152.7,"Adjust":12.09,"PTC":251.1,"pdc0":280.0,"gamma_pdc":-0.0044,"gamma_r":-0.44}