{"Date":"10.01.2013","Version":"NRELv1","Technology":"Multi-c-Si","BIPV":"N","A_c":1.6369999999999998,"N_s":60.0,"T_NOCT":47.1,"I_sc_ref":8.31,"V_oc_ref":37.21,"I_mp_ref":7.84,"V_mp_ref":29.35,"alpha_sc":0.004986,"beta_oc":-0.12279000000000001,"a_ref":1.5206,"I_L_ref":8.311,"I_o_ref":1.96e-10,"R_s":0.441,"R_sh_ref":2907.66,"Adjust":5.966,"PTC":206.1,"pdc0":230.0,"gamma_pdc":-0.0044,"gamma_r":-0.44}