{"Date":"10.01.2013","Version":"NRELv1","Technology":"Multi-c-Si","BIPV":"N","A_c":1.6369999999999998,"N_s":60.0,"T_NOCT":47.1,"I_sc_ref":8.13,"V_oc_ref":36.87,"I_mp_ref":7.6,"V_mp_ref":28.95,"alpha_sc":0.004878,"beta_oc":-0.12167,"a_ref":1.5104,"I_L_ref":8.141,"I_o_ref":2.01e-10,"R_s":0.46799999999999997,"R_sh_ref":348.96,"Adjust":6.41,"PTC":196.9,"pdc0":220.0,"gamma_pdc":-0.0044,"gamma_r":-0.44}