{"Date":"10.01.2013","Version":"NRELv1","Technology":"Multi-c-Si","BIPV":"N","A_c":1.6369999999999998,"N_s":60.0,"T_NOCT":47.1,"I_sc_ref":8.47,"V_oc_ref":37.55,"I_mp_ref":8.07,"V_mp_ref":29.75,"alpha_sc":0.005082,"beta_oc":-0.12392,"a_ref":1.5377,"I_L_ref":8.557,"I_o_ref":2.12e-10,"R_s":0.414,"R_sh_ref":1885.36,"Adjust":6.403,"PTC":215.3,"pdc0":240.0,"gamma_pdc":-0.0044,"gamma_r":-0.44}