{"Date":"06.01.2013","Version":"NRELv1","Technology":"Multi-c-Si","BIPV":"N","A_c":1.9409999999999998,"N_s":72.0,"T_NOCT":47.0,"I_sc_ref":8.64,"V_oc_ref":44.95,"I_mp_ref":8.12,"V_mp_ref":36.95,"alpha_sc":0.00527,"beta_oc":-0.16587000000000002,"a_ref":1.9669999999999999,"I_L_ref":8.644,"I_o_ref":1.02e-09,"R_s":0.275,"R_sh_ref":581.33,"Adjust":7.876,"PTC":267.2,"pdc0":300.0,"gamma_pdc":-0.00476,"gamma_r":-0.47600000000000003}