{"Date":"02.01.2012","Version":"NRELv1","Technology":"Multi-c-Si","BIPV":"N","A_c":1.902,"N_s":72.0,"T_NOCT":44.6,"I_sc_ref":7.7,"V_oc_ref":43.34,"I_mp_ref":7.0,"V_mp_ref":35.05,"alpha_sc":0.0038810000000000003,"beta_oc":-0.19161,"a_ref":2.2556,"I_L_ref":7.715,"I_o_ref":3.3599999999999996e-08,"R_s":0.29,"R_sh_ref":146.94,"Adjust":21.43,"PTC":210.5,"pdc0":245.0,"gamma_pdc":-0.00659,"gamma_r":-0.659}