{"Date":"02.01.2012","Version":"NRELv1","Technology":"Multi-c-Si","BIPV":"N","A_c":1.902,"N_s":72.0,"T_NOCT":44.6,"I_sc_ref":7.67,"V_oc_ref":43.2,"I_mp_ref":6.9,"V_mp_ref":35.0,"alpha_sc":0.0038659999999999996,"beta_oc":-0.19099000000000002,"a_ref":2.2689,"I_L_ref":7.689,"I_o_ref":3.93e-08,"R_s":0.27399999999999997,"R_sh_ref":109.44,"Adjust":23.15,"PTC":206.0,"pdc0":240.0,"gamma_pdc":-0.00659,"gamma_r":-0.659}