{"Date":"02.01.2012","Version":"NRELv1","Technology":"Multi-c-Si","BIPV":"N","A_c":1.594,"N_s":60.0,"T_NOCT":44.1,"I_sc_ref":7.9,"V_oc_ref":37.8,"I_mp_ref":7.4,"V_mp_ref":29.8,"alpha_sc":0.005814,"beta_oc":-0.15388,"a_ref":1.8344,"I_L_ref":7.987,"I_o_ref":8.87e-09,"R_s":0.39799999999999996,"R_sh_ref":376.96,"Adjust":17.34,"PTC":193.1,"pdc0":220.0,"gamma_pdc":-0.00598,"gamma_r":-0.598}