{"Date":"02.01.2012","Version":"NRELv1","Technology":"Multi-c-Si","BIPV":"N","A_c":1.594,"N_s":60.0,"T_NOCT":44.1,"I_sc_ref":7.88,"V_oc_ref":36.48,"I_mp_ref":7.25,"V_mp_ref":29.7,"alpha_sc":0.0058,"beta_oc":-0.14851,"a_ref":1.8186,"I_L_ref":7.89,"I_o_ref":1.49e-08,"R_s":0.22899999999999998,"R_sh_ref":173.58,"Adjust":22.73,"PTC":188.6,"pdc0":215.0,"gamma_pdc":-0.00598,"gamma_r":-0.598}