{"Date":"02.01.2012","Version":"NRELv1","Technology":"Multi-c-Si","BIPV":"N","A_c":1.902,"N_s":72.0,"T_NOCT":44.6,"I_sc_ref":7.64,"V_oc_ref":43.05,"I_mp_ref":6.7,"V_mp_ref":35.0,"alpha_sc":0.003851,"beta_oc":-0.19032000000000002,"a_ref":2.3129,"I_L_ref":7.667000000000001,"I_o_ref":5.7999999999999997e-08,"R_s":0.237,"R_sh_ref":68.17,"Adjust":27.46,"PTC":201.6,"pdc0":235.0,"gamma_pdc":-0.00659,"gamma_r":-0.659}