{"Date":"02.01.2012","Version":"NRELv1","Technology":"Multi-c-Si","BIPV":"N","A_c":1.902,"N_s":72.0,"T_NOCT":44.6,"I_sc_ref":7.8,"V_oc_ref":43.8,"I_mp_ref":7.25,"V_mp_ref":35.2,"alpha_sc":0.0039310000000000005,"beta_oc":-0.19364,"a_ref":2.2343,"I_L_ref":7.803999999999999,"I_o_ref":2.37e-08,"R_s":0.337,"R_sh_ref":590.23,"Adjust":17.7,"PTC":219.4,"pdc0":255.0,"gamma_pdc":-0.00659,"gamma_r":-0.659}