{"Date":"02.01.2012","Version":"NRELv1","Technology":"Multi-c-Si","BIPV":"N","A_c":1.594,"N_s":60.0,"T_NOCT":44.1,"I_sc_ref":7.7,"V_oc_ref":36.12,"I_mp_ref":7.0,"V_mp_ref":29.28,"alpha_sc":0.005667,"beta_oc":-0.14705,"a_ref":1.8105,"I_L_ref":7.7170000000000005,"I_o_ref":1.6e-08,"R_s":0.25,"R_sh_ref":113.88,"Adjust":23.75,"PTC":179.6,"pdc0":205.0,"gamma_pdc":-0.00598,"gamma_r":-0.598}