{"Date":"05.06.2011","Version":"MM107","Technology":"Mono-c-Si","BIPV":"N","A_c":1.5,"N_s":54.0,"T_NOCT":47.8,"I_sc_ref":8.42,"V_oc_ref":33.34,"I_mp_ref":7.77,"V_mp_ref":26.38,"alpha_sc":0.007241,"beta_oc":-0.09602000000000001,"a_ref":1.3767,"I_L_ref":8.445,"I_o_ref":2.4899999999999997e-10,"R_s":0.38,"R_sh_ref":128.03,"Adjust":23.4,"PTC":183.7,"pdc0":205.0,"gamma_pdc":-0.00425,"gamma_r":-0.425}