{"Date":"11.01.2010","Version":"MM107","Technology":"Mono-c-Si","BIPV":"N","A_c":1.624,"N_s":60.0,"T_NOCT":48.7,"I_sc_ref":8.2,"V_oc_ref":36.3,"I_mp_ref":7.5,"V_mp_ref":30.0,"alpha_sc":0.00246,"beta_oc":-0.11615999999999999,"a_ref":1.5224,"I_L_ref":8.22,"I_o_ref":3.46e-10,"R_s":0.23,"R_sh_ref":95.6,"Adjust":14.9,"PTC":199.3,"pdc0":225.0,"gamma_pdc":-0.0045000000000000005,"gamma_r":-0.45}