{"Date":"11.01.2010","Version":"MM107","Technology":"Mono-c-Si","BIPV":"N","A_c":1.9369999999999998,"N_s":72.0,"T_NOCT":48.7,"I_sc_ref":8.2,"V_oc_ref":45.0,"I_mp_ref":7.6,"V_mp_ref":36.2,"alpha_sc":0.00246,"beta_oc":-0.14400000000000002,"a_ref":1.8436,"I_L_ref":8.218,"I_o_ref":2e-10,"R_s":0.442,"R_sh_ref":196.62,"Adjust":9.9,"PTC":243.8,"pdc0":275.0,"gamma_pdc":-0.0045000000000000005,"gamma_r":-0.45}