{"Date":"11.01.2010","Version":"MM107","Technology":"Mono-c-Si","BIPV":"N","A_c":1.1079999999999999,"N_s":40.0,"T_NOCT":48.7,"I_sc_ref":8.1,"V_oc_ref":25.1,"I_mp_ref":7.6,"V_mp_ref":20.0,"alpha_sc":0.00243,"beta_oc":-0.08032,"a_ref":1.0155,"I_L_ref":8.107999999999999,"I_o_ref":1.48e-10,"R_s":0.28,"R_sh_ref":276.11,"Adjust":7.3,"PTC":132.8,"pdc0":150.0,"gamma_pdc":-0.0045000000000000005,"gamma_r":-0.45}