{"Date":"04.04.2011","Version":"MM107","Technology":"CIGS","BIPV":"N","A_c":2.003,"N_s":84.0,"T_NOCT":44.6,"I_sc_ref":7.2,"V_oc_ref":47.1,"I_mp_ref":6.0,"V_mp_ref":34.2,"alpha_sc":-0.00072,"beta_oc":-0.1884,"a_ref":2.0909,"I_L_ref":7.4079999999999995,"I_o_ref":1.0300000000000002e-09,"R_s":1.203,"R_sh_ref":41.72,"Adjust":2.0,"PTC":175.0,"pdc0":200.0,"gamma_pdc":-0.005600000000000001,"gamma_r":-0.56}