{"Date":"10/26/2011","Version":"NRELv1","Technology":"Multi-c-Si","BIPV":"N","A_c":1.6340000000000001,"N_s":60.0,"T_NOCT":46.9,"I_sc_ref":7.82,"V_oc_ref":37.2,"I_mp_ref":7.29,"V_mp_ref":29.5,"alpha_sc":0.004137,"beta_oc":-0.14203,"a_ref":1.6465,"I_L_ref":7.829,"I_o_ref":1.19e-09,"R_s":0.413,"R_sh_ref":359.76,"Adjust":6.52,"PTC":188.9,"pdc0":215.0,"gamma_pdc":-0.00512,"gamma_r":-0.512}