{"Date":"10/26/2011","Version":"NRELv1","Technology":"Mono-c-Si","BIPV":"N","A_c":1.936,"N_s":72.0,"T_NOCT":46.9,"I_sc_ref":8.01,"V_oc_ref":45.2,"I_mp_ref":7.48,"V_mp_ref":36.1,"alpha_sc":0.0042369999999999994,"beta_oc":-0.17257,"a_ref":2.0074,"I_L_ref":8.017999999999999,"I_o_ref":1.32e-09,"R_s":0.449,"R_sh_ref":474.45,"Adjust":7.186,"PTC":237.6,"pdc0":270.0,"gamma_pdc":-0.00512,"gamma_r":-0.512}