{"Date":"10/26/2011","Version":"NRELv1","Technology":"Mono-c-Si","BIPV":"N","A_c":1.311,"N_s":48.0,"T_NOCT":46.8,"I_sc_ref":7.87,"V_oc_ref":29.6,"I_mp_ref":7.59,"V_mp_ref":23.7,"alpha_sc":0.003093,"beta_oc":-0.10993,"a_ref":1.3103,"I_L_ref":8.113999999999999,"I_o_ref":1.24e-09,"R_s":0.28300000000000003,"R_sh_ref":389.88,"Adjust":9.737,"PTC":157.9,"pdc0":180.0,"gamma_pdc":-0.00524,"gamma_r":-0.524}