{"Date":"10/26/2011","Version":"NRELv1","Technology":"Multi-c-Si","BIPV":"N","A_c":1.311,"N_s":48.0,"T_NOCT":46.9,"I_sc_ref":7.89,"V_oc_ref":29.1,"I_mp_ref":7.36,"V_mp_ref":23.8,"alpha_sc":0.004174000000000001,"beta_oc":-0.1111,"a_ref":1.3124,"I_L_ref":7.897,"I_o_ref":1.82e-09,"R_s":0.203,"R_sh_ref":230.75,"Adjust":10.2,"PTC":153.8,"pdc0":175.0,"gamma_pdc":-0.00512,"gamma_r":-0.512}