{"Date":"10/26/2011","Version":"NRELv1","Technology":"Mono-c-Si","BIPV":"N","A_c":1.936,"N_s":72.0,"T_NOCT":46.8,"I_sc_ref":8.32,"V_oc_ref":45.2,"I_mp_ref":7.98,"V_mp_ref":37.0,"alpha_sc":0.0032700000000000003,"beta_oc":-0.16787,"a_ref":2.0233,"I_L_ref":8.49,"I_o_ref":1.6800000000000002e-09,"R_s":0.292,"R_sh_ref":838.17,"Adjust":12.0,"PTC":259.7,"pdc0":295.0,"gamma_pdc":-0.00524,"gamma_r":-0.524}