{"Date":"10/26/2011","Version":"NRELv1","Technology":"Mono-c-Si","BIPV":"N","A_c":1.311,"N_s":48.0,"T_NOCT":46.8,"I_sc_ref":8.17,"V_oc_ref":29.9,"I_mp_ref":7.8,"V_mp_ref":24.4,"alpha_sc":0.003211,"beta_oc":-0.11105,"a_ref":1.3397,"I_L_ref":8.34,"I_o_ref":1.6699999999999998e-09,"R_s":0.207,"R_sh_ref":303.77,"Adjust":12.16,"PTC":167.0,"pdc0":190.0,"gamma_pdc":-0.00524,"gamma_r":-0.524}