{"Date":"10/26/2011","Version":"NRELv1","Technology":"Mono-c-Si","BIPV":"N","A_c":1.311,"N_s":48.0,"T_NOCT":46.8,"I_sc_ref":7.72,"V_oc_ref":32.2,"I_mp_ref":7.26,"V_mp_ref":25.5,"alpha_sc":0.003034,"beta_oc":-0.11959000000000002,"a_ref":1.4134,"I_L_ref":7.721,"I_o_ref":9.84e-10,"R_s":0.369,"R_sh_ref":2325.12,"Adjust":8.073,"PTC":162.5,"pdc0":185.0,"gamma_pdc":-0.00524,"gamma_r":-0.524}