{"Date":"10/26/2011","Version":"NRELv1","Technology":"Mono-c-Si","BIPV":"N","A_c":1.6340000000000001,"N_s":60.0,"T_NOCT":46.8,"I_sc_ref":8.63,"V_oc_ref":37.1,"I_mp_ref":7.81,"V_mp_ref":30.1,"alpha_sc":0.003392,"beta_oc":-0.13779,"a_ref":1.6939,"I_L_ref":8.658,"I_o_ref":2.52e-09,"R_s":0.267,"R_sh_ref":81.06,"Adjust":15.77,"PTC":206.5,"pdc0":235.0,"gamma_pdc":-0.00524,"gamma_r":-0.524}