{"Date":"10/26/2011","Version":"NRELv1","Technology":"Multi-c-Si","BIPV":"N","A_c":1.465,"N_s":54.0,"T_NOCT":46.9,"I_sc_ref":7.98,"V_oc_ref":32.6,"I_mp_ref":7.17,"V_mp_ref":26.5,"alpha_sc":0.004221,"beta_oc":-0.12447000000000001,"a_ref":1.5013,"I_L_ref":8.009,"I_o_ref":2.7899999999999997e-09,"R_s":0.243,"R_sh_ref":66.1,"Adjust":14.13,"PTC":166.8,"pdc0":190.0,"gamma_pdc":-0.00512,"gamma_r":-0.512}