{"Date":"10/26/2011","Version":"NRELv1","Technology":"Mono-c-Si","BIPV":"N","A_c":1.936,"N_s":72.0,"T_NOCT":46.8,"I_sc_ref":8.21,"V_oc_ref":44.8,"I_mp_ref":7.79,"V_mp_ref":36.6,"alpha_sc":0.0032270000000000003,"beta_oc":-0.16639,"a_ref":2.0047,"I_L_ref":8.295,"I_o_ref":1.62e-09,"R_s":0.307,"R_sh_ref":754.92,"Adjust":11.92,"PTC":250.6,"pdc0":285.0,"gamma_pdc":-0.00524,"gamma_r":-0.524}