{"Date":"10/26/2011","Version":"NRELv1","Technology":"Multi-c-Si","BIPV":"N","A_c":1.465,"N_s":54.0,"T_NOCT":46.9,"I_sc_ref":8.24,"V_oc_ref":34.1,"I_mp_ref":7.67,"V_mp_ref":27.4,"alpha_sc":0.004359,"beta_oc":-0.13019,"a_ref":1.5231,"I_L_ref":8.25,"I_o_ref":1.5299999999999999e-09,"R_s":0.304,"R_sh_ref":247.04,"Adjust":8.287,"PTC":185.0,"pdc0":210.0,"gamma_pdc":-0.00512,"gamma_r":-0.512}