{"Date":"10/26/2011","Version":"NRELv1","Technology":"Mono-c-Si","BIPV":"N","A_c":1.465,"N_s":54.0,"T_NOCT":46.8,"I_sc_ref":8.3,"V_oc_ref":33.5,"I_mp_ref":7.95,"V_mp_ref":27.7,"alpha_sc":0.0032619999999999997,"beta_oc":-0.12442,"a_ref":1.5101,"I_L_ref":8.47,"I_o_ref":1.95e-09,"R_s":0.175,"R_sh_ref":431.27,"Adjust":13.4,"PTC":193.6,"pdc0":220.0,"gamma_pdc":-0.00524,"gamma_r":-0.524}