{"Date":"10/26/2011","Version":"NRELv1","Technology":"Mono-c-Si","BIPV":"N","A_c":1.465,"N_s":54.0,"T_NOCT":46.8,"I_sc_ref":8.21,"V_oc_ref":33.3,"I_mp_ref":7.82,"V_mp_ref":27.5,"alpha_sc":0.0032270000000000003,"beta_oc":-0.12368,"a_ref":1.4963,"I_L_ref":8.293,"I_o_ref":1.79e-09,"R_s":0.184,"R_sh_ref":1120.24,"Adjust":12.79,"PTC":189.0,"pdc0":215.0,"gamma_pdc":-0.00524,"gamma_r":-0.524}