{"Date":"10.01.2013","Version":"NRELv1","Technology":"Mono-c-Si","BIPV":"N","A_c":1.63,"N_s":48.0,"T_NOCT":47.9,"I_sc_ref":8.76,"V_oc_ref":30.8,"I_mp_ref":8.14,"V_mp_ref":24.1,"alpha_sc":0.006481999999999999,"beta_oc":-0.09332,"a_ref":1.2855,"I_L_ref":8.777999999999999,"I_o_ref":3.3799999999999997e-10,"R_s":0.37,"R_sh_ref":182.49,"Adjust":20.08,"PTC":173.6,"pdc0":196.0,"gamma_pdc":-0.004529999999999999,"gamma_r":-0.45299999999999996}