{"Date":"04.02.2013","Version":"NRELv1","Technology":"Mono-c-Si","BIPV":"N","A_c":1.57,"N_s":60.0,"T_NOCT":48.9,"I_sc_ref":8.67,"V_oc_ref":38.5,"I_mp_ref":8.14,"V_mp_ref":30.1,"alpha_sc":0.008323,"beta_oc":-0.12782000000000002,"a_ref":1.6529,"I_L_ref":8.673,"I_o_ref":6.62e-10,"R_s":0.457,"R_sh_ref":1408.81,"Adjust":15.42,"PTC":216.7,"pdc0":245.0,"gamma_pdc":-0.0046500000000000005,"gamma_r":-0.465}