{"Date":"05.01.2014","Version":"NRELv1","Technology":"Mono-c-Si","BIPV":"N","A_c":1.63,"N_s":60.0,"T_NOCT":48.9,"I_sc_ref":8.83,"V_oc_ref":38.5,"I_mp_ref":8.12,"V_mp_ref":30.8,"alpha_sc":0.00848,"beta_oc":-0.12782000000000002,"a_ref":1.6957,"I_L_ref":8.853,"I_o_ref":1.18e-09,"R_s":0.34600000000000003,"R_sh_ref":132.34,"Adjust":20.91,"PTC":221.0,"pdc0":250.0,"gamma_pdc":-0.0046500000000000005,"gamma_r":-0.465}