{"Date":"05.01.2014","Version":"NRELv1","Technology":"Mono-c-Si","BIPV":"N","A_c":1.63,"N_s":60.0,"T_NOCT":48.9,"I_sc_ref":8.9,"V_oc_ref":38.7,"I_mp_ref":8.2,"V_mp_ref":31.1,"alpha_sc":0.00854,"beta_oc":-0.12847999999999998,"a_ref":1.7071,"I_L_ref":8.921,"I_o_ref":1.23e-09,"R_s":0.325,"R_sh_ref":140.42,"Adjust":21.27,"PTC":225.5,"pdc0":255.0,"gamma_pdc":-0.0046500000000000005,"gamma_r":-0.465}