{"Technology":"Mono-c-Si","BIPV":"N","A_c":1.6680000000000001,"N_s":48.0,"T_NOCT":44.7,"PTC":199.3,"pdc0":220.0,"gamma_pdc":-0.004399}