{"Technology":"Mono-c-Si","BIPV":"N","A_c":1.6680000000000001,"N_s":48.0,"T_NOCT":44.7,"PTC":204.0,"pdc0":225.0,"gamma_pdc":-0.004399}