{"Technology":"Mono-c-Si","BIPV":"N","A_c":1.6680000000000001,"N_s":60.0,"T_NOCT":44.0,"PTC":243.0,"pdc0":265.0,"gamma_pdc":-0.0042046}