{"Technology":"Mono-c-Si","BIPV":"N","A_c":1.6680000000000001,"N_s":60.0,"T_NOCT":47.4,"PTC":266.3,"pdc0":295.0,"gamma_pdc":-0.004318}