{"Date":"04.02.2013","Version":"NRELv1","Technology":"Mono-c-Si","BIPV":"N","A_c":1.57,"N_s":60.0,"T_NOCT":43.2,"I_sc_ref":6.41,"V_oc_ref":38.4,"I_mp_ref":5.88,"V_mp_ref":30.1,"alpha_sc":0.005769,"beta_oc":-0.17970999999999998,"a_ref":1.7278,"I_L_ref":6.43,"I_o_ref":1.3900000000000002e-09,"R_s":0.583,"R_sh_ref":188.26,"Adjust":-11.07,"PTC":159.9,"pdc0":177.0,"gamma_pdc":-0.004739999999999999,"gamma_r":-0.474}