{"Vac":240.0,"Paco":225.0,"Pdco":250.262,"Vdco":28.5,"Pso":17.1222,"C0":3.25302e-07,"C1":0.00152697,"C2":-0.0115259,"C3":3.783,"Pnt":0.17,"Vdcmax":44.0,"Mppt_low":22.0,"Mppt_high":44.0}