{"Vac":208.0,"Paco":217.0,"Pdco":240.71900000000002,"Vdco":28.5,"Pso":20.1483,"C0":-1.3956e-05,"C1":0.00252589,"C2":0.018714500000000002,"C3":-0.061230200000000005,"Pnt":0.17,"Vdcmax":44.0,"Mppt_low":22.0,"Mppt_high":44.0}