{"Date":"01.02.2014","Version":"NRELv1","Technology":"Multi-c-Si","BIPV":"N","A_c":1.6230000000000002,"N_s":60.0,"T_NOCT":45.8,"I_sc_ref":8.08,"V_oc_ref":36.95,"I_mp_ref":7.7,"V_mp_ref":29.22,"alpha_sc":0.004606,"beta_oc":-0.12896,"a_ref":1.5311,"I_L_ref":8.162,"I_o_ref":2.7e-10,"R_s":0.43,"R_sh_ref":4757.9,"Adjust":2.963,"PTC":202.3,"pdc0":225.0,"gamma_pdc":-0.004529999999999999,"gamma_r":-0.45299999999999996}