{"Date":"01.02.2014","Version":"NRELv1","Technology":"Multi-c-Si","BIPV":"N","A_c":1.6230000000000002,"N_s":60.0,"T_NOCT":45.8,"I_sc_ref":8.32,"V_oc_ref":37.16,"I_mp_ref":7.97,"V_mp_ref":29.49,"alpha_sc":0.0047420000000000006,"beta_oc":-0.12969,"a_ref":1.5463,"I_L_ref":8.493,"I_o_ref":3.08e-10,"R_s":0.401,"R_sh_ref":570.89,"Adjust":3.782,"PTC":211.5,"pdc0":235.0,"gamma_pdc":-0.004529999999999999,"gamma_r":-0.45299999999999996}