{"Date":"01.02.2014","Version":"NRELv1","Technology":"Mono-c-Si","BIPV":"N","A_c":1.936,"N_s":72.0,"T_NOCT":47.0,"I_sc_ref":8.81,"V_oc_ref":45.11,"I_mp_ref":8.2,"V_mp_ref":36.6,"alpha_sc":0.005727,"beta_oc":-0.14570999999999998,"a_ref":1.8756,"I_L_ref":8.824,"I_o_ref":3.09e-10,"R_s":0.36200000000000004,"R_sh_ref":225.93,"Adjust":11.83,"PTC":270.4,"pdc0":300.0,"gamma_pdc":-0.0043,"gamma_r":-0.43}