{"Date":"01.02.2014","Version":"NRELv1","Technology":"Multi-c-Si","BIPV":"N","A_c":1.936,"N_s":72.0,"T_NOCT":47.1,"I_sc_ref":9.21,"V_oc_ref":45.16,"I_mp_ref":8.49,"V_mp_ref":37.11,"alpha_sc":0.003592,"beta_oc":-0.15354,"a_ref":1.9582,"I_L_ref":9.227,"I_o_ref":8.599999999999999e-10,"R_s":0.266,"R_sh_ref":143.9,"Adjust":15.27,"PTC":280.6,"pdc0":315.0,"gamma_pdc":-0.0048,"gamma_r":-0.48}