{"Technology":"Multi-c-Si","BIPV":"N","A_c":1.6369999999999998,"N_s":60.0,"T_NOCT":51.0,"PTC":222.4,"pdc0":255.0,"gamma_pdc":-0.004721}