{"Date":"5/22/2012","Version":"NRELv1","Technology":"Mono-c-Si","BIPV":"N","A_c":1.296,"N_s":48.0,"T_NOCT":46.2,"I_sc_ref":8.9,"V_oc_ref":29.8,"I_mp_ref":8.31,"V_mp_ref":24.07,"alpha_sc":0.0067280000000000005,"beta_oc":-0.12072000000000001,"a_ref":1.2735,"I_L_ref":8.91,"I_o_ref":6.03e-10,"R_s":0.242,"R_sh_ref":205.6,"Adjust":-6.269,"PTC":180.7,"pdc0":200.0,"gamma_pdc":-0.00436,"gamma_r":-0.436}