{"Date":"5/22/2012","Version":"NRELv1","Technology":"Mono-c-Si","BIPV":"N","A_c":1.296,"N_s":48.0,"T_NOCT":46.2,"I_sc_ref":8.78,"V_oc_ref":29.73,"I_mp_ref":8.17,"V_mp_ref":23.87,"alpha_sc":0.006638,"beta_oc":-0.12044,"a_ref":1.2685,"I_L_ref":8.794,"I_o_ref":5.71e-10,"R_s":0.266,"R_sh_ref":169.46,"Adjust":-6.577000000000001,"PTC":176.1,"pdc0":195.0,"gamma_pdc":-0.00436,"gamma_r":-0.436}