{"Date":"5/22/2012","Version":"NRELv1","Technology":"Mono-c-Si","BIPV":"N","A_c":1.626,"N_s":60.0,"T_NOCT":46.2,"I_sc_ref":8.69,"V_oc_ref":37.12,"I_mp_ref":8.06,"V_mp_ref":29.78,"alpha_sc":0.00657,"beta_oc":-0.15037,"a_ref":1.5862,"I_L_ref":8.707,"I_o_ref":5.83e-10,"R_s":0.33799999999999997,"R_sh_ref":177.74,"Adjust":-6.327999999999999,"PTC":216.6,"pdc0":240.0,"gamma_pdc":-0.00436,"gamma_r":-0.436}