{"Date":"5/22/2012","Version":"NRELv1","Technology":"Mono-c-Si","BIPV":"N","A_c":1.626,"N_s":60.0,"T_NOCT":46.2,"I_sc_ref":8.79,"V_oc_ref":37.18,"I_mp_ref":8.18,"V_mp_ref":29.93,"alpha_sc":0.006645,"beta_oc":-0.15062,"a_ref":1.5889,"I_L_ref":8.802999999999999,"I_o_ref":5.93e-10,"R_s":0.32,"R_sh_ref":209.91,"Adjust":-6.296,"PTC":221.2,"pdc0":245.0,"gamma_pdc":-0.00436,"gamma_r":-0.436}