{"Date":"5/22/2012","Version":"NRELv1","Technology":"Mono-c-Si","BIPV":"N","A_c":1.626,"N_s":60.0,"T_NOCT":46.2,"I_sc_ref":8.9,"V_oc_ref":37.25,"I_mp_ref":8.31,"V_mp_ref":30.08,"alpha_sc":0.0067280000000000005,"beta_oc":-0.1509,"a_ref":1.5917,"I_L_ref":8.911,"I_o_ref":6.01e-10,"R_s":0.304,"R_sh_ref":257.42,"Adjust":-6.296,"PTC":225.9,"pdc0":250.0,"gamma_pdc":-0.00436,"gamma_r":-0.436}