{"Date":"5/22/2012","Version":"NRELv1","Technology":"Mono-c-Si","BIPV":"N","A_c":1.626,"N_s":60.0,"T_NOCT":46.2,"I_sc_ref":8.01,"V_oc_ref":36.72,"I_mp_ref":7.27,"V_mp_ref":28.88,"alpha_sc":0.006056000000000001,"beta_oc":-0.14875,"a_ref":1.5706,"I_L_ref":8.05,"I_o_ref":5.37e-10,"R_s":0.456,"R_sh_ref":91.95,"Adjust":-6.29,"PTC":188.9,"pdc0":210.0,"gamma_pdc":-0.00436,"gamma_r":-0.436}