{"Date":"5/22/2012","Version":"NRELv1","Technology":"Mono-c-Si","BIPV":"N","A_c":1.9169999999999998,"N_s":72.0,"T_NOCT":46.2,"I_sc_ref":8.86,"V_oc_ref":44.77,"I_mp_ref":8.43,"V_mp_ref":36.2,"alpha_sc":0.006698000000000001,"beta_oc":-0.18136,"a_ref":1.9027,"I_L_ref":8.952,"I_o_ref":5.38e-10,"R_s":0.358,"R_sh_ref":968.96,"Adjust":-7.189,"PTC":275.8,"pdc0":305.0,"gamma_pdc":-0.00436,"gamma_r":-0.436}