{"Date":"5/22/2012","Version":"NRELv1","Technology":"Mono-c-Si","BIPV":"N","A_c":1.9169999999999998,"N_s":72.0,"T_NOCT":46.2,"I_sc_ref":8.55,"V_oc_ref":44.49,"I_mp_ref":7.96,"V_mp_ref":35.8,"alpha_sc":0.006464,"beta_oc":-0.18023,"a_ref":1.9003,"I_L_ref":8.562999999999999,"I_o_ref":5.7e-10,"R_s":0.396,"R_sh_ref":265.83,"Adjust":-6.3839999999999995,"PTC":257.2,"pdc0":285.0,"gamma_pdc":-0.00436,"gamma_r":-0.436}