{"Date":"5/22/2012","Version":"NRELv1","Technology":"Mono-c-Si","BIPV":"N","A_c":1.9169999999999998,"N_s":72.0,"T_NOCT":46.2,"I_sc_ref":8.78,"V_oc_ref":44.7,"I_mp_ref":8.31,"V_mp_ref":36.1,"alpha_sc":0.006638,"beta_oc":-0.18108,"a_ref":1.9044,"I_L_ref":8.875,"I_o_ref":5.609999999999999e-10,"R_s":0.366,"R_sh_ref":430.01,"Adjust":-6.7860000000000005,"PTC":271.2,"pdc0":300.0,"gamma_pdc":-0.00436,"gamma_r":-0.436}