{"Date":"5/22/2012","Version":"NRELv1","Technology":"Mono-c-Si","BIPV":"N","A_c":1.262,"N_s":72.0,"T_NOCT":47.3,"I_sc_ref":5.52,"V_oc_ref":44.7,"I_mp_ref":5.12,"V_mp_ref":36.1,"alpha_sc":0.003974,"beta_oc":-0.17303,"a_ref":1.9252,"I_L_ref":5.53,"I_o_ref":4.4499999999999996e-10,"R_s":0.583,"R_sh_ref":331.63,"Adjust":-0.4207,"PTC":165.5,"pdc0":185.0,"gamma_pdc":-0.00447,"gamma_r":-0.447}