{"Date":"5/22/2012","Version":"NRELv1","Technology":"Mono-c-Si","BIPV":"N","A_c":1.262,"N_s":72.0,"T_NOCT":47.3,"I_sc_ref":5.58,"V_oc_ref":44.8,"I_mp_ref":5.21,"V_mp_ref":36.5,"alpha_sc":0.004018,"beta_oc":-0.17342,"a_ref":1.9321,"I_L_ref":5.586,"I_o_ref":4.669999999999999e-10,"R_s":0.507,"R_sh_ref":472.74,"Adjust":-0.1331,"PTC":170.1,"pdc0":190.0,"gamma_pdc":-0.00447,"gamma_r":-0.447}