{"Date":"5/22/2012","Version":"NRELv1","Technology":"Mono-c-Si","BIPV":"N","A_c":1.262,"N_s":72.0,"T_NOCT":47.3,"I_sc_ref":5.07,"V_oc_ref":43.2,"I_mp_ref":4.57,"V_mp_ref":35.0,"alpha_sc":0.00365,"beta_oc":-0.16723,"a_ref":1.8991,"I_L_ref":5.091,"I_o_ref":6.320000000000001e-10,"R_s":0.575,"R_sh_ref":141.5,"Adjust":3.2489999999999997,"PTC":142.6,"pdc0":160.0,"gamma_pdc":-0.00447,"gamma_r":-0.447}