{"Date":"5/22/2012","Version":"NRELv1","Technology":"Mono-c-Si","BIPV":"N","A_c":1.9169999999999998,"N_s":72.0,"T_NOCT":46.2,"I_sc_ref":8.71,"V_oc_ref":44.63,"I_mp_ref":8.19,"V_mp_ref":36.0,"alpha_sc":0.006585,"beta_oc":-0.1808,"a_ref":1.8976,"I_L_ref":8.715,"I_o_ref":5.28e-10,"R_s":0.379,"R_sh_ref":712.2,"Adjust":-7.132999999999999,"PTC":266.5,"pdc0":295.0,"gamma_pdc":-0.00436,"gamma_r":-0.436}