{"Date":"5/22/2012","Version":"NRELv1","Technology":"Mono-c-Si","BIPV":"N","A_c":1.6780000000000002,"N_s":96.0,"T_NOCT":47.3,"I_sc_ref":5.71,"V_oc_ref":59.28,"I_mp_ref":5.29,"V_mp_ref":48.24,"alpha_sc":0.004111,"beta_oc":-0.22946999999999998,"a_ref":2.5671,"I_L_ref":5.72,"I_o_ref":5.21e-10,"R_s":0.665,"R_sh_ref":390.11,"Adjust":0.5904,"PTC":228.4,"pdc0":255.0,"gamma_pdc":-0.00447,"gamma_r":-0.447}