{"Date":"5/22/2012","Version":"NRELv1","Technology":"Mono-c-Si","BIPV":"N","A_c":1.6780000000000002,"N_s":96.0,"T_NOCT":47.3,"I_sc_ref":5.48,"V_oc_ref":58.56,"I_mp_ref":5.05,"V_mp_ref":47.52,"alpha_sc":0.003946,"beta_oc":-0.22669,"a_ref":2.54,"I_L_ref":5.492000000000001,"I_o_ref":5.16e-10,"R_s":0.7140000000000001,"R_sh_ref":323.89,"Adjust":0.858,"PTC":214.6,"pdc0":240.0,"gamma_pdc":-0.00447,"gamma_r":-0.447}