{"Date":"5/22/2012","Version":"NRELv1","Technology":"Mono-c-Si","BIPV":"N","A_c":1.6780000000000002,"N_s":96.0,"T_NOCT":47.3,"I_sc_ref":5.56,"V_oc_ref":58.8,"I_mp_ref":5.13,"V_mp_ref":47.76,"alpha_sc":0.0040030000000000005,"beta_oc":-0.22762,"a_ref":2.5499,"I_L_ref":5.572,"I_o_ref":5.220000000000001e-10,"R_s":0.696,"R_sh_ref":335.22,"Adjust":0.831,"PTC":219.2,"pdc0":245.0,"gamma_pdc":-0.00447,"gamma_r":-0.447}