{"Date":"4/28/2008","Version":"MM105","Technology":"Mono-c-Si","BIPV":"Y","A_c":0.12,"N_s":6.0,"T_NOCT":59.4,"I_sc_ref":5.07,"V_oc_ref":3.7,"I_mp_ref":4.89,"V_mp_ref":2.96,"alpha_sc":5.1e-05,"beta_oc":-0.01214,"a_ref":0.1476,"I_L_ref":5.162000000000001,"I_o_ref":6.72e-11,"R_s":0.062,"R_sh_ref":100000.0,"Adjust":2.2,"PTC":11.5,"pdc0":14.0,"gamma_pdc":-0.0046700000000000005,"gamma_r":-0.467}