{"Date":"6/14/2010","Version":"MM107","Technology":"Mono-c-Si","BIPV":"N","A_c":1.262,"N_s":72.0,"T_NOCT":48.2,"I_sc_ref":5.17,"V_oc_ref":44.8,"I_mp_ref":4.86,"V_mp_ref":36.0,"alpha_sc":0.002327,"beta_oc":-0.18099,"a_ref":2.062,"I_L_ref":5.171,"I_o_ref":1.89e-09,"R_s":0.607,"R_sh_ref":4995.53,"Adjust":8.0,"PTC":150.8,"pdc0":175.0,"gamma_pdc":-0.005560000000000001,"gamma_r":-0.556}