{"Date":"6/14/2010","Version":"MM107","Technology":"Mono-c-Si","BIPV":"N","A_c":1.262,"N_s":72.0,"T_NOCT":48.2,"I_sc_ref":5.25,"V_oc_ref":45.3,"I_mp_ref":5.11,"V_mp_ref":36.2,"alpha_sc":0.002363,"beta_oc":-0.18300999999999998,"a_ref":2.0739,"I_L_ref":5.432,"I_o_ref":1.7699999999999999e-09,"R_s":0.633,"R_sh_ref":100000.0,"Adjust":7.0,"PTC":159.8,"pdc0":185.0,"gamma_pdc":-0.005560000000000001,"gamma_r":-0.556}