{"Date":"7/13/2012","Version":"NRELv1","Technology":"Multi-c-Si","BIPV":"N","A_c":1.94,"N_s":72.0,"T_NOCT":48.7,"I_sc_ref":8.23,"V_oc_ref":43.3,"I_mp_ref":7.69,"V_mp_ref":34.46,"alpha_sc":0.004981,"beta_oc":-0.15653,"a_ref":1.899,"I_L_ref":8.238,"I_o_ref":1.02e-09,"R_s":0.44299999999999995,"R_sh_ref":463.58,"Adjust":10.57,"PTC":231.4,"pdc0":265.0,"gamma_pdc":-0.00498,"gamma_r":-0.498}