{"Date":"10.04.2010","Version":"MM107","Technology":"Multi-c-Si","BIPV":"N","A_c":1.609,"N_s":60.0,"T_NOCT":48.5,"I_sc_ref":8.55,"V_oc_ref":35.4,"I_mp_ref":7.63,"V_mp_ref":29.5,"alpha_sc":0.0034200000000000003,"beta_oc":-0.11327999999999999,"a_ref":1.5312,"I_L_ref":8.576,"I_o_ref":7.23e-10,"R_s":0.16699999999999998,"R_sh_ref":54.96,"Adjust":21.5,"PTC":199.6,"pdc0":225.0,"gamma_pdc":-0.0045000000000000005,"gamma_r":-0.45}