{"Date":"7/13/2012","Version":"NRELv1","Technology":"Multi-c-Si","BIPV":"N","A_c":1.94,"N_s":72.0,"T_NOCT":48.7,"I_sc_ref":8.51,"V_oc_ref":44.49,"I_mp_ref":8.05,"V_mp_ref":35.4,"alpha_sc":0.005151,"beta_oc":-0.16083,"a_ref":1.9472,"I_L_ref":8.601,"I_o_ref":1.02e-09,"R_s":0.43700000000000006,"R_sh_ref":622.19,"Adjust":10.19,"PTC":249.5,"pdc0":285.0,"gamma_pdc":-0.00498,"gamma_r":-0.498}