{"Date":"10.04.2010","Version":"MM107","Technology":"Multi-c-Si","BIPV":"N","A_c":1.921,"N_s":72.0,"T_NOCT":48.5,"I_sc_ref":8.26,"V_oc_ref":42.6,"I_mp_ref":7.36,"V_mp_ref":36.0,"alpha_sc":0.003304,"beta_oc":-0.13632,"a_ref":1.8598,"I_L_ref":8.276,"I_o_ref":8.62e-10,"R_s":0.127,"R_sh_ref":66.76,"Adjust":23.6,"PTC":235.0,"pdc0":265.0,"gamma_pdc":-0.0045000000000000005,"gamma_r":-0.45}