{"Date":"04.02.2013","Version":"NRELv1","Technology":"Multi-c-Si","BIPV":"N","A_c":1.94,"N_s":72.0,"T_NOCT":47.8,"I_sc_ref":8.91,"V_oc_ref":45.49,"I_mp_ref":8.43,"V_mp_ref":36.18,"alpha_sc":0.005346,"beta_oc":-0.15467,"a_ref":1.8596,"I_L_ref":9.009,"I_o_ref":2.11e-10,"R_s":0.461,"R_sh_ref":406.83,"Adjust":2.8360000000000003,"PTC":274.0,"pdc0":305.0,"gamma_pdc":-0.0043,"gamma_r":-0.43}