{"Date":"07.08.2009","Version":"MM106","Technology":"Multi-c-Si","BIPV":"N","A_c":1.008,"N_s":36.0,"T_NOCT":43.0,"I_sc_ref":7.9,"V_oc_ref":21.8,"I_mp_ref":7.23,"V_mp_ref":17.3,"alpha_sc":0.0033729999999999997,"beta_oc":-0.07929,"a_ref":0.9636,"I_L_ref":7.926,"I_o_ref":1.14e-09,"R_s":0.24100000000000002,"R_sh_ref":72.77,"Adjust":11.4,"PTC":112.4,"pdc0":125.0,"gamma_pdc":-0.0051,"gamma_r":-0.51}