{"Date":"11.01.2013","Version":"NRELv1","Technology":"Mono-c-Si","BIPV":"N","A_c":1.46,"N_s":60.0,"T_NOCT":45.9,"I_sc_ref":9.08,"V_oc_ref":38.2,"I_mp_ref":8.38,"V_mp_ref":31.7,"alpha_sc":0.0073549999999999996,"beta_oc":-0.14249,"a_ref":1.7169,"I_L_ref":9.092,"I_o_ref":1.9100000000000002e-09,"R_s":0.172,"R_sh_ref":133.01,"Adjust":11.72,"PTC":239.3,"pdc0":265.0,"gamma_pdc":-0.00466,"gamma_r":-0.466}