{"Date":"1/23/2009","Version":"MM106","Technology":"Multi-c-Si","BIPV":"N","A_c":1.3840000000000001,"N_s":50.0,"T_NOCT":47.3,"I_sc_ref":8.03,"V_oc_ref":30.4,"I_mp_ref":7.45,"V_mp_ref":24.2,"alpha_sc":0.005878,"beta_oc":-0.10363,"a_ref":1.2827,"I_L_ref":8.046,"I_o_ref":4.0099999999999996e-10,"R_s":0.33299999999999996,"R_sh_ref":162.27,"Adjust":8.7,"PTC":160.7,"pdc0":180.0,"gamma_pdc":-0.00443,"gamma_r":-0.44299999999999995}