{"Technology":"Mono-c-Si","BIPV":"N","A_c":1.6469999999999998,"N_s":60.0,"T_NOCT":46.0,"PTC":252.2,"pdc0":280.0,"gamma_pdc":-0.0046500000000000005}