{"Date":"1/23/2009","Version":"MM106","Technology":"Multi-c-Si","BIPV":"N","A_c":1.3840000000000001,"N_s":50.0,"T_NOCT":47.3,"I_sc_ref":7.93,"V_oc_ref":30.2,"I_mp_ref":7.32,"V_mp_ref":23.9,"alpha_sc":0.005804999999999999,"beta_oc":-0.10295,"a_ref":1.2733,"I_L_ref":7.952000000000001,"I_o_ref":3.86e-10,"R_s":0.358,"R_sh_ref":130.24,"Adjust":8.5,"PTC":156.1,"pdc0":175.0,"gamma_pdc":-0.00443,"gamma_r":-0.44299999999999995}