{"Date":"11.01.2005","Version":NaN,"Technology":"Multi-c-Si","BIPV":"N","A_c":1.0,"N_s":40.0,"T_NOCT":45.0,"I_sc_ref":7.39,"V_oc_ref":24.2,"I_mp_ref":6.79,"V_mp_ref":19.2,"alpha_sc":0.065,"beta_oc":-0.0358,"a_ref":1.06701,"I_L_ref":7.411230000000001,"I_o_ref":1.01e-09,"R_s":0.28642399999999996,"R_sh_ref":99.7134,"Adjust":12.4457,"PTC":NaN,"pdc0":130.0,"gamma_pdc":-0.00491,"gamma_r":-0.491}