{"Date":"01.04.2010","Version":"MM106","Technology":"Multi-c-Si","BIPV":"N","A_c":1.6480000000000001,"N_s":60.0,"T_NOCT":47.0,"I_sc_ref":8.3,"V_oc_ref":36.4,"I_mp_ref":7.5,"V_mp_ref":30.0,"alpha_sc":0.01245,"beta_oc":-0.11648,"a_ref":1.6269999999999998,"I_L_ref":8.323,"I_o_ref":1.51e-09,"R_s":0.212,"R_sh_ref":76.13,"Adjust":28.0,"PTC":203.2,"pdc0":225.0,"gamma_pdc":-0.0040999999999999995,"gamma_r":-0.41}