{"Date":"1/20/2009","Version":"MM106","Technology":"Multi-c-Si","BIPV":"N","A_c":1.3840000000000001,"N_s":50.0,"T_NOCT":47.4,"I_sc_ref":8.23,"V_oc_ref":30.8,"I_mp_ref":7.71,"V_mp_ref":24.7,"alpha_sc":0.003144,"beta_oc":-0.10032,"a_ref":1.2532,"I_L_ref":8.24,"I_o_ref":1.72e-10,"R_s":0.313,"R_sh_ref":269.36,"Adjust":6.5,"PTC":169.8,"pdc0":190.0,"gamma_pdc":-0.00443,"gamma_r":-0.44299999999999995}