{"Date":"01.04.2010","Version":"MM106","Technology":"Multi-c-Si","BIPV":"N","A_c":1.6480000000000001,"N_s":60.0,"T_NOCT":47.0,"I_sc_ref":8.39,"V_oc_ref":36.6,"I_mp_ref":7.62,"V_mp_ref":30.2,"alpha_sc":0.012584999999999999,"beta_oc":-0.11712,"a_ref":1.6322,"I_L_ref":8.41,"I_o_ref":1.46e-09,"R_s":0.207,"R_sh_ref":84.68,"Adjust":27.5,"PTC":207.8,"pdc0":230.0,"gamma_pdc":-0.0040999999999999995,"gamma_r":-0.41}