{"Date":"2/16/2010","Version":"MM107","Technology":"Multi-c-Si","BIPV":"N","A_c":1.6480000000000001,"N_s":60.0,"T_NOCT":45.5,"I_sc_ref":8.25,"V_oc_ref":36.3,"I_mp_ref":7.44,"V_mp_ref":29.3,"alpha_sc":0.010725,"beta_oc":-0.1089,"a_ref":1.5186,"I_L_ref":8.289,"I_o_ref":3.23e-10,"R_s":0.335,"R_sh_ref":70.81,"Adjust":20.7,"PTC":200.1,"pdc0":218.0,"gamma_pdc":-0.0037,"gamma_r":-0.37}