{"Date":"07.08.2009","Version":"MM106","Technology":"Multi-c-Si","BIPV":"N","A_c":1.383,"N_s":50.0,"T_NOCT":45.0,"I_sc_ref":7.83,"V_oc_ref":29.9,"I_mp_ref":7.19,"V_mp_ref":23.7,"alpha_sc":0.003343,"beta_oc":-0.10875,"a_ref":1.3177,"I_L_ref":7.853,"I_o_ref":1.06e-09,"R_s":0.33799999999999997,"R_sh_ref":113.9,"Adjust":10.8,"PTC":150.9,"pdc0":170.0,"gamma_pdc":-0.0051,"gamma_r":-0.51}