{"Date":"4/28/2008","Version":"MM105","Technology":"Multi-c-Si","BIPV":"N","A_c":1.383,"N_s":50.0,"T_NOCT":46.4,"I_sc_ref":8.13,"V_oc_ref":30.6,"I_mp_ref":7.58,"V_mp_ref":24.4,"alpha_sc":0.00613,"beta_oc":-0.10487,"a_ref":1.2879,"I_L_ref":8.142000000000001,"I_o_ref":3.8399999999999997e-10,"R_s":0.325,"R_sh_ref":218.37,"Adjust":7.6,"PTC":166.2,"pdc0":185.0,"gamma_pdc":-0.0044,"gamma_r":-0.44}