{"Date":"2/16/2010","Version":"MM107","Technology":"Multi-c-Si","BIPV":"N","A_c":1.6480000000000001,"N_s":60.0,"T_NOCT":45.5,"I_sc_ref":8.13,"V_oc_ref":36.1,"I_mp_ref":7.31,"V_mp_ref":29.0,"alpha_sc":0.010569,"beta_oc":-0.1083,"a_ref":1.5091,"I_L_ref":8.173,"I_o_ref":3.12e-10,"R_s":0.36,"R_sh_ref":67.72,"Adjust":20.5,"PTC":194.5,"pdc0":212.0,"gamma_pdc":-0.0037,"gamma_r":-0.37}