{"Date":"2/16/2010","Version":"MM107","Technology":"Multi-c-Si","BIPV":"N","A_c":1.6480000000000001,"N_s":60.0,"T_NOCT":45.5,"I_sc_ref":8.37,"V_oc_ref":36.6,"I_mp_ref":7.56,"V_mp_ref":29.6,"alpha_sc":0.010881,"beta_oc":-0.1098,"a_ref":1.5317,"I_L_ref":8.407,"I_o_ref":3.31e-10,"R_s":0.324,"R_sh_ref":72.51,"Adjust":20.8,"PTC":205.7,"pdc0":224.0,"gamma_pdc":-0.0037,"gamma_r":-0.37}