{"Date":"2/17/2011","Version":"MM107","Technology":"Multi-c-Si","BIPV":"N","A_c":1.6480000000000001,"N_s":60.0,"T_NOCT":47.0,"I_sc_ref":8.2,"V_oc_ref":36.2,"I_mp_ref":7.39,"V_mp_ref":29.7,"alpha_sc":0.0123,"beta_oc":-0.11584000000000001,"a_ref":1.6169,"I_L_ref":8.226,"I_o_ref":1.46e-09,"R_s":0.23399999999999999,"R_sh_ref":72.87,"Adjust":27.8,"PTC":198.6,"pdc0":220.0,"gamma_pdc":-0.0040999999999999995,"gamma_r":-0.41}