{"Date":"2/17/2011","Version":"MM107","Technology":"Multi-c-Si","BIPV":"N","A_c":1.6480000000000001,"N_s":60.0,"T_NOCT":47.0,"I_sc_ref":8.49,"V_oc_ref":36.8,"I_mp_ref":7.71,"V_mp_ref":30.5,"alpha_sc":0.012735,"beta_oc":-0.11775999999999999,"a_ref":1.6453,"I_L_ref":8.509,"I_o_ref":1.56e-09,"R_s":0.185,"R_sh_ref":83.53,"Adjust":28.1,"PTC":212.4,"pdc0":235.0,"gamma_pdc":-0.0040999999999999995,"gamma_r":-0.41}