{"Date":"2/17/2011","Version":"MM107","Technology":"Multi-c-Si","BIPV":"N","A_c":1.383,"N_s":50.0,"T_NOCT":45.2,"I_sc_ref":8.36,"V_oc_ref":30.5,"I_mp_ref":7.56,"V_mp_ref":25.1,"alpha_sc":0.010366,"beta_oc":-0.10309000000000001,"a_ref":1.3162,"I_L_ref":8.386000000000001,"I_o_ref":6.819999999999999e-10,"R_s":0.195,"R_sh_ref":62.37,"Adjust":13.6,"PTC":174.3,"pdc0":190.0,"gamma_pdc":-0.00381,"gamma_r":-0.381}