{"Date":"04.04.2011","Version":"MM107","Technology":"Mono-c-Si","BIPV":"N","A_c":1.6340000000000001,"N_s":60.0,"T_NOCT":46.3,"I_sc_ref":7.86,"V_oc_ref":36.34,"I_mp_ref":7.47,"V_mp_ref":30.12,"alpha_sc":0.0039299999999999995,"beta_oc":-0.12719,"a_ref":1.6069,"I_L_ref":7.89,"I_o_ref":1.19e-09,"R_s":0.201,"R_sh_ref":100000.0,"Adjust":16.0,"PTC":199.3,"pdc0":225.0,"gamma_pdc":-0.005,"gamma_r":-0.5}