{"Date":"12.01.2011","Version":"NRELv1","Technology":"Mono-c-Si","BIPV":"N","A_c":1.9340000000000002,"N_s":72.0,"T_NOCT":46.3,"I_sc_ref":8.45,"V_oc_ref":44.72,"I_mp_ref":7.79,"V_mp_ref":37.2,"alpha_sc":0.004225,"beta_oc":-0.15652,"a_ref":2.0142,"I_L_ref":8.461,"I_o_ref":1.8600000000000002e-09,"R_s":0.20199999999999999,"R_sh_ref":159.66,"Adjust":19.92,"PTC":257.5,"pdc0":290.0,"gamma_pdc":-0.005,"gamma_r":-0.5}