{"Date":"04.04.2011","Version":"MM107","Technology":"Mono-c-Si","BIPV":"N","A_c":1.9340000000000002,"N_s":72.0,"T_NOCT":46.3,"I_sc_ref":8.09,"V_oc_ref":43.79,"I_mp_ref":7.48,"V_mp_ref":36.76,"alpha_sc":0.004045,"beta_oc":-0.15327000000000002,"a_ref":1.9808,"I_L_ref":8.097000000000001,"I_o_ref":1.9699999999999996e-09,"R_s":0.155,"R_sh_ref":178.93,"Adjust":20.7,"PTC":243.8,"pdc0":275.0,"gamma_pdc":-0.005,"gamma_r":-0.5}