{"Date":"04.04.2011","Version":"MM107","Technology":"Mono-c-Si","BIPV":"N","A_c":1.6340000000000001,"N_s":60.0,"T_NOCT":46.3,"I_sc_ref":8.35,"V_oc_ref":37.48,"I_mp_ref":7.76,"V_mp_ref":31.6,"alpha_sc":0.004175,"beta_oc":-0.13118,"a_ref":1.6943,"I_L_ref":8.355,"I_o_ref":2.0100000000000003e-09,"R_s":0.109,"R_sh_ref":183.68,"Adjust":20.6,"PTC":217.6,"pdc0":245.0,"gamma_pdc":-0.005,"gamma_r":-0.5}