{"Date":"10/20/2011","Version":"NRELv1","Technology":"Multi-c-Si","BIPV":"N","A_c":1.9680000000000002,"N_s":72.0,"T_NOCT":45.8,"I_sc_ref":8.02,"V_oc_ref":44.5,"I_mp_ref":7.4,"V_mp_ref":35.8,"alpha_sc":0.006512,"beta_oc":-0.16559000000000001,"a_ref":1.9135,"I_L_ref":8.039,"I_o_ref":6.189999999999999e-10,"R_s":0.42200000000000004,"R_sh_ref":180.13,"Adjust":3.1660000000000004,"PTC":239.0,"pdc0":265.0,"gamma_pdc":-0.004379999999999999,"gamma_r":-0.43799999999999994}