{"Date":"08.01.2013","Version":"NRELv1","Technology":"Mono-c-Si","BIPV":"N","A_c":1.94,"N_s":72.0,"T_NOCT":45.6,"I_sc_ref":8.74,"V_oc_ref":45.2,"I_mp_ref":8.26,"V_mp_ref":35.9,"alpha_sc":0.00728,"beta_oc":-0.18654,"a_ref":1.9181,"I_L_ref":8.836,"I_o_ref":5.1e-10,"R_s":0.456,"R_sh_ref":453.91,"Adjust":-9.288,"PTC":272.1,"pdc0":300.0,"gamma_pdc":-0.004320000000000001,"gamma_r":-0.43200000000000005}