{"Date":"10/20/2011","Version":"NRELv1","Technology":"Mono-c-Si","BIPV":"N","A_c":1.2770000000000001,"N_s":72.0,"T_NOCT":46.0,"I_sc_ref":5.44,"V_oc_ref":45.4,"I_mp_ref":5.25,"V_mp_ref":36.2,"alpha_sc":0.003351,"beta_oc":-0.1678,"a_ref":1.8749,"I_L_ref":5.611000000000001,"I_o_ref":1.6899999999999999e-10,"R_s":0.711,"R_sh_ref":659.77,"Adjust":-3.54,"PTC":171.8,"pdc0":190.0,"gamma_pdc":-0.00434,"gamma_r":-0.434}