{"Date":"11.09.2009","Version":"MM106","Technology":"Multi-c-Si","BIPV":"N","A_c":1.311,"N_s":48.0,"T_NOCT":49.2,"I_sc_ref":7.72,"V_oc_ref":28.8,"I_mp_ref":7.14,"V_mp_ref":23.8,"alpha_sc":0.008569,"beta_oc":-0.10659,"a_ref":1.3861,"I_L_ref":7.727,"I_o_ref":7.1400000000000006e-09,"R_s":0.142,"R_sh_ref":153.31,"Adjust":26.7,"PTC":146.5,"pdc0":170.0,"gamma_pdc":-0.00526,"gamma_r":-0.526}