{"Date":"11.09.2009","Version":"MM106","Technology":"Mono-c-Si","BIPV":"N","A_c":1.301,"N_s":72.0,"T_NOCT":48.7,"I_sc_ref":4.94,"V_oc_ref":43.78,"I_mp_ref":4.57,"V_mp_ref":36.14,"alpha_sc":0.00494,"beta_oc":-0.16199000000000002,"a_ref":2.0062,"I_L_ref":4.946000000000001,"I_o_ref":1.6e-09,"R_s":0.392,"R_sh_ref":329.74,"Adjust":16.3,"PTC":144.7,"pdc0":165.0,"gamma_pdc":-0.00476,"gamma_r":-0.47600000000000003}