{"Date":"10.01.2014","Version":"NRELv1","Technology":"Mono-c-Si","BIPV":"N","A_c":0.98,"N_s":36.0,"T_NOCT":46.0,"I_sc_ref":8.59,"V_oc_ref":22.57,"I_mp_ref":8.19,"V_mp_ref":18.36,"alpha_sc":0.004615,"beta_oc":-0.08044,"a_ref":0.9733,"I_L_ref":8.677,"I_o_ref":7.34e-10,"R_s":0.16699999999999998,"R_sh_ref":1035.34,"Adjust":8.82,"PTC":134.2,"pdc0":150.0,"gamma_pdc":-0.0048,"gamma_r":-0.48}