{"Date":"05.01.2014","Version":"NRELv1","Technology":"Mono-c-Si","BIPV":"N","A_c":1.6269999999999998,"N_s":60.0,"T_NOCT":45.0,"I_sc_ref":9.1,"V_oc_ref":39.2,"I_mp_ref":8.68,"V_mp_ref":31.1,"alpha_sc":0.00118,"beta_oc":-0.12347999999999999,"a_ref":1.5503,"I_L_ref":9.193999999999999,"I_o_ref":9.559999999999999e-11,"R_s":0.409,"R_sh_ref":1301.09,"Adjust":4.547,"PTC":245.0,"pdc0":270.0,"gamma_pdc":-0.00451,"gamma_r":-0.451}