{"Date":"05.01.2014","Version":"NRELv1","Technology":"Multi-c-Si","BIPV":"N","A_c":1.6269999999999998,"N_s":60.0,"T_NOCT":43.8,"I_sc_ref":8.55,"V_oc_ref":38.2,"I_mp_ref":8.28,"V_mp_ref":30.8,"alpha_sc":0.00248,"beta_oc":-0.13103,"a_ref":1.5949,"I_L_ref":8.815,"I_o_ref":3.46e-10,"R_s":0.33,"R_sh_ref":495.07,"Adjust":6.609,"PTC":231.3,"pdc0":255.0,"gamma_pdc":-0.00475,"gamma_r":-0.475}