{"Date":"07.12.2011","Version":"MM107","Technology":"Multi-c-Si","BIPV":"N","A_c":1.933,"N_s":72.0,"T_NOCT":47.9,"I_sc_ref":8.29,"V_oc_ref":44.6,"I_mp_ref":7.84,"V_mp_ref":35.1,"alpha_sc":0.0036479999999999998,"beta_oc":-0.15209,"a_ref":1.8401,"I_L_ref":8.307,"I_o_ref":2.47e-10,"R_s":0.536,"R_sh_ref":100000.0,"Adjust":4.5,"PTC":243.9,"pdc0":275.0,"gamma_pdc":-0.00464,"gamma_r":-0.46399999999999997}