{"Date":"01.05.2010","Version":"MM106","Technology":"Mono-c-Si","BIPV":"N","A_c":1.2770000000000001,"N_s":72.0,"T_NOCT":47.8,"I_sc_ref":5.03,"V_oc_ref":41.4,"I_mp_ref":4.49,"V_mp_ref":34.5,"alpha_sc":0.0028940000000000003,"beta_oc":-0.1661,"a_ref":1.9639,"I_L_ref":5.041,"I_o_ref":3.2799999999999994e-09,"R_s":0.25,"R_sh_ref":117.48,"Adjust":14.1,"PTC":135.1,"pdc0":155.0,"gamma_pdc":-0.00513,"gamma_r":-0.513}