{"Date":"04.02.2013","Version":"NRELv1","Technology":"Multi-c-Si","BIPV":"N","A_c":1.933,"N_s":72.0,"T_NOCT":47.9,"I_sc_ref":8.35,"V_oc_ref":44.8,"I_mp_ref":7.95,"V_mp_ref":35.2,"alpha_sc":0.003674,"beta_oc":-0.15277000000000002,"a_ref":1.8459,"I_L_ref":8.435,"I_o_ref":2.43e-10,"R_s":0.54,"R_sh_ref":3785.74,"Adjust":4.388999999999999,"PTC":248.5,"pdc0":280.0,"gamma_pdc":-0.00464,"gamma_r":-0.46399999999999997}