{"Date":"01.05.2010","Version":"MM106","Technology":"Multi-c-Si","BIPV":"N","A_c":1.645,"N_s":60.0,"T_NOCT":47.2,"I_sc_ref":7.9,"V_oc_ref":36.42,"I_mp_ref":7.23,"V_mp_ref":28.35,"alpha_sc":0.004033,"beta_oc":-0.13759000000000002,"a_ref":1.6561,"I_L_ref":7.9270000000000005,"I_o_ref":2.1600000000000004e-09,"R_s":0.47600000000000003,"R_sh_ref":139.34,"Adjust":12.8,"PTC":177.9,"pdc0":205.0,"gamma_pdc":-0.00544,"gamma_r":-0.544}