{"Date":"04.02.2013","Version":"NRELv1","Technology":"Multi-c-Si","BIPV":"N","A_c":1.923,"N_s":72.0,"T_NOCT":47.8,"I_sc_ref":8.66,"V_oc_ref":45.6,"I_mp_ref":8.36,"V_mp_ref":35.9,"alpha_sc":0.002078,"beta_oc":-0.15048,"a_ref":1.8299,"I_L_ref":8.933,"I_o_ref":1.33e-10,"R_s":0.523,"R_sh_ref":437.93,"Adjust":2.5980000000000003,"PTC":267.7,"pdc0":300.0,"gamma_pdc":-0.00454,"gamma_r":-0.45399999999999996}