{"Date":"05.01.2014","Version":"NRELv1","Technology":"Multi-c-Si","BIPV":"N","A_c":1.6269999999999998,"N_s":60.0,"T_NOCT":44.3,"I_sc_ref":8.55,"V_oc_ref":38.6,"I_mp_ref":8.31,"V_mp_ref":31.3,"alpha_sc":0.0034200000000000003,"beta_oc":-0.13085,"a_ref":1.6163,"I_L_ref":8.812000000000001,"I_o_ref":3.73e-10,"R_s":0.307,"R_sh_ref":928.05,"Adjust":8.378,"PTC":235.7,"pdc0":260.0,"gamma_pdc":-0.0046700000000000005,"gamma_r":-0.467}