{"Date":"05.09.2011","Version":"MM107","Technology":"Multi-c-Si","BIPV":"N","A_c":1.933,"N_s":72.0,"T_NOCT":51.3,"I_sc_ref":8.26,"V_oc_ref":44.8,"I_mp_ref":7.78,"V_mp_ref":35.3,"alpha_sc":0.0033950000000000004,"beta_oc":-0.16589,"a_ref":1.92,"I_L_ref":8.26,"I_o_ref":6.07e-10,"R_s":0.518,"R_sh_ref":14129.52,"Adjust":3.5,"PTC":236.5,"pdc0":275.0,"gamma_pdc":-0.00501,"gamma_r":-0.501}