{"Date":"04.02.2013","Version":"NRELv1","Technology":"Mono-c-Si","BIPV":"N","A_c":1.6269999999999998,"N_s":60.0,"T_NOCT":47.2,"I_sc_ref":8.5,"V_oc_ref":36.8,"I_mp_ref":7.98,"V_mp_ref":29.4,"alpha_sc":-0.004335,"beta_oc":-0.1405,"a_ref":1.466,"I_L_ref":8.509,"I_o_ref":1.0500000000000001e-10,"R_s":0.386,"R_sh_ref":366.97,"Adjust":-11.75,"PTC":206.2,"pdc0":235.0,"gamma_pdc":-0.0052,"gamma_r":-0.52}