{"Date":"07.11.2011","Version":"MM107","Technology":"Multi-c-Si","BIPV":"N","A_c":1.6269999999999998,"N_s":60.0,"T_NOCT":47.9,"I_sc_ref":8.25,"V_oc_ref":36.7,"I_mp_ref":7.67,"V_mp_ref":28.7,"alpha_sc":0.0036299999999999995,"beta_oc":-0.12515,"a_ref":1.5208,"I_L_ref":8.267000000000001,"I_o_ref":2.68e-10,"R_s":0.474,"R_sh_ref":234.59,"Adjust":5.3,"PTC":194.9,"pdc0":220.0,"gamma_pdc":-0.00464,"gamma_r":-0.46399999999999997}