{"Date":"05.01.2014","Version":"NRELv1","Technology":"Mono-c-Si","BIPV":"N","A_c":1.6269999999999998,"N_s":60.0,"T_NOCT":45.0,"I_sc_ref":8.9,"V_oc_ref":38.6,"I_mp_ref":8.48,"V_mp_ref":30.7,"alpha_sc":0.00116,"beta_oc":-0.12159,"a_ref":1.5295,"I_L_ref":8.993,"I_o_ref":9.8e-11,"R_s":0.401,"R_sh_ref":856.19,"Adjust":4.949,"PTC":235.7,"pdc0":260.0,"gamma_pdc":-0.00451,"gamma_r":-0.451}