{"Technology":"Multi-c-Si","BIPV":"N","A_c":1.6130000000000002,"N_s":60.0,"T_NOCT":45.9,"PTC":220.9,"pdc0":245.0,"gamma_pdc":-0.00448}