{"Date":"3/30/2011","Version":"MM107","Technology":"Mono-c-Si","BIPV":"N","A_c":1.9340000000000002,"N_s":72.0,"T_NOCT":46.3,"I_sc_ref":8.08,"V_oc_ref":43.63,"I_mp_ref":7.38,"V_mp_ref":35.58,"alpha_sc":0.00404,"beta_oc":-0.15270999999999998,"a_ref":1.9543,"I_L_ref":8.1,"I_o_ref":1.56e-09,"R_s":0.318,"R_sh_ref":125.56,"Adjust":18.5,"PTC":239.2,"pdc0":270.0,"gamma_pdc":-0.005,"gamma_r":-0.5}