{"Date":"06.02.2011","Version":"MM107","Technology":"Mono-c-Si","BIPV":"N","A_c":1.9340000000000002,"N_s":72.0,"T_NOCT":46.3,"I_sc_ref":8.06,"V_oc_ref":43.54,"I_mp_ref":7.33,"V_mp_ref":36.15,"alpha_sc":0.00403,"beta_oc":-0.15239,"a_ref":1.9778,"I_L_ref":8.076,"I_o_ref":2.1100000000000004e-09,"R_s":0.212,"R_sh_ref":109.39,"Adjust":21.5,"PTC":234.7,"pdc0":265.0,"gamma_pdc":-0.005,"gamma_r":-0.5}