{"Date":"3/30/2011","Version":"MM107","Technology":"Multi-c-Si","BIPV":"N","A_c":1.6340000000000001,"N_s":60.0,"T_NOCT":45.9,"I_sc_ref":8.63,"V_oc_ref":36.8,"I_mp_ref":7.77,"V_mp_ref":29.6,"alpha_sc":0.004315,"beta_oc":-0.12144,"a_ref":1.5653,"I_L_ref":8.672,"I_o_ref":5.01e-10,"R_s":0.33299999999999996,"R_sh_ref":67.72,"Adjust":14.1,"PTC":206.9,"pdc0":230.0,"gamma_pdc":-0.0045000000000000005,"gamma_r":-0.45}