{"Date":"06.02.2011","Version":"MM107","Technology":"Mono-c-Si","BIPV":"N","A_c":1.2770000000000001,"N_s":72.0,"T_NOCT":45.8,"I_sc_ref":5.37,"V_oc_ref":44.6,"I_mp_ref":4.95,"V_mp_ref":37.4,"alpha_sc":0.002341,"beta_oc":-0.17215999999999998,"a_ref":2.0897,"I_L_ref":5.374,"I_o_ref":2.8000000000000003e-09,"R_s":0.21600000000000003,"R_sh_ref":260.33,"Adjust":16.5,"PTC":163.2,"pdc0":185.0,"gamma_pdc":-0.00536,"gamma_r":-0.536}