{"Date":"3/30/2011","Version":"MM107","Technology":"Mono-c-Si","BIPV":"N","A_c":1.9340000000000002,"N_s":72.0,"T_NOCT":46.3,"I_sc_ref":7.98,"V_oc_ref":43.42,"I_mp_ref":7.18,"V_mp_ref":36.1,"alpha_sc":0.00399,"beta_oc":-0.15197,"a_ref":1.9886,"I_L_ref":7.997999999999999,"I_o_ref":2.47e-09,"R_s":0.2,"R_sh_ref":87.48,"Adjust":23.2,"PTC":230.1,"pdc0":260.0,"gamma_pdc":-0.005,"gamma_r":-0.5}