{"Date":"7/13/2012","Version":"NRELv1","Technology":"a-Si/nc","BIPV":"N","A_c":1.54,"N_s":63.0,"T_NOCT":44.7,"I_sc_ref":2.56,"V_oc_ref":85.9,"I_mp_ref":2.43,"V_mp_ref":65.9,"alpha_sc":0.00128,"beta_oc":-0.33501,"a_ref":3.2831,"I_L_ref":2.588,"I_o_ref":1.1199999999999999e-11,"R_s":4.331,"R_sh_ref":5372.02,"Adjust":-21.77,"PTC":146.0,"pdc0":160.0,"gamma_pdc":-0.0039000000000000003,"gamma_r":-0.39}