{"Date":"5/22/2012","Version":"NRELv1","Technology":"Multi-c-Si","BIPV":"N","A_c":1.663,"N_s":60.0,"T_NOCT":47.2,"I_sc_ref":8.29,"V_oc_ref":36.7,"I_mp_ref":7.74,"V_mp_ref":29.2,"alpha_sc":0.0038799999999999998,"beta_oc":-0.11599999999999999,"a_ref":1.5499,"I_L_ref":8.301,"I_o_ref":4.2500000000000003e-10,"R_s":0.39,"R_sh_ref":298.66,"Adjust":18.05,"PTC":199.3,"pdc0":225.0,"gamma_pdc":-0.00477,"gamma_r":-0.47700000000000004}