{"Date":"5/22/2012","Version":"NRELv1","Technology":"Mono-c-Si","BIPV":"N","A_c":1.952,"N_s":72.0,"T_NOCT":47.5,"I_sc_ref":8.45,"V_oc_ref":44.4,"I_mp_ref":7.9,"V_mp_ref":36.1,"alpha_sc":0.002232,"beta_oc":-0.13831,"a_ref":1.7803,"I_L_ref":8.462,"I_o_ref":1.2200000000000002e-10,"R_s":0.377,"R_sh_ref":272.14,"Adjust":8.45,"PTC":255.6,"pdc0":285.0,"gamma_pdc":-0.00434,"gamma_r":-0.434}