{"Date":"5/22/2012","Version":"NRELv1","Technology":"Mono-c-Si","BIPV":"N","A_c":1.952,"N_s":72.0,"T_NOCT":47.5,"I_sc_ref":8.35,"V_oc_ref":44.16,"I_mp_ref":7.8,"V_mp_ref":35.9,"alpha_sc":0.002206,"beta_oc":-0.13756,"a_ref":1.7714,"I_L_ref":8.362,"I_o_ref":1.2200000000000002e-10,"R_s":0.38,"R_sh_ref":259.99,"Adjust":8.53,"PTC":251.0,"pdc0":280.0,"gamma_pdc":-0.00434,"gamma_r":-0.434}