{"Date":"7/13/2012","Version":"NRELv1","Technology":"Mono-c-Si","BIPV":"N","A_c":1.952,"N_s":72.0,"T_NOCT":50.1,"I_sc_ref":8.9,"V_oc_ref":45.4,"I_mp_ref":8.43,"V_mp_ref":36.77,"alpha_sc":0.0036490000000000003,"beta_oc":-0.15708,"a_ref":1.8614,"I_L_ref":8.9,"I_o_ref":2.2700000000000002e-10,"R_s":0.373,"R_sh_ref":10274.7,"Adjust":1.911,"PTC":274.1,"pdc0":310.0,"gamma_pdc":-0.00446,"gamma_r":-0.446}