{"Date":"5/22/2012","Version":"NRELv1","Technology":"Multi-c-Si","BIPV":"N","A_c":1.952,"N_s":72.0,"T_NOCT":47.5,"I_sc_ref":8.13,"V_oc_ref":42.85,"I_mp_ref":7.6,"V_mp_ref":34.8,"alpha_sc":0.0023239999999999997,"beta_oc":-0.13567,"a_ref":1.8104,"I_L_ref":8.139,"I_o_ref":4.21e-10,"R_s":0.359,"R_sh_ref":324.77,"Adjust":18.14,"PTC":234.1,"pdc0":265.0,"gamma_pdc":-0.0048200000000000005,"gamma_r":-0.48200000000000004}