{"Date":"5/22/2012","Version":"NRELv1","Technology":"Mono-c-Si","BIPV":"N","A_c":2.574,"N_s":96.0,"T_NOCT":46.9,"I_sc_ref":8.82,"V_oc_ref":59.8,"I_mp_ref":8.26,"V_mp_ref":48.43,"alpha_sc":0.007762000000000001,"beta_oc":-0.21766999999999997,"a_ref":2.6431,"I_L_ref":8.826,"I_o_ref":1.3e-09,"R_s":0.451,"R_sh_ref":635.58,"Adjust":11.1,"PTC":357.1,"pdc0":400.0,"gamma_pdc":-0.004699999999999999,"gamma_r":-0.47}