{"Date":"9/18/2014","Version":"NRELv1","Technology":"Multi-c-Si","BIPV":"N","A_c":1.611,"N_s":60.0,"T_NOCT":46.5,"I_sc_ref":8.76,"V_oc_ref":37.47,"I_mp_ref":8.24,"V_mp_ref":30.34,"alpha_sc":0.0035039999999999997,"beta_oc":-0.13115,"a_ref":1.5601,"I_L_ref":8.765,"I_o_ref":3.2199999999999997e-10,"R_s":0.309,"R_sh_ref":497.43,"Adjust":3.78,"PTC":224.3,"pdc0":250.0,"gamma_pdc":-0.00458,"gamma_r":-0.45799999999999996}