{"Date":"07.06.2011","Version":"MM107","Technology":"1-a-Si","BIPV":"N","A_c":1.54,"N_s":119.0,"T_NOCT":41.2,"I_sc_ref":1.64,"V_oc_ref":100.0,"I_mp_ref":1.32,"V_mp_ref":76.0,"alpha_sc":0.001115,"beta_oc":-0.37799999999999995,"a_ref":4.2742,"I_L_ref":1.6880000000000002,"I_o_ref":9.33e-11,"R_s":8.737,"R_sh_ref":296.49,"Adjust":-0.7,"PTC":92.5,"pdc0":100.0,"gamma_pdc":-0.00385,"gamma_r":-0.385}