{"Date":"07.06.2011","Version":"MM107","Technology":"1-a-Si","BIPV":"N","A_c":1.54,"N_s":119.0,"T_NOCT":41.2,"I_sc_ref":1.5,"V_oc_ref":99.5,"I_mp_ref":1.23,"V_mp_ref":75.5,"alpha_sc":0.0010199999999999999,"beta_oc":-0.37611,"a_ref":4.1858,"I_L_ref":1.54,"I_o_ref":6.009999999999999e-11,"R_s":9.629,"R_sh_ref":363.34,"Adjust":-3.5,"PTC":85.9,"pdc0":93.0,"gamma_pdc":-0.00385,"gamma_r":-0.385}