{"Date":"03.09.2011","Version":"MM107","Technology":"Mono-c-Si","BIPV":"N","A_c":1.287,"N_s":72.0,"T_NOCT":49.9,"I_sc_ref":5.43,"V_oc_ref":44.14,"I_mp_ref":5.03,"V_mp_ref":36.79,"alpha_sc":0.0022530000000000002,"beta_oc":-0.15961,"a_ref":1.9879,"I_L_ref":5.435,"I_o_ref":1.2e-09,"R_s":0.295,"R_sh_ref":297.0,"Adjust":16.0,"PTC":160.2,"pdc0":185.0,"gamma_pdc":-0.00507,"gamma_r":-0.507}