{"Date":"03.09.2011","Version":"MM107","Technology":"Mono-c-Si","BIPV":"N","A_c":1.287,"N_s":72.0,"T_NOCT":49.9,"I_sc_ref":5.17,"V_oc_ref":43.99,"I_mp_ref":4.78,"V_mp_ref":36.63,"alpha_sc":0.002146,"beta_oc":-0.15907000000000002,"a_ref":1.9822,"I_L_ref":5.176,"I_o_ref":1.16e-09,"R_s":0.316,"R_sh_ref":287.25,"Adjust":16.1,"PTC":151.3,"pdc0":175.0,"gamma_pdc":-0.00507,"gamma_r":-0.507}