{"Date":"03.11.2011","Version":"MM107","Technology":"Multi-c-Si","BIPV":"N","A_c":1.607,"N_s":60.0,"T_NOCT":43.0,"I_sc_ref":7.85,"V_oc_ref":36.56,"I_mp_ref":7.51,"V_mp_ref":29.3,"alpha_sc":0.003925,"beta_oc":-0.1499,"a_ref":1.6919,"I_L_ref":7.984,"I_o_ref":3.2899999999999996e-09,"R_s":0.33,"R_sh_ref":100000.0,"Adjust":7.4,"PTC":196.1,"pdc0":220.0,"gamma_pdc":-0.005600000000000001,"gamma_r":-0.56}