{"Technology":"Mono-c-Si","BIPV":"N","A_c":1.9380000000000002,"N_s":72.0,"T_NOCT":45.8,"PTC":292.1,"pdc0":320.0,"gamma_pdc":-0.004079999999999999}