{"Technology":"Mono-c-Si","BIPV":"N","A_c":1.9380000000000002,"N_s":72.0,"T_NOCT":45.8,"PTC":310.3,"pdc0":340.0,"gamma_pdc":-0.0041600000000000005}