{"Date":"10/20/2011","Version":"NRELv1","Technology":"Multi-c-Si","BIPV":"N","A_c":1.6269999999999998,"N_s":60.0,"T_NOCT":44.2,"I_sc_ref":8.55,"V_oc_ref":37.4,"I_mp_ref":8.11,"V_mp_ref":29.6,"alpha_sc":0.007686,"beta_oc":-0.21969,"a_ref":1.6504,"I_L_ref":8.638,"I_o_ref":1.24e-09,"R_s":0.384,"R_sh_ref":1380.32,"Adjust":-31.63,"PTC":218.2,"pdc0":240.0,"gamma_pdc":-0.00447,"gamma_r":-0.447}