{"Date":"10/20/2011","Version":"NRELv1","Technology":"Mono-c-Si","BIPV":"N","A_c":1.6269999999999998,"N_s":60.0,"T_NOCT":52.1,"I_sc_ref":7.92,"V_oc_ref":38.2,"I_mp_ref":7.79,"V_mp_ref":28.9,"alpha_sc":0.002843,"beta_oc":-0.14245,"a_ref":1.6064,"I_L_ref":8.327,"I_o_ref":3.9100000000000005e-10,"R_s":0.622,"R_sh_ref":1963.84,"Adjust":-0.6371,"PTC":191.8,"pdc0":225.0,"gamma_pdc":-0.0051,"gamma_r":-0.51}