{"Technology":"Mono-c-Si","BIPV":"N","A_c":1.2770000000000001,"N_s":72.0,"T_NOCT":51.0,"PTC":145.3,"pdc0":170.0,"gamma_pdc":-0.005194409999999999}