{"Date":"5/22/2012","Version":"NRELv1","Technology":"Mono-c-Si","BIPV":"N","A_c":1.601,"N_s":60.0,"T_NOCT":43.8,"I_sc_ref":8.51,"V_oc_ref":37.3,"I_mp_ref":7.94,"V_mp_ref":30.0,"alpha_sc":-8.499999999999999e-05,"beta_oc":-0.12682000000000002,"a_ref":1.5537,"I_L_ref":8.522,"I_o_ref":3.1399999999999995e-10,"R_s":0.34600000000000003,"R_sh_ref":240.69,"Adjust":7.371,"PTC":214.5,"pdc0":238.0,"gamma_pdc":-0.00498,"gamma_r":-0.498}