{"Date":"5/22/2012","Version":"NRELv1","Technology":"Mono-c-Si","BIPV":"N","A_c":1.601,"N_s":60.0,"T_NOCT":43.8,"I_sc_ref":8.47,"V_oc_ref":37.2,"I_mp_ref":7.88,"V_mp_ref":29.9,"alpha_sc":-8.499999999999999e-05,"beta_oc":-0.12648,"a_ref":1.5515,"I_L_ref":8.485,"I_o_ref":3.21e-10,"R_s":0.349,"R_sh_ref":201.52,"Adjust":7.621,"PTC":211.7,"pdc0":235.0,"gamma_pdc":-0.00498,"gamma_r":-0.498}