{"Date":"5/22/2012","Version":"NRELv1","Technology":"Mono-c-Si","BIPV":"N","A_c":1.631,"N_s":60.0,"T_NOCT":44.8,"I_sc_ref":8.85,"V_oc_ref":37.9,"I_mp_ref":8.24,"V_mp_ref":30.3,"alpha_sc":0.046686,"beta_oc":-0.12734,"a_ref":1.9576,"I_L_ref":8.853,"I_o_ref":3.44e-08,"R_s":0.273,"R_sh_ref":806.4,"Adjust":55.04,"PTC":225.6,"pdc0":250.0,"gamma_pdc":-0.004699999999999999,"gamma_r":-0.47}