{"Date":"07.08.2010","Version":"MM107","Technology":"a-Si/nc","BIPV":"N","A_c":5.72,"N_s":216.0,"T_NOCT":44.1,"I_sc_ref":2.66,"V_oc_ref":286.0,"I_mp_ref":2.16,"V_mp_ref":222.0,"alpha_sc":0.0027660000000000002,"beta_oc":-1.14686,"a_ref":12.71,"I_L_ref":2.718,"I_o_ref":3.7400000000000005e-10,"R_s":12.389000000000001,"R_sh_ref":565.12,"Adjust":0.2,"PTC":440.6,"pdc0":480.0,"gamma_pdc":-0.00368,"gamma_r":-0.368}