{"Date":"07.08.2010","Version":"MM107","Technology":"a-Si/nc","BIPV":"N","A_c":5.72,"N_s":216.0,"T_NOCT":44.1,"I_sc_ref":2.58,"V_oc_ref":280.0,"I_mp_ref":2.06,"V_mp_ref":214.0,"alpha_sc":0.0026829999999999996,"beta_oc":-1.1228,"a_ref":12.4821,"I_L_ref":2.653,"I_o_ref":3.8100000000000003e-10,"R_s":14.43,"R_sh_ref":509.94,"Adjust":0.6,"PTC":403.5,"pdc0":440.0,"gamma_pdc":-0.00368,"gamma_r":-0.368}