{"Date":"06.09.2010","Version":"MM107","Technology":"a-Si/nc","BIPV":"N","A_c":1.43,"N_s":106.0,"T_NOCT":44.1,"I_sc_ref":1.3,"V_oc_ref":137.6,"I_mp_ref":1.08,"V_mp_ref":106.0,"alpha_sc":0.001352,"beta_oc":-0.55178,"a_ref":5.9691,"I_L_ref":1.3259999999999998,"I_o_ref":1.09e-10,"R_s":13.209000000000001,"R_sh_ref":648.69,"Adjust":-4.0,"PTC":104.6,"pdc0":114.0,"gamma_pdc":-0.00368,"gamma_r":-0.368}