{"Date":"04.02.2013","Version":"NRELv1","Technology":"1-a-Si","BIPV":"N","A_c":1.54,"N_s":106.0,"T_NOCT":43.8,"I_sc_ref":1.66,"V_oc_ref":91.5,"I_mp_ref":1.32,"V_mp_ref":68.5,"alpha_sc":0.001046,"beta_oc":-0.3165,"a_ref":3.5022,"I_L_ref":1.726,"I_o_ref":6.0499999999999995e-12,"R_s":9.508,"R_sh_ref":239.98,"Adjust":-12.76,"PTC":83.8,"pdc0":90.0,"gamma_pdc":-0.003,"gamma_r":-0.3}