{"Date":"04.02.2013","Version":"NRELv1","Technology":"Mono-c-Si","BIPV":"N","A_c":1.262,"N_s":72.0,"T_NOCT":44.2,"I_sc_ref":5.64,"V_oc_ref":45.6,"I_mp_ref":5.35,"V_mp_ref":37.4,"alpha_sc":0.0039030000000000002,"beta_oc":-0.17114000000000001,"a_ref":1.9273,"I_L_ref":5.7,"I_o_ref":2.99e-10,"R_s":0.467,"R_sh_ref":692.88,"Adjust":-0.7724,"PTC":182.8,"pdc0":200.0,"gamma_pdc":-0.00431,"gamma_r":-0.431}