{"Date":"10/20/2011","Version":"NRELv1","Technology":"Multi-c-Si","BIPV":"N","A_c":1.6369999999999998,"N_s":60.0,"T_NOCT":47.5,"I_sc_ref":7.77,"V_oc_ref":34.2,"I_mp_ref":7.19,"V_mp_ref":27.8,"alpha_sc":0.004104,"beta_oc":-0.12327,"a_ref":1.4909999999999999,"I_L_ref":7.784,"I_o_ref":8.26e-10,"R_s":0.284,"R_sh_ref":159.58,"Adjust":9.672,"PTC":176.3,"pdc0":200.0,"gamma_pdc":-0.00479,"gamma_r":-0.479}