{"Date":"10/20/2011","Version":"NRELv1","Technology":"Multi-c-Si","BIPV":"N","A_c":1.6369999999999998,"N_s":60.0,"T_NOCT":47.5,"I_sc_ref":7.93,"V_oc_ref":35.2,"I_mp_ref":7.34,"V_mp_ref":28.6,"alpha_sc":0.004189,"beta_oc":-0.12688,"a_ref":1.5339,"I_L_ref":7.944,"I_o_ref":8.35e-10,"R_s":0.28800000000000003,"R_sh_ref":163.14,"Adjust":9.586,"PTC":185.4,"pdc0":210.0,"gamma_pdc":-0.00479,"gamma_r":-0.479}