{"Date":"10/20/2011","Version":"NRELv1","Technology":"Multi-c-Si","BIPV":"N","A_c":1.6369999999999998,"N_s":60.0,"T_NOCT":47.5,"I_sc_ref":8.08,"V_oc_ref":36.2,"I_mp_ref":7.48,"V_mp_ref":29.4,"alpha_sc":0.004268,"beta_oc":-0.13047999999999998,"a_ref":1.5769,"I_L_ref":8.094,"I_o_ref":8.44e-10,"R_s":0.293,"R_sh_ref":166.08,"Adjust":9.514,"PTC":194.5,"pdc0":220.0,"gamma_pdc":-0.00479,"gamma_r":-0.479}