{"Date":"10/20/2011","Version":"NRELv1","Technology":"Multi-c-Si","BIPV":"N","A_c":1.9409999999999998,"N_s":72.0,"T_NOCT":47.5,"I_sc_ref":8.36,"V_oc_ref":44.9,"I_mp_ref":7.74,"V_mp_ref":36.8,"alpha_sc":0.004416,"beta_oc":-0.16184,"a_ref":1.9667,"I_L_ref":8.373,"I_o_ref":9.9e-10,"R_s":0.3,"R_sh_ref":194.11,"Adjust":10.63,"PTC":252.6,"pdc0":285.0,"gamma_pdc":-0.00479,"gamma_r":-0.479}