{"Date":"04.02.2013","Version":"NRELv1","Technology":"Multi-c-Si","BIPV":"N","A_c":1.615,"N_s":60.0,"T_NOCT":44.6,"I_sc_ref":8.66,"V_oc_ref":37.5,"I_mp_ref":8.17,"V_mp_ref":31.2,"alpha_sc":0.008348000000000001,"beta_oc":-0.15833,"a_ref":1.6541,"I_L_ref":8.662,"I_o_ref":1.23e-09,"R_s":0.174,"R_sh_ref":814.86,"Adjust":-4.789,"PTC":232.7,"pdc0":255.0,"gamma_pdc":-0.00431,"gamma_r":-0.431}