{"Date":"04.02.2013","Version":"NRELv1","Technology":"Mono-c-Si","BIPV":"N","A_c":1.262,"N_s":72.0,"T_NOCT":44.2,"I_sc_ref":5.6,"V_oc_ref":45.3,"I_mp_ref":5.3,"V_mp_ref":36.8,"alpha_sc":0.003875,"beta_oc":-0.17001,"a_ref":1.8964,"I_L_ref":5.6,"I_o_ref":2.36e-10,"R_s":0.5529999999999999,"R_sh_ref":10649.5,"Adjust":-2.5340000000000003,"PTC":178.1,"pdc0":195.0,"gamma_pdc":-0.00431,"gamma_r":-0.431}