{"Date":"10/20/2011","Version":"NRELv1","Technology":"Mono-c-Si","BIPV":"N","A_c":1.2770000000000001,"N_s":72.0,"T_NOCT":43.0,"I_sc_ref":5.24,"V_oc_ref":41.8,"I_mp_ref":4.85,"V_mp_ref":34.0,"alpha_sc":0.0016190000000000002,"beta_oc":-0.15947,"a_ref":1.839,"I_L_ref":5.249,"I_o_ref":6.87e-10,"R_s":0.502,"R_sh_ref":297.56,"Adjust":5.605,"PTC":148.6,"pdc0":165.0,"gamma_pdc":-0.00507,"gamma_r":-0.507}