{"Date":"10/20/2011","Version":"NRELv1","Technology":"Mono-c-Si","BIPV":"N","A_c":1.2770000000000001,"N_s":72.0,"T_NOCT":43.0,"I_sc_ref":5.42,"V_oc_ref":42.9,"I_mp_ref":5.01,"V_mp_ref":34.9,"alpha_sc":0.001675,"beta_oc":-0.16366,"a_ref":1.8892,"I_L_ref":5.43,"I_o_ref":7.25e-10,"R_s":0.49700000000000005,"R_sh_ref":278.07,"Adjust":5.777,"PTC":157.8,"pdc0":175.0,"gamma_pdc":-0.00507,"gamma_r":-0.507}