{"Date":"04.02.2013","Version":"NRELv1","Technology":"Multi-c-Si","BIPV":"N","A_c":1.615,"N_s":60.0,"T_NOCT":44.6,"I_sc_ref":8.5,"V_oc_ref":37.0,"I_mp_ref":8.0,"V_mp_ref":30.0,"alpha_sc":0.008194,"beta_oc":-0.15621,"a_ref":1.6083,"I_L_ref":8.503,"I_o_ref":8.62e-10,"R_s":0.29100000000000004,"R_sh_ref":805.78,"Adjust":-7.359,"PTC":218.6,"pdc0":240.0,"gamma_pdc":-0.00431,"gamma_r":-0.431}