{"Date":"10/20/2011","Version":"NRELv1","Technology":"Multi-c-Si","BIPV":"N","A_c":1.9409999999999998,"N_s":72.0,"T_NOCT":47.5,"I_sc_ref":8.2,"V_oc_ref":44.2,"I_mp_ref":7.6,"V_mp_ref":36.2,"alpha_sc":0.004331000000000001,"beta_oc":-0.15932000000000002,"a_ref":1.9338,"I_L_ref":8.212,"I_o_ref":9.48e-10,"R_s":0.306,"R_sh_ref":205.1,"Adjust":10.41,"PTC":243.5,"pdc0":275.0,"gamma_pdc":-0.00479,"gamma_r":-0.479}