{"Date":"04.02.2013","Version":"NRELv1","Technology":"Mono-c-Si","BIPV":"N","A_c":1.615,"N_s":60.0,"T_NOCT":44.3,"I_sc_ref":8.69,"V_oc_ref":38.3,"I_mp_ref":8.2,"V_mp_ref":31.7,"alpha_sc":0.006213000000000001,"beta_oc":-0.14914000000000002,"a_ref":1.6323,"I_L_ref":8.693,"I_o_ref":5.57e-10,"R_s":0.214,"R_sh_ref":697.03,"Adjust":-2.8689999999999998,"PTC":237.6,"pdc0":260.0,"gamma_pdc":-0.004320000000000001,"gamma_r":-0.43200000000000005}