{"Date":"10/20/2011","Version":"NRELv1","Technology":"Multi-c-Si","BIPV":"N","A_c":1.9409999999999998,"N_s":72.0,"T_NOCT":47.5,"I_sc_ref":8.28,"V_oc_ref":44.5,"I_mp_ref":7.67,"V_mp_ref":36.5,"alpha_sc":0.004374,"beta_oc":-0.1604,"a_ref":1.9494,"I_L_ref":8.292,"I_o_ref":9.84e-10,"R_s":0.29600000000000004,"R_sh_ref":198.46,"Adjust":10.66,"PTC":248.0,"pdc0":280.0,"gamma_pdc":-0.00479,"gamma_r":-0.479}