{"Date":"04.02.2013","Version":"NRELv1","Technology":"Mono-c-Si","BIPV":"N","A_c":1.615,"N_s":60.0,"T_NOCT":44.3,"I_sc_ref":8.46,"V_oc_ref":37.8,"I_mp_ref":7.89,"V_mp_ref":29.8,"alpha_sc":0.0060490000000000006,"beta_oc":-0.14719000000000002,"a_ref":1.575,"I_L_ref":8.472999999999999,"I_o_ref":3.15e-10,"R_s":0.43799999999999994,"R_sh_ref":284.7,"Adjust":-7.035,"PTC":214.2,"pdc0":235.0,"gamma_pdc":-0.004320000000000001,"gamma_r":-0.43200000000000005}