{"Date":"04.02.2013","Version":"NRELv1","Technology":"Mono-c-Si","BIPV":"N","A_c":1.615,"N_s":60.0,"T_NOCT":44.3,"I_sc_ref":8.6,"V_oc_ref":38.1,"I_mp_ref":8.09,"V_mp_ref":30.9,"alpha_sc":0.006149,"beta_oc":-0.14836,"a_ref":1.607,"I_L_ref":8.605,"I_o_ref":4.31e-10,"R_s":0.307,"R_sh_ref":555.62,"Adjust":-4.785,"PTC":228.3,"pdc0":250.0,"gamma_pdc":-0.004320000000000001,"gamma_r":-0.43200000000000005}