{"Date":"10/20/2011","Version":"NRELv1","Technology":"Mono-c-Si","BIPV":"N","A_c":1.704,"N_s":96.0,"T_NOCT":44.4,"I_sc_ref":4.91,"V_oc_ref":56.8,"I_mp_ref":4.55,"V_mp_ref":46.2,"alpha_sc":0.002315,"beta_oc":-0.21541,"a_ref":2.5407,"I_L_ref":4.917,"I_o_ref":9.379999999999999e-10,"R_s":0.71,"R_sh_ref":477.1,"Adjust":9.333,"PTC":187.2,"pdc0":210.0,"gamma_pdc":-0.00509,"gamma_r":-0.509}