{"Date":"04.02.2013","Version":"NRELv1","Technology":"Mono-c-Si","BIPV":"N","A_c":1.262,"N_s":72.0,"T_NOCT":44.2,"I_sc_ref":5.69,"V_oc_ref":45.7,"I_mp_ref":5.4,"V_mp_ref":38.0,"alpha_sc":0.0039369999999999995,"beta_oc":-0.17151,"a_ref":1.9468,"I_L_ref":5.75,"I_o_ref":3.63e-10,"R_s":0.35100000000000003,"R_sh_ref":644.87,"Adjust":0.7293,"PTC":187.5,"pdc0":205.0,"gamma_pdc":-0.00431,"gamma_r":-0.431}