{"Date":"10/20/2011","Version":"NRELv1","Technology":"Multi-c-Si","BIPV":"N","A_c":1.9409999999999998,"N_s":72.0,"T_NOCT":47.5,"I_sc_ref":8.04,"V_oc_ref":43.4,"I_mp_ref":7.44,"V_mp_ref":35.6,"alpha_sc":0.004247,"beta_oc":-0.15644,"a_ref":1.9025,"I_L_ref":8.052999999999999,"I_o_ref":9.69e-10,"R_s":0.297,"R_sh_ref":190.33,"Adjust":10.8,"PTC":234.4,"pdc0":265.0,"gamma_pdc":-0.00479,"gamma_r":-0.479}