{"Date":"04.02.2013","Version":"NRELv1","Technology":"Mono-c-Si","BIPV":"N","A_c":1.262,"N_s":72.0,"T_NOCT":44.2,"I_sc_ref":5.5,"V_oc_ref":45.0,"I_mp_ref":5.2,"V_mp_ref":35.6,"alpha_sc":0.0038060000000000004,"beta_oc":-0.16889,"a_ref":1.8648,"I_L_ref":5.561,"I_o_ref":1.8200000000000002e-10,"R_s":0.77,"R_sh_ref":695.49,"Adjust":-4.484,"PTC":168.8,"pdc0":185.0,"gamma_pdc":-0.00431,"gamma_r":-0.431}