{"Date":"10/20/2011","Version":"NRELv1","Technology":"Mono-c-Si","BIPV":"N","A_c":1.585,"N_s":60.0,"T_NOCT":46.2,"I_sc_ref":8.8,"V_oc_ref":37.5,"I_mp_ref":8.25,"V_mp_ref":29.7,"alpha_sc":0.00352,"beta_oc":-0.13875,"a_ref":1.6589,"I_L_ref":8.804,"I_o_ref":1.3300000000000002e-09,"R_s":0.375,"R_sh_ref":780.03,"Adjust":10.01,"PTC":216.3,"pdc0":245.0,"gamma_pdc":-0.0053,"gamma_r":-0.53}