{"Date":"10/20/2011","Version":"NRELv1","Technology":"Mono-c-Si","BIPV":"N","A_c":1.585,"N_s":60.0,"T_NOCT":46.6,"I_sc_ref":8.9,"V_oc_ref":37.6,"I_mp_ref":8.36,"V_mp_ref":29.9,"alpha_sc":0.0035600000000000002,"beta_oc":-0.1316,"a_ref":1.6307,"I_L_ref":8.904,"I_o_ref":8.59e-10,"R_s":0.36200000000000004,"R_sh_ref":860.21,"Adjust":12.16,"PTC":221.4,"pdc0":250.0,"gamma_pdc":-0.0051,"gamma_r":-0.51}