{"Date":"05.05.2011","Version":"MM107","Technology":"Multi-c-Si","BIPV":"N","A_c":1.9580000000000002,"N_s":72.0,"T_NOCT":49.3,"I_sc_ref":8.34,"V_oc_ref":45.1,"I_mp_ref":7.8,"V_mp_ref":35.9,"alpha_sc":0.004921,"beta_oc":-0.15695,"a_ref":1.9588,"I_L_ref":8.347999999999999,"I_o_ref":8.28e-10,"R_s":0.45899999999999996,"R_sh_ref":501.04,"Adjust":12.7,"PTC":244.6,"pdc0":280.0,"gamma_pdc":-0.00491,"gamma_r":-0.491}