{"Date":"7/13/2012","Version":"NRELv1","Technology":"Mono-c-Si","BIPV":"N","A_c":1.585,"N_s":60.0,"T_NOCT":47.9,"I_sc_ref":8.9,"V_oc_ref":37.6,"I_mp_ref":8.36,"V_mp_ref":29.9,"alpha_sc":0.00445,"beta_oc":-0.13535999999999998,"a_ref":1.6467,"I_L_ref":8.902999999999999,"I_o_ref":1.07e-09,"R_s":0.359,"R_sh_ref":992.34,"Adjust":10.91,"PTC":219.7,"pdc0":250.0,"gamma_pdc":-0.0051,"gamma_r":-0.51}