{"Date":"1/14/2013","Version":"NRELv1","Technology":"Multi-c-Si","BIPV":"N","A_c":1.956,"N_s":72.0,"T_NOCT":47.1,"I_sc_ref":8.86,"V_oc_ref":44.32,"I_mp_ref":8.2,"V_mp_ref":34.06,"alpha_sc":0.006202,"beta_oc":-0.15778,"a_ref":1.9077,"I_L_ref":8.881,"I_o_ref":7.09e-10,"R_s":0.6,"R_sh_ref":257.75,"Adjust":8.294,"PTC":247.9,"pdc0":280.0,"gamma_pdc":-0.00487,"gamma_r":-0.48700000000000004}