{"Date":"10/20/2011","Version":"NRELv1","Technology":"Mono-c-Si","BIPV":"N","A_c":1.585,"N_s":60.0,"T_NOCT":46.6,"I_sc_ref":8.7,"V_oc_ref":37.4,"I_mp_ref":8.15,"V_mp_ref":29.5,"alpha_sc":0.0034799999999999996,"beta_oc":-0.1309,"a_ref":1.6167,"I_L_ref":8.706,"I_o_ref":7.76e-10,"R_s":0.40399999999999997,"R_sh_ref":585.66,"Adjust":11.46,"PTC":212.3,"pdc0":240.0,"gamma_pdc":-0.0051,"gamma_r":-0.51}