{"Date":"02.08.2013","Version":"NRELv1","Technology":"Multi-c-Si","BIPV":"N","A_c":1.956,"N_s":72.0,"T_NOCT":47.7,"I_sc_ref":8.95,"V_oc_ref":45.03,"I_mp_ref":8.44,"V_mp_ref":35.5,"alpha_sc":0.005370000000000001,"beta_oc":-0.1531,"a_ref":1.8787,"I_L_ref":8.951,"I_o_ref":3.48e-10,"R_s":0.489,"R_sh_ref":7370.81,"Adjust":7.077999999999999,"PTC":267.3,"pdc0":300.0,"gamma_pdc":-0.0046,"gamma_r":-0.46}