{"Date":"1/14/2013","Version":"NRELv1","Technology":"Mono-c-Si","BIPV":"N","A_c":1.956,"N_s":72.0,"T_NOCT":47.1,"I_sc_ref":9.07,"V_oc_ref":45.68,"I_mp_ref":8.64,"V_mp_ref":36.7,"alpha_sc":0.0063490000000000005,"beta_oc":-0.16262000000000001,"a_ref":1.9843,"I_L_ref":9.162,"I_o_ref":9.2e-10,"R_s":0.377,"R_sh_ref":4310.23,"Adjust":10.28,"PTC":280.5,"pdc0":315.0,"gamma_pdc":-0.0048,"gamma_r":-0.48}