{"Date":"1/14/2013","Version":"NRELv1","Technology":"Mono-c-Si","BIPV":"N","A_c":1.956,"N_s":72.0,"T_NOCT":47.1,"I_sc_ref":9.01,"V_oc_ref":45.29,"I_mp_ref":8.51,"V_mp_ref":35.93,"alpha_sc":0.006307,"beta_oc":-0.16122999999999998,"a_ref":1.9623,"I_L_ref":9.109,"I_o_ref":8.54e-10,"R_s":0.44,"R_sh_ref":472.79,"Adjust":9.693,"PTC":271.3,"pdc0":305.0,"gamma_pdc":-0.0048,"gamma_r":-0.48}