{"Date":"02.02.2013","Version":"NRELv1","Technology":"Mono-c-Si","BIPV":"N","A_c":1.956,"N_s":72.0,"T_NOCT":46.5,"I_sc_ref":8.44,"V_oc_ref":46.0,"I_mp_ref":8.0,"V_mp_ref":37.5,"alpha_sc":0.004220000000000001,"beta_oc":-0.1656,"a_ref":2.0453,"I_L_ref":8.529,"I_o_ref":1.4400000000000002e-09,"R_s":0.321,"R_sh_ref":630.15,"Adjust":14.02,"PTC":265.6,"pdc0":300.0,"gamma_pdc":-0.0051,"gamma_r":-0.51}