{"Date":"08.10.2011","Version":"MM107","Technology":"Mono-c-Si","BIPV":"N","A_c":1.9580000000000002,"N_s":72.0,"T_NOCT":46.7,"I_sc_ref":8.42,"V_oc_ref":45.8,"I_mp_ref":7.98,"V_mp_ref":37.0,"alpha_sc":0.00421,"beta_oc":-0.15114,"a_ref":1.9529,"I_L_ref":8.44,"I_o_ref":5.510000000000001e-10,"R_s":0.391,"R_sh_ref":100000.0,"Adjust":15.0,"PTC":262.7,"pdc0":295.0,"gamma_pdc":-0.0048,"gamma_r":-0.48}