{"Date":"10/20/2011","Version":"NRELv1","Technology":"Mono-c-Si","BIPV":"N","A_c":1.585,"N_s":60.0,"T_NOCT":46.2,"I_sc_ref":8.9,"V_oc_ref":37.6,"I_mp_ref":8.36,"V_mp_ref":29.9,"alpha_sc":0.0035600000000000002,"beta_oc":-0.13912,"a_ref":1.6655,"I_L_ref":8.902999999999999,"I_o_ref":1.3900000000000002e-09,"R_s":0.354,"R_sh_ref":1211.01,"Adjust":10.29,"PTC":220.8,"pdc0":250.0,"gamma_pdc":-0.0053,"gamma_r":-0.53}