{"Date":"02.01.2012","Version":"NRELv1","Technology":"Multi-c-Si","BIPV":"N","A_c":1.956,"N_s":72.0,"T_NOCT":49.0,"I_sc_ref":8.31,"V_oc_ref":44.8,"I_mp_ref":7.75,"V_mp_ref":35.5,"alpha_sc":0.004155,"beta_oc":-0.15232,"a_ref":1.9240000000000002,"I_L_ref":8.321,"I_o_ref":6.33e-10,"R_s":0.48700000000000004,"R_sh_ref":370.25,"Adjust":13.2,"PTC":240.6,"pdc0":275.0,"gamma_pdc":-0.0049,"gamma_r":-0.49}