{"Date":"1/14/2013","Version":"NRELv1","Technology":"Multi-c-Si","BIPV":"N","A_c":1.956,"N_s":72.0,"T_NOCT":47.1,"I_sc_ref":8.89,"V_oc_ref":44.51,"I_mp_ref":8.26,"V_mp_ref":34.43,"alpha_sc":0.006222999999999999,"beta_oc":-0.15846,"a_ref":1.9193,"I_L_ref":8.905,"I_o_ref":7.439999999999999e-10,"R_s":0.5670000000000001,"R_sh_ref":331.32,"Adjust":8.679,"PTC":252.5,"pdc0":285.0,"gamma_pdc":-0.00487,"gamma_r":-0.48700000000000004}