{"Date":"7/13/2012","Version":"NRELv1","Technology":"Mono-c-Si","BIPV":"N","A_c":1.585,"N_s":60.0,"T_NOCT":47.9,"I_sc_ref":9.0,"V_oc_ref":37.8,"I_mp_ref":8.5,"V_mp_ref":30.0,"alpha_sc":0.0045,"beta_oc":-0.13608,"a_ref":1.6572,"I_L_ref":9.097999999999999,"I_o_ref":1.1199999999999999e-09,"R_s":0.361,"R_sh_ref":420.37,"Adjust":11.1,"PTC":224.2,"pdc0":255.0,"gamma_pdc":-0.0051,"gamma_r":-0.51}