{"Date":"03.01.2013","Version":"NRELv1","Technology":"Multi-c-Si","BIPV":"N","A_c":1.956,"N_s":72.0,"T_NOCT":47.7,"I_sc_ref":9.04,"V_oc_ref":45.48,"I_mp_ref":8.58,"V_mp_ref":36.32,"alpha_sc":0.005424,"beta_oc":-0.15463,"a_ref":1.9146,"I_L_ref":9.136000000000001,"I_o_ref":4.38e-10,"R_s":0.42100000000000004,"R_sh_ref":708.81,"Adjust":8.919,"PTC":276.5,"pdc0":310.0,"gamma_pdc":-0.0046,"gamma_r":-0.46}