{"Date":"1/14/2013","Version":"NRELv1","Technology":"Multi-c-Si","BIPV":"N","A_c":1.956,"N_s":72.0,"T_NOCT":47.7,"I_sc_ref":9.01,"V_oc_ref":45.29,"I_mp_ref":8.51,"V_mp_ref":35.93,"alpha_sc":0.006307,"beta_oc":-0.16122999999999998,"a_ref":1.9269,"I_L_ref":9.11,"I_o_ref":5.58e-10,"R_s":0.44799999999999995,"R_sh_ref":424.17,"Adjust":5.974,"PTC":271.9,"pdc0":305.0,"gamma_pdc":-0.0046,"gamma_r":-0.46}