{"Date":"04.01.2011","Version":"MM107","Technology":"Multi-c-Si","BIPV":"N","A_c":1.9580000000000002,"N_s":72.0,"T_NOCT":49.3,"I_sc_ref":8.37,"V_oc_ref":45.4,"I_mp_ref":7.86,"V_mp_ref":36.3,"alpha_sc":0.0049380000000000005,"beta_oc":-0.15799000000000002,"a_ref":1.9726,"I_L_ref":8.374,"I_o_ref":8.41e-10,"R_s":0.436,"R_sh_ref":889.61,"Adjust":12.8,"PTC":249.1,"pdc0":285.0,"gamma_pdc":-0.00491,"gamma_r":-0.491}