{"Date":"04.01.2011","Version":"MM107","Technology":"Multi-c-Si","BIPV":"N","A_c":1.9580000000000002,"N_s":72.0,"T_NOCT":49.3,"I_sc_ref":8.28,"V_oc_ref":44.44,"I_mp_ref":7.66,"V_mp_ref":35.2,"alpha_sc":0.0048850000000000005,"beta_oc":-0.15465,"a_ref":1.9373,"I_L_ref":8.298,"I_o_ref":8.830000000000001e-10,"R_s":0.48200000000000004,"R_sh_ref":221.24,"Adjust":13.4,"PTC":235.6,"pdc0":270.0,"gamma_pdc":-0.00491,"gamma_r":-0.491}