{"Date":"1/16/2013","Version":"NRELv1","Technology":"Mono-c-Si","BIPV":"N","A_c":1.956,"N_s":72.0,"T_NOCT":46.5,"I_sc_ref":8.42,"V_oc_ref":45.8,"I_mp_ref":7.98,"V_mp_ref":37.0,"alpha_sc":0.00421,"beta_oc":-0.16488,"a_ref":2.0254,"I_L_ref":8.509,"I_o_ref":1.2800000000000001e-09,"R_s":0.371,"R_sh_ref":703.9,"Adjust":12.9,"PTC":261.0,"pdc0":295.0,"gamma_pdc":-0.0051,"gamma_r":-0.51}