{"Date":"08.10.2011","Version":"MM107","Technology":"Mono-c-Si","BIPV":"N","A_c":1.9580000000000002,"N_s":72.0,"T_NOCT":46.7,"I_sc_ref":8.34,"V_oc_ref":45.1,"I_mp_ref":7.8,"V_mp_ref":35.9,"alpha_sc":0.00417,"beta_oc":-0.14883,"a_ref":1.9183,"I_L_ref":8.349,"I_o_ref":5.08e-10,"R_s":0.47,"R_sh_ref":444.65,"Adjust":14.4,"PTC":248.9,"pdc0":280.0,"gamma_pdc":-0.0048,"gamma_r":-0.48}