{"Date":"08.10.2011","Version":"MM107","Technology":"Multi-c-Si","BIPV":"N","A_c":1.9580000000000002,"N_s":72.0,"T_NOCT":48.3,"I_sc_ref":8.31,"V_oc_ref":44.8,"I_mp_ref":7.75,"V_mp_ref":35.5,"alpha_sc":0.004986,"beta_oc":-0.14962999999999999,"a_ref":1.9084,"I_L_ref":8.321,"I_o_ref":5.23e-10,"R_s":0.49200000000000005,"R_sh_ref":357.05,"Adjust":13.2,"PTC":242.7,"pdc0":275.0,"gamma_pdc":-0.00473,"gamma_r":-0.473}