{"Date":"08.10.2011","Version":"MM107","Technology":"Multi-c-Si","BIPV":"N","A_c":1.9580000000000002,"N_s":72.0,"T_NOCT":48.3,"I_sc_ref":8.28,"V_oc_ref":44.44,"I_mp_ref":7.66,"V_mp_ref":35.2,"alpha_sc":0.004968,"beta_oc":-0.14843,"a_ref":1.9015,"I_L_ref":8.299,"I_o_ref":5.73e-10,"R_s":0.49200000000000005,"R_sh_ref":210.61,"Adjust":14.1,"PTC":238.1,"pdc0":270.0,"gamma_pdc":-0.00473,"gamma_r":-0.473}