{"Date":"08.10.2011","Version":"MM107","Technology":"Mono-c-Si","BIPV":"N","A_c":1.9580000000000002,"N_s":72.0,"T_NOCT":46.7,"I_sc_ref":8.39,"V_oc_ref":45.6,"I_mp_ref":7.92,"V_mp_ref":36.6,"alpha_sc":0.004195,"beta_oc":-0.15048,"a_ref":1.9391,"I_L_ref":8.391,"I_o_ref":5.13e-10,"R_s":0.42700000000000005,"R_sh_ref":4470.02,"Adjust":14.4,"PTC":258.1,"pdc0":290.0,"gamma_pdc":-0.0048,"gamma_r":-0.48}