{"Date":"12/27/2012","Version":"NRELv1","Technology":"Multi-c-Si","BIPV":"N","A_c":1.9580000000000002,"N_s":72.0,"T_NOCT":48.3,"I_sc_ref":8.39,"V_oc_ref":45.6,"I_mp_ref":7.92,"V_mp_ref":36.6,"alpha_sc":0.005034,"beta_oc":-0.1523,"a_ref":1.9426,"I_L_ref":8.391,"I_o_ref":5.36e-10,"R_s":0.426,"R_sh_ref":4949.81,"Adjust":13.47,"PTC":256.3,"pdc0":290.0,"gamma_pdc":-0.00473,"gamma_r":-0.473}