{"Date":"1/14/2013","Version":"NRELv1","Technology":"Multi-c-Si","BIPV":"N","A_c":1.956,"N_s":72.0,"T_NOCT":47.1,"I_sc_ref":8.95,"V_oc_ref":45.03,"I_mp_ref":8.44,"V_mp_ref":35.5,"alpha_sc":0.006265,"beta_oc":-0.16030999999999998,"a_ref":1.9577,"I_L_ref":9.049,"I_o_ref":9.17e-10,"R_s":0.469,"R_sh_ref":439.58,"Adjust":10.39,"PTC":266.2,"pdc0":300.0,"gamma_pdc":-0.00487,"gamma_r":-0.48700000000000004}