{"Date":"3/27/2013","Version":"NRELv1","Technology":"Multi-c-Si","BIPV":"N","A_c":1.956,"N_s":72.0,"T_NOCT":47.7,"I_sc_ref":9.1,"V_oc_ref":45.87,"I_mp_ref":8.7,"V_mp_ref":37.1,"alpha_sc":0.0054600000000000004,"beta_oc":-0.15596,"a_ref":1.9474,"I_L_ref":9.291,"I_o_ref":5.41e-10,"R_s":0.354,"R_sh_ref":411.38,"Adjust":10.68,"PTC":285.7,"pdc0":320.0,"gamma_pdc":-0.0046,"gamma_r":-0.46}