{"Date":"12/27/2012","Version":"NRELv1","Technology":"Multi-c-Si","BIPV":"N","A_c":1.9580000000000002,"N_s":72.0,"T_NOCT":48.3,"I_sc_ref":8.34,"V_oc_ref":45.1,"I_mp_ref":7.8,"V_mp_ref":35.9,"alpha_sc":0.005004,"beta_oc":-0.15063,"a_ref":1.9222,"I_L_ref":8.349,"I_o_ref":5.33e-10,"R_s":0.469,"R_sh_ref":449.45,"Adjust":13.5,"PTC":247.2,"pdc0":280.0,"gamma_pdc":-0.00473,"gamma_r":-0.473}