{"Date":"3/14/2013","Version":"NRELv1","Technology":"Multi-c-Si","BIPV":"N","A_c":1.956,"N_s":72.0,"T_NOCT":47.7,"I_sc_ref":9.07,"V_oc_ref":45.68,"I_mp_ref":8.64,"V_mp_ref":36.7,"alpha_sc":0.005442,"beta_oc":-0.15531,"a_ref":1.9258,"I_L_ref":9.163,"I_o_ref":4.5600000000000003e-10,"R_s":0.391,"R_sh_ref":1617.43,"Adjust":9.241,"PTC":281.1,"pdc0":315.0,"gamma_pdc":-0.0046,"gamma_r":-0.46}