{"Date":"1/14/2013","Version":"NRELv1","Technology":"Multi-c-Si","BIPV":"N","A_c":1.956,"N_s":72.0,"T_NOCT":47.1,"I_sc_ref":8.92,"V_oc_ref":44.71,"I_mp_ref":8.32,"V_mp_ref":34.8,"alpha_sc":0.0062439999999999996,"beta_oc":-0.15917,"a_ref":1.931,"I_L_ref":8.93,"I_o_ref":7.77e-10,"R_s":0.536,"R_sh_ref":461.82,"Adjust":9.025,"PTC":257.0,"pdc0":290.0,"gamma_pdc":-0.00487,"gamma_r":-0.48700000000000004}