{"Date":"1/14/2013","Version":"NRELv1","Technology":"Multi-c-Si","BIPV":"N","A_c":1.956,"N_s":72.0,"T_NOCT":47.7,"I_sc_ref":8.92,"V_oc_ref":44.71,"I_mp_ref":8.32,"V_mp_ref":34.8,"alpha_sc":0.0062439999999999996,"beta_oc":-0.15917,"a_ref":1.8844,"I_L_ref":8.932,"I_o_ref":4.38e-10,"R_s":0.547,"R_sh_ref":398.98,"Adjust":4.075,"PTC":258.1,"pdc0":290.0,"gamma_pdc":-0.0046,"gamma_r":-0.46}