{"Date":"1/25/2013","Version":"NRELv1","Technology":"Multi-c-Si","BIPV":"N","A_c":1.956,"N_s":72.0,"T_NOCT":47.7,"I_sc_ref":8.95,"V_oc_ref":44.89,"I_mp_ref":8.39,"V_mp_ref":35.17,"alpha_sc":0.005370000000000001,"beta_oc":-0.15263,"a_ref":1.8722,"I_L_ref":8.957,"I_o_ref":3.4299999999999995e-10,"R_s":0.519,"R_sh_ref":657.33,"Adjust":6.968,"PTC":262.7,"pdc0":295.0,"gamma_pdc":-0.0046,"gamma_r":-0.46}