{"Date":"12/27/2012","Version":"NRELv1","Technology":"Multi-c-Si","BIPV":"N","A_c":1.956,"N_s":72.0,"T_NOCT":49.0,"I_sc_ref":8.39,"V_oc_ref":45.6,"I_mp_ref":7.92,"V_mp_ref":36.6,"alpha_sc":0.004195,"beta_oc":-0.15504,"a_ref":1.9595,"I_L_ref":8.39,"I_o_ref":6.56e-10,"R_s":0.42200000000000004,"R_sh_ref":10097.1,"Adjust":13.41,"PTC":254.1,"pdc0":290.0,"gamma_pdc":-0.0049,"gamma_r":-0.49}