{"Date":"02.01.2012","Version":"NRELv1","Technology":"Mono-c-Si","BIPV":"N","A_c":1.956,"N_s":72.0,"T_NOCT":46.7,"I_sc_ref":8.39,"V_oc_ref":45.6,"I_mp_ref":7.92,"V_mp_ref":36.6,"alpha_sc":0.004195,"beta_oc":-0.15048,"a_ref":1.9380000000000002,"I_L_ref":8.391,"I_o_ref":5.06e-10,"R_s":0.42700000000000005,"R_sh_ref":4341.48,"Adjust":14.45,"PTC":258.1,"pdc0":290.0,"gamma_pdc":-0.0048,"gamma_r":-0.48}