{"Date":"7/13/2012","Version":"NRELv1","Technology":"Multi-c-Si","BIPV":"N","A_c":1.956,"N_s":72.0,"T_NOCT":49.4,"I_sc_ref":8.39,"V_oc_ref":45.6,"I_mp_ref":7.92,"V_mp_ref":36.6,"alpha_sc":0.005034,"beta_oc":-0.15048,"a_ref":1.9177,"I_L_ref":8.391,"I_o_ref":3.95e-10,"R_s":0.43200000000000005,"R_sh_ref":2824.69,"Adjust":12.05,"PTC":255.8,"pdc0":290.0,"gamma_pdc":-0.0046,"gamma_r":-0.46}