{"Date":"08.01.2013","Version":"NRELv1","Technology":"Mono-c-Si","BIPV":"N","A_c":1.61,"N_s":60.0,"T_NOCT":47.8,"I_sc_ref":9.06,"V_oc_ref":45.6,"I_mp_ref":8.6,"V_mp_ref":36.1,"alpha_sc":0.005436,"beta_oc":-0.15504,"a_ref":1.9097,"I_L_ref":9.155,"I_o_ref":3.88e-10,"R_s":0.46399999999999997,"R_sh_ref":868.85,"Adjust":7.849,"PTC":278.1,"pdc0":310.0,"gamma_pdc":-0.0046,"gamma_r":-0.46}