{"Date":"08.01.2013","Version":"NRELv1","Technology":"Mono-c-Si","BIPV":"N","A_c":1.61,"N_s":60.0,"T_NOCT":47.8,"I_sc_ref":9.14,"V_oc_ref":46.0,"I_mp_ref":8.69,"V_mp_ref":37.4,"alpha_sc":0.005484,"beta_oc":-0.1564,"a_ref":1.9549,"I_L_ref":9.236,"I_o_ref":5.539999999999999e-10,"R_s":0.33,"R_sh_ref":713.63,"Adjust":10.91,"PTC":292.1,"pdc0":325.0,"gamma_pdc":-0.0046,"gamma_r":-0.46}