{"Date":"08.01.2013","Version":"NRELv1","Technology":"Mono-c-Si","BIPV":"N","A_c":1.61,"N_s":60.0,"T_NOCT":47.1,"I_sc_ref":8.91,"V_oc_ref":45.3,"I_mp_ref":8.4,"V_mp_ref":35.1,"alpha_sc":0.004455,"beta_oc":-0.15402000000000002,"a_ref":1.882,"I_L_ref":9.011000000000001,"I_o_ref":3.13e-10,"R_s":0.5770000000000001,"R_sh_ref":429.47,"Adjust":6.271,"PTC":264.5,"pdc0":295.0,"gamma_pdc":-0.004699999999999999,"gamma_r":-0.47}