{"Date":"08.01.2013","Version":"NRELv1","Technology":"Mono-c-Si","BIPV":"N","A_c":1.61,"N_s":60.0,"T_NOCT":47.1,"I_sc_ref":8.96,"V_oc_ref":45.4,"I_mp_ref":8.47,"V_mp_ref":35.4,"alpha_sc":0.00448,"beta_oc":-0.15436,"a_ref":1.8904,"I_L_ref":9.058,"I_o_ref":3.3300000000000004e-10,"R_s":0.5429999999999999,"R_sh_ref":555.91,"Adjust":6.744,"PTC":269.2,"pdc0":300.0,"gamma_pdc":-0.004699999999999999,"gamma_r":-0.47}