{"Date":"08.01.2013","Version":"NRELv1","Technology":"Mono-c-Si","BIPV":"N","A_c":1.61,"N_s":60.0,"T_NOCT":48.2,"I_sc_ref":8.8,"V_oc_ref":38.1,"I_mp_ref":8.01,"V_mp_ref":30.6,"alpha_sc":0.00528,"beta_oc":-0.13335,"a_ref":1.6913,"I_L_ref":8.831,"I_o_ref":1.3900000000000002e-09,"R_s":0.325,"R_sh_ref":93.6,"Adjust":16.6,"PTC":215.8,"pdc0":245.0,"gamma_pdc":-0.0049,"gamma_r":-0.49}