{"Date":"08.01.2013","Version":"NRELv1","Technology":"Mono-c-Si","BIPV":"N","A_c":1.61,"N_s":60.0,"T_NOCT":47.1,"I_sc_ref":9.1,"V_oc_ref":45.86,"I_mp_ref":8.65,"V_mp_ref":37.1,"alpha_sc":0.00455,"beta_oc":-0.15592,"a_ref":1.9451,"I_L_ref":9.195,"I_o_ref":5.26e-10,"R_s":0.35600000000000004,"R_sh_ref":752.29,"Adjust":10.61,"PTC":287.8,"pdc0":320.0,"gamma_pdc":-0.004699999999999999,"gamma_r":-0.47}