{"Date":"08.01.2013","Version":"NRELv1","Technology":"Mono-c-Si","BIPV":"N","A_c":1.61,"N_s":60.0,"T_NOCT":47.1,"I_sc_ref":8.86,"V_oc_ref":45.2,"I_mp_ref":8.31,"V_mp_ref":34.9,"alpha_sc":0.00443,"beta_oc":-0.15367999999999998,"a_ref":1.8699,"I_L_ref":8.865,"I_o_ref":2.8e-10,"R_s":0.601,"R_sh_ref":1077.62,"Adjust":5.425,"PTC":259.9,"pdc0":290.0,"gamma_pdc":-0.004699999999999999,"gamma_r":-0.47}