{"Date":"08.01.2013","Version":"NRELv1","Technology":"Mono-c-Si","BIPV":"N","A_c":1.61,"N_s":60.0,"T_NOCT":47.1,"I_sc_ref":9.0,"V_oc_ref":45.5,"I_mp_ref":8.57,"V_mp_ref":35.6,"alpha_sc":0.0045,"beta_oc":-0.1547,"a_ref":1.9004,"I_L_ref":9.193,"I_o_ref":3.63e-10,"R_s":0.52,"R_sh_ref":379.67,"Adjust":7.3660000000000005,"PTC":273.8,"pdc0":305.0,"gamma_pdc":-0.004699999999999999,"gamma_r":-0.47}