{"Date":"08.01.2013","Version":"NRELv1","Technology":"Mono-c-Si","BIPV":"N","A_c":1.61,"N_s":60.0,"T_NOCT":47.1,"I_sc_ref":9.06,"V_oc_ref":45.6,"I_mp_ref":8.6,"V_mp_ref":36.1,"alpha_sc":0.004529999999999999,"beta_oc":-0.15504,"a_ref":1.9113,"I_L_ref":9.155,"I_o_ref":3.9600000000000003e-10,"R_s":0.46399999999999997,"R_sh_ref":876.95,"Adjust":8.132,"PTC":278.5,"pdc0":310.0,"gamma_pdc":-0.004699999999999999,"gamma_r":-0.47}