{"Vac":240.0,"Paco":4800.0,"Pdco":4968.03,"Vdco":263.0,"Pso":85.1457,"C0":-6.160349999999999e-06,"C1":3.35553e-05,"C2":0.000586091,"C3":0.000194973,"Pnt":4.1,"Vdcmax":400.0,"Mppt_low":100.0,"Mppt_high":400.0}