{"Date":"7/13/2012","Version":"NRELv1","Technology":"Multi-c-Si","BIPV":"N","A_c":1.6230000000000002,"N_s":60.0,"T_NOCT":45.9,"I_sc_ref":8.46,"V_oc_ref":37.05,"I_mp_ref":7.98,"V_mp_ref":28.81,"alpha_sc":0.005914,"beta_oc":-0.13371,"a_ref":1.5186,"I_L_ref":8.557,"I_o_ref":2.1399999999999998e-10,"R_s":0.488,"R_sh_ref":345.07,"Adjust":-2.762,"PTC":207.9,"pdc0":230.0,"gamma_pdc":-0.00431,"gamma_r":-0.431}