{"Date":"12/27/2012","Version":"NRELv1","Technology":"Multi-c-Si","BIPV":"N","A_c":1.663,"N_s":60.0,"T_NOCT":47.4,"I_sc_ref":8.58,"V_oc_ref":37.3,"I_mp_ref":8.02,"V_mp_ref":30.0,"alpha_sc":0.004462,"beta_oc":-0.11638,"a_ref":1.5181,"I_L_ref":8.592,"I_o_ref":1.8e-10,"R_s":0.35200000000000004,"R_sh_ref":252.47,"Adjust":11.24,"PTC":215.5,"pdc0":240.0,"gamma_pdc":-0.0043,"gamma_r":-0.43}