{"Date":"12/27/2012","Version":"NRELv1","Technology":"Multi-c-Si","BIPV":"N","A_c":1.663,"N_s":60.0,"T_NOCT":47.4,"I_sc_ref":8.67,"V_oc_ref":37.5,"I_mp_ref":8.14,"V_mp_ref":30.8,"alpha_sc":0.004508,"beta_oc":-0.11699999999999999,"a_ref":1.5406,"I_L_ref":8.677,"I_o_ref":2.3e-10,"R_s":0.258,"R_sh_ref":312.94,"Adjust":13.32,"PTC":224.7,"pdc0":250.0,"gamma_pdc":-0.0043,"gamma_r":-0.43}