{"Date":"12/27/2012","Version":"NRELv1","Technology":"Multi-c-Si","BIPV":"N","A_c":1.663,"N_s":60.0,"T_NOCT":47.4,"I_sc_ref":8.63,"V_oc_ref":37.4,"I_mp_ref":8.08,"V_mp_ref":30.4,"alpha_sc":0.004488000000000001,"beta_oc":-0.11669000000000002,"a_ref":1.5299,"I_L_ref":8.64,"I_o_ref":2.0500000000000002e-10,"R_s":0.304,"R_sh_ref":266.76,"Adjust":12.36,"PTC":220.1,"pdc0":245.0,"gamma_pdc":-0.0043,"gamma_r":-0.43}