{"Date":"12/27/2012","Version":"NRELv1","Technology":"Multi-c-Si","BIPV":"N","A_c":1.983,"N_s":72.0,"T_NOCT":44.2,"I_sc_ref":8.39,"V_oc_ref":44.2,"I_mp_ref":7.78,"V_mp_ref":35.4,"alpha_sc":0.002098,"beta_oc":-0.14056,"a_ref":1.7819,"I_L_ref":8.41,"I_o_ref":1.38e-10,"R_s":0.45399999999999996,"R_sh_ref":190.56,"Adjust":7.358,"PTC":249.9,"pdc0":275.0,"gamma_pdc":-0.00443,"gamma_r":-0.44299999999999995}