{"Date":"12/27/2012","Version":"NRELv1","Technology":"Multi-c-Si","BIPV":"N","A_c":1.663,"N_s":60.0,"T_NOCT":47.4,"I_sc_ref":8.45,"V_oc_ref":36.9,"I_mp_ref":7.84,"V_mp_ref":29.4,"alpha_sc":0.0043939999999999995,"beta_oc":-0.11513,"a_ref":1.5,"I_L_ref":8.47,"I_o_ref":1.71e-10,"R_s":0.395,"R_sh_ref":169.78,"Adjust":10.93,"PTC":206.3,"pdc0":230.0,"gamma_pdc":-0.0043,"gamma_r":-0.43}