{"Vac":480.0,"Paco":24000.0,"Pdco":24536.5,"Vdco":730.0,"Pso":32.1112,"C0":-2.4500499999999996e-07,"C1":-6.52427e-06,"C2":0.00176224,"C3":-0.00100269,"Pnt":0.3,"Vdcmax":890.0,"Mppt_low":570.0,"Mppt_high":890.0}