{"Vac":480.0,"Paco":24000.0,"Pdco":24527.6,"Vdco":730.0,"Pso":27.8621,"C0":-2.2129200000000002e-07,"C1":-1.0096499999999999e-05,"C2":0.00206871,"C3":-0.00195921,"Pnt":0.3,"Vdcmax":890.0,"Mppt_low":570.0,"Mppt_high":890.0}