{"Vac":480.0,"Paco":47888.0,"Pdco":48867.7,"Vdco":720.0,"Pso":87.7562,"C0":-1.6393e-07,"C1":4.24335e-06,"C2":0.00043657099999999996,"C3":-0.000340539,"Pnt":0.9,"Vdcmax":850.0,"Mppt_low":580.0,"Mppt_high":850.0}