{"Date":"07.08.2010","Version":"MM107","Technology":"a-Si/nc","BIPV":"N","A_c":1.301,"N_s":99.0,"T_NOCT":44.5,"I_sc_ref":1.55,"V_oc_ref":129.5,"I_mp_ref":1.23,"V_mp_ref":95.0,"alpha_sc":0.0011970000000000001,"beta_oc":-0.4618,"a_ref":5.1231,"I_L_ref":1.619,"I_o_ref":1.32e-11,"R_s":15.978,"R_sh_ref":358.61,"Adjust":-9.8,"PTC":106.6,"pdc0":115.0,"gamma_pdc":-0.00321,"gamma_r":-0.321}