{"Date":"06.09.2010","Version":"MM107","Technology":"Mono-c-Si","BIPV":"N","A_c":1.2770000000000001,"N_s":72.0,"T_NOCT":49.5,"I_sc_ref":5.1,"V_oc_ref":44.4,"I_mp_ref":4.79,"V_mp_ref":35.5,"alpha_sc":0.002386,"beta_oc":-0.16184,"a_ref":1.9406,"I_L_ref":5.102,"I_o_ref":5.879999999999999e-10,"R_s":0.695,"R_sh_ref":1584.69,"Adjust":9.0,"PTC":147.3,"pdc0":170.0,"gamma_pdc":-0.00506,"gamma_r":-0.506}