{"Vac":0.0,"Paco":3037.0,"Pdco":3382.7,"Vdco":51.2,"Pso":63.586999999999996,"C0":-2.39129e-05,"C1":0.0015300000000000001,"C2":0.027703700000000005,"C3":0.00189326,"Pnt":0.0,"Vdcmax":60.0,"Mppt_low":40.0,"Mppt_high":60.0}