{"Date":"03.04.2010","Version":"MM107","Technology":"Multi-c-Si","BIPV":"N","A_c":1.6469999999999998,"N_s":60.0,"T_NOCT":48.6,"I_sc_ref":8.2,"V_oc_ref":36.7,"I_mp_ref":7.55,"V_mp_ref":29.8,"alpha_sc":0.007131,"beta_oc":-0.14203,"a_ref":1.7015,"I_L_ref":8.215,"I_o_ref":3.42e-09,"R_s":0.267,"R_sh_ref":148.8,"Adjust":13.6,"PTC":196.2,"pdc0":225.0,"gamma_pdc":-0.00505,"gamma_r":-0.505}