{"Date":"2/16/2010","Version":"MM107","Technology":"Multi-c-Si","BIPV":"N","A_c":1.6469999999999998,"N_s":60.0,"T_NOCT":48.6,"I_sc_ref":8.1,"V_oc_ref":36.5,"I_mp_ref":7.44,"V_mp_ref":29.6,"alpha_sc":0.007044,"beta_oc":-0.14126,"a_ref":1.6933,"I_L_ref":8.116,"I_o_ref":3.4100000000000004e-09,"R_s":0.27399999999999997,"R_sh_ref":136.64,"Adjust":13.7,"PTC":191.7,"pdc0":220.0,"gamma_pdc":-0.00505,"gamma_r":-0.505}