{"Date":"02.11.2010","Version":"MM107","Technology":"Multi-c-Si","BIPV":"N","A_c":1.6469999999999998,"N_s":60.0,"T_NOCT":48.6,"I_sc_ref":8.0,"V_oc_ref":36.1,"I_mp_ref":7.19,"V_mp_ref":29.2,"alpha_sc":0.006957,"beta_oc":-0.13971,"a_ref":1.6969999999999998,"I_L_ref":8.03,"I_o_ref":4.36e-09,"R_s":0.281,"R_sh_ref":75.54,"Adjust":16.2,"PTC":182.7,"pdc0":210.0,"gamma_pdc":-0.00505,"gamma_r":-0.505}