{"Date":"03.04.2010","Version":"MM107","Technology":"Multi-c-Si","BIPV":"N","A_c":1.6469999999999998,"N_s":60.0,"T_NOCT":48.6,"I_sc_ref":8.0,"V_oc_ref":36.3,"I_mp_ref":7.31,"V_mp_ref":29.4,"alpha_sc":0.006957,"beta_oc":-0.14048,"a_ref":1.6885,"I_L_ref":8.019,"I_o_ref":3.55e-09,"R_s":0.281,"R_sh_ref":115.31,"Adjust":14.2,"PTC":187.2,"pdc0":215.0,"gamma_pdc":-0.00505,"gamma_r":-0.505}