{"Date":"2/16/2010","Version":"MM107","Technology":"Multi-c-Si","BIPV":"N","A_c":1.6469999999999998,"N_s":60.0,"T_NOCT":48.6,"I_sc_ref":8.3,"V_oc_ref":36.9,"I_mp_ref":7.67,"V_mp_ref":30.0,"alpha_sc":0.0072180000000000005,"beta_oc":-0.1428,"a_ref":1.7080000000000002,"I_L_ref":8.312000000000001,"I_o_ref":3.3600000000000004e-09,"R_s":0.26,"R_sh_ref":173.37,"Adjust":13.3,"PTC":200.7,"pdc0":230.0,"gamma_pdc":-0.00505,"gamma_r":-0.505}