{"Date":"2/17/2011","Version":"MM107","Technology":"Multi-c-Si","BIPV":"N","A_c":1.6369999999999998,"N_s":60.0,"T_NOCT":47.8,"I_sc_ref":7.86,"V_oc_ref":36.4,"I_mp_ref":7.19,"V_mp_ref":29.2,"alpha_sc":0.005502,"beta_oc":-0.15943,"a_ref":1.7302,"I_L_ref":7.879,"I_o_ref":5.550000000000001e-09,"R_s":0.321,"R_sh_ref":131.4,"Adjust":4.9,"PTC":181.7,"pdc0":210.0,"gamma_pdc":-0.00544,"gamma_r":-0.544}