{"Date":"10.01.2012","Version":"NRELv1","Technology":"Mono-c-Si","BIPV":"N","A_c":1.597,"N_s":60.0,"T_NOCT":46.4,"I_sc_ref":8.57,"V_oc_ref":37.5,"I_mp_ref":8.01,"V_mp_ref":30.6,"alpha_sc":0.003617,"beta_oc":-0.13054000000000002,"a_ref":1.6047,"I_L_ref":8.579,"I_o_ref":5.99e-10,"R_s":0.273,"R_sh_ref":267.84,"Adjust":9.879,"PTC":219.0,"pdc0":245.0,"gamma_pdc":-0.00475,"gamma_r":-0.475}