{"Date":"10.01.2012","Version":"NRELv1","Technology":"Mono-c-Si","BIPV":"N","A_c":1.597,"N_s":60.0,"T_NOCT":46.4,"I_sc_ref":8.44,"V_oc_ref":37.0,"I_mp_ref":7.8,"V_mp_ref":29.5,"alpha_sc":0.0035619999999999996,"beta_oc":-0.1288,"a_ref":1.5721,"I_L_ref":8.46,"I_o_ref":4.94e-10,"R_s":0.377,"R_sh_ref":155.23,"Adjust":8.347000000000001,"PTC":205.2,"pdc0":230.0,"gamma_pdc":-0.00475,"gamma_r":-0.475}