{"Date":"2/17/2011","Version":"MM107","Technology":"Mono-c-Si","BIPV":"N","A_c":1.2770000000000001,"N_s":72.0,"T_NOCT":46.9,"I_sc_ref":5.28,"V_oc_ref":44.7,"I_mp_ref":4.95,"V_mp_ref":36.3,"alpha_sc":0.0029519999999999998,"beta_oc":-0.1476,"a_ref":1.8859,"I_L_ref":5.285,"I_o_ref":2.66e-10,"R_s":0.578,"R_sh_ref":673.14,"Adjust":12.5,"PTC":160.9,"pdc0":180.0,"gamma_pdc":-0.00455,"gamma_r":-0.455}