{"Date":"12.08.2008","Version":"MM106","Technology":"Multi-c-Si","BIPV":"N","A_c":1.6640000000000001,"N_s":60.0,"T_NOCT":50.5,"I_sc_ref":8.1,"V_oc_ref":36.3,"I_mp_ref":7.6,"V_mp_ref":28.3,"alpha_sc":0.008431999999999999,"beta_oc":-0.12799000000000002,"a_ref":1.5717,"I_L_ref":8.102,"I_o_ref":7.530000000000001e-10,"R_s":0.47,"R_sh_ref":1558.68,"Adjust":10.1,"PTC":187.5,"pdc0":215.0,"gamma_pdc":-0.00462,"gamma_r":-0.462}