{"Date":"6/17/2011","Version":"MM107","Technology":"Multi-c-Si","BIPV":"N","A_c":1.6369999999999998,"N_s":60.0,"T_NOCT":45.7,"I_sc_ref":8.48,"V_oc_ref":37.26,"I_mp_ref":7.86,"V_mp_ref":30.55,"alpha_sc":0.00466,"beta_oc":-0.12232,"a_ref":1.5961,"I_L_ref":8.493,"I_o_ref":6.01e-10,"R_s":0.253,"R_sh_ref":159.34,"Adjust":16.4,"PTC":215.9,"pdc0":240.0,"gamma_pdc":-0.0046,"gamma_r":-0.46}