{"Date":"6/17/2011","Version":"MM107","Technology":"Multi-c-Si","BIPV":"N","A_c":1.165,"N_s":42.0,"T_NOCT":45.7,"I_sc_ref":7.97,"V_oc_ref":25.47,"I_mp_ref":7.41,"V_mp_ref":20.98,"alpha_sc":0.004379999999999999,"beta_oc":-0.08362,"a_ref":1.092,"I_L_ref":7.98,"I_o_ref":5.77e-10,"R_s":0.16899999999999998,"R_sh_ref":132.11,"Adjust":16.6,"PTC":139.1,"pdc0":155.0,"gamma_pdc":-0.0046,"gamma_r":-0.46}