{"Date":"5/22/2012","Version":"NRELv1","Technology":"Multi-c-Si","BIPV":"N","A_c":1.7730000000000001,"N_s":72.0,"T_NOCT":45.2,"I_sc_ref":8.42,"V_oc_ref":41.21,"I_mp_ref":7.88,"V_mp_ref":32.98,"alpha_sc":0.004761,"beta_oc":-0.13546,"a_ref":1.7131,"I_L_ref":8.43,"I_o_ref":2.97e-10,"R_s":0.41,"R_sh_ref":359.99,"Adjust":9.987,"PTC":230.5,"pdc0":255.0,"gamma_pdc":-0.00448,"gamma_r":-0.44799999999999995}