{"Date":"5/22/2012","Version":"NRELv1","Technology":"Multi-c-Si","BIPV":"N","A_c":1.7730000000000001,"N_s":72.0,"T_NOCT":45.2,"I_sc_ref":8.46,"V_oc_ref":41.45,"I_mp_ref":7.82,"V_mp_ref":33.41,"alpha_sc":0.004783,"beta_oc":-0.13625,"a_ref":1.7428,"I_L_ref":8.479,"I_o_ref":3.85e-10,"R_s":0.374,"R_sh_ref":162.85,"Adjust":12.33,"PTC":235.1,"pdc0":260.0,"gamma_pdc":-0.00448,"gamma_r":-0.44799999999999995}