{"Date":"01.02.2014","Version":"NRELv1","Technology":"Multi-c-Si","BIPV":"N","A_c":1.94,"N_s":72.0,"T_NOCT":47.7,"I_sc_ref":8.55,"V_oc_ref":37.53,"I_mp_ref":8.0,"V_mp_ref":30.65,"alpha_sc":0.002462,"beta_oc":-0.09157,"a_ref":1.3527,"I_L_ref":8.566,"I_o_ref":7.47e-12,"R_s":0.337,"R_sh_ref":178.77,"Adjust":10.54,"PTC":224.2,"pdc0":245.0,"gamma_pdc":-0.00343,"gamma_r":-0.34299999999999997}