{"Date":"08.01.2013","Version":"NRELv1","Technology":"Multi-c-Si","BIPV":"N","A_c":1.2770000000000001,"N_s":72.0,"T_NOCT":48.8,"I_sc_ref":8.75,"V_oc_ref":36.8,"I_mp_ref":8.1,"V_mp_ref":30.9,"alpha_sc":0.00525,"beta_oc":-0.13248,"a_ref":1.6641,"I_L_ref":8.757,"I_o_ref":2.12e-09,"R_s":0.11900000000000001,"R_sh_ref":146.03,"Adjust":17.33,"PTC":221.6,"pdc0":250.0,"gamma_pdc":-0.0049,"gamma_r":-0.49}