{"Date":"07.06.2011","Version":"MM107","Technology":"1-a-Si","BIPV":"N","A_c":1.54,"N_s":119.0,"T_NOCT":41.2,"I_sc_ref":1.61,"V_oc_ref":99.0,"I_mp_ref":1.29,"V_mp_ref":75.5,"alpha_sc":0.0010949999999999998,"beta_oc":-0.37422,"a_ref":4.2594,"I_L_ref":1.6569999999999998,"I_o_ref":1.06e-10,"R_s":8.555,"R_sh_ref":291.8,"Adjust":0.5,"PTC":89.7,"pdc0":97.0,"gamma_pdc":-0.00385,"gamma_r":-0.385}