{"Date":"1/14/2013","Version":"NRELv1","Technology":"CIS","BIPV":"N","A_c":1.047,"N_s":170.0,"T_NOCT":50.1,"I_sc_ref":2.1,"V_oc_ref":106.0,"I_mp_ref":1.69,"V_mp_ref":80.0,"alpha_sc":0.00147,"beta_oc":-0.37736,"a_ref":4.2823,"I_L_ref":2.169,"I_o_ref":3.07e-11,"R_s":7.92,"R_sh_ref":240.48,"Adjust":-5.334,"PTC":122.5,"pdc0":135.0,"gamma_pdc":-0.0034000000000000002,"gamma_r":-0.34}