{"Date":"04.04.2011","Version":"MM107","Technology":"CIS","BIPV":"N","A_c":1.047,"N_s":170.0,"T_NOCT":50.1,"I_sc_ref":2.1,"V_oc_ref":106.0,"I_mp_ref":1.77,"V_mp_ref":74.0,"alpha_sc":0.00021,"beta_oc":-0.2968,"a_ref":3.6192,"I_L_ref":2.181,"I_o_ref":3.5299999999999996e-13,"R_s":12.335999999999999,"R_sh_ref":320.03,"Adjust":-15.5,"PTC":117.9,"pdc0":130.0,"gamma_pdc":-0.0034000000000000002,"gamma_r":-0.34}