{"Date":"1/14/2013","Version":"NRELv1","Technology":"CIS","BIPV":"N","A_c":1.047,"N_s":170.0,"T_NOCT":50.1,"I_sc_ref":2.1,"V_oc_ref":107.0,"I_mp_ref":1.74,"V_mp_ref":80.5,"alpha_sc":0.00147,"beta_oc":-0.38092,"a_ref":4.2198,"I_L_ref":2.158,"I_o_ref":1.74e-11,"R_s":8.137,"R_sh_ref":294.2,"Adjust":-9.603,"PTC":127.1,"pdc0":140.0,"gamma_pdc":-0.0034000000000000002,"gamma_r":-0.34}