{"Date":"1/14/2013","Version":"NRELv1","Technology":"CIS","BIPV":"N","A_c":1.047,"N_s":170.0,"T_NOCT":51.2,"I_sc_ref":2.2,"V_oc_ref":109.0,"I_mp_ref":1.88,"V_mp_ref":82.5,"alpha_sc":0.0015400000000000001,"beta_oc":-0.38804,"a_ref":4.2266,"I_L_ref":2.244,"I_o_ref":1.23e-11,"R_s":7.523,"R_sh_ref":372.34,"Adjust":-12.48,"PTC":140.4,"pdc0":155.0,"gamma_pdc":-0.0034000000000000002,"gamma_r":-0.34}