{"Date":"8/29/2011","Version":"MM107","Technology":"CIS","BIPV":"N","A_c":1.047,"N_s":170.0,"T_NOCT":51.2,"I_sc_ref":2.2,"V_oc_ref":108.0,"I_mp_ref":1.95,"V_mp_ref":80.0,"alpha_sc":0.00044,"beta_oc":-0.3564,"a_ref":3.7758,"I_L_ref":2.234,"I_o_ref":7.72e-13,"R_s":8.705,"R_sh_ref":556.01,"Adjust":-24.1,"PTC":140.4,"pdc0":155.0,"gamma_pdc":-0.0034000000000000002,"gamma_r":-0.34}