{"Date":"8/31/2013","Version":"NRELv1","Technology":"CIS","BIPV":"N","A_c":1.047,"N_s":170.0,"T_NOCT":49.3,"I_sc_ref":2.2,"V_oc_ref":110.0,"I_mp_ref":1.91,"V_mp_ref":84.0,"alpha_sc":0.00022,"beta_oc":-0.33,"a_ref":4.0918,"I_L_ref":2.237,"I_o_ref":4.1900000000000005e-12,"R_s":7.255,"R_sh_ref":435.68,"Adjust":-3.83,"PTC":144.6,"pdc0":160.0,"gamma_pdc":-0.0038,"gamma_r":-0.38}