{"Date":"11.01.2013","Version":"NRELv1","Technology":"CIS","BIPV":"N","A_c":1.047,"N_s":170.0,"T_NOCT":50.3,"I_sc_ref":2.2,"V_oc_ref":114.0,"I_mp_ref":1.96,"V_mp_ref":89.5,"alpha_sc":0.00022,"beta_oc":-0.3192,"a_ref":4.0843,"I_L_ref":2.222,"I_o_ref":1.5400000000000001e-12,"R_s":6.15,"R_sh_ref":614.34,"Adjust":-5.0089999999999995,"PTC":159.2,"pdc0":175.0,"gamma_pdc":-0.0034999999999999996,"gamma_r":-0.35}