{"Date":"08.01.2013","Version":"NRELv1","Technology":"CIS","BIPV":"N","A_c":1.047,"N_s":170.0,"T_NOCT":49.3,"I_sc_ref":2.2,"V_oc_ref":112.0,"I_mp_ref":1.95,"V_mp_ref":87.5,"alpha_sc":0.00022,"beta_oc":-0.336,"a_ref":4.1711,"I_L_ref":2.2230000000000003,"I_o_ref":4.42e-12,"R_s":6.135,"R_sh_ref":574.71,"Adjust":-3.47,"PTC":153.8,"pdc0":170.0,"gamma_pdc":-0.0038,"gamma_r":-0.38}