{"Date":"04.02.2013","Version":"NRELv1","Technology":"1-a-Si","BIPV":"N","A_c":1.54,"N_s":106.0,"T_NOCT":43.8,"I_sc_ref":1.74,"V_oc_ref":92.0,"I_mp_ref":1.42,"V_mp_ref":70.5,"alpha_sc":0.0010960000000000002,"beta_oc":-0.31823,"a_ref":3.5108,"I_L_ref":1.7890000000000001,"I_o_ref":6.04e-12,"R_s":7.672000000000001,"R_sh_ref":273.03,"Adjust":-13.12,"PTC":93.2,"pdc0":100.0,"gamma_pdc":-0.003,"gamma_r":-0.3}