{"Date":"04.02.2013","Version":"NRELv1","Technology":"1-a-Si","BIPV":"N","A_c":1.54,"N_s":106.0,"T_NOCT":43.8,"I_sc_ref":1.81,"V_oc_ref":92.5,"I_mp_ref":1.48,"V_mp_ref":71.0,"alpha_sc":0.00114,"beta_oc":-0.31995999999999997,"a_ref":3.5288,"I_L_ref":1.86,"I_o_ref":6.25e-12,"R_s":7.318,"R_sh_ref":267.5,"Adjust":-13.16,"PTC":97.9,"pdc0":105.0,"gamma_pdc":-0.003,"gamma_r":-0.3}