{"Date":"04.02.2013","Version":"NRELv1","Technology":"Multi-c-Si","BIPV":"N","A_c":1.615,"N_s":60.0,"T_NOCT":44.6,"I_sc_ref":8.33,"V_oc_ref":36.6,"I_mp_ref":7.81,"V_mp_ref":28.8,"alpha_sc":0.008029999999999999,"beta_oc":-0.15453,"a_ref":1.5646,"I_L_ref":8.335,"I_o_ref":5.74e-10,"R_s":0.42700000000000005,"R_sh_ref":673.11,"Adjust":-10.24,"PTC":204.7,"pdc0":225.0,"gamma_pdc":-0.00431,"gamma_r":-0.431}