{"Date":"04.02.2013","Version":"NRELv1","Technology":"Mono-c-Si","BIPV":"N","A_c":1.615,"N_s":60.0,"T_NOCT":44.3,"I_sc_ref":8.37,"V_oc_ref":37.6,"I_mp_ref":7.76,"V_mp_ref":29.0,"alpha_sc":0.005985,"beta_oc":-0.14640999999999998,"a_ref":1.5509,"I_L_ref":8.391,"I_o_ref":2.43e-10,"R_s":0.54,"R_sh_ref":217.05,"Adjust":-8.875,"PTC":204.9,"pdc0":225.0,"gamma_pdc":-0.004320000000000001,"gamma_r":-0.43200000000000005}