{"Date":"10/20/2011","Version":"NRELv1","Technology":"Multi-c-Si","BIPV":"N","A_c":1.6369999999999998,"N_s":60.0,"T_NOCT":47.5,"I_sc_ref":7.85,"V_oc_ref":34.7,"I_mp_ref":7.27,"V_mp_ref":28.2,"alpha_sc":0.004147,"beta_oc":-0.12508,"a_ref":1.5118,"I_L_ref":7.8629999999999995,"I_o_ref":8.23e-10,"R_s":0.28600000000000003,"R_sh_ref":166.6,"Adjust":9.548,"PTC":180.9,"pdc0":205.0,"gamma_pdc":-0.00479,"gamma_r":-0.479}