{"Date":"04.02.2013","Version":"NRELv1","Technology":"Multi-c-Si","BIPV":"N","A_c":1.615,"N_s":60.0,"T_NOCT":44.6,"I_sc_ref":8.6,"V_oc_ref":37.4,"I_mp_ref":8.12,"V_mp_ref":30.8,"alpha_sc":0.00829,"beta_oc":-0.1579,"a_ref":1.6383,"I_L_ref":8.601,"I_o_ref":1.0400000000000001e-09,"R_s":0.222,"R_sh_ref":1364.52,"Adjust":-5.992000000000001,"PTC":228.0,"pdc0":250.0,"gamma_pdc":-0.00431,"gamma_r":-0.431}