{"Vac":240.0,"Paco":3990.0,"Pdco":4151.35,"Vdco":325.0,"Pso":29.1109,"C0":-4.4761400000000005e-06,"C1":-2.55724e-05,"C2":-0.000234103,"C3":0.000379328,"Pnt":0.25,"Vdcmax":360.0,"Mppt_low":100.0,"Mppt_high":360.0}