{"Vac":208.0,"Paco":3980.0,"Pdco":4161.64,"Vdco":325.0,"Pso":31.8077,"C0":-6.491119999999999e-06,"C1":-2.2090700000000002e-05,"C2":0.00036576400000000003,"C3":0.00121855,"Pnt":0.18,"Vdcmax":360.0,"Mppt_low":100.0,"Mppt_high":360.0}