{"Date":"10.01.2013","Version":"NRELv1","Technology":"Thin Film","BIPV":"N","A_c":1.43,"N_s":159.0,"T_NOCT":45.9,"I_sc_ref":1.2,"V_oc_ref":140.0,"I_mp_ref":1.02,"V_mp_ref":106.0,"alpha_sc":0.001235,"beta_oc":-0.49783999999999995,"a_ref":5.3574,"I_L_ref":1.226,"I_o_ref":4.73e-12,"R_s":17.885,"R_sh_ref":827.5,"Adjust":-15.29,"PTC":97.6,"pdc0":105.0,"gamma_pdc":-0.0028499999999999997,"gamma_r":-0.285}