{"Date":"10.01.2013","Version":"NRELv1","Technology":"Thin Film","BIPV":"N","A_c":1.43,"N_s":159.0,"T_NOCT":45.9,"I_sc_ref":1.22,"V_oc_ref":141.0,"I_mp_ref":1.05,"V_mp_ref":107.0,"alpha_sc":0.001255,"beta_oc":-0.5014,"a_ref":5.36,"I_L_ref":1.2429999999999999,"I_o_ref":4.1e-12,"R_s":17.37,"R_sh_ref":925.82,"Adjust":-16.39,"PTC":102.3,"pdc0":110.0,"gamma_pdc":-0.0028499999999999997,"gamma_r":-0.285}