{"Date":"10.01.2013","Version":"NRELv1","Technology":"Thin Film","BIPV":"N","A_c":1.43,"N_s":159.0,"T_NOCT":45.9,"I_sc_ref":1.18,"V_oc_ref":139.0,"I_mp_ref":0.99,"V_mp_ref":104.0,"alpha_sc":0.001214,"beta_oc":-0.49428,"a_ref":5.3216,"I_L_ref":1.2109999999999999,"I_o_ref":4.64e-12,"R_s":19.649,"R_sh_ref":743.57,"Adjust":-15.3,"PTC":92.9,"pdc0":100.0,"gamma_pdc":-0.0028499999999999997,"gamma_r":-0.285}