{"Date":"11.10.2009","Version":"MM106","Technology":"Multi-c-Si","BIPV":"N","A_c":1.946,"N_s":72.0,"T_NOCT":47.6,"I_sc_ref":8.36,"V_oc_ref":44.3,"I_mp_ref":7.72,"V_mp_ref":36.3,"alpha_sc":0.0046619999999999995,"beta_oc":-0.16116,"a_ref":1.9997,"I_L_ref":8.373,"I_o_ref":1.95e-09,"R_s":0.282,"R_sh_ref":181.85,"Adjust":15.6,"PTC":246.1,"pdc0":280.0,"gamma_pdc":-0.00505,"gamma_r":-0.505}