{"Date":"6/15/2010","Version":"MM107","Technology":"Mono-c-Si","BIPV":"N","A_c":1.632,"N_s":72.0,"T_NOCT":47.8,"I_sc_ref":8.21,"V_oc_ref":37.2,"I_mp_ref":7.23,"V_mp_ref":31.61,"alpha_sc":0.003653,"beta_oc":-0.14806,"a_ref":1.8666,"I_L_ref":8.212,"I_o_ref":1.66e-08,"R_s":0.011000000000000001,"R_sh_ref":53.87,"Adjust":26.6,"PTC":198.6,"pdc0":230.0,"gamma_pdc":-0.00561,"gamma_r":-0.561}