{"Date":"10/23/2009","Version":"MM106","Technology":"Multi-c-Si","BIPV":"N","A_c":1.946,"N_s":72.0,"T_NOCT":47.6,"I_sc_ref":8.21,"V_oc_ref":44.2,"I_mp_ref":7.47,"V_mp_ref":36.2,"alpha_sc":0.0045780000000000005,"beta_oc":-0.1608,"a_ref":2.0135,"I_L_ref":8.231,"I_o_ref":2.3e-09,"R_s":0.284,"R_sh_ref":113.78,"Adjust":17.4,"PTC":237.0,"pdc0":270.0,"gamma_pdc":-0.00505,"gamma_r":-0.505}