{"Date":"10/23/2009","Version":"MM106","Technology":"Mono-c-Si","BIPV":"N","A_c":1.281,"N_s":72.0,"T_NOCT":47.6,"I_sc_ref":5.43,"V_oc_ref":44.7,"I_mp_ref":4.87,"V_mp_ref":35.9,"alpha_sc":0.002573,"beta_oc":-0.17393,"a_ref":2.0641,"I_L_ref":5.454,"I_o_ref":2.0100000000000003e-09,"R_s":0.589,"R_sh_ref":131.04,"Adjust":12.4,"PTC":152.7,"pdc0":175.0,"gamma_pdc":-0.00526,"gamma_r":-0.526}