{"Date":"03.01.2011","Version":"MM107","Technology":"Mono-c-Si","BIPV":"N","A_c":1.2770000000000001,"N_s":72.0,"T_NOCT":47.1,"I_sc_ref":5.32,"V_oc_ref":43.2,"I_mp_ref":4.78,"V_mp_ref":34.56,"alpha_sc":0.00266,"beta_oc":-0.14687999999999998,"a_ref":1.8558,"I_L_ref":5.348,"I_o_ref":3.8899999999999995e-10,"R_s":0.6709999999999999,"R_sh_ref":125.82,"Adjust":12.8,"PTC":146.8,"pdc0":165.0,"gamma_pdc":-0.0046,"gamma_r":-0.46}