{"Date":"03.01.2011","Version":"MM107","Technology":"Mono-c-Si","BIPV":"N","A_c":1.2770000000000001,"N_s":72.0,"T_NOCT":47.1,"I_sc_ref":5.51,"V_oc_ref":44.1,"I_mp_ref":4.96,"V_mp_ref":35.28,"alpha_sc":0.002755,"beta_oc":-0.14994000000000002,"a_ref":1.8917,"I_L_ref":5.537999999999999,"I_o_ref":3.9e-10,"R_s":0.662,"R_sh_ref":128.63,"Adjust":12.5,"PTC":155.9,"pdc0":175.0,"gamma_pdc":-0.0046,"gamma_r":-0.46}