{"Date":"03.01.2011","Version":"MM107","Technology":"Mono-c-Si","BIPV":"N","A_c":1.2770000000000001,"N_s":72.0,"T_NOCT":47.1,"I_sc_ref":6.02,"V_oc_ref":45.0,"I_mp_ref":5.42,"V_mp_ref":36.0,"alpha_sc":0.00301,"beta_oc":-0.153,"a_ref":1.9303,"I_L_ref":6.051,"I_o_ref":4.26e-10,"R_s":0.619,"R_sh_ref":120.55,"Adjust":12.5,"PTC":174.3,"pdc0":195.0,"gamma_pdc":-0.0046,"gamma_r":-0.46}