{"Date":"03.01.2011","Version":"MM107","Technology":"Mono-c-Si","BIPV":"N","A_c":1.8319999999999999,"N_s":104.0,"T_NOCT":47.1,"I_sc_ref":5.98,"V_oc_ref":65.0,"I_mp_ref":5.38,"V_mp_ref":52.0,"alpha_sc":0.00299,"beta_oc":-0.221,"a_ref":2.7895,"I_L_ref":6.011,"I_o_ref":4.2799999999999997e-10,"R_s":0.899,"R_sh_ref":172.72,"Adjust":12.6,"PTC":250.2,"pdc0":280.0,"gamma_pdc":-0.0046,"gamma_r":-0.46}