{"Date":"03.01.2011","Version":"MM107","Technology":"Mono-c-Si","BIPV":"N","A_c":1.6869999999999998,"N_s":96.0,"T_NOCT":47.1,"I_sc_ref":5.55,"V_oc_ref":58.8,"I_mp_ref":5.0,"V_mp_ref":47.04,"alpha_sc":0.002775,"beta_oc":-0.19992000000000001,"a_ref":2.521,"I_L_ref":5.577999999999999,"I_o_ref":3.8899999999999995e-10,"R_s":0.877,"R_sh_ref":173.03,"Adjust":12.4,"PTC":209.4,"pdc0":235.0,"gamma_pdc":-0.0046,"gamma_r":-0.46}