{"Date":"03.01.2011","Version":"MM107","Technology":"Mono-c-Si","BIPV":"N","A_c":1.2770000000000001,"N_s":72.0,"T_NOCT":47.1,"I_sc_ref":6.18,"V_oc_ref":45.0,"I_mp_ref":5.56,"V_mp_ref":36.0,"alpha_sc":0.00309,"beta_oc":-0.153,"a_ref":1.9312,"I_L_ref":6.212000000000001,"I_o_ref":4.42e-10,"R_s":0.602,"R_sh_ref":115.74,"Adjust":12.6,"PTC":178.9,"pdc0":200.0,"gamma_pdc":-0.0046,"gamma_r":-0.46}