{"Date":"03.01.2011","Version":"MM107","Technology":"Mono-c-Si","BIPV":"N","A_c":1.8319999999999999,"N_s":104.0,"T_NOCT":47.1,"I_sc_ref":5.56,"V_oc_ref":65.0,"I_mp_ref":5.0,"V_mp_ref":52.0,"alpha_sc":0.00278,"beta_oc":-0.221,"a_ref":2.7909,"I_L_ref":5.5889999999999995,"I_o_ref":4.02e-10,"R_s":0.9670000000000001,"R_sh_ref":184.25,"Adjust":12.7,"PTC":231.9,"pdc0":260.0,"gamma_pdc":-0.0046,"gamma_r":-0.46}