{"Date":"03.01.2011","Version":"MM107","Technology":"Mono-c-Si","BIPV":"N","A_c":1.6869999999999998,"N_s":96.0,"T_NOCT":47.1,"I_sc_ref":5.33,"V_oc_ref":58.75,"I_mp_ref":4.78,"V_mp_ref":47.0,"alpha_sc":0.002665,"beta_oc":-0.19975,"a_ref":2.5264,"I_L_ref":5.359,"I_o_ref":3.98e-10,"R_s":0.9109999999999999,"R_sh_ref":164.8,"Adjust":13.0,"PTC":200.3,"pdc0":225.0,"gamma_pdc":-0.0046,"gamma_r":-0.46}