{"Date":"03.01.2011","Version":"MM107","Technology":"Mono-c-Si","BIPV":"N","A_c":1.6869999999999998,"N_s":96.0,"T_NOCT":47.1,"I_sc_ref":5.67,"V_oc_ref":60.0,"I_mp_ref":5.1,"V_mp_ref":48.0,"alpha_sc":0.0028350000000000003,"beta_oc":-0.204,"a_ref":2.575,"I_L_ref":5.7,"I_o_ref":4.06e-10,"R_s":0.875,"R_sh_ref":167.42,"Adjust":12.6,"PTC":218.6,"pdc0":245.0,"gamma_pdc":-0.0046,"gamma_r":-0.46}