{"Date":"03.01.2011","Version":"MM107","Technology":"Mono-c-Si","BIPV":"N","A_c":1.6869999999999998,"N_s":96.0,"T_NOCT":47.1,"I_sc_ref":5.56,"V_oc_ref":60.0,"I_mp_ref":5.0,"V_mp_ref":48.0,"alpha_sc":0.00278,"beta_oc":-0.204,"a_ref":2.5762,"I_L_ref":5.5889999999999995,"I_o_ref":4.02e-10,"R_s":0.892,"R_sh_ref":170.07,"Adjust":12.7,"PTC":214.0,"pdc0":240.0,"gamma_pdc":-0.0046,"gamma_r":-0.46}