{"Date":"03.01.2011","Version":"MM107","Technology":"Mono-c-Si","BIPV":"N","A_c":1.6869999999999998,"N_s":96.0,"T_NOCT":47.1,"I_sc_ref":6.02,"V_oc_ref":60.0,"I_mp_ref":5.42,"V_mp_ref":48.0,"alpha_sc":0.00301,"beta_oc":-0.204,"a_ref":2.5737,"I_L_ref":6.051,"I_o_ref":4.26e-10,"R_s":0.825,"R_sh_ref":160.73,"Adjust":12.5,"PTC":232.4,"pdc0":260.0,"gamma_pdc":-0.0046,"gamma_r":-0.46}