{"Date":"03.01.2011","Version":"MM107","Technology":"Mono-c-Si","BIPV":"N","A_c":2.269,"N_s":130.0,"T_NOCT":47.1,"I_sc_ref":5.56,"V_oc_ref":81.25,"I_mp_ref":5.0,"V_mp_ref":65.0,"alpha_sc":0.00278,"beta_oc":-0.27625,"a_ref":3.4886,"I_L_ref":5.5889999999999995,"I_o_ref":4.02e-10,"R_s":1.208,"R_sh_ref":230.31,"Adjust":12.7,"PTC":289.9,"pdc0":325.0,"gamma_pdc":-0.0046,"gamma_r":-0.46}