{"Date":"03.01.2011","Version":"MM107","Technology":"Mono-c-Si","BIPV":"N","A_c":2.269,"N_s":130.0,"T_NOCT":47.1,"I_sc_ref":5.64,"V_oc_ref":81.25,"I_mp_ref":5.08,"V_mp_ref":65.0,"alpha_sc":0.00282,"beta_oc":-0.27625,"a_ref":3.4851,"I_L_ref":5.669,"I_o_ref":3.9899999999999997e-10,"R_s":1.192,"R_sh_ref":234.35,"Adjust":12.5,"PTC":294.5,"pdc0":330.0,"gamma_pdc":-0.0046,"gamma_r":-0.46}