{"Date":"03.01.2011","Version":"MM107","Technology":"Mono-c-Si","BIPV":"N","A_c":2.269,"N_s":130.0,"T_NOCT":47.1,"I_sc_ref":5.98,"V_oc_ref":81.25,"I_mp_ref":5.38,"V_mp_ref":65.0,"alpha_sc":0.00299,"beta_oc":-0.27625,"a_ref":3.4869,"I_L_ref":6.011,"I_o_ref":4.2799999999999997e-10,"R_s":1.124,"R_sh_ref":215.9,"Adjust":12.6,"PTC":312.9,"pdc0":350.0,"gamma_pdc":-0.0046,"gamma_r":-0.46}