{"Date":"03.01.2011","Version":"MM107","Technology":"Multi-c-Si","BIPV":"N","A_c":1.337,"N_s":48.0,"T_NOCT":46.8,"I_sc_ref":7.66,"V_oc_ref":29.0,"I_mp_ref":6.9,"V_mp_ref":23.2,"alpha_sc":0.004596,"beta_oc":-0.0928,"a_ref":1.2375,"I_L_ref":7.699,"I_o_ref":4.8e-10,"R_s":0.315,"R_sh_ref":61.38,"Adjust":18.3,"PTC":142.7,"pdc0":160.0,"gamma_pdc":-0.0045000000000000005,"gamma_r":-0.45}