{"Date":"03.01.2011","Version":"MM107","Technology":"Multi-c-Si","BIPV":"N","A_c":1.337,"N_s":48.0,"T_NOCT":46.8,"I_sc_ref":8.8,"V_oc_ref":30.0,"I_mp_ref":7.92,"V_mp_ref":24.0,"alpha_sc":0.00528,"beta_oc":-0.096,"a_ref":1.2808,"I_L_ref":8.846,"I_o_ref":5.58e-10,"R_s":0.284,"R_sh_ref":54.32,"Adjust":18.4,"PTC":170.2,"pdc0":190.0,"gamma_pdc":-0.0045000000000000005,"gamma_r":-0.45}