{"Date":"03.01.2011","Version":"MM107","Technology":"Multi-c-Si","BIPV":"N","A_c":1.337,"N_s":48.0,"T_NOCT":46.8,"I_sc_ref":7.9,"V_oc_ref":29.0,"I_mp_ref":7.11,"V_mp_ref":23.2,"alpha_sc":0.00474,"beta_oc":-0.0928,"a_ref":1.2381,"I_L_ref":7.941,"I_o_ref":5.01e-10,"R_s":0.305,"R_sh_ref":58.49,"Adjust":18.4,"PTC":147.2,"pdc0":165.0,"gamma_pdc":-0.0045000000000000005,"gamma_r":-0.45}