{"Date":"03.01.2011","Version":"MM107","Technology":"Multi-c-Si","BIPV":"N","A_c":1.337,"N_s":48.0,"T_NOCT":46.8,"I_sc_ref":8.71,"V_oc_ref":29.5,"I_mp_ref":7.84,"V_mp_ref":23.6,"alpha_sc":0.005226,"beta_oc":-0.0944,"a_ref":1.2594,"I_L_ref":8.755,"I_o_ref":5.52e-10,"R_s":0.282,"R_sh_ref":54.1,"Adjust":18.4,"PTC":165.6,"pdc0":185.0,"gamma_pdc":-0.0045000000000000005,"gamma_r":-0.45}