{"Date":"03.01.2011","Version":"MM107","Technology":"Multi-c-Si","BIPV":"N","A_c":1.337,"N_s":48.0,"T_NOCT":46.8,"I_sc_ref":8.14,"V_oc_ref":29.0,"I_mp_ref":7.33,"V_mp_ref":23.2,"alpha_sc":0.004884,"beta_oc":-0.0928,"a_ref":1.2381,"I_L_ref":8.182,"I_o_ref":5.16e-10,"R_s":0.29600000000000004,"R_sh_ref":57.4,"Adjust":18.4,"PTC":151.8,"pdc0":170.0,"gamma_pdc":-0.0045000000000000005,"gamma_r":-0.45}