{"Date":"03.01.2011","Version":"MM107","Technology":"Multi-c-Si","BIPV":"N","A_c":1.494,"N_s":54.0,"T_NOCT":46.8,"I_sc_ref":8.12,"V_oc_ref":32.5,"I_mp_ref":7.31,"V_mp_ref":26.0,"alpha_sc":0.004872,"beta_oc":-0.10400000000000001,"a_ref":1.3875,"I_L_ref":8.162,"I_o_ref":5.15e-10,"R_s":0.33299999999999996,"R_sh_ref":64.13,"Adjust":18.4,"PTC":169.7,"pdc0":190.0,"gamma_pdc":-0.0045000000000000005,"gamma_r":-0.45}