{"Date":"03.01.2011","Version":"MM107","Technology":"Multi-c-Si","BIPV":"N","A_c":1.966,"N_s":72.0,"T_NOCT":46.8,"I_sc_ref":8.66,"V_oc_ref":44.1,"I_mp_ref":7.79,"V_mp_ref":35.28,"alpha_sc":0.005196,"beta_oc":-0.14112,"a_ref":1.8836,"I_L_ref":8.706,"I_o_ref":5.539999999999999e-10,"R_s":0.424,"R_sh_ref":80.33,"Adjust":18.5,"PTC":246.2,"pdc0":275.0,"gamma_pdc":-0.0045000000000000005,"gamma_r":-0.45}