{"Date":"03.01.2011","Version":"MM107","Technology":"Multi-c-Si","BIPV":"N","A_c":1.625,"N_s":60.0,"T_NOCT":46.8,"I_sc_ref":8.29,"V_oc_ref":36.0,"I_mp_ref":7.47,"V_mp_ref":28.8,"alpha_sc":0.004974,"beta_oc":-0.1152,"a_ref":1.5362,"I_L_ref":8.332,"I_o_ref":5.2e-10,"R_s":0.361,"R_sh_ref":70.9,"Adjust":18.3,"PTC":192.2,"pdc0":215.0,"gamma_pdc":-0.0045000000000000005,"gamma_r":-0.45}