{"Date":"03.01.2011","Version":"MM107","Technology":"Multi-c-Si","BIPV":"N","A_c":1.966,"N_s":72.0,"T_NOCT":46.8,"I_sc_ref":8.35,"V_oc_ref":44.1,"I_mp_ref":7.51,"V_mp_ref":35.28,"alpha_sc":0.0050100000000000006,"beta_oc":-0.14112,"a_ref":1.8837,"I_L_ref":8.394,"I_o_ref":5.34e-10,"R_s":0.439,"R_sh_ref":83.06,"Adjust":18.5,"PTC":237.0,"pdc0":265.0,"gamma_pdc":-0.0045000000000000005,"gamma_r":-0.45}