{"Date":"03.01.2011","Version":"MM107","Technology":"Multi-c-Si","BIPV":"N","A_c":1.337,"N_s":48.0,"T_NOCT":46.8,"I_sc_ref":9.26,"V_oc_ref":30.0,"I_mp_ref":8.33,"V_mp_ref":24.0,"alpha_sc":0.005556,"beta_oc":-0.096,"a_ref":1.2814,"I_L_ref":9.309,"I_o_ref":5.93e-10,"R_s":0.27,"R_sh_ref":51.14,"Adjust":18.5,"PTC":179.4,"pdc0":200.0,"gamma_pdc":-0.0045000000000000005,"gamma_r":-0.45}