{"Date":"03.01.2011","Version":"MM107","Technology":"Multi-c-Si","BIPV":"N","A_c":1.625,"N_s":60.0,"T_NOCT":46.8,"I_sc_ref":8.68,"V_oc_ref":36.8,"I_mp_ref":7.81,"V_mp_ref":29.44,"alpha_sc":0.005208,"beta_oc":-0.11775999999999999,"a_ref":1.5718,"I_L_ref":8.726,"I_o_ref":5.559999999999999e-10,"R_s":0.353,"R_sh_ref":67.23,"Adjust":18.5,"PTC":206.0,"pdc0":230.0,"gamma_pdc":-0.0045000000000000005,"gamma_r":-0.45}