{"Date":"03.01.2011","Version":"MM107","Technology":"Multi-c-Si","BIPV":"N","A_c":1.966,"N_s":72.0,"T_NOCT":46.8,"I_sc_ref":8.82,"V_oc_ref":44.1,"I_mp_ref":7.94,"V_mp_ref":35.28,"alpha_sc":0.005292,"beta_oc":-0.14112,"a_ref":1.8827,"I_L_ref":8.866,"I_o_ref":5.59e-10,"R_s":0.41600000000000004,"R_sh_ref":80.08,"Adjust":18.4,"PTC":250.8,"pdc0":280.0,"gamma_pdc":-0.0045000000000000005,"gamma_r":-0.45}