{"Date":"03.01.2011","Version":"MM107","Technology":"Multi-c-Si","BIPV":"N","A_c":1.494,"N_s":54.0,"T_NOCT":46.8,"I_sc_ref":8.78,"V_oc_ref":34.0,"I_mp_ref":7.9,"V_mp_ref":27.2,"alpha_sc":0.005268,"beta_oc":-0.1088,"a_ref":1.4522,"I_L_ref":8.826,"I_o_ref":5.62e-10,"R_s":0.322,"R_sh_ref":61.41,"Adjust":18.5,"PTC":192.6,"pdc0":215.0,"gamma_pdc":-0.0045000000000000005,"gamma_r":-0.45}