{"Date":"03.01.2011","Version":"MM107","Technology":"Multi-c-Si","BIPV":"N","A_c":1.494,"N_s":54.0,"T_NOCT":46.8,"I_sc_ref":8.99,"V_oc_ref":34.0,"I_mp_ref":8.09,"V_mp_ref":27.2,"alpha_sc":0.0053939999999999995,"beta_oc":-0.1088,"a_ref":1.4516,"I_L_ref":9.037,"I_o_ref":5.7e-10,"R_s":0.315,"R_sh_ref":60.11,"Adjust":18.4,"PTC":197.2,"pdc0":220.0,"gamma_pdc":-0.0045000000000000005,"gamma_r":-0.45}