{"Date":"03.01.2011","Version":"MM107","Technology":"Multi-c-Si","BIPV":"N","A_c":1.625,"N_s":60.0,"T_NOCT":46.8,"I_sc_ref":8.7,"V_oc_ref":37.5,"I_mp_ref":7.83,"V_mp_ref":30.0,"alpha_sc":0.005220000000000001,"beta_oc":-0.12,"a_ref":1.601,"I_L_ref":8.745,"I_o_ref":5.510000000000001e-10,"R_s":0.359,"R_sh_ref":68.68,"Adjust":18.4,"PTC":210.6,"pdc0":235.0,"gamma_pdc":-0.0045000000000000005,"gamma_r":-0.45}