{"Date":"03.01.2011","Version":"MM107","Technology":"Multi-c-Si","BIPV":"N","A_c":1.966,"N_s":72.0,"T_NOCT":46.8,"I_sc_ref":8.95,"V_oc_ref":45.0,"I_mp_ref":8.06,"V_mp_ref":36.0,"alpha_sc":0.005370000000000001,"beta_oc":-0.14400000000000002,"a_ref":1.9203,"I_L_ref":8.996,"I_o_ref":5.609999999999999e-10,"R_s":0.419,"R_sh_ref":81.1,"Adjust":18.3,"PTC":260.0,"pdc0":290.0,"gamma_pdc":-0.0045000000000000005,"gamma_r":-0.45}