{"Date":"03.01.2011","Version":"MM107","Technology":"Multi-c-Si","BIPV":"N","A_c":1.966,"N_s":72.0,"T_NOCT":46.8,"I_sc_ref":7.88,"V_oc_ref":43.2,"I_mp_ref":7.09,"V_mp_ref":34.56,"alpha_sc":0.004728,"beta_oc":-0.13824,"a_ref":1.8452,"I_L_ref":7.921,"I_o_ref":5.04e-10,"R_s":0.456,"R_sh_ref":86.88,"Adjust":18.5,"PTC":218.7,"pdc0":245.0,"gamma_pdc":-0.0045000000000000005,"gamma_r":-0.45}