{"Date":"03.01.2011","Version":"MM107","Technology":"Multi-c-Si","BIPV":"N","A_c":1.625,"N_s":60.0,"T_NOCT":46.8,"I_sc_ref":8.89,"V_oc_ref":37.5,"I_mp_ref":8.0,"V_mp_ref":30.0,"alpha_sc":0.005334,"beta_oc":-0.12,"a_ref":1.601,"I_L_ref":8.937000000000001,"I_o_ref":5.63e-10,"R_s":0.35100000000000003,"R_sh_ref":67.04,"Adjust":18.4,"PTC":215.2,"pdc0":240.0,"gamma_pdc":-0.0045000000000000005,"gamma_r":-0.45}