{"Date":"03.01.2011","Version":"MM107","Technology":"Multi-c-Si","BIPV":"N","A_c":1.966,"N_s":72.0,"T_NOCT":46.8,"I_sc_ref":8.36,"V_oc_ref":43.2,"I_mp_ref":7.52,"V_mp_ref":34.56,"alpha_sc":0.005016,"beta_oc":-0.13824,"a_ref":1.8452,"I_L_ref":8.404,"I_o_ref":5.35e-10,"R_s":0.43,"R_sh_ref":81.48,"Adjust":18.5,"PTC":232.4,"pdc0":260.0,"gamma_pdc":-0.0045000000000000005,"gamma_r":-0.45}