{"Date":"04.02.2014","Version":"NRELv1","Technology":"Mono-c-Si","BIPV":"N","A_c":1.6269999999999998,"N_s":60.0,"T_NOCT":46.9,"I_sc_ref":8.78,"V_oc_ref":38.76,"I_mp_ref":8.45,"V_mp_ref":32.12,"alpha_sc":0.00439,"beta_oc":-0.12403,"a_ref":1.5939,"I_L_ref":8.96,"I_o_ref":2.4400000000000004e-10,"R_s":0.22,"R_sh_ref":495.08,"Adjust":10.75,"PTC":244.0,"pdc0":270.0,"gamma_pdc":-0.0043,"gamma_r":-0.43}