{"Date":"04.02.2014","Version":"NRELv1","Technology":"Mono-c-Si","BIPV":"N","A_c":1.6269999999999998,"N_s":60.0,"T_NOCT":46.9,"I_sc_ref":8.66,"V_oc_ref":38.52,"I_mp_ref":8.3,"V_mp_ref":31.7,"alpha_sc":0.00433,"beta_oc":-0.12326,"a_ref":1.5734,"I_L_ref":8.747,"I_o_ref":2.0400000000000002e-10,"R_s":0.256,"R_sh_ref":5911.74,"Adjust":9.333,"PTC":234.7,"pdc0":260.0,"gamma_pdc":-0.0043,"gamma_r":-0.43}