{"Date":"04.02.2014","Version":"NRELv1","Technology":"Multi-c-Si","BIPV":"N","A_c":1.94,"N_s":72.0,"T_NOCT":46.2,"I_sc_ref":8.44,"V_oc_ref":44.7,"I_mp_ref":7.94,"V_mp_ref":36.2,"alpha_sc":0.004220000000000001,"beta_oc":-0.13857,"a_ref":1.834,"I_L_ref":8.446,"I_o_ref":2.18e-10,"R_s":0.38799999999999996,"R_sh_ref":566.9,"Adjust":13.82,"PTC":256.9,"pdc0":285.0,"gamma_pdc":-0.0044,"gamma_r":-0.44}