{"Date":"04.02.2014","Version":"NRELv1","Technology":"Multi-c-Si","BIPV":"N","A_c":1.94,"N_s":72.0,"T_NOCT":46.2,"I_sc_ref":8.69,"V_oc_ref":44.8,"I_mp_ref":8.2,"V_mp_ref":36.6,"alpha_sc":0.004345,"beta_oc":-0.13888,"a_ref":1.844,"I_L_ref":8.693999999999999,"I_o_ref":2.43e-10,"R_s":0.33299999999999996,"R_sh_ref":793.59,"Adjust":14.56,"PTC":270.8,"pdc0":300.0,"gamma_pdc":-0.0044,"gamma_r":-0.44}