{"Date":"2/14/2011","Version":"MM107","Technology":"Mono-c-Si","BIPV":"N","A_c":1.689,"N_s":96.0,"T_NOCT":46.6,"I_sc_ref":5.35,"V_oc_ref":61.0,"I_mp_ref":4.85,"V_mp_ref":50.5,"alpha_sc":0.003713,"beta_oc":-0.23101,"a_ref":2.7492,"I_L_ref":5.362,"I_o_ref":1.1699999999999999e-09,"R_s":0.489,"R_sh_ref":213.09,"Adjust":10.4,"PTC":218.8,"pdc0":245.0,"gamma_pdc":-0.0046700000000000005,"gamma_r":-0.467}