{"Technology":"Mono-c-Si","BIPV":"N","A_c":1.6269999999999998,"N_s":60.0,"T_NOCT":45.8,"PTC":248.5,"pdc0":275.0,"gamma_pdc":-0.0045479}