{"Date":"10/20/2009","Version":"MM106","Technology":"Mono-c-Si","BIPV":"N","A_c":1.643,"N_s":60.0,"T_NOCT":45.0,"I_sc_ref":8.34,"V_oc_ref":36.39,"I_mp_ref":7.55,"V_mp_ref":27.83,"alpha_sc":0.004012,"beta_oc":-0.12190999999999999,"a_ref":1.5827,"I_L_ref":8.391,"I_o_ref":8.26e-10,"R_s":0.547,"R_sh_ref":90.33,"Adjust":17.3,"PTC":186.6,"pdc0":210.0,"gamma_pdc":-0.0051,"gamma_r":-0.51}