{"Date":"04.02.2013","Version":"NRELv1","Technology":"Multi-c-Si","BIPV":"N","A_c":1.661,"N_s":60.0,"T_NOCT":46.7,"I_sc_ref":8.28,"V_oc_ref":37.08,"I_mp_ref":7.8,"V_mp_ref":30.78,"alpha_sc":0.003759,"beta_oc":-0.12511,"a_ref":1.5632,"I_L_ref":8.283999999999999,"I_o_ref":4.09e-10,"R_s":0.21,"R_sh_ref":472.29,"Adjust":10.21,"PTC":215.0,"pdc0":240.0,"gamma_pdc":-0.004529999999999999,"gamma_r":-0.45299999999999996}