{"Technology":"Mono-c-Si","BIPV":"N","A_c":1.9380000000000002,"N_s":72.0,"T_NOCT":47.2,"PTC":278.3,"pdc0":310.0,"gamma_pdc":-0.00446}