{"Technology":"Multi-c-Si","BIPV":"N","A_c":1.9380000000000002,"N_s":72.0,"T_NOCT":46.5,"PTC":288.2,"pdc0":320.0,"gamma_pdc":-0.0045000000000000005}