{"Date":"5/22/2012","Version":"NRELv1","Technology":"Mono-c-Si","BIPV":"N","A_c":1.635,"N_s":60.0,"T_NOCT":47.3,"I_sc_ref":9.21,"V_oc_ref":39.07,"I_mp_ref":8.59,"V_mp_ref":30.3,"alpha_sc":0.005111999999999999,"beta_oc":-0.13241,"a_ref":1.6472,"I_L_ref":9.222000000000001,"I_o_ref":4.5600000000000003e-10,"R_s":0.47700000000000004,"R_sh_ref":354.82,"Adjust":9.606,"PTC":231.2,"pdc0":260.0,"gamma_pdc":-0.00479,"gamma_r":-0.479}