{"Date":"5/22/2012","Version":"NRELv1","Technology":"Mono-c-Si","BIPV":"N","A_c":1.635,"N_s":60.0,"T_NOCT":47.3,"I_sc_ref":8.99,"V_oc_ref":37.71,"I_mp_ref":8.38,"V_mp_ref":29.25,"alpha_sc":0.00499,"beta_oc":-0.12780999999999998,"a_ref":1.5905,"I_L_ref":9.003,"I_o_ref":4.49e-10,"R_s":0.47200000000000003,"R_sh_ref":329.19,"Adjust":9.685,"PTC":217.5,"pdc0":245.0,"gamma_pdc":-0.00479,"gamma_r":-0.479}