{"Date":"10.01.2014","Version":"NRELv1","Technology":"Mono-c-Si","BIPV":"N","A_c":1.631,"N_s":60.0,"T_NOCT":46.1,"I_sc_ref":8.5,"V_oc_ref":37.5,"I_mp_ref":7.94,"V_mp_ref":30.35,"alpha_sc":0.0034,"beta_oc":-0.12,"a_ref":1.5483,"I_L_ref":8.511000000000001,"I_o_ref":2.53e-10,"R_s":0.325,"R_sh_ref":243.93,"Adjust":11.68,"PTC":216.0,"pdc0":240.0,"gamma_pdc":-0.0045000000000000005,"gamma_r":-0.45}