{"Date":"04.02.2013","Version":"NRELv1","Technology":"Mono-c-Si","BIPV":"N","A_c":1.2770000000000001,"N_s":72.0,"T_NOCT":48.3,"I_sc_ref":5.61,"V_oc_ref":44.6,"I_mp_ref":4.95,"V_mp_ref":36.3,"alpha_sc":0.001066,"beta_oc":-0.14004,"a_ref":1.8659999999999999,"I_L_ref":5.644,"I_o_ref":2.1399999999999998e-10,"R_s":0.5429999999999999,"R_sh_ref":88.46,"Adjust":16.61,"PTC":160.1,"pdc0":180.0,"gamma_pdc":-0.00446,"gamma_r":-0.446}