{"Date":"9/15/2011","Version":"MM107","Technology":"Mono-c-Si","BIPV":"N","A_c":1.2770000000000001,"N_s":72.0,"T_NOCT":48.3,"I_sc_ref":5.8,"V_oc_ref":44.6,"I_mp_ref":5.09,"V_mp_ref":36.3,"alpha_sc":0.001102,"beta_oc":-0.14004,"a_ref":1.8736,"I_L_ref":5.837999999999999,"I_o_ref":2.42e-10,"R_s":0.522,"R_sh_ref":79.84,"Adjust":17.3,"PTC":164.6,"pdc0":185.0,"gamma_pdc":-0.00446,"gamma_r":-0.446}