{"Date":"04.02.2013","Version":"NRELv1","Technology":"Mono-c-Si","BIPV":"N","A_c":1.262,"N_s":72.0,"T_NOCT":48.3,"I_sc_ref":5.64,"V_oc_ref":44.85,"I_mp_ref":5.15,"V_mp_ref":36.89,"alpha_sc":0.001072,"beta_oc":-0.14082999999999998,"a_ref":1.8471,"I_L_ref":5.656000000000001,"I_o_ref":1.53e-10,"R_s":0.465,"R_sh_ref":162.51,"Adjust":13.35,"PTC":169.3,"pdc0":190.0,"gamma_pdc":-0.00446,"gamma_r":-0.446}