{"Date":"04.02.2013","Version":"NRELv1","Technology":"Multi-c-Si","BIPV":"N","A_c":1.923,"N_s":72.0,"T_NOCT":45.7,"I_sc_ref":8.72,"V_oc_ref":44.89,"I_mp_ref":8.18,"V_mp_ref":36.68,"alpha_sc":0.003488,"beta_oc":-0.15263,"a_ref":1.8681,"I_L_ref":8.727,"I_o_ref":3.1600000000000005e-10,"R_s":0.327,"R_sh_ref":382.12,"Adjust":6.724,"PTC":270.8,"pdc0":300.0,"gamma_pdc":-0.00452,"gamma_r":-0.452}