{"Date":"04.02.2013","Version":"NRELv1","Technology":"Multi-c-Si","BIPV":"N","A_c":1.611,"N_s":60.0,"T_NOCT":45.5,"I_sc_ref":8.8,"V_oc_ref":37.44,"I_mp_ref":8.14,"V_mp_ref":30.71,"alpha_sc":0.00352,"beta_oc":-0.12355,"a_ref":1.5692,"I_L_ref":8.816,"I_o_ref":3.71e-10,"R_s":0.252,"R_sh_ref":135.25,"Adjust":11.4,"PTC":225.9,"pdc0":250.0,"gamma_pdc":-0.0045000000000000005,"gamma_r":-0.45}