{"Date":"04.02.2013","Version":"NRELv1","Technology":"Multi-c-Si","BIPV":"N","A_c":1.923,"N_s":72.0,"T_NOCT":45.7,"I_sc_ref":8.78,"V_oc_ref":45.12,"I_mp_ref":8.21,"V_mp_ref":37.18,"alpha_sc":0.003512,"beta_oc":-0.15341,"a_ref":1.8905,"I_L_ref":8.789,"I_o_ref":3.7199999999999996e-10,"R_s":0.281,"R_sh_ref":281.17,"Adjust":8.102,"PTC":275.4,"pdc0":305.0,"gamma_pdc":-0.00452,"gamma_r":-0.452}