{"Vac":240.0,"Paco":4986.0,"Pdco":5327.82,"Vdco":275.0,"Pso":74.2218,"C0":-7.3681700000000005e-06,"C1":-8.0254e-05,"C2":-2.7890100000000003e-05,"C3":-0.000956041,"Pnt":0.78,"Vdcmax":400.0,"Mppt_low":100.0,"Mppt_high":400.0}