{"Vac":240.0,"Paco":2980.0,"Pdco":3187.55,"Vdco":275.0,"Pso":65.2566,"C0":-1.25482e-05,"C1":-7.40103e-05,"C2":-0.000951496,"C3":-0.00125009,"Pnt":0.7,"Vdcmax":400.0,"Mppt_low":100.0,"Mppt_high":400.0}