{"Vac":240.0,"Paco":5993.0,"Pdco":6423.17,"Vdco":275.0,"Pso":64.5394,"C0":-6.217899999999999e-06,"C1":-9.616569999999999e-05,"C2":-9.9483e-05,"C3":-0.00135591,"Pnt":0.8,"Vdcmax":400.0,"Mppt_low":100.0,"Mppt_high":400.0}