{"Technology":"Multi-c-Si","BIPV":"N","A_c":1.6369999999999998,"N_s":60.0,"T_NOCT":44.6,"PTC":241.2,"pdc0":265.0,"gamma_pdc":-0.00444}