{"Technology":"Multi-c-Si","BIPV":"N","A_c":1.6369999999999998,"N_s":60.0,"T_NOCT":43.3,"PTC":228.4,"pdc0":250.0,"gamma_pdc":-0.00451}