{"Technology":"Mono-c-Si","BIPV":"N","A_c":1.6369999999999998,"N_s":60.0,"T_NOCT":51.0,"PTC":204.0,"pdc0":235.0,"gamma_pdc":-0.0047799999999999995}