{"Date":"07.06.2011","Version":"MM107","Technology":"Multi-c-Si","BIPV":"N","A_c":1.6369999999999998,"N_s":60.0,"T_NOCT":46.7,"I_sc_ref":7.89,"V_oc_ref":34.2,"I_mp_ref":7.02,"V_mp_ref":28.5,"alpha_sc":0.006193,"beta_oc":-0.10985,"a_ref":1.5382,"I_L_ref":7.912000000000001,"I_o_ref":1.61e-09,"R_s":0.156,"R_sh_ref":56.36,"Adjust":29.6,"PTC":178.3,"pdc0":200.0,"gamma_pdc":-0.00455,"gamma_r":-0.455}