{"Date":"07.06.2011","Version":"MM107","Technology":"Multi-c-Si","BIPV":"N","A_c":1.9409999999999998,"N_s":72.0,"T_NOCT":46.7,"I_sc_ref":8.21,"V_oc_ref":42.6,"I_mp_ref":7.33,"V_mp_ref":35.5,"alpha_sc":0.006444,"beta_oc":-0.13683,"a_ref":1.9116,"I_L_ref":8.232000000000001,"I_o_ref":1.6e-09,"R_s":0.18899999999999997,"R_sh_ref":71.22,"Adjust":29.1,"PTC":232.3,"pdc0":260.0,"gamma_pdc":-0.00455,"gamma_r":-0.455}