{"Date":"9/28/2011","Version":"MM107","Technology":"Mono-c-Si","BIPV":"N","A_c":1.2770000000000001,"N_s":72.0,"T_NOCT":46.0,"I_sc_ref":5.49,"V_oc_ref":45.5,"I_mp_ref":5.38,"V_mp_ref":36.2,"alpha_sc":0.003382,"beta_oc":-0.16817000000000001,"a_ref":1.8673,"I_L_ref":5.691,"I_o_ref":1.49e-10,"R_s":0.7190000000000001,"R_sh_ref":100000.0,"Adjust":-4.8,"PTC":176.4,"pdc0":195.0,"gamma_pdc":-0.00434,"gamma_r":-0.434}