{"Date":"9/30/2011","Version":"MM107","Technology":"Mono-c-Si","BIPV":"N","A_c":1.69,"N_s":96.0,"T_NOCT":46.3,"I_sc_ref":5.49,"V_oc_ref":59.6,"I_mp_ref":5.14,"V_mp_ref":48.7,"alpha_sc":0.0033159999999999995,"beta_oc":-0.2238,"a_ref":2.5097,"I_L_ref":5.495,"I_o_ref":2.63e-10,"R_s":0.6779999999999999,"R_sh_ref":710.08,"Adjust":-1.6,"PTC":225.5,"pdc0":250.0,"gamma_pdc":-0.00436,"gamma_r":-0.436}