{"Date":"9/28/2011","Version":"MM107","Technology":"Mono-c-Si","BIPV":"N","A_c":1.2770000000000001,"N_s":72.0,"T_NOCT":46.0,"I_sc_ref":5.44,"V_oc_ref":45.4,"I_mp_ref":5.25,"V_mp_ref":36.2,"alpha_sc":0.003351,"beta_oc":-0.1678,"a_ref":1.8673,"I_L_ref":5.553,"I_o_ref":1.53e-10,"R_s":0.7170000000000001,"R_sh_ref":100000.0,"Adjust":-4.4,"PTC":171.8,"pdc0":190.0,"gamma_pdc":-0.00434,"gamma_r":-0.434}