{"Date":"10.03.2011","Version":"MM107","Technology":"Mono-c-Si","BIPV":"N","A_c":1.9680000000000002,"N_s":72.0,"T_NOCT":46.0,"I_sc_ref":8.76,"V_oc_ref":44.8,"I_mp_ref":8.05,"V_mp_ref":36.0,"alpha_sc":0.005685,"beta_oc":-0.17096,"a_ref":1.9012,"I_L_ref":8.785,"I_o_ref":4.94e-10,"R_s":0.402,"R_sh_ref":139.21,"Adjust":-1.9,"PTC":261.9,"pdc0":290.0,"gamma_pdc":-0.004370000000000001,"gamma_r":-0.43700000000000006}