{"Date":"9/28/2011","Version":"MM107","Technology":"Mono-c-Si","BIPV":"N","A_c":1.652,"N_s":60.0,"T_NOCT":46.0,"I_sc_ref":7.94,"V_oc_ref":36.6,"I_mp_ref":7.34,"V_mp_ref":29.3,"alpha_sc":0.005622,"beta_oc":-0.15204,"a_ref":1.5727,"I_L_ref":7.957999999999999,"I_o_ref":6.05e-10,"R_s":0.373,"R_sh_ref":166.27,"Adjust":-7.8,"PTC":193.2,"pdc0":215.0,"gamma_pdc":-0.00444,"gamma_r":-0.444}