{"Date":"9/30/2011","Version":"MM107","Technology":"Mono-c-Si","BIPV":"N","A_c":1.69,"N_s":96.0,"T_NOCT":46.3,"I_sc_ref":5.43,"V_oc_ref":59.5,"I_mp_ref":5.06,"V_mp_ref":48.4,"alpha_sc":0.00328,"beta_oc":-0.22341999999999998,"a_ref":2.5058,"I_L_ref":5.438,"I_o_ref":2.6e-10,"R_s":0.733,"R_sh_ref":528.78,"Adjust":-1.6,"PTC":220.9,"pdc0":245.0,"gamma_pdc":-0.00436,"gamma_r":-0.436}