{"Date":"9/30/2011","Version":"MM107","Technology":"Mono-c-Si","BIPV":"N","A_c":1.652,"N_s":60.0,"T_NOCT":46.0,"I_sc_ref":8.6,"V_oc_ref":37.2,"I_mp_ref":7.97,"V_mp_ref":30.1,"alpha_sc":0.006089,"beta_oc":-0.15453,"a_ref":1.6067,"I_L_ref":8.615,"I_o_ref":7.389999999999999e-10,"R_s":0.302,"R_sh_ref":168.91,"Adjust":-6.9,"PTC":216.3,"pdc0":240.0,"gamma_pdc":-0.00444,"gamma_r":-0.444}