{"Date":"10.03.2011","Version":"MM107","Technology":"Mono-c-Si","BIPV":"N","A_c":1.9680000000000002,"N_s":72.0,"T_NOCT":46.0,"I_sc_ref":8.16,"V_oc_ref":44.5,"I_mp_ref":7.54,"V_mp_ref":35.8,"alpha_sc":0.005296,"beta_oc":-0.16981,"a_ref":1.8840000000000001,"I_L_ref":8.179,"I_o_ref":4.38e-10,"R_s":0.423,"R_sh_ref":182.48,"Adjust":-2.3,"PTC":243.4,"pdc0":270.0,"gamma_pdc":-0.004370000000000001,"gamma_r":-0.43700000000000006}