{"Date":"9/30/2011","Version":"MM107","Technology":"Mono-c-Si","BIPV":"N","A_c":1.9680000000000002,"N_s":72.0,"T_NOCT":46.0,"I_sc_ref":7.62,"V_oc_ref":44.2,"I_mp_ref":7.16,"V_mp_ref":35.6,"alpha_sc":0.004945000000000001,"beta_oc":-0.16867000000000001,"a_ref":1.8532,"I_L_ref":7.625,"I_o_ref":3.31e-10,"R_s":0.445,"R_sh_ref":661.99,"Adjust":-4.0,"PTC":229.6,"pdc0":255.0,"gamma_pdc":-0.004370000000000001,"gamma_r":-0.43700000000000006}