{"Date":"9/30/2011","Version":"MM107","Technology":"Mono-c-Si","BIPV":"N","A_c":1.9680000000000002,"N_s":72.0,"T_NOCT":45.8,"I_sc_ref":7.88,"V_oc_ref":44.5,"I_mp_ref":7.26,"V_mp_ref":35.8,"alpha_sc":0.006399,"beta_oc":-0.16558,"a_ref":1.9164,"I_L_ref":7.9,"I_o_ref":6.29e-10,"R_s":0.429,"R_sh_ref":173.0,"Adjust":3.3,"PTC":234.3,"pdc0":260.0,"gamma_pdc":-0.004379999999999999,"gamma_r":-0.43799999999999994}