{"Date":"9/30/2011","Version":"MM107","Technology":"Mono-c-Si","BIPV":"N","A_c":1.9680000000000002,"N_s":72.0,"T_NOCT":45.8,"I_sc_ref":7.62,"V_oc_ref":44.2,"I_mp_ref":7.16,"V_mp_ref":35.6,"alpha_sc":0.006187,"beta_oc":-0.16447,"a_ref":1.8817,"I_L_ref":7.624,"I_o_ref":4.76e-10,"R_s":0.43700000000000006,"R_sh_ref":742.72,"Adjust":1.2,"PTC":229.7,"pdc0":255.0,"gamma_pdc":-0.004379999999999999,"gamma_r":-0.43799999999999994}