{"Date":"07.08.2009","Version":"MM106","Technology":"1-a-Si","BIPV":"N","A_c":1.4509999999999998,"N_s":119.0,"T_NOCT":46.0,"I_sc_ref":1.65,"V_oc_ref":101.0,"I_mp_ref":1.33,"V_mp_ref":75.0,"alpha_sc":0.001469,"beta_oc":-0.28986999999999996,"a_ref":3.3826,"I_L_ref":1.72,"I_o_ref":1.4599999999999998e-13,"R_s":11.767999999999999,"R_sh_ref":277.86,"Adjust":-23.0,"PTC":95.5,"pdc0":100.0,"gamma_pdc":-0.0018100000000000002,"gamma_r":-0.18100000000000002}