{"Date":"07.08.2009","Version":"MM106","Technology":"1-a-Si","BIPV":"N","A_c":1.4509999999999998,"N_s":119.0,"T_NOCT":46.0,"I_sc_ref":1.68,"V_oc_ref":102.0,"I_mp_ref":1.36,"V_mp_ref":77.2,"alpha_sc":0.001495,"beta_oc":-0.29274,"a_ref":3.4488,"I_L_ref":1.7409999999999999,"I_o_ref":1.98e-13,"R_s":10.370999999999999,"R_sh_ref":286.7,"Adjust":-21.1,"PTC":100.3,"pdc0":105.0,"gamma_pdc":-0.0018100000000000002,"gamma_r":-0.18100000000000002}