{"Date":"7/13/2012","Version":"NRELv1","Technology":"a-Si/nc","BIPV":"N","A_c":1.54,"N_s":63.0,"T_NOCT":44.7,"I_sc_ref":2.54,"V_oc_ref":85.5,"I_mp_ref":2.32,"V_mp_ref":64.7,"alpha_sc":0.0012699999999999999,"beta_oc":-0.33345,"a_ref":3.2931,"I_L_ref":2.556,"I_o_ref":1.2999999999999999e-11,"R_s":4.895,"R_sh_ref":785.75,"Adjust":-20.64,"PTC":136.8,"pdc0":150.0,"gamma_pdc":-0.0039000000000000003,"gamma_r":-0.39}