{"Date":"7/13/2012","Version":"NRELv1","Technology":"a-Si/nc","BIPV":"N","A_c":1.54,"N_s":63.0,"T_NOCT":44.7,"I_sc_ref":2.56,"V_oc_ref":85.5,"I_mp_ref":2.38,"V_mp_ref":65.2,"alpha_sc":0.00128,"beta_oc":-0.33345,"a_ref":3.2769,"I_L_ref":2.5669999999999997,"I_o_ref":1.17e-11,"R_s":4.5680000000000005,"R_sh_ref":1676.35,"Adjust":-21.37,"PTC":141.4,"pdc0":155.0,"gamma_pdc":-0.0039000000000000003,"gamma_r":-0.39}