{"Date":"2/17/2011","Version":"MM107","Technology":"a-Si/nc","BIPV":"N","A_c":1.54,"N_s":59.0,"T_NOCT":44.7,"I_sc_ref":2.91,"V_oc_ref":76.8,"I_mp_ref":2.38,"V_mp_ref":59.0,"alpha_sc":0.00227,"beta_oc":-0.25267,"a_ref":2.9653,"I_L_ref":2.988,"I_o_ref":1.3800000000000002e-11,"R_s":3.722,"R_sh_ref":138.89,"Adjust":-6.7,"PTC":130.6,"pdc0":140.0,"gamma_pdc":-0.00295,"gamma_r":-0.295}