{"Date":"08.01.2012","Version":"NRELv1","Technology":"Mono-c-Si","BIPV":"N","A_c":1.595,"N_s":60.0,"T_NOCT":45.7,"I_sc_ref":8.85,"V_oc_ref":37.38,"I_mp_ref":8.21,"V_mp_ref":31.2,"alpha_sc":0.0029649999999999998,"beta_oc":-0.13385999999999998,"a_ref":1.6518,"I_L_ref":8.859,"I_o_ref":1.2800000000000001e-09,"R_s":0.155,"R_sh_ref":157.64,"Adjust":13.41,"PTC":227.9,"pdc0":255.0,"gamma_pdc":-0.00496,"gamma_r":-0.496}