{"Date":"08.01.2012","Version":"NRELv1","Technology":"Multi-c-Si","BIPV":"N","A_c":1.906,"N_s":72.0,"T_NOCT":46.7,"I_sc_ref":8.4,"V_oc_ref":44.79,"I_mp_ref":7.8,"V_mp_ref":37.44,"alpha_sc":0.002881,"beta_oc":-0.1492,"a_ref":1.9108,"I_L_ref":8.408999999999999,"I_o_ref":5.4e-10,"R_s":0.207,"R_sh_ref":192.42,"Adjust":14.22,"PTC":264.0,"pdc0":295.0,"gamma_pdc":-0.00464,"gamma_r":-0.46399999999999997}