{"Date":"08.01.2012","Version":"NRELv1","Technology":"Multi-c-Si","BIPV":"N","A_c":1.906,"N_s":72.0,"T_NOCT":46.7,"I_sc_ref":8.3,"V_oc_ref":44.5,"I_mp_ref":7.66,"V_mp_ref":37.15,"alpha_sc":0.0028469999999999997,"beta_oc":-0.14823,"a_ref":1.9042,"I_L_ref":8.312000000000001,"I_o_ref":5.69e-10,"R_s":0.213,"R_sh_ref":153.1,"Adjust":14.84,"PTC":254.8,"pdc0":285.0,"gamma_pdc":-0.00464,"gamma_r":-0.46399999999999997}