{"Date":"08.01.2012","Version":"NRELv1","Technology":"Mono-c-Si","BIPV":"N","A_c":1.906,"N_s":72.0,"T_NOCT":46.9,"I_sc_ref":8.69,"V_oc_ref":44.71,"I_mp_ref":8.03,"V_mp_ref":37.44,"alpha_sc":0.0023120000000000003,"beta_oc":-0.15497,"a_ref":1.9444,"I_L_ref":8.7,"I_o_ref":8.68e-10,"R_s":0.18,"R_sh_ref":156.4,"Adjust":13.83,"PTC":267.0,"pdc0":300.0,"gamma_pdc":-0.00484,"gamma_r":-0.484}