{"Date":"04.02.2013","Version":"NRELv1","Technology":"Mono-c-Si","BIPV":"N","A_c":1.594,"N_s":60.0,"T_NOCT":48.9,"I_sc_ref":8.63,"V_oc_ref":37.6,"I_mp_ref":8.04,"V_mp_ref":30.5,"alpha_sc":0.0047469999999999995,"beta_oc":-0.1316,"a_ref":1.5866,"I_L_ref":8.642000000000001,"I_o_ref":4.32e-10,"R_s":0.303,"R_sh_ref":212.08,"Adjust":6.249,"PTC":217.5,"pdc0":245.0,"gamma_pdc":-0.0045000000000000005,"gamma_r":-0.45}