{"Date":"01.02.2014","Version":"NRELv1","Technology":"Multi-c-Si","BIPV":"N","A_c":1.6369999999999998,"N_s":72.0,"T_NOCT":47.4,"I_sc_ref":8.55,"V_oc_ref":37.53,"I_mp_ref":7.99,"V_mp_ref":30.65,"alpha_sc":0.008294,"beta_oc":-0.14224,"a_ref":1.7069,"I_L_ref":8.556000000000001,"I_o_ref":2.39e-09,"R_s":0.244,"R_sh_ref":339.65,"Adjust":12.26,"PTC":217.1,"pdc0":245.0,"gamma_pdc":-0.00483,"gamma_r":-0.483}