{"Date":"01.02.2014","Version":"NRELv1","Technology":"Multi-c-Si","BIPV":"N","A_c":1.6369999999999998,"N_s":72.0,"T_NOCT":44.6,"I_sc_ref":8.85,"V_oc_ref":37.54,"I_mp_ref":8.29,"V_mp_ref":30.78,"alpha_sc":0.012036,"beta_oc":-0.14378,"a_ref":1.7084,"I_L_ref":8.855,"I_o_ref":2.51e-09,"R_s":0.21899999999999997,"R_sh_ref":407.51,"Adjust":10.79,"PTC":231.9,"pdc0":255.0,"gamma_pdc":-0.00444,"gamma_r":-0.444}