{"Date":"01.02.2014","Version":"NRELv1","Technology":"Multi-c-Si","BIPV":"N","A_c":1.6369999999999998,"N_s":72.0,"T_NOCT":43.3,"I_sc_ref":8.63,"V_oc_ref":37.68,"I_mp_ref":8.08,"V_mp_ref":30.93,"alpha_sc":0.009579,"beta_oc":-0.13979,"a_ref":1.6864,"I_L_ref":8.636000000000001,"I_o_ref":1.6899999999999997e-09,"R_s":0.228,"R_sh_ref":356.86,"Adjust":11.26,"PTC":228.4,"pdc0":250.0,"gamma_pdc":-0.00451,"gamma_r":-0.451}