{"Date":"01.02.2014","Version":"NRELv1","Technology":"Multi-c-Si","BIPV":"N","A_c":1.6369999999999998,"N_s":72.0,"T_NOCT":43.3,"I_sc_ref":8.93,"V_oc_ref":37.76,"I_mp_ref":8.37,"V_mp_ref":31.06,"alpha_sc":0.009912,"beta_oc":-0.14009000000000002,"a_ref":1.6909999999999998,"I_L_ref":8.935,"I_o_ref":1.7699999999999999e-09,"R_s":0.21100000000000002,"R_sh_ref":381.01,"Adjust":11.38,"PTC":237.7,"pdc0":260.0,"gamma_pdc":-0.00451,"gamma_r":-0.451}