{"Date":"06.09.2010","Version":"MM107","Technology":"Multi-c-Si","BIPV":"N","A_c":1.459,"N_s":54.0,"T_NOCT":46.2,"I_sc_ref":7.95,"V_oc_ref":33.37,"I_mp_ref":7.45,"V_mp_ref":27.54,"alpha_sc":0.010334999999999999,"beta_oc":-0.10011,"a_ref":1.4639,"I_L_ref":7.955,"I_o_ref":9.89e-10,"R_s":0.205,"R_sh_ref":321.54,"Adjust":32.6,"PTC":180.0,"pdc0":200.0,"gamma_pdc":-0.0044,"gamma_r":-0.44}