{"Date":"11.01.2010","Version":"MM107","Technology":"Multi-c-Si","BIPV":"N","A_c":1.956,"N_s":72.0,"T_NOCT":46.1,"I_sc_ref":8.19,"V_oc_ref":44.15,"I_mp_ref":7.75,"V_mp_ref":34.87,"alpha_sc":0.0017530000000000002,"beta_oc":-0.14565,"a_ref":1.7946,"I_L_ref":8.202,"I_o_ref":1.7e-10,"R_s":0.526,"R_sh_ref":100000.0,"Adjust":5.2,"PTC":241.3,"pdc0":270.0,"gamma_pdc":-0.004699999999999999,"gamma_r":-0.47}