{"Date":"10/30/2012","Version":"NRELv1","Technology":"Multi-c-Si","BIPV":"N","A_c":1.304,"N_s":48.0,"T_NOCT":50.0,"I_sc_ref":8.83,"V_oc_ref":30.03,"I_mp_ref":8.46,"V_mp_ref":24.23,"alpha_sc":0.005811,"beta_oc":-0.10290999999999999,"a_ref":1.2794,"I_L_ref":9.013,"I_o_ref":5.72e-10,"R_s":0.245,"R_sh_ref":386.75,"Adjust":10.48,"PTC":180.5,"pdc0":205.0,"gamma_pdc":-0.00461,"gamma_r":-0.461}