{"Date":"11.01.2010","Version":"MM107","Technology":"Multi-c-Si","BIPV":"N","A_c":1.611,"N_s":60.0,"T_NOCT":46.1,"I_sc_ref":8.32,"V_oc_ref":36.87,"I_mp_ref":7.85,"V_mp_ref":29.3,"alpha_sc":0.0017800000000000001,"beta_oc":-0.12163,"a_ref":1.5053,"I_L_ref":8.322000000000001,"I_o_ref":1.9099999999999999e-10,"R_s":0.406,"R_sh_ref":1580.81,"Adjust":6.1,"PTC":205.7,"pdc0":230.0,"gamma_pdc":-0.004699999999999999,"gamma_r":-0.47}