{"Date":"11.01.2010","Version":"MM107","Technology":"Multi-c-Si","BIPV":"N","A_c":1.611,"N_s":60.0,"T_NOCT":46.1,"I_sc_ref":8.21,"V_oc_ref":36.75,"I_mp_ref":7.71,"V_mp_ref":29.19,"alpha_sc":0.001757,"beta_oc":-0.12124000000000001,"a_ref":1.5035,"I_L_ref":8.217,"I_o_ref":1.97e-10,"R_s":0.413,"R_sh_ref":506.12,"Adjust":6.5,"PTC":201.1,"pdc0":225.0,"gamma_pdc":-0.004699999999999999,"gamma_r":-0.47}