{"Date":"11.01.2010","Version":"MM107","Technology":"Multi-c-Si","BIPV":"N","A_c":1.956,"N_s":72.0,"T_NOCT":46.1,"I_sc_ref":8.51,"V_oc_ref":44.53,"I_mp_ref":8.12,"V_mp_ref":35.1,"alpha_sc":0.0018210000000000001,"beta_oc":-0.1469,"a_ref":1.8074,"I_L_ref":8.595,"I_o_ref":1.72e-10,"R_s":0.517,"R_sh_ref":100000.0,"Adjust":4.9,"PTC":255.1,"pdc0":285.0,"gamma_pdc":-0.004699999999999999,"gamma_r":-0.47}