{"Date":"10/30/2012","Version":"NRELv1","Technology":"Mono-c-Si","BIPV":"N","A_c":1.465,"N_s":54.0,"T_NOCT":51.4,"I_sc_ref":8.75,"V_oc_ref":33.92,"I_mp_ref":8.38,"V_mp_ref":26.85,"alpha_sc":0.006379,"beta_oc":-0.11635,"a_ref":1.4240000000000002,"I_L_ref":8.932,"I_o_ref":4.0099999999999996e-10,"R_s":0.354,"R_sh_ref":545.8,"Adjust":7.252000000000001,"PTC":197.1,"pdc0":225.0,"gamma_pdc":-0.0045000000000000005,"gamma_r":-0.45}