{"Date":"02.03.2011","Version":"MM107","Technology":"Multi-c-Si","BIPV":"N","A_c":0.983,"N_s":36.0,"T_NOCT":46.1,"I_sc_ref":8.57,"V_oc_ref":22.25,"I_mp_ref":7.89,"V_mp_ref":17.75,"alpha_sc":0.001834,"beta_oc":-0.0734,"a_ref":0.9231,"I_L_ref":8.596,"I_o_ref":2.82e-10,"R_s":0.228,"R_sh_ref":74.61,"Adjust":9.3,"PTC":125.2,"pdc0":140.0,"gamma_pdc":-0.004699999999999999,"gamma_r":-0.47}