{"Date":"11.01.2010","Version":"MM107","Technology":"Mono-c-Si","BIPV":"N","A_c":1.611,"N_s":60.0,"T_NOCT":45.8,"I_sc_ref":8.21,"V_oc_ref":36.53,"I_mp_ref":7.59,"V_mp_ref":28.99,"alpha_sc":0.0034729999999999995,"beta_oc":-0.12409,"a_ref":1.536,"I_L_ref":8.231,"I_o_ref":3.76e-10,"R_s":0.40700000000000003,"R_sh_ref":160.07,"Adjust":8.7,"PTC":197.0,"pdc0":220.0,"gamma_pdc":-0.00468,"gamma_r":-0.46799999999999997}