{"Date":"07.08.2009","Version":"MM106","Technology":"Multi-c-Si","BIPV":"N","A_c":1.304,"N_s":48.0,"T_NOCT":45.9,"I_sc_ref":8.15,"V_oc_ref":29.51,"I_mp_ref":7.61,"V_mp_ref":23.68,"alpha_sc":0.007254000000000001,"beta_oc":-0.10329,"a_ref":1.3111,"I_L_ref":8.158,"I_o_ref":1.35e-09,"R_s":0.272,"R_sh_ref":283.66,"Adjust":16.5,"PTC":160.5,"pdc0":180.0,"gamma_pdc":-0.00483,"gamma_r":-0.483}