{"Date":"10/30/2012","Version":"NRELv1","Technology":"Mono-c-Si","BIPV":"N","A_c":1.465,"N_s":54.0,"T_NOCT":51.4,"I_sc_ref":8.88,"V_oc_ref":34.08,"I_mp_ref":8.52,"V_mp_ref":27.0,"alpha_sc":0.006474,"beta_oc":-0.11689000000000001,"a_ref":1.43,"I_L_ref":9.062000000000001,"I_o_ref":4.03e-10,"R_s":0.34700000000000003,"R_sh_ref":799.99,"Adjust":7.1579999999999995,"PTC":201.6,"pdc0":230.0,"gamma_pdc":-0.0045000000000000005,"gamma_r":-0.45}