{"Date":"10/30/2012","Version":"NRELv1","Technology":"Multi-c-Si","BIPV":"N","A_c":1.7730000000000001,"N_s":66.0,"T_NOCT":50.0,"I_sc_ref":8.25,"V_oc_ref":40.95,"I_mp_ref":7.81,"V_mp_ref":32.01,"alpha_sc":0.005429,"beta_oc":-0.14034000000000002,"a_ref":1.7153,"I_L_ref":8.339,"I_o_ref":3.5499999999999996e-10,"R_s":0.518,"R_sh_ref":690.16,"Adjust":6.9510000000000005,"PTC":219.3,"pdc0":250.0,"gamma_pdc":-0.00461,"gamma_r":-0.461}