{"Date":"02.03.2011","Version":"MM107","Technology":"Multi-c-Si","BIPV":"N","A_c":0.983,"N_s":36.0,"T_NOCT":46.1,"I_sc_ref":8.26,"V_oc_ref":22.1,"I_mp_ref":7.64,"V_mp_ref":17.68,"alpha_sc":0.001768,"beta_oc":-0.07291,"a_ref":0.9159,"I_L_ref":8.28,"I_o_ref":2.66e-10,"R_s":0.22699999999999998,"R_sh_ref":91.76,"Adjust":9.1,"PTC":120.6,"pdc0":135.0,"gamma_pdc":-0.004699999999999999,"gamma_r":-0.47}