{"Date":"10/30/2012","Version":"NRELv1","Technology":"Mono-c-Si","BIPV":"N","A_c":1.7730000000000001,"N_s":66.0,"T_NOCT":51.4,"I_sc_ref":8.46,"V_oc_ref":40.62,"I_mp_ref":7.95,"V_mp_ref":32.08,"alpha_sc":0.006167,"beta_oc":-0.13932999999999998,"a_ref":1.7042,"I_L_ref":8.464,"I_o_ref":3.75e-10,"R_s":0.45799999999999996,"R_sh_ref":896.17,"Adjust":7.112,"PTC":222.9,"pdc0":255.0,"gamma_pdc":-0.0045000000000000005,"gamma_r":-0.45}