{"Date":"10/30/2012","Version":"NRELv1","Technology":"Multi-c-Si","BIPV":"N","A_c":1.7730000000000001,"N_s":66.0,"T_NOCT":50.0,"I_sc_ref":8.37,"V_oc_ref":41.06,"I_mp_ref":7.93,"V_mp_ref":32.16,"alpha_sc":0.005508,"beta_oc":-0.14071,"a_ref":1.7211,"I_L_ref":8.459,"I_o_ref":3.6600000000000003e-10,"R_s":0.502,"R_sh_ref":766.55,"Adjust":7.105,"PTC":223.9,"pdc0":255.0,"gamma_pdc":-0.00461,"gamma_r":-0.461}