{"Date":"10/30/2012","Version":"NRELv1","Technology":"Mono-c-Si","BIPV":"N","A_c":1.7730000000000001,"N_s":66.0,"T_NOCT":51.4,"I_sc_ref":9.22,"V_oc_ref":41.44,"I_mp_ref":8.78,"V_mp_ref":33.03,"alpha_sc":0.0067209999999999995,"beta_oc":-0.14214000000000002,"a_ref":1.7437,"I_L_ref":9.314,"I_o_ref":4.4299999999999997e-10,"R_s":0.38299999999999995,"R_sh_ref":1931.43,"Adjust":7.739,"PTC":254.6,"pdc0":290.0,"gamma_pdc":-0.0045000000000000005,"gamma_r":-0.45}