{"Date":"10/30/2012","Version":"NRELv1","Technology":"Multi-c-Si","BIPV":"N","A_c":1.956,"N_s":72.0,"T_NOCT":50.0,"I_sc_ref":9.27,"V_oc_ref":45.18,"I_mp_ref":8.9,"V_mp_ref":35.96,"alpha_sc":0.006101,"beta_oc":-0.15483,"a_ref":1.9072,"I_L_ref":9.46,"I_o_ref":4.85e-10,"R_s":0.41700000000000004,"R_sh_ref":1128.85,"Adjust":8.584,"PTC":282.1,"pdc0":320.0,"gamma_pdc":-0.00461,"gamma_r":-0.461}