{"Date":"10/30/2012","Version":"NRELv1","Technology":"Mono-c-Si","BIPV":"N","A_c":1.956,"N_s":72.0,"T_NOCT":51.4,"I_sc_ref":9.28,"V_oc_ref":45.31,"I_mp_ref":8.91,"V_mp_ref":35.91,"alpha_sc":0.006765,"beta_oc":-0.15541,"a_ref":1.9009,"I_L_ref":9.47,"I_o_ref":4.19e-10,"R_s":0.44,"R_sh_ref":1246.14,"Adjust":7.125,"PTC":280.9,"pdc0":320.0,"gamma_pdc":-0.0045000000000000005,"gamma_r":-0.45}