{"Date":"10/30/2012","Version":"NRELv1","Technology":"Multi-c-Si","BIPV":"N","A_c":1.956,"N_s":72.0,"T_NOCT":50.0,"I_sc_ref":8.95,"V_oc_ref":44.88,"I_mp_ref":8.57,"V_mp_ref":35.59,"alpha_sc":0.00589,"beta_oc":-0.1538,"a_ref":1.8933,"I_L_ref":9.136000000000001,"I_o_ref":4.6e-10,"R_s":0.447,"R_sh_ref":683.13,"Adjust":8.43,"PTC":268.5,"pdc0":305.0,"gamma_pdc":-0.00461,"gamma_r":-0.461}