{"Date":"10/30/2012","Version":"NRELv1","Technology":"Multi-c-Si","BIPV":"N","A_c":1.7730000000000001,"N_s":66.0,"T_NOCT":50.0,"I_sc_ref":8.48,"V_oc_ref":41.21,"I_mp_ref":8.04,"V_mp_ref":32.34,"alpha_sc":0.005581,"beta_oc":-0.14123,"a_ref":1.7287,"I_L_ref":8.57,"I_o_ref":3.78e-10,"R_s":0.488,"R_sh_ref":850.03,"Adjust":7.2620000000000005,"PTC":228.4,"pdc0":260.0,"gamma_pdc":-0.00461,"gamma_r":-0.461}