{"Date":"10/30/2012","Version":"NRELv1","Technology":"Multi-c-Si","BIPV":"N","A_c":1.7730000000000001,"N_s":66.0,"T_NOCT":50.0,"I_sc_ref":8.59,"V_oc_ref":41.35,"I_mp_ref":8.12,"V_mp_ref":32.64,"alpha_sc":0.005653,"beta_oc":-0.14171,"a_ref":1.7435,"I_L_ref":8.685,"I_o_ref":4.31e-10,"R_s":0.456,"R_sh_ref":459.26,"Adjust":8.301,"PTC":232.9,"pdc0":265.0,"gamma_pdc":-0.00461,"gamma_r":-0.461}