{"Date":"11.01.2010","Version":"MM107","Technology":"Mono-c-Si","BIPV":"N","A_c":1.611,"N_s":60.0,"T_NOCT":46.1,"I_sc_ref":8.1,"V_oc_ref":36.57,"I_mp_ref":7.56,"V_mp_ref":29.11,"alpha_sc":0.0017329999999999997,"beta_oc":-0.12064000000000001,"a_ref":1.5029,"I_L_ref":8.112,"I_o_ref":2.16e-10,"R_s":0.40700000000000003,"R_sh_ref":264.32,"Adjust":7.4,"PTC":196.5,"pdc0":220.0,"gamma_pdc":-0.004699999999999999,"gamma_r":-0.47}