{"Date":"10/30/2012","Version":"NRELv1","Technology":"Mono-c-Si","BIPV":"N","A_c":1.956,"N_s":72.0,"T_NOCT":51.4,"I_sc_ref":9.08,"V_oc_ref":45.22,"I_mp_ref":8.68,"V_mp_ref":35.71,"alpha_sc":0.006619,"beta_oc":-0.15511,"a_ref":1.8977,"I_L_ref":9.271,"I_o_ref":4.12e-10,"R_s":0.466,"R_sh_ref":538.85,"Adjust":7.167000000000001,"PTC":271.8,"pdc0":310.0,"gamma_pdc":-0.0045000000000000005,"gamma_r":-0.45}