{"Date":"11.01.2010","Version":"MM107","Technology":"Mono-c-Si","BIPV":"N","A_c":1.956,"N_s":72.0,"T_NOCT":45.8,"I_sc_ref":8.64,"V_oc_ref":44.69,"I_mp_ref":8.13,"V_mp_ref":35.06,"alpha_sc":0.003655,"beta_oc":-0.15181,"a_ref":1.8482,"I_L_ref":8.642999999999999,"I_o_ref":2.72e-10,"R_s":0.532,"R_sh_ref":1557.9,"Adjust":5.4,"PTC":255.6,"pdc0":285.0,"gamma_pdc":-0.00468,"gamma_r":-0.46799999999999997}