{"Date":"10/30/2012","Version":"NRELv1","Technology":"Multi-c-Si","BIPV":"N","A_c":1.7730000000000001,"N_s":66.0,"T_NOCT":50.0,"I_sc_ref":8.83,"V_oc_ref":41.53,"I_mp_ref":8.38,"V_mp_ref":32.82,"alpha_sc":0.005811,"beta_oc":-0.14232,"a_ref":1.7484,"I_L_ref":8.923,"I_o_ref":4.29e-10,"R_s":0.44,"R_sh_ref":869.98,"Adjust":8.005,"PTC":242.0,"pdc0":275.0,"gamma_pdc":-0.00461,"gamma_r":-0.461}