{"Date":"11.01.2010","Version":"MM107","Technology":"Mono-c-Si","BIPV":"N","A_c":1.611,"N_s":60.0,"T_NOCT":45.8,"I_sc_ref":8.58,"V_oc_ref":36.88,"I_mp_ref":8.03,"V_mp_ref":29.27,"alpha_sc":0.003629,"beta_oc":-0.12528,"a_ref":1.5397,"I_L_ref":8.589,"I_o_ref":3.36e-10,"R_s":0.39299999999999996,"R_sh_ref":359.09,"Adjust":7.3,"PTC":210.8,"pdc0":235.0,"gamma_pdc":-0.00468,"gamma_r":-0.46799999999999997}