{"Date":"11.01.2010","Version":"MM107","Technology":"Multi-c-Si","BIPV":"N","A_c":1.611,"N_s":60.0,"T_NOCT":46.1,"I_sc_ref":8.67,"V_oc_ref":37.31,"I_mp_ref":8.29,"V_mp_ref":29.56,"alpha_sc":0.001855,"beta_oc":-0.12309,"a_ref":1.5188,"I_L_ref":8.77,"I_o_ref":1.88e-10,"R_s":0.40299999999999997,"R_sh_ref":100000.0,"Adjust":5.5,"PTC":219.5,"pdc0":245.0,"gamma_pdc":-0.004699999999999999,"gamma_r":-0.47}