{"Date":"11.01.2010","Version":"MM107","Technology":"Multi-c-Si","BIPV":"N","A_c":1.956,"N_s":72.0,"T_NOCT":46.1,"I_sc_ref":8.62,"V_oc_ref":44.61,"I_mp_ref":8.24,"V_mp_ref":35.2,"alpha_sc":0.0018449999999999999,"beta_oc":-0.14717,"a_ref":1.8116,"I_L_ref":8.721,"I_o_ref":1.76e-10,"R_s":0.505,"R_sh_ref":100000.0,"Adjust":5.0,"PTC":259.7,"pdc0":290.0,"gamma_pdc":-0.004699999999999999,"gamma_r":-0.47}