{"Date":"10/30/2012","Version":"NRELv1","Technology":"Multi-c-Si","BIPV":"N","A_c":1.611,"N_s":60.0,"T_NOCT":50.0,"I_sc_ref":9.28,"V_oc_ref":38.03,"I_mp_ref":8.9,"V_mp_ref":30.34,"alpha_sc":0.0061070000000000004,"beta_oc":-0.13033,"a_ref":1.6086,"I_L_ref":9.471,"I_o_ref":5.08e-10,"R_s":0.341,"R_sh_ref":676.63,"Adjust":8.988,"PTC":238.3,"pdc0":270.0,"gamma_pdc":-0.00461,"gamma_r":-0.461}