{"Date":"11.01.2010","Version":"MM107","Technology":"Mono-c-Si","BIPV":"N","A_c":1.956,"N_s":72.0,"T_NOCT":45.8,"I_sc_ref":8.52,"V_oc_ref":44.55,"I_mp_ref":8.01,"V_mp_ref":34.96,"alpha_sc":0.003604,"beta_oc":-0.15134,"a_ref":1.8434,"I_L_ref":8.524,"I_o_ref":2.71e-10,"R_s":0.536,"R_sh_ref":1152.8,"Adjust":5.5,"PTC":251.0,"pdc0":280.0,"gamma_pdc":-0.00468,"gamma_r":-0.46799999999999997}