{"Date":"10/30/2012","Version":"NRELv1","Technology":"Multi-c-Si","BIPV":"N","A_c":1.7730000000000001,"N_s":66.0,"T_NOCT":50.0,"I_sc_ref":9.03,"V_oc_ref":41.75,"I_mp_ref":8.61,"V_mp_ref":33.1,"alpha_sc":0.005943,"beta_oc":-0.14307999999999998,"a_ref":1.7653,"I_L_ref":9.222000000000001,"I_o_ref":4.87e-10,"R_s":0.414,"R_sh_ref":357.42,"Adjust":8.874,"PTC":251.1,"pdc0":285.0,"gamma_pdc":-0.00461,"gamma_r":-0.461}