{"Date":"02.03.2011","Version":"MM107","Technology":"Mono-c-Si","BIPV":"N","A_c":1.304,"N_s":48.0,"T_NOCT":45.8,"I_sc_ref":8.63,"V_oc_ref":29.82,"I_mp_ref":8.24,"V_mp_ref":23.67,"alpha_sc":0.00365,"beta_oc":-0.1013,"a_ref":1.2385,"I_L_ref":8.724,"I_o_ref":3.05e-10,"R_s":0.312,"R_sh_ref":100000.0,"Adjust":6.3,"PTC":175.0,"pdc0":195.0,"gamma_pdc":-0.00468,"gamma_r":-0.46799999999999997}