{"Date":"10/30/2012","Version":"NRELv1","Technology":"Mono-c-Si","BIPV":"N","A_c":1.956,"N_s":72.0,"T_NOCT":51.4,"I_sc_ref":8.99,"V_oc_ref":45.18,"I_mp_ref":8.58,"V_mp_ref":35.55,"alpha_sc":0.006554000000000001,"beta_oc":-0.15497,"a_ref":1.8938,"I_L_ref":9.18,"I_o_ref":3.95e-10,"R_s":0.489,"R_sh_ref":459.95,"Adjust":6.907,"PTC":267.3,"pdc0":305.0,"gamma_pdc":-0.0045000000000000005,"gamma_r":-0.45}