{"Date":"11.01.2010","Version":"MM107","Technology":"Multi-c-Si","BIPV":"N","A_c":1.956,"N_s":72.0,"T_NOCT":46.1,"I_sc_ref":7.89,"V_oc_ref":43.69,"I_mp_ref":7.4,"V_mp_ref":34.46,"alpha_sc":0.0016879999999999998,"beta_oc":-0.14413,"a_ref":1.7815,"I_L_ref":7.898,"I_o_ref":1.7500000000000002e-10,"R_s":0.5489999999999999,"R_sh_ref":575.81,"Adjust":5.8,"PTC":227.5,"pdc0":255.0,"gamma_pdc":-0.004699999999999999,"gamma_r":-0.47}