{"Date":"10/30/2012","Version":"NRELv1","Technology":"Mono-c-Si","BIPV":"N","A_c":1.7730000000000001,"N_s":66.0,"T_NOCT":51.4,"I_sc_ref":8.58,"V_oc_ref":40.73,"I_mp_ref":8.06,"V_mp_ref":32.26,"alpha_sc":0.006255,"beta_oc":-0.1397,"a_ref":1.7121,"I_L_ref":8.585,"I_o_ref":3.9699999999999997e-10,"R_s":0.439,"R_sh_ref":766.03,"Adjust":7.5,"PTC":227.4,"pdc0":260.0,"gamma_pdc":-0.0045000000000000005,"gamma_r":-0.45}