{"Date":"02.03.2011","Version":"MM107","Technology":"Multi-c-Si","BIPV":"N","A_c":1.304,"N_s":48.0,"T_NOCT":46.1,"I_sc_ref":8.48,"V_oc_ref":29.87,"I_mp_ref":8.16,"V_mp_ref":23.9,"alpha_sc":0.0018149999999999998,"beta_oc":-0.09854,"a_ref":1.2218,"I_L_ref":8.624,"I_o_ref":2.0799999999999998e-10,"R_s":0.294,"R_sh_ref":100000.0,"Adjust":6.5,"PTC":174.6,"pdc0":195.0,"gamma_pdc":-0.004699999999999999,"gamma_r":-0.47}