{"Date":"7/13/2009","Version":"MM106","Technology":"Multi-c-Si","BIPV":"N","A_c":1.304,"N_s":48.0,"T_NOCT":45.9,"I_sc_ref":8.23,"V_oc_ref":29.76,"I_mp_ref":7.79,"V_mp_ref":23.75,"alpha_sc":0.00732,"beta_oc":-0.10419,"a_ref":1.3102,"I_L_ref":8.265,"I_o_ref":1.13e-09,"R_s":0.29100000000000004,"R_sh_ref":100000.0,"Adjust":14.6,"PTC":165.1,"pdc0":185.0,"gamma_pdc":-0.00483,"gamma_r":-0.483}