{"Date":"07.08.2009","Version":"MM106","Technology":"Mono-c-Si","BIPV":"N","A_c":1.304,"N_s":48.0,"T_NOCT":45.1,"I_sc_ref":8.24,"V_oc_ref":29.57,"I_mp_ref":7.46,"V_mp_ref":23.51,"alpha_sc":0.007498,"beta_oc":-0.10555999999999999,"a_ref":1.3805,"I_L_ref":8.272,"I_o_ref":3.9200000000000005e-09,"R_s":0.28800000000000003,"R_sh_ref":73.54,"Adjust":24.6,"PTC":155.2,"pdc0":175.0,"gamma_pdc":-0.00522,"gamma_r":-0.522}