{"Date":"10/30/2012","Version":"NRELv1","Technology":"Mono-c-Si","BIPV":"N","A_c":1.611,"N_s":60.0,"T_NOCT":51.4,"I_sc_ref":9.13,"V_oc_ref":37.42,"I_mp_ref":8.7,"V_mp_ref":29.89,"alpha_sc":0.0066560000000000005,"beta_oc":-0.12835,"a_ref":1.5759,"I_L_ref":9.222999999999999,"I_o_ref":4.49e-10,"R_s":0.341,"R_sh_ref":2331.27,"Adjust":7.926,"PTC":228.1,"pdc0":260.0,"gamma_pdc":-0.0045000000000000005,"gamma_r":-0.45}