{"Date":"10/30/2012","Version":"NRELv1","Technology":"Mono-c-Si","BIPV":"N","A_c":1.304,"N_s":48.0,"T_NOCT":51.4,"I_sc_ref":9.05,"V_oc_ref":30.14,"I_mp_ref":8.71,"V_mp_ref":24.11,"alpha_sc":0.0065969999999999996,"beta_oc":-0.10338,"a_ref":1.2696,"I_L_ref":9.232999999999999,"I_o_ref":4.52e-10,"R_s":0.27,"R_sh_ref":1653.65,"Adjust":7.982,"PTC":184.3,"pdc0":210.0,"gamma_pdc":-0.0045000000000000005,"gamma_r":-0.45}