{"Date":"11.09.2009","Version":"MM106","Technology":"Mono-c-Si","BIPV":"N","A_c":1.4069999999999998,"N_s":54.0,"T_NOCT":45.1,"I_sc_ref":8.21,"V_oc_ref":32.95,"I_mp_ref":7.71,"V_mp_ref":25.31,"alpha_sc":0.011165999999999999,"beta_oc":-0.12224000000000002,"a_ref":1.5158,"I_L_ref":8.246,"I_o_ref":2.99e-09,"R_s":0.45299999999999996,"R_sh_ref":100000.0,"Adjust":16.6,"PTC":174.4,"pdc0":195.0,"gamma_pdc":-0.0051400000000000005,"gamma_r":-0.514}