{"Date":"10/30/2012","Version":"NRELv1","Technology":"Mono-c-Si","BIPV":"N","A_c":1.304,"N_s":48.0,"T_NOCT":51.4,"I_sc_ref":9.18,"V_oc_ref":30.26,"I_mp_ref":8.87,"V_mp_ref":24.24,"alpha_sc":0.006692,"beta_oc":-0.10379000000000001,"a_ref":1.2793,"I_L_ref":9.466000000000001,"I_o_ref":5.01e-10,"R_s":0.26,"R_sh_ref":321.91,"Adjust":8.703,"PTC":188.8,"pdc0":215.0,"gamma_pdc":-0.0045000000000000005,"gamma_r":-0.45}