{"Date":"11.01.2010","Version":"MM107","Technology":"Multi-c-Si","BIPV":"N","A_c":1.956,"N_s":72.0,"T_NOCT":46.1,"I_sc_ref":8.01,"V_oc_ref":43.84,"I_mp_ref":7.53,"V_mp_ref":34.53,"alpha_sc":0.001714,"beta_oc":-0.14463,"a_ref":1.784,"I_L_ref":8.015,"I_o_ref":1.6899999999999999e-10,"R_s":0.55,"R_sh_ref":856.94,"Adjust":5.4,"PTC":232.1,"pdc0":260.0,"gamma_pdc":-0.004699999999999999,"gamma_r":-0.47}