{"Date":"10/30/2012","Version":"NRELv1","Technology":"Mono-c-Si","BIPV":"N","A_c":1.956,"N_s":72.0,"T_NOCT":51.4,"I_sc_ref":9.39,"V_oc_ref":45.48,"I_mp_ref":9.03,"V_mp_ref":35.99,"alpha_sc":0.006845,"beta_oc":-0.156,"a_ref":1.9046,"I_L_ref":9.58,"I_o_ref":4.0800000000000004e-10,"R_s":0.444,"R_sh_ref":3069.11,"Adjust":6.769,"PTC":285.5,"pdc0":325.0,"gamma_pdc":-0.0045000000000000005,"gamma_r":-0.45}