{"Date":"10/30/2012","Version":"NRELv1","Technology":"Mono-c-Si","BIPV":"N","A_c":0.986,"N_s":36.0,"T_NOCT":51.4,"I_sc_ref":8.64,"V_oc_ref":22.38,"I_mp_ref":8.2,"V_mp_ref":17.68,"alpha_sc":0.006299,"beta_oc":-0.07676000000000001,"a_ref":0.9386,"I_L_ref":8.731,"I_o_ref":3.83e-10,"R_s":0.244,"R_sh_ref":466.86,"Adjust":7.0329999999999995,"PTC":126.8,"pdc0":145.0,"gamma_pdc":-0.0045000000000000005,"gamma_r":-0.45}