{"Date":"11.01.2010","Version":"MM107","Technology":"Multi-c-Si","BIPV":"N","A_c":1.956,"N_s":72.0,"T_NOCT":46.1,"I_sc_ref":7.68,"V_oc_ref":43.39,"I_mp_ref":7.18,"V_mp_ref":34.13,"alpha_sc":0.001644,"beta_oc":-0.14314000000000002,"a_ref":1.7694,"I_L_ref":7.691,"I_o_ref":1.7e-10,"R_s":0.5760000000000001,"R_sh_ref":419.63,"Adjust":5.8,"PTC":218.4,"pdc0":245.0,"gamma_pdc":-0.004699999999999999,"gamma_r":-0.47}