{"Date":"10/30/2012","Version":"NRELv1","Technology":"Mono-c-Si","BIPV":"N","A_c":1.7730000000000001,"N_s":66.0,"T_NOCT":51.4,"I_sc_ref":9.03,"V_oc_ref":41.18,"I_mp_ref":8.53,"V_mp_ref":32.83,"alpha_sc":0.0065829999999999994,"beta_oc":-0.14125,"a_ref":1.7409,"I_L_ref":9.13,"I_o_ref":4.81e-10,"R_s":0.38799999999999996,"R_sh_ref":353.64,"Adjust":8.663,"PTC":245.5,"pdc0":280.0,"gamma_pdc":-0.0045000000000000005,"gamma_r":-0.45}