{"Date":"10/30/2012","Version":"NRELv1","Technology":"Mono-c-Si","BIPV":"N","A_c":1.7730000000000001,"N_s":66.0,"T_NOCT":51.4,"I_sc_ref":9.32,"V_oc_ref":41.54,"I_mp_ref":8.89,"V_mp_ref":33.18,"alpha_sc":0.006794,"beta_oc":-0.14248,"a_ref":1.7484,"I_L_ref":9.414,"I_o_ref":4.52e-10,"R_s":0.371,"R_sh_ref":10224.0,"Adjust":7.812,"PTC":259.1,"pdc0":295.0,"gamma_pdc":-0.0045000000000000005,"gamma_r":-0.45}