{"Date":"10/30/2012","Version":"NRELv1","Technology":"Mono-c-Si","BIPV":"N","A_c":1.611,"N_s":60.0,"T_NOCT":51.4,"I_sc_ref":9.34,"V_oc_ref":37.59,"I_mp_ref":8.94,"V_mp_ref":30.2,"alpha_sc":0.006809,"beta_oc":-0.12893,"a_ref":1.5925,"I_L_ref":9.535,"I_o_ref":5.29e-10,"R_s":0.308,"R_sh_ref":412.21,"Adjust":9.119,"PTC":237.2,"pdc0":270.0,"gamma_pdc":-0.0045000000000000005,"gamma_r":-0.45}