{"Date":"10/30/2012","Version":"NRELv1","Technology":"Multi-c-Si","BIPV":"N","A_c":1.956,"N_s":72.0,"T_NOCT":50.0,"I_sc_ref":8.83,"V_oc_ref":44.78,"I_mp_ref":8.45,"V_mp_ref":35.5,"alpha_sc":0.005811,"beta_oc":-0.15345999999999999,"a_ref":1.8894,"I_L_ref":9.014,"I_o_ref":4.55e-10,"R_s":0.45399999999999996,"R_sh_ref":626.04,"Adjust":8.461,"PTC":263.9,"pdc0":300.0,"gamma_pdc":-0.00461,"gamma_r":-0.461}