{"Date":"11.01.2010","Version":"MM107","Technology":"Mono-c-Si","BIPV":"N","A_c":1.956,"N_s":72.0,"T_NOCT":45.8,"I_sc_ref":8.34,"V_oc_ref":44.27,"I_mp_ref":7.8,"V_mp_ref":34.62,"alpha_sc":0.0035280000000000003,"beta_oc":-0.15039,"a_ref":1.8330000000000002,"I_L_ref":8.35,"I_o_ref":2.68e-10,"R_s":0.563,"R_sh_ref":484.82,"Adjust":5.6,"PTC":241.8,"pdc0":270.0,"gamma_pdc":-0.00468,"gamma_r":-0.46799999999999997}