{"Date":"11.01.2010","Version":"MM107","Technology":"Multi-c-Si","BIPV":"N","A_c":1.956,"N_s":72.0,"T_NOCT":46.1,"I_sc_ref":8.1,"V_oc_ref":43.99,"I_mp_ref":7.65,"V_mp_ref":34.65,"alpha_sc":0.0017329999999999997,"beta_oc":-0.14512,"a_ref":1.7856,"I_L_ref":8.1,"I_o_ref":1.6199999999999998e-10,"R_s":0.545,"R_sh_ref":17881.23,"Adjust":4.9,"PTC":236.7,"pdc0":265.0,"gamma_pdc":-0.004699999999999999,"gamma_r":-0.47}