{"Date":"10/30/2012","Version":"NRELv1","Technology":"Mono-c-Si","BIPV":"N","A_c":1.611,"N_s":60.0,"T_NOCT":51.4,"I_sc_ref":9.24,"V_oc_ref":37.49,"I_mp_ref":8.82,"V_mp_ref":30.05,"alpha_sc":0.006736,"beta_oc":-0.12859,"a_ref":1.5886,"I_L_ref":9.435,"I_o_ref":5.249999999999999e-10,"R_s":0.32,"R_sh_ref":310.28,"Adjust":9.148,"PTC":232.7,"pdc0":265.0,"gamma_pdc":-0.0045000000000000005,"gamma_r":-0.45}