{"Date":"11.01.2010","Version":"MM107","Technology":"Mono-c-Si","BIPV":"N","A_c":1.611,"N_s":60.0,"T_NOCT":45.8,"I_sc_ref":8.07,"V_oc_ref":36.4,"I_mp_ref":7.45,"V_mp_ref":28.88,"alpha_sc":0.003414,"beta_oc":-0.12365,"a_ref":1.5321,"I_L_ref":8.092,"I_o_ref":3.78e-10,"R_s":0.413,"R_sh_ref":152.51,"Adjust":8.9,"PTC":192.4,"pdc0":215.0,"gamma_pdc":-0.00468,"gamma_r":-0.46799999999999997}