{"Date":"02.03.2011","Version":"MM107","Technology":"Mono-c-Si","BIPV":"N","A_c":1.304,"N_s":48.0,"T_NOCT":45.8,"I_sc_ref":8.51,"V_oc_ref":29.71,"I_mp_ref":8.05,"V_mp_ref":23.61,"alpha_sc":0.0036,"beta_oc":-0.10092000000000001,"a_ref":1.2352,"I_L_ref":8.522,"I_o_ref":3.05e-10,"R_s":0.314,"R_sh_ref":100000.0,"Adjust":6.5,"PTC":170.4,"pdc0":190.0,"gamma_pdc":-0.00468,"gamma_r":-0.46799999999999997}