{"Date":"10/30/2012","Version":"NRELv1","Technology":"Multi-c-Si","BIPV":"N","A_c":1.7730000000000001,"N_s":66.0,"T_NOCT":50.0,"I_sc_ref":8.93,"V_oc_ref":41.64,"I_mp_ref":8.49,"V_mp_ref":32.98,"alpha_sc":0.005877,"beta_oc":-0.1427,"a_ref":1.7535,"I_L_ref":9.022,"I_o_ref":4.3700000000000004e-10,"R_s":0.426,"R_sh_ref":1386.65,"Adjust":8.079,"PTC":246.6,"pdc0":280.0,"gamma_pdc":-0.00461,"gamma_r":-0.461}