{"Date":"02.03.2011","Version":"MM107","Technology":"Multi-c-Si","BIPV":"N","A_c":1.304,"N_s":48.0,"T_NOCT":46.1,"I_sc_ref":8.35,"V_oc_ref":29.81,"I_mp_ref":7.97,"V_mp_ref":23.84,"alpha_sc":0.0017870000000000002,"beta_oc":-0.09834,"a_ref":1.2193,"I_L_ref":8.424,"I_o_ref":2.03e-10,"R_s":0.302,"R_sh_ref":100000.0,"Adjust":6.5,"PTC":170.0,"pdc0":190.0,"gamma_pdc":-0.004699999999999999,"gamma_r":-0.47}