{"Date":"10/30/2012","Version":"NRELv1","Technology":"Mono-c-Si","BIPV":"N","A_c":1.465,"N_s":54.0,"T_NOCT":51.4,"I_sc_ref":9.0,"V_oc_ref":34.13,"I_mp_ref":8.65,"V_mp_ref":27.17,"alpha_sc":0.006561,"beta_oc":-0.11707000000000001,"a_ref":1.4348,"I_L_ref":9.183,"I_o_ref":4.27e-10,"R_s":0.325,"R_sh_ref":1195.31,"Adjust":7.55,"PTC":206.2,"pdc0":235.0,"gamma_pdc":-0.0045000000000000005,"gamma_r":-0.45}