{"Date":"11.09.2009","Version":"MM106","Technology":"Multi-c-Si","BIPV":"N","A_c":4.407,"N_s":54.0,"T_NOCT":43.9,"I_sc_ref":8.61,"V_oc_ref":33.58,"I_mp_ref":7.93,"V_mp_ref":25.87,"alpha_sc":0.016359000000000002,"beta_oc":-0.141,"a_ref":1.7064,"I_L_ref":8.622,"I_o_ref":2.4199999999999998e-08,"R_s":0.39799999999999996,"R_sh_ref":283.63,"Adjust":21.6,"PTC":181.5,"pdc0":205.0,"gamma_pdc":-0.00572,"gamma_r":-0.5720000000000001}