{"Date":"02.03.2011","Version":"MM107","Technology":"Multi-c-Si","BIPV":"N","A_c":1.465,"N_s":54.0,"T_NOCT":46.1,"I_sc_ref":8.75,"V_oc_ref":33.75,"I_mp_ref":8.24,"V_mp_ref":26.71,"alpha_sc":0.001873,"beta_oc":-0.11134000000000001,"a_ref":1.376,"I_L_ref":8.754,"I_o_ref":1.94e-10,"R_s":0.369,"R_sh_ref":813.63,"Adjust":5.8,"PTC":197.1,"pdc0":220.0,"gamma_pdc":-0.004699999999999999,"gamma_r":-0.47}