{"Date":"11.01.2010","Version":"MM107","Technology":"Multi-c-Si","BIPV":"N","A_c":1.611,"N_s":60.0,"T_NOCT":46.1,"I_sc_ref":8.45,"V_oc_ref":37.06,"I_mp_ref":8.01,"V_mp_ref":29.34,"alpha_sc":0.001808,"beta_oc":-0.12226,"a_ref":1.5079,"I_L_ref":8.475,"I_o_ref":1.8e-10,"R_s":0.41700000000000004,"R_sh_ref":100000.0,"Adjust":5.4,"PTC":210.3,"pdc0":235.0,"gamma_pdc":-0.004699999999999999,"gamma_r":-0.47}