{"Date":"10/30/2012","Version":"NRELv1","Technology":"Mono-c-Si","BIPV":"N","A_c":1.304,"N_s":48.0,"T_NOCT":51.4,"I_sc_ref":8.77,"V_oc_ref":29.93,"I_mp_ref":8.39,"V_mp_ref":23.84,"alpha_sc":0.006393,"beta_oc":-0.10265999999999999,"a_ref":1.2619,"I_L_ref":8.953,"I_o_ref":4.44e-10,"R_s":0.29100000000000004,"R_sh_ref":364.1,"Adjust":8.131,"PTC":175.2,"pdc0":200.0,"gamma_pdc":-0.0045000000000000005,"gamma_r":-0.45}