{"Date":"11.01.2010","Version":"MM107","Technology":"Mono-c-Si","BIPV":"N","A_c":1.956,"N_s":72.0,"T_NOCT":45.8,"I_sc_ref":8.75,"V_oc_ref":44.84,"I_mp_ref":8.25,"V_mp_ref":35.16,"alpha_sc":0.003701,"beta_oc":-0.15232,"a_ref":1.8516,"I_L_ref":8.751,"I_o_ref":2.66e-10,"R_s":0.529,"R_sh_ref":8384.99,"Adjust":5.1,"PTC":260.2,"pdc0":290.0,"gamma_pdc":-0.00468,"gamma_r":-0.46799999999999997}