{"Date":"10/30/2012","Version":"NRELv1","Technology":"Mono-c-Si","BIPV":"N","A_c":1.7730000000000001,"N_s":66.0,"T_NOCT":51.4,"I_sc_ref":9.13,"V_oc_ref":41.29,"I_mp_ref":8.65,"V_mp_ref":32.95,"alpha_sc":0.0066560000000000005,"beta_oc":-0.14163,"a_ref":1.7436,"I_L_ref":9.228,"I_o_ref":4.75e-10,"R_s":0.38,"R_sh_ref":493.51,"Adjust":8.451,"PTC":250.0,"pdc0":285.0,"gamma_pdc":-0.0045000000000000005,"gamma_r":-0.45}