{"Date":"5/22/2012","Version":"NRELv1","Technology":"Mono-c-Si","BIPV":"N","A_c":1.94,"N_s":72.0,"T_NOCT":46.2,"I_sc_ref":8.39,"V_oc_ref":43.85,"I_mp_ref":7.53,"V_mp_ref":35.2,"alpha_sc":0.003146,"beta_oc":-0.15111,"a_ref":1.8807,"I_L_ref":8.434,"I_o_ref":5.89e-10,"R_s":0.415,"R_sh_ref":78.77,"Adjust":11.25,"PTC":236.8,"pdc0":265.0,"gamma_pdc":-0.0046700000000000005,"gamma_r":-0.467}