{"Date":"5/22/2012","Version":"NRELv1","Technology":"Mono-c-Si","BIPV":"N","A_c":1.6369999999999998,"N_s":60.0,"T_NOCT":46.2,"I_sc_ref":8.58,"V_oc_ref":36.4,"I_mp_ref":7.78,"V_mp_ref":29.6,"alpha_sc":0.003218,"beta_oc":-0.12542999999999999,"a_ref":1.5633,"I_L_ref":8.611,"I_o_ref":6.29e-10,"R_s":0.28,"R_sh_ref":78.02,"Adjust":11.61,"PTC":205.7,"pdc0":230.0,"gamma_pdc":-0.0046700000000000005,"gamma_r":-0.467}