{"Date":"5/22/2012","Version":"NRELv1","Technology":"Mono-c-Si","BIPV":"N","A_c":1.6369999999999998,"N_s":60.0,"T_NOCT":46.2,"I_sc_ref":8.62,"V_oc_ref":36.5,"I_mp_ref":7.88,"V_mp_ref":29.8,"alpha_sc":0.0032329999999999998,"beta_oc":-0.12578,"a_ref":1.5633,"I_L_ref":8.644,"I_o_ref":5.99e-10,"R_s":0.263,"R_sh_ref":94.83,"Adjust":11.09,"PTC":210.3,"pdc0":235.0,"gamma_pdc":-0.0046700000000000005,"gamma_r":-0.467}