{"Date":"5/22/2012","Version":"NRELv1","Technology":"Multi-c-Si","BIPV":"N","A_c":1.94,"N_s":72.0,"T_NOCT":46.3,"I_sc_ref":8.39,"V_oc_ref":43.85,"I_mp_ref":7.53,"V_mp_ref":35.2,"alpha_sc":0.004917,"beta_oc":-0.14304,"a_ref":1.8988,"I_L_ref":8.433,"I_o_ref":7.359999999999999e-10,"R_s":0.41,"R_sh_ref":79.44,"Adjust":19.44,"PTC":237.0,"pdc0":265.0,"gamma_pdc":-0.00461,"gamma_r":-0.461}