{"Date":"5/22/2012","Version":"NRELv1","Technology":"Mono-c-Si","BIPV":"N","A_c":1.6369999999999998,"N_s":60.0,"T_NOCT":46.2,"I_sc_ref":8.94,"V_oc_ref":36.9,"I_mp_ref":8.23,"V_mp_ref":31.0,"alpha_sc":0.003353,"beta_oc":-0.12716,"a_ref":1.6009,"I_L_ref":8.951,"I_o_ref":8.41e-10,"R_s":0.132,"R_sh_ref":108.71,"Adjust":13.83,"PTC":228.7,"pdc0":255.0,"gamma_pdc":-0.0046700000000000005,"gamma_r":-0.467}