{"Date":"5/22/2012","Version":"NRELv1","Technology":"Multi-c-Si","BIPV":"N","A_c":1.94,"N_s":72.0,"T_NOCT":46.3,"I_sc_ref":8.56,"V_oc_ref":44.0,"I_mp_ref":7.83,"V_mp_ref":35.8,"alpha_sc":0.005016,"beta_oc":-0.14353,"a_ref":1.8981,"I_L_ref":8.584,"I_o_ref":7.030000000000001e-10,"R_s":0.33299999999999996,"R_sh_ref":119.26,"Adjust":18.75,"PTC":250.8,"pdc0":280.0,"gamma_pdc":-0.00461,"gamma_r":-0.461}