{"Date":"5/22/2012","Version":"NRELv1","Technology":"Multi-c-Si","BIPV":"N","A_c":1.94,"N_s":72.0,"T_NOCT":46.3,"I_sc_ref":8.35,"V_oc_ref":43.8,"I_mp_ref":7.43,"V_mp_ref":35.0,"alpha_sc":0.004893,"beta_oc":-0.14288,"a_ref":1.9017,"I_L_ref":8.402999999999999,"I_o_ref":7.72e-10,"R_s":0.436,"R_sh_ref":68.82,"Adjust":19.98,"PTC":232.5,"pdc0":260.0,"gamma_pdc":-0.00461,"gamma_r":-0.461}