{"Date":"5/22/2012","Version":"NRELv1","Technology":"Mono-c-Si","BIPV":"N","A_c":1.6369999999999998,"N_s":60.0,"T_NOCT":46.2,"I_sc_ref":8.86,"V_oc_ref":36.8,"I_mp_ref":8.14,"V_mp_ref":30.7,"alpha_sc":0.0033229999999999996,"beta_oc":-0.12680999999999998,"a_ref":1.5918,"I_L_ref":8.874,"I_o_ref":7.77e-10,"R_s":0.163,"R_sh_ref":103.98,"Adjust":13.2,"PTC":224.1,"pdc0":250.0,"gamma_pdc":-0.0046700000000000005,"gamma_r":-0.467}