{"Date":"5/22/2012","Version":"NRELv1","Technology":"Mono-c-Si","BIPV":"N","A_c":1.6369999999999998,"N_s":60.0,"T_NOCT":46.2,"I_sc_ref":9.02,"V_oc_ref":37.0,"I_mp_ref":8.31,"V_mp_ref":31.3,"alpha_sc":0.0033829999999999997,"beta_oc":-0.1275,"a_ref":1.6111,"I_L_ref":9.027999999999999,"I_o_ref":9.229999999999999e-10,"R_s":0.10099999999999999,"R_sh_ref":109.49,"Adjust":14.61,"PTC":233.3,"pdc0":260.0,"gamma_pdc":-0.0046700000000000005,"gamma_r":-0.467}