{"Date":"5/22/2012","Version":"NRELv1","Technology":"Mono-c-Si","BIPV":"N","A_c":1.002,"N_s":36.0,"T_NOCT":46.7,"I_sc_ref":8.97,"V_oc_ref":22.57,"I_mp_ref":8.01,"V_mp_ref":17.48,"alpha_sc":0.003714,"beta_oc":-0.07317,"a_ref":0.9551,"I_L_ref":9.044,"I_o_ref":4.59e-10,"R_s":0.294,"R_sh_ref":35.76,"Adjust":15.25,"PTC":124.7,"pdc0":140.0,"gamma_pdc":-0.00472,"gamma_r":-0.47200000000000003}