{"Date":"5/22/2012","Version":"NRELv1","Technology":"Multi-c-Si","BIPV":"N","A_c":1.002,"N_s":36.0,"T_NOCT":46.2,"I_sc_ref":9.14,"V_oc_ref":22.83,"I_mp_ref":8.24,"V_mp_ref":17.59,"alpha_sc":0.005529999999999999,"beta_oc":-0.07746,"a_ref":0.9894,"I_L_ref":9.2,"I_o_ref":8.28e-10,"R_s":0.297,"R_sh_ref":45.16,"Adjust":15.02,"PTC":129.1,"pdc0":145.0,"gamma_pdc":-0.00488,"gamma_r":-0.488}