{"Date":"5/22/2012","Version":"NRELv1","Technology":"Mono-c-Si","BIPV":"N","A_c":1.002,"N_s":36.0,"T_NOCT":46.7,"I_sc_ref":9.14,"V_oc_ref":22.83,"I_mp_ref":8.24,"V_mp_ref":17.59,"alpha_sc":0.0037840000000000005,"beta_oc":-0.07401,"a_ref":0.9574,"I_L_ref":9.204,"I_o_ref":3.83e-10,"R_s":0.305,"R_sh_ref":43.41,"Adjust":13.36,"PTC":129.2,"pdc0":145.0,"gamma_pdc":-0.00472,"gamma_r":-0.47200000000000003}