{"Date":"01.04.2010","Version":"MM106","Technology":"Multi-c-Si","BIPV":"N","A_c":1.609,"N_s":60.0,"T_NOCT":43.6,"I_sc_ref":7.68,"V_oc_ref":36.2,"I_mp_ref":6.93,"V_mp_ref":28.9,"alpha_sc":0.0027649999999999997,"beta_oc":-0.12561,"a_ref":1.4616,"I_L_ref":7.723,"I_o_ref":1.27e-10,"R_s":0.42700000000000005,"R_sh_ref":75.42,"Adjust":-1.8,"PTC":183.0,"pdc0":200.0,"gamma_pdc":-0.00417,"gamma_r":-0.41700000000000004}