{"Date":"03.01.2011","Version":"MM107","Technology":"1-a-Si","BIPV":"N","A_c":5.72,"N_s":216.0,"T_NOCT":44.3,"I_sc_ref":3.02,"V_oc_ref":189.8,"I_mp_ref":2.4,"V_mp_ref":145.8,"alpha_sc":0.0029289999999999997,"beta_oc":-0.6624,"a_ref":7.4289,"I_L_ref":3.117,"I_o_ref":1.95e-11,"R_s":8.927999999999999,"R_sh_ref":278.69,"Adjust":-10.1,"PTC":328.9,"pdc0":350.0,"gamma_pdc":-0.0025900000000000003,"gamma_r":-0.259}