{"Date":"10/26/2011","Version":"NRELv1","Technology":"Multi-c-Si","BIPV":"N","A_c":1.6680000000000001,"N_s":60.0,"T_NOCT":45.7,"I_sc_ref":8.02,"V_oc_ref":37.5,"I_mp_ref":7.55,"V_mp_ref":31.1,"alpha_sc":0.004732,"beta_oc":-0.12638,"a_ref":1.6121,"I_L_ref":8.023,"I_o_ref":6.279999999999999e-10,"R_s":0.214,"R_sh_ref":514.29,"Adjust":14.36,"PTC":211.1,"pdc0":235.0,"gamma_pdc":-0.00461,"gamma_r":-0.461}