{"Date":"01.04.2010","Version":"MM106","Technology":"Multi-c-Si","BIPV":"N","A_c":1.609,"N_s":60.0,"T_NOCT":43.6,"I_sc_ref":8.19,"V_oc_ref":37.7,"I_mp_ref":7.63,"V_mp_ref":29.5,"alpha_sc":0.002948,"beta_oc":-0.13082,"a_ref":1.4769999999999999,"I_L_ref":8.208,"I_o_ref":6.61e-11,"R_s":0.509,"R_sh_ref":231.1,"Adjust":-7.4,"PTC":206.3,"pdc0":225.0,"gamma_pdc":-0.00417,"gamma_r":-0.41700000000000004}