{"Date":"03.01.2011","Version":"MM107","Technology":"1-a-Si","BIPV":"N","A_c":1.43,"N_s":108.0,"T_NOCT":44.3,"I_sc_ref":1.56,"V_oc_ref":95.3,"I_mp_ref":1.25,"V_mp_ref":73.8,"alpha_sc":0.001513,"beta_oc":-0.3326,"a_ref":3.7287,"I_L_ref":1.604,"I_o_ref":1.0100000000000001e-11,"R_s":8.101,"R_sh_ref":285.3,"Adjust":-10.1,"PTC":84.6,"pdc0":90.0,"gamma_pdc":-0.0025900000000000003,"gamma_r":-0.259}