{"Date":"10/26/2011","Version":"NRELv1","Technology":"Multi-c-Si","BIPV":"N","A_c":1.6380000000000001,"N_s":60.0,"T_NOCT":46.9,"I_sc_ref":8.66,"V_oc_ref":37.9,"I_mp_ref":8.22,"V_mp_ref":30.8,"alpha_sc":0.004711,"beta_oc":-0.13121,"a_ref":1.5919,"I_L_ref":8.752,"I_o_ref":3.9699999999999997e-10,"R_s":0.294,"R_sh_ref":443.18,"Adjust":6.5489999999999995,"PTC":224.1,"pdc0":250.0,"gamma_pdc":-0.00451,"gamma_r":-0.451}