{"Date":"10/26/2011","Version":"NRELv1","Technology":"Multi-c-Si","BIPV":"N","A_c":1.6680000000000001,"N_s":60.0,"T_NOCT":45.7,"I_sc_ref":8.5,"V_oc_ref":37.3,"I_mp_ref":7.9,"V_mp_ref":30.7,"alpha_sc":0.0050149999999999995,"beta_oc":-0.1257,"a_ref":1.6087,"I_L_ref":8.511000000000001,"I_o_ref":7.08e-10,"R_s":0.233,"R_sh_ref":181.41,"Adjust":14.98,"PTC":215.7,"pdc0":240.0,"gamma_pdc":-0.00461,"gamma_r":-0.461}