{"Vac":240.0,"Paco":5000.0,"Pdco":5326.36,"Vdco":63.0,"Pso":48.6615,"C0":-9.27726e-06,"C1":0.000249915,"C2":0.0181625,"C3":-0.000582635,"Pnt":0.19,"Vdcmax":95.0,"Mppt_low":50.0,"Mppt_high":95.0}