{"Vac":208.0,"Paco":5000.0,"Pdco":5347.94,"Vdco":65.0,"Pso":58.4547,"C0":-1.04517e-05,"C1":0.000319472,"C2":0.015178299999999999,"C3":-0.00301209,"Pnt":0.27,"Vdcmax":95.0,"Mppt_low":54.0,"Mppt_high":95.0}