{"Vac":208.0,"Paco":5000.0,"Pdco":5310.6,"Vdco":85.0,"Pso":55.7718,"C0":-8.5151e-06,"C1":0.00017559299999999998,"C2":0.010804000000000001,"C3":-0.00024351,"Pnt":0.25,"Vdcmax":130.0,"Mppt_low":70.0,"Mppt_high":130.0}