{"Vac":240.0,"Paco":3000.0,"Pdco":3105.531398,"Vdco":371.4959996,"Pso":15.7437772,"C0":-6e-06,"C1":-8.27e-05,"C2":-0.00126,"C3":-0.0049299999999999995,"Pnt":0.05,"Vdcmax":550.0,"Mppt_low":200.0,"Mppt_high":480.0}