{"Vac":240.0,"Paco":5000.0,"Pdco":5304.63844,"Vdco":335.17400000000004,"Pso":44.55587982,"C0":-5.58e-06,"C1":-7e-05,"C2":-0.00137,"C3":-0.00224,"Pnt":1.3,"Vdcmax":500.0,"Mppt_low":200.0,"Mppt_high":480.0}