{"Vac":208.0,"Paco":320.0,"Pdco":333.7,"Vdco":60.0,"Pso":2.86235,"C0":-6.6058e-05,"C1":-8.79121e-06,"C2":0.021225099999999997,"C3":0.018693400000000002,"Pnt":0.02,"Vdcmax":64.0,"Mppt_low":53.0,"Mppt_high":64.0}