{"Vac":240.0,"Paco":4000.0,"Pdco":4196.92,"Vdco":390.0,"Pso":21.7675,"C0":-4.90658e-06,"C1":-4.07618e-05,"C2":-0.00119999,"C3":-0.0038294000000000006,"Pnt":0.83,"Vdcmax":480.0,"Mppt_low":100.0,"Mppt_high":480.0}