{"Vac":240.0,"Paco":4000.0,"Pdco":4192.27,"Vdco":310.0,"Pso":18.9623,"C0":-5.9042399999999996e-06,"C1":3.0209699999999996e-05,"C2":0.0011276,"C3":0.00029079,"Pnt":0.17,"Vdcmax":480.0,"Mppt_low":100.0,"Mppt_high":480.0}