{"Vac":240.0,"Paco":9995.0,"Pdco":10447.4,"Vdco":390.0,"Pso":36.304,"C0":-9.60978e-07,"C1":-2.37195e-05,"C2":-0.000263625,"C3":-0.0044426000000000005,"Pnt":1.0,"Vdcmax":480.0,"Mppt_low":100.0,"Mppt_high":480.0}