{"Vac":240.0,"Paco":3300.0,"Pdco":3440.95,"Vdco":390.0,"Pso":17.7633,"C0":-3.10315e-06,"C1":-2.0555999999999998e-05,"C2":-0.000977139,"C3":-0.00507764,"Pnt":0.7,"Vdcmax":480.0,"Mppt_low":100.0,"Mppt_high":480.0}