{"Vac":240.0,"Paco":12000.0,"Pdco":12613.9,"Vdco":390.0,"Pso":53.9259,"C0":-1.7993900000000002e-06,"C1":-6.268449999999999e-05,"C2":-0.00151229,"C3":-0.00517779,"Pnt":1.0,"Vdcmax":480.0,"Mppt_low":230.0,"Mppt_high":480.0}