{"Vac":208.0,"Paco":3300.0,"Pdco":3468.38,"Vdco":366.0,"Pso":19.1413,"C0":-5.80454e-06,"C1":-2.6671999999999998e-05,"C2":-1.45523e-05,"C3":-0.0022671999999999996,"Pnt":0.53,"Vdcmax":480.0,"Mppt_low":100.0,"Mppt_high":480.0}