{"Vac":240.0,"Paco":2800.0,"Pdco":2983.91,"Vdco":266.0,"Pso":32.8576,"C0":-1.2207999999999999e-05,"C1":4.77849e-05,"C2":0.00165168,"C3":0.00172564,"Pnt":1.3,"Vdcmax":480.0,"Mppt_low":100.0,"Mppt_high":480.0}