{"Vac":208.0,"Paco":4600.0,"Pdco":4797.81,"Vdco":254.0,"Pso":54.5701,"C0":-5.99928e-06,"C1":2.8102e-05,"C2":0.0013814,"C3":0.000889166,"Pnt":4.0,"Vdcmax":400.0,"Mppt_low":100.0,"Mppt_high":400.0}