{"Vac":240.0,"Paco":320.0,"Pdco":334.899,"Vdco":60.0,"Pso":2.2216400000000003,"C0":-7.62439e-05,"C1":-0.00025096,"C2":0.026476099999999995,"C3":-0.0192581,"Pnt":0.04,"Vdcmax":64.0,"Mppt_low":53.0,"Mppt_high":64.0}