{"Vac":277.0,"Paco":4000.0,"Pdco":4181.35,"Vdco":330.0,"Pso":25.3356,"C0":-4.708719999999999e-06,"C1":-3.07619e-05,"C2":-0.00108154,"C3":-0.00362411,"Pnt":1.1,"Vdcmax":480.0,"Mppt_low":100.0,"Mppt_high":480.0}