{"Vac":480.0,"Paco":24060.0,"Pdco":24584.4,"Vdco":712.0,"Pso":46.6825,"C0":-4.29424e-07,"C1":-3.5895799999999996e-05,"C2":0.00015331,"C3":-0.0009003110000000001,"Pnt":1.79,"Vdcmax":800.0,"Mppt_low":450.0,"Mppt_high":800.0}