{"Vac":208.0,"Paco":9995.0,"Pdco":10536.0,"Vdco":366.0,"Pso":42.7268,"C0":-1.90692e-06,"C1":-3.17695e-05,"C2":-0.000119587,"C3":-0.00225538,"Pnt":0.77,"Vdcmax":480.0,"Mppt_low":100.0,"Mppt_high":480.0}