{"Vac":208.0,"Paco":11400.0,"Pdco":12067.8,"Vdco":366.0,"Pso":46.1535,"C0":-2.36856e-06,"C1":-5.54186e-05,"C2":-0.000568934,"C3":-0.00289387,"Pnt":0.9,"Vdcmax":480.0,"Mppt_low":230.0,"Mppt_high":480.0}