{"Vac":240.0,"Paco":7500.0,"Pdco":7849.33,"Vdco":390.0,"Pso":26.408,"C0":-2.05202e-06,"C1":-2.68336e-05,"C2":-0.000417725,"C3":-0.00257393,"Pnt":0.8,"Vdcmax":480.0,"Mppt_low":100.0,"Mppt_high":480.0}