{"Vac":208.0,"Paco":6500.0,"Pdco":6842.19,"Vdco":366.0,"Pso":27.3352,"C0":-2.64306e-06,"C1":-3.00031e-05,"C2":-0.000383638,"C3":-0.00270839,"Pnt":0.6,"Vdcmax":480.0,"Mppt_low":100.0,"Mppt_high":480.0}