{"Vac":208.0,"Paco":240.0,"Pdco":252.484,"Vdco":42.5,"Pso":1.5000799999999999,"C0":-6.31263e-05,"C1":-0.00044454900000000003,"C2":0.0232973,"C3":-0.034983600000000004,"Pnt":0.15,"Vdcmax":46.0,"Mppt_low":33.5,"Mppt_high":46.0}