{"Vac":277.0,"Paco":8000.0,"Pdco":8359.32,"Vdco":330.0,"Pso":26.4341,"C0":-1.9439599999999997e-06,"C1":-2.84094e-05,"C2":-0.00153849,"C3":-0.0035523000000000004,"Pnt":1.02,"Vdcmax":480.0,"Mppt_low":100.0,"Mppt_high":480.0}