{"Vac":208.0,"Paco":3300.0,"Pdco":3475.62,"Vdco":366.0,"Pso":21.3897,"C0":-6.46477e-06,"C1":-4.01029e-05,"C2":-0.000515544,"C3":-0.00331234,"Pnt":0.62,"Vdcmax":480.0,"Mppt_low":100.0,"Mppt_high":480.0}