{"Vac":240.0,"Paco":320.0,"Pdco":332.89099999999996,"Vdco":60.0,"Pso":3.00577,"C0":-5.75912e-05,"C1":-0.000321325,"C2":0.00284418,"C3":-0.0163986,"Pnt":0.1,"Vdcmax":64.0,"Mppt_low":53.0,"Mppt_high":64.0}