{"Vac":240.0,"Paco":3000.0,"Pdco":3153.98,"Vdco":250.0,"Pso":13.6271,"C0":-8.26439e-06,"C1":3.46688e-05,"C2":0.00119735,"C3":0.00031443599999999997,"Pnt":0.07,"Vdcmax":400.0,"Mppt_low":100.0,"Mppt_high":400.0}