{"Vac":208.0,"Paco":10000.0,"Pdco":10536.9,"Vdco":366.0,"Pso":49.201,"C0":-1.98547e-06,"C1":-3.67969e-05,"C2":-0.000656667,"C3":-0.00345061,"Pnt":0.64,"Vdcmax":480.0,"Mppt_low":100.0,"Mppt_high":480.0}