{"Vac":277.0,"Paco":6500.0,"Pdco":6771.29,"Vdco":330.0,"Pso":24.1894,"C0":-1.21547e-06,"C1":-1.71916e-05,"C2":-0.00135146,"C3":-0.00613884,"Pnt":1.02,"Vdcmax":480.0,"Mppt_low":100.0,"Mppt_high":480.0}