{"Vac":208.0,"Paco":3000.0,"Pdco":3193.68,"Vdco":250.0,"Pso":10.0858,"C0":-1.08756e-05,"C1":2.89652e-05,"C2":0.000629531,"C3":-0.00020508900000000001,"Pnt":0.08,"Vdcmax":400.0,"Mppt_low":100.0,"Mppt_high":400.0}