{"Vac":240.0,"Paco":2500.0,"Pdco":2652.26,"Vdco":266.0,"Pso":28.8455,"C0":-9.12501e-06,"C1":1.96691e-05,"C2":0.000582904,"C3":-0.000317133,"Pnt":1.0,"Vdcmax":480.0,"Mppt_low":100.0,"Mppt_high":480.0}