{"Vac":240.0,"Paco":6500.0,"Pdco":6790.22,"Vdco":390.0,"Pso":23.3786,"C0":-1.44697e-06,"C1":-2.0514e-05,"C2":-0.000772349,"C3":-0.00456762,"Pnt":0.8,"Vdcmax":480.0,"Mppt_low":100.0,"Mppt_high":480.0}