{"Vac":480.0,"Paco":12000.0,"Pdco":12274.2,"Vdco":675.0,"Pso":55.4861,"C0":-7.0054e-07,"C1":-3.56282e-05,"C2":-0.000341171,"C3":-0.00181775,"Pnt":1.79,"Vdcmax":800.0,"Mppt_low":300.0,"Mppt_high":800.0}