{"Vac":240.0,"Paco":6500.0,"Pdco":6807.17,"Vdco":390.0,"Pso":33.6399,"C0":-1.6416999999999999e-06,"C1":-2.11116e-05,"C2":-0.000304705,"C3":-0.00451153,"Pnt":0.76,"Vdcmax":480.0,"Mppt_low":100.0,"Mppt_high":480.0}