{"Vac":240.0,"Paco":3300.0,"Pdco":3451.6,"Vdco":390.0,"Pso":21.4358,"C0":-4.500569999999999e-06,"C1":-2.59495e-05,"C2":-0.00100864,"C3":-0.0039048000000000004,"Pnt":0.83,"Vdcmax":480.0,"Mppt_low":100.0,"Mppt_high":480.0}