{"Vac":240.0,"Paco":10000.0,"Pdco":10453.5,"Vdco":390.0,"Pso":39.3149,"C0":-1.1281200000000002e-06,"C1":-2.39369e-05,"C2":-0.00043436,"C3":-0.00404264,"Pnt":0.85,"Vdcmax":480.0,"Mppt_low":100.0,"Mppt_high":480.0}