{"Vac":480.0,"Paco":30010.0,"Pdco":30594.9,"Vdco":720.0,"Pso":62.9958,"C0":-3.62016e-07,"C1":-2.04475e-05,"C2":-0.000330261,"C3":-0.000310082,"Pnt":1.22,"Vdcmax":800.0,"Mppt_low":500.0,"Mppt_high":800.0}