{"Vac":480.0,"Paco":15000.0,"Pdco":15348.1,"Vdco":675.0,"Pso":50.6711,"C0":-5.351489999999999e-07,"C1":-3.9984499999999996e-05,"C2":-0.000489626,"C3":-0.00251665,"Pnt":1.79,"Vdcmax":800.0,"Mppt_low":300.0,"Mppt_high":800.0}