{"Vac":240.0,"Paco":3500.0,"Pdco":3641.84,"Vdco":263.0,"Pso":64.7742,"C0":-9.08073e-06,"C1":3.46343e-05,"C2":0.0014167,"C3":0.00121761,"Pnt":3.9,"Vdcmax":400.0,"Mppt_low":100.0,"Mppt_high":400.0}