{"Vac":208.0,"Paco":11400.0,"Pdco":12091.3,"Vdco":365.0,"Pso":55.425,"C0":-2.6558099999999995e-06,"C1":-7.34435e-05,"C2":-0.00126359,"C3":-0.00383723,"Pnt":0.9,"Vdcmax":480.0,"Mppt_low":230.0,"Mppt_high":480.0}