{"Vac":208.0,"Paco":6500.0,"Pdco":6856.74,"Vdco":366.0,"Pso":34.4899,"C0":-2.73203e-06,"C1":-3.69719e-05,"C2":-0.000657786,"C3":-0.00409416,"Pnt":0.71,"Vdcmax":480.0,"Mppt_low":100.0,"Mppt_high":480.0}