{"Vac":277.0,"Paco":11400.0,"Pdco":11911.5,"Vdco":330.0,"Pso":37.6662,"C0":-1.25065e-06,"C1":-2.95873e-05,"C2":-0.00069708,"C3":-0.004508600000000001,"Pnt":1.36,"Vdcmax":480.0,"Mppt_low":240.0,"Mppt_high":480.0}