{"Vac":240.0,"Paco":11400.0,"Pdco":11958.7,"Vdco":390.0,"Pso":41.9292,"C0":-1.49358e-06,"C1":-4.53941e-05,"C2":-0.00052262,"C3":-0.00415364,"Pnt":1.0,"Vdcmax":480.0,"Mppt_low":230.0,"Mppt_high":480.0}