{"Vac":390.0,"Paco":1110000.0,"Pdco":1129938.077,"Vdco":606.2254682999999,"Pso":1155.277949,"C0":-1.52e-09,"C1":2.49e-05,"C2":0.0016600000000000002,"C3":-0.00525,"Pnt":558.0,"Vdcmax":1000.0,"Mppt_low":540.0,"Mppt_high":820.0}