{"Vac":390.0,"Paco":450000.0,"Pdco":457579.8011,"Vdco":650.5848016,"Pso":494.7472608,"C0":-9.33e-09,"C1":2.72e-05,"C2":0.0019199999999999998,"C3":0.00135,"Pnt":256.0,"Vdcmax":1000.0,"Mppt_low":585.0,"Mppt_high":820.0}