{"Vac":390.0,"Paco":560000.0,"Pdco":578071.1334,"Vdco":400.4665238,"Pso":795.5553611,"C0":-1.62e-08,"C1":3.8900000000000004e-05,"C2":7.13e-05,"C3":2.26e-05,"Pnt":602.0,"Vdcmax":1000.0,"Mppt_low":540.0,"Mppt_high":820.0}