{"Vac":390.0,"Paco":600000.0,"Pdco":610255.1051,"Vdco":650.4034841,"Pso":536.7617829,"C0":-6.83e-09,"C1":2.2100000000000002e-05,"C2":-0.000349,"C3":-0.00415,"Pnt":281.0,"Vdcmax":1000.0,"Mppt_low":585.0,"Mppt_high":820.0}