{"Vac":330.0,"Paco":750000.0,"Pdco":765151.8175,"Vdco":575.521754,"Pso":606.6129762999999,"C0":-2.8399999999999997e-09,"C1":2.49e-05,"C2":-5.539999999999999e-05,"C3":-0.0023899999999999998,"Pnt":506.0,"Vdcmax":1000.0,"Mppt_low":500.0,"Mppt_high":820.0}