{"Vac":360.0,"Paco":780000.0,"Pdco":807913.0,"Vdco":590.0,"Pso":3646.06,"C0":-3.1625299999999997e-08,"C1":2.3771399999999997e-05,"C2":-0.000267025,"C3":-0.000687523,"Pnt":254.0,"Vdcmax":800.0,"Mppt_low":510.0,"Mppt_high":800.0}