{"Vac":0.0,"Paco":1000000.0,"Pdco":1036120.0,"Vdco":650.0,"Pso":4299.44,"C0":-2.4778299999999998e-08,"C1":1.45778e-05,"C2":-0.00021576900000000001,"C3":-0.000488176,"Pnt":266.0,"Vdcmax":800.0,"Mppt_low":584.0,"Mppt_high":800.0}