{"Vac":0.0,"Paco":1000000.0,"Pdco":1036120.0,"Vdco":650.0,"Pso":4301.58,"C0":-2.47803e-08,"C1":1.45754e-05,"C2":-0.000202878,"C3":-0.000486072,"Pnt":265.579,"Vdcmax":800.0,"Mppt_low":584.0,"Mppt_high":800.0}