{"Vac":0.0,"Paco":1050000.0,"Pdco":1086810.0,"Vdco":670.0,"Pso":4536.49,"C0":-2.2353299999999998e-08,"C1":1.67525e-05,"C2":0.000311693,"C3":7.3149e-05,"Pnt":274.0,"Vdcmax":800.0,"Mppt_low":616.0,"Mppt_high":800.0}