{"Vac":400.0,"Paco":1200000.0,"Pdco":1242742.0,"Vdco":650.0,"Pso":5013.73,"C0":-1.98533e-08,"C1":1.83886e-05,"C2":-4.2885e-05,"C3":-0.00014518200000000002,"Pnt":289.0,"Vdcmax":800.0,"Mppt_low":584.0,"Mppt_high":800.0}