{"Vac":330.0,"Paco":1000000.0,"Pdco":1019550.2,"Vdco":575.3957302,"Pso":1036.95797,"C0":-4.94e-09,"C1":2.49e-05,"C2":-0.00117,"C3":-0.0017,"Pnt":616.0,"Vdcmax":1000.0,"Mppt_low":500.0,"Mppt_high":820.0}