{"Vac":300.0,"Paco":1050000.0,"Pdco":1068481.779,"Vdco":675.6325159,"Pso":898.6364973,"C0":-5.32e-10,"C1":2.45e-05,"C2":-0.00245,"C3":-0.0451,"Pnt":356.0,"Vdcmax":1000.0,"Mppt_low":585.0,"Mppt_high":820.0}