{"Vac":440.0,"Paco":1110000.0,"Pdco":1148010.0,"Vdco":690.0,"Pso":4572.79,"C0":-1.98248e-08,"C1":7.216169999999999e-06,"C2":-0.00041735800000000005,"C3":-0.00118165,"Pnt":281.407,"Vdcmax":800.0,"Mppt_low":642.0,"Mppt_high":800.0}