{"Vac":600.0,"Paco":1176444.0,"Pdco":1194310.0,"Vdco":940.0,"Pso":2066.88,"C0":-3.6598600000000002e-09,"C1":2.4714500000000003e-06,"C2":0.000441653,"C3":0.0009057210000000001,"Pnt":358.91,"Vdcmax":1200.0,"Mppt_low":849.0,"Mppt_high":1200.0}