{"Vac":420.0,"Paco":1270000.0,"Pdco":1313970.0,"Vdco":617.0,"Pso":5296.38,"C0":-1.8900099999999996e-08,"C1":1.39345e-05,"C2":-0.00010303,"C3":-0.000264536,"Pnt":296.0,"Vdcmax":800.0,"Mppt_low":616.0,"Mppt_high":800.0}