{"Vac":600.0,"Paco":1209254.0,"Pdco":1231789.0,"Vdco":940.0,"Pso":6458.08,"C0":-7.2632600000000004e-09,"C1":4.1288400000000004e-06,"C2":2.5618099999999998e-05,"C3":0.0005566130000000001,"Pnt":347.22,"Vdcmax":1200.0,"Mppt_low":849.0,"Mppt_high":1200.0}