{"Vac":440.0,"Paco":1330000.0,"Pdco":1374800.0,"Vdco":690.0,"Pso":5961.61,"C0":-1.89755e-08,"C1":1.3313900000000001e-05,"C2":-0.000580094,"C3":-0.000683992,"Pnt":302.0,"Vdcmax":800.0,"Mppt_low":642.0,"Mppt_high":800.0}