{"Vac":690.0,"Paco":1389078.0,"Pdco":1412540.0,"Vdco":1030.0,"Pso":11149.3,"C0":-7.974100000000001e-09,"C1":6.288089999999999e-06,"C2":-0.000120785,"C3":0.00067835,"Pnt":353.05,"Vdcmax":1200.0,"Mppt_low":976.0,"Mppt_high":1200.0}