{"Vac":400.0,"Paco":1200000.0,"Pdco":1225130.0,"Vdco":650.0,"Pso":1040.89,"C0":-6.2175e-09,"C1":1.71256e-05,"C2":0.00147822,"C3":0.000260157,"Pnt":289.0,"Vdcmax":800.0,"Mppt_low":584.0,"Mppt_high":800.0}