{"Vac":0.0,"Paco":1361500.0,"Pdco":1382606.4419999998,"Vdco":615.4873175,"Pso":1348.3043460000001,"C0":-3.7e-09,"C1":2.8199999999999998e-05,"C2":-0.0013,"C3":-0.00172,"Pnt":549.0,"Vdcmax":1000.0,"Mppt_low":552.0,"Mppt_high":900.0}