{"Vac":300.0,"Paco":1200000.0,"Pdco":1221505.7240000002,"Vdco":675.4523492000001,"Pso":1954.4211289999998,"C0":-8.24e-10,"C1":2.8999999999999997e-05,"C2":-0.000915,"C3":-0.0214,"Pnt":630.0,"Vdcmax":1000.0,"Mppt_low":585.0,"Mppt_high":820.0}