{"Vac":420.0,"Paco":1270000.0,"Pdco":1295750.0,"Vdco":670.0,"Pso":1371.36,"C0":-6.81577e-09,"C1":1.62478e-05,"C2":-0.000552966,"C3":-0.000780648,"Pnt":296.0,"Vdcmax":800.0,"Mppt_low":616.0,"Mppt_high":800.0}