{"Vac":390.0,"Paco":1250000.0,"Pdco":1272971.0790000001,"Vdco":648.6362142999999,"Pso":1602.689397,"C0":-3.2600000000000003e-09,"C1":2.6600000000000003e-05,"C2":0.000932,"C3":-0.0009289999999999999,"Pnt":630.0,"Vdcmax":1000.0,"Mppt_low":585.0,"Mppt_high":820.0}