{"Vac":400.0,"Paco":1400000.0,"Pdco":1448078.0,"Vdco":650.0,"Pso":5564.61,"C0":-1.4709999999999999e-08,"C1":1.84622e-05,"C2":0.000109876,"C3":-7.21225e-05,"Pnt":308.0,"Vdcmax":800.0,"Mppt_low":584.0,"Mppt_high":800.0}