{"Vac":420.0,"Paco":1480000.0,"Pdco":1530180.0,"Vdco":670.0,"Pso":6661.59,"C0":-1.72996e-08,"C1":1.72538e-05,"C2":-0.000330636,"C3":-0.00062521,"Pnt":318.0,"Vdcmax":800.0,"Mppt_low":616.0,"Mppt_high":800.0}