{"Vac":440.0,"Paco":1550000.0,"Pdco":1601630.0,"Vdco":690.0,"Pso":6481.93,"C0":-1.51781e-08,"C1":1.51604e-05,"C2":0.00020490599999999998,"C3":-8.833389999999999e-05,"Pnt":328.0,"Vdcmax":800.0,"Mppt_low":642.0,"Mppt_high":800.0}