{"Vac":420.0,"Paco":1480000.0,"Pdco":1510060.0,"Vdco":670.0,"Pso":1919.3,"C0":-6.445220000000001e-09,"C1":1.51928e-05,"C2":-1.26357e-05,"C3":-0.000758333,"Pnt":318.031,"Vdcmax":800.0,"Mppt_low":616.0,"Mppt_high":800.0}