{"Vac":600.0,"Paco":1610368.0,"Pdco":1639000.0,"Vdco":940.0,"Pso":6672.6,"C0":-6.13641e-09,"C1":2.09359e-06,"C2":-0.000146831,"C3":-0.000180699,"Pnt":368.71,"Vdcmax":1200.0,"Mppt_low":849.0,"Mppt_high":1200.0}