{"Vac":330.0,"Paco":1430000.0,"Pdco":1481270.0,"Vdco":575.0,"Pso":6435.62,"C0":-1.67055e-08,"C1":2.4174e-05,"C2":-0.000426399,"C3":-0.000641936,"Pnt":604.0,"Vdcmax":800.0,"Mppt_low":500.0,"Mppt_high":800.0}