{"Vac":420.0,"Paco":1690000.0,"Pdco":1748053.0,"Vdco":670.0,"Pso":6928.2,"C0":-1.45111e-08,"C1":1.26475e-05,"C2":-0.000202374,"C3":-0.000587403,"Pnt":343.0,"Vdcmax":800.0,"Mppt_low":616.0,"Mppt_high":800.0}