{"Vac":440.0,"Paco":1617500.0,"Pdco":1672050.0,"Vdco":690.0,"Pso":6495.47,"C0":-1.44671e-08,"C1":1.2374200000000001e-05,"C2":5.23208e-05,"C3":-0.000413635,"Pnt":351.0,"Vdcmax":800.0,"Mppt_low":642.0,"Mppt_high":800.0}