{"Vac":440.0,"Paco":1550000.0,"Pdco":1601810.0,"Vdco":690.0,"Pso":6433.87,"C0":-1.50852e-08,"C1":1.5208599999999999e-05,"C2":0.000278267,"C3":-0.00010317,"Pnt":327.74300000000005,"Vdcmax":800.0,"Mppt_low":642.0,"Mppt_high":800.0}