{"Vac":600.0,"Paco":1594724.0,"Pdco":1619380.0,"Vdco":940.0,"Pso":1596.06,"C0":-1.92445e-09,"C1":1.8843599999999999e-06,"C2":0.0007797230000000001,"C3":0.000947535,"Pnt":379.71,"Vdcmax":1200.0,"Mppt_low":849.0,"Mppt_high":1200.0}