{"Vac":645.0,"Paco":1734808.0,"Pdco":1763740.0,"Vdco":980.0,"Pso":6731.64,"C0":-5.08223e-09,"C1":3.64551e-06,"C2":-0.00017973900000000002,"C3":-0.000109235,"Pnt":373.96,"Vdcmax":1200.0,"Mppt_low":913.0,"Mppt_high":1200.0}