{"Vac":440.0,"Paco":1990000.0,"Pdco":2061180.0,"Vdco":690.0,"Pso":8667.7,"C0":-1.3889200000000002e-08,"C1":1.31141e-05,"C2":-0.00041165099999999997,"C3":-0.000666437,"Pnt":371.0,"Vdcmax":800.0,"Mppt_low":642.0,"Mppt_high":800.0}