{"Vac":440.0,"Paco":1770000.0,"Pdco":1830230.0,"Vdco":690.0,"Pso":7309.42,"C0":-1.37658e-08,"C1":1.2834100000000001e-05,"C2":0.000138684,"C3":-0.00034099,"Pnt":351.244,"Vdcmax":800.0,"Mppt_low":642.0,"Mppt_high":800.0}