{"Vac":565.0,"Paco":1896526.0,"Pdco":1930790.0,"Vdco":900.0,"Pso":7792.85,"C0":-5.275770000000001e-09,"C1":3.50048e-06,"C2":0.000207541,"C3":0.00043961,"Pnt":378.47,"Vdcmax":1200.0,"Mppt_low":800.0,"Mppt_high":1200.0}