{"Vac":390.0,"Paco":1700000.0,"Pdco":1755958.0,"Vdco":640.0,"Pso":6793.54,"C0":-1.2322600000000002e-08,"C1":1.9591e-05,"C2":-4.2477799999999995e-05,"C3":-0.000793365,"Pnt":346.0,"Vdcmax":800.0,"Mppt_low":585.0,"Mppt_high":800.0}