{"Vac":420.0,"Paco":1900000.0,"Pdco":1965390.0,"Vdco":670.0,"Pso":7572.79,"C0":-1.26346e-08,"C1":1.23003e-05,"C2":-0.000107751,"C3":-0.000566014,"Pnt":363.0,"Vdcmax":800.0,"Mppt_low":616.0,"Mppt_high":800.0}