{"Vac":600.0,"Paco":1974292.0,"Pdco":2005280.0,"Vdco":940.0,"Pso":2164.27,"C0":-2.13536e-09,"C1":2.06271e-06,"C2":-0.000132194,"C3":0.00017449099999999998,"Pnt":397.3,"Vdcmax":1200.0,"Mppt_low":849.0,"Mppt_high":1200.0}