{"Vac":600.0,"Paco":2020962.0,"Pdco":2055200.0,"Vdco":940.0,"Pso":7804.45,"C0":-4.65995e-09,"C1":3.47814e-06,"C2":9.98201e-05,"C3":0.000327091,"Pnt":388.77,"Vdcmax":1200.0,"Mppt_low":849.0,"Mppt_high":1200.0}