{"Vac":400.0,"Paco":1800000.0,"Pdco":1863180.0,"Vdco":650.0,"Pso":7413.81,"C0":-1.3948799999999999e-08,"C1":1.53636e-05,"C2":-8.6995e-05,"C3":-0.000299507,"Pnt":355.84,"Vdcmax":800.0,"Mppt_low":584.0,"Mppt_high":800.0}