{"Vac":440.0,"Paco":1990000.0,"Pdco":2061250.0,"Vdco":690.0,"Pso":8923.85,"C0":-1.4239299999999999e-08,"C1":1.27693e-05,"C2":-0.000211755,"C3":-0.00043058,"Pnt":370.81,"Vdcmax":800.0,"Mppt_low":642.0,"Mppt_high":800.0}