{"Vac":420.0,"Paco":1900000.0,"Pdco":1965550.0,"Vdco":670.0,"Pso":7778.42,"C0":-1.2980399999999998e-08,"C1":1.4271300000000002e-05,"C2":4.73091e-05,"C3":-0.00028646,"Pnt":362.80199999999996,"Vdcmax":800.0,"Mppt_low":616.0,"Mppt_high":800.0}