{"Vac":420.0,"Paco":2110000.0,"Pdco":2185060.0,"Vdco":670.0,"Pso":8245.17,"C0":-1.1980600000000001e-08,"C1":1.2566600000000001e-05,"C2":-0.00025719400000000003,"C3":-0.000462787,"Pnt":388.0,"Vdcmax":800.0,"Mppt_low":616.0,"Mppt_high":800.0}