{"Vac":440.0,"Paco":2200000.0,"Pdco":2275700.0,"Vdco":690.0,"Pso":8761.17,"C0":-1.10863e-08,"C1":1.37427e-05,"C2":0.000223138,"C3":7.87337e-05,"Pnt":396.0,"Vdcmax":800.0,"Mppt_low":642.0,"Mppt_high":800.0}