{"Vac":645.0,"Paco":2162416.0,"Pdco":2196185.0,"Vdco":980.0,"Pso":7596.59,"C0":-3.55932e-09,"C1":3.93674e-06,"C2":-0.00017507700000000002,"C3":-6.54195e-05,"Pnt":388.97,"Vdcmax":1200.0,"Mppt_low":913.0,"Mppt_high":1200.0}