{"Vac":420.0,"Paco":2110000.0,"Pdco":2156460.0,"Vdco":670.0,"Pso":2226.88,"C0":-5.32379e-09,"C1":1.40471e-05,"C2":-0.00144188,"C3":-0.0011646,"Pnt":387.505,"Vdcmax":800.0,"Mppt_low":616.0,"Mppt_high":800.0}