{"Vac":565.0,"Paco":2275894.0,"Pdco":2316218.0,"Vdco":900.0,"Pso":7312.1,"C0":-4.37357e-09,"C1":1.84958e-06,"C2":0.000102296,"C3":-7.59608e-05,"Pnt":398.85,"Vdcmax":1200.0,"Mppt_low":800.0,"Mppt_high":1200.0}