{"Vac":690.0,"Paco":2306414.0,"Pdco":2341070.0,"Vdco":1030.0,"Pso":7303.85,"C0":-3.3008500000000002e-09,"C1":4.44014e-06,"C2":0.000308068,"C3":0.000643894,"Pnt":390.63,"Vdcmax":1200.0,"Mppt_low":976.0,"Mppt_high":1200.0}