{"Vac":600.0,"Paco":2420374.0,"Pdco":2459750.0,"Vdco":940.0,"Pso":2121.7,"C0":-2.19202e-09,"C1":1.11185e-06,"C2":0.000218339,"C3":-0.000264689,"Pnt":416.47,"Vdcmax":1200.0,"Mppt_low":849.0,"Mppt_high":1200.0}