{"Vac":440.0,"Paco":2200000.0,"Pdco":2246029.0,"Vdco":690.0,"Pso":2006.93,"C0":-4.366939999999999e-09,"C1":1.33772e-05,"C2":-0.000741206,"C3":-0.00104446,"Pnt":395.594,"Vdcmax":800.0,"Mppt_low":642.0,"Mppt_high":800.0}