{"Vac":690.0,"Paco":2759494.0,"Pdco":2800016.0,"Vdco":1030.0,"Pso":7211.23,"C0":-2.54322e-09,"C1":5.255830000000001e-06,"C2":0.000599523,"C3":0.00151489,"Pnt":408.67,"Vdcmax":1200.0,"Mppt_low":976.0,"Mppt_high":1200.0}