{"Vac":565.0,"Paco":2664070.0,"Pdco":2711530.0,"Vdco":900.0,"Pso":7637.28,"C0":-3.38549e-09,"C1":2.5073500000000002e-06,"C2":0.000188487,"C3":0.00025136,"Pnt":417.35,"Vdcmax":1200.0,"Mppt_low":800.0,"Mppt_high":1200.0}