{"Vac":690.0,"Paco":2759394.0,"Pdco":2801630.0,"Vdco":1030.0,"Pso":7376.18,"C0":-2.96695e-09,"C1":6.34066e-07,"C2":-8.573149999999999e-05,"C3":-0.00063045,"Pnt":408.29,"Vdcmax":1200.0,"Mppt_low":976.0,"Mppt_high":1200.0}