{"Vac":600.0,"Paco":2821842.0,"Pdco":2869540.0,"Vdco":940.0,"Pso":8174.4,"C0":-3.4842399999999995e-09,"C1":2.1549099999999998e-06,"C2":-9.33651e-06,"C3":-0.000158566,"Pnt":423.67,"Vdcmax":1200.0,"Mppt_low":849.0,"Mppt_high":1200.0}