{"Vac":690.0,"Paco":3201170.0,"Pdco":3248320.0,"Vdco":1030.0,"Pso":7480.66,"C0":-2.18867e-09,"C1":5.96754e-06,"C2":0.000537799,"C3":0.00139502,"Pnt":426.4,"Vdcmax":1200.0,"Mppt_low":976.0,"Mppt_high":1200.0}