{"Date":"10.01.2013","Version":"NRELv1","Technology":"Mono-c-Si","BIPV":"N","A_c":1.7009999999999998,"N_s":96.0,"T_NOCT":47.0,"I_sc_ref":5.49,"V_oc_ref":59.6,"I_mp_ref":5.14,"V_mp_ref":48.7,"alpha_sc":0.002745,"beta_oc":-0.21456,"a_ref":2.5598,"I_L_ref":5.495,"I_o_ref":4.19e-10,"R_s":0.6579999999999999,"R_sh_ref":769.19,"Adjust":6.888999999999999,"PTC":222.7,"pdc0":250.0,"gamma_pdc":-0.004699999999999999,"gamma_r":-0.47}