{"Date":"06.01.2013","Version":"NRELv1","Technology":"Mono-c-Si","BIPV":"N","A_c":1.7009999999999998,"N_s":72.0,"T_NOCT":47.1,"I_sc_ref":6.12,"V_oc_ref":60.9,"I_mp_ref":5.74,"V_mp_ref":49.65,"alpha_sc":0.0033659999999999996,"beta_oc":-0.21559,"a_ref":2.6638,"I_L_ref":6.124,"I_o_ref":7.14e-10,"R_s":0.607,"R_sh_ref":958.15,"Adjust":12.45,"PTC":253.6,"pdc0":285.0,"gamma_pdc":-0.00488,"gamma_r":-0.488}