{"Date":"10.01.2013","Version":"NRELv1","Technology":"Mono-c-Si","BIPV":"N","A_c":1.7009999999999998,"N_s":96.0,"T_NOCT":47.0,"I_sc_ref":5.43,"V_oc_ref":59.5,"I_mp_ref":5.06,"V_mp_ref":48.4,"alpha_sc":0.002715,"beta_oc":-0.2142,"a_ref":2.5558,"I_L_ref":5.437,"I_o_ref":4.13e-10,"R_s":0.713,"R_sh_ref":560.76,"Adjust":6.888999999999999,"PTC":218.1,"pdc0":245.0,"gamma_pdc":-0.004699999999999999,"gamma_r":-0.47}