{"Date":"10.01.2013","Version":"NRELv1","Technology":"Mono-c-Si","BIPV":"N","A_c":1.7009999999999998,"N_s":96.0,"T_NOCT":47.0,"I_sc_ref":5.73,"V_oc_ref":60.1,"I_mp_ref":5.36,"V_mp_ref":49.4,"alpha_sc":0.002865,"beta_oc":-0.21636,"a_ref":2.5917,"I_L_ref":5.735,"I_o_ref":4.79e-10,"R_s":0.5710000000000001,"R_sh_ref":663.45,"Adjust":7.699,"PTC":236.5,"pdc0":265.0,"gamma_pdc":-0.004699999999999999,"gamma_r":-0.47}