{"Date":"10.01.2013","Version":"NRELv1","Technology":"Mono-c-Si","BIPV":"N","A_c":1.2770000000000001,"N_s":72.0,"T_NOCT":47.0,"I_sc_ref":5.54,"V_oc_ref":45.0,"I_mp_ref":5.08,"V_mp_ref":36.4,"alpha_sc":0.00277,"beta_oc":-0.162,"a_ref":1.9456,"I_L_ref":5.555,"I_o_ref":4.82e-10,"R_s":0.5720000000000001,"R_sh_ref":207.31,"Adjust":8.097000000000001,"PTC":164.7,"pdc0":185.0,"gamma_pdc":-0.004699999999999999,"gamma_r":-0.47}