{"Date":"10.01.2013","Version":"NRELv1","Technology":"Mono-c-Si","BIPV":"N","A_c":1.2770000000000001,"N_s":72.0,"T_NOCT":47.0,"I_sc_ref":5.65,"V_oc_ref":45.65,"I_mp_ref":5.36,"V_mp_ref":37.3,"alpha_sc":0.002825,"beta_oc":-0.16434,"a_ref":1.9559,"I_L_ref":5.71,"I_o_ref":4.13e-10,"R_s":0.486,"R_sh_ref":793.37,"Adjust":6.428,"PTC":178.5,"pdc0":200.0,"gamma_pdc":-0.004699999999999999,"gamma_r":-0.47}