{"Date":"10.01.2013","Version":"NRELv1","Technology":"Mono-c-Si","BIPV":"N","A_c":1.2770000000000001,"N_s":72.0,"T_NOCT":47.0,"I_sc_ref":5.58,"V_oc_ref":45.36,"I_mp_ref":5.18,"V_mp_ref":36.65,"alpha_sc":0.00279,"beta_oc":-0.1633,"a_ref":1.945,"I_L_ref":5.5889999999999995,"I_o_ref":4.06e-10,"R_s":0.585,"R_sh_ref":343.56,"Adjust":6.515,"PTC":169.3,"pdc0":190.0,"gamma_pdc":-0.004699999999999999,"gamma_r":-0.47}