{"Date":"10.01.2013","Version":"NRELv1","Technology":"Mono-c-Si","BIPV":"N","A_c":1.7009999999999998,"N_s":96.0,"T_NOCT":47.0,"I_sc_ref":5.94,"V_oc_ref":60.6,"I_mp_ref":5.56,"V_mp_ref":49.5,"alpha_sc":0.00297,"beta_oc":-0.21816,"a_ref":2.6025,"I_L_ref":5.945,"I_o_ref":4.52e-10,"R_s":0.621,"R_sh_ref":709.81,"Adjust":6.875,"PTC":245.7,"pdc0":275.0,"gamma_pdc":-0.004699999999999999,"gamma_r":-0.47}