{"Date":"10.01.2013","Version":"NRELv1","Technology":"Mono-c-Si","BIPV":"N","A_c":1.2770000000000001,"N_s":72.0,"T_NOCT":47.0,"I_sc_ref":5.63,"V_oc_ref":45.5,"I_mp_ref":5.28,"V_mp_ref":36.9,"alpha_sc":0.002815,"beta_oc":-0.1638,"a_ref":1.9435,"I_L_ref":5.6339999999999995,"I_o_ref":3.7900000000000004e-10,"R_s":0.5529999999999999,"R_sh_ref":723.65,"Adjust":5.8020000000000005,"PTC":173.9,"pdc0":195.0,"gamma_pdc":-0.004699999999999999,"gamma_r":-0.47}