{"Date":"06.01.2013","Version":"NRELv1","Technology":"Mono-c-Si","BIPV":"N","A_c":1.2770000000000001,"N_s":72.0,"T_NOCT":47.1,"I_sc_ref":5.79,"V_oc_ref":45.85,"I_mp_ref":5.58,"V_mp_ref":37.64,"alpha_sc":0.0031850000000000003,"beta_oc":-0.16230999999999998,"a_ref":2.0032,"I_L_ref":5.907,"I_o_ref":6.759999999999999e-10,"R_s":0.42100000000000004,"R_sh_ref":3680.62,"Adjust":12.26,"PTC":186.8,"pdc0":210.0,"gamma_pdc":-0.00488,"gamma_r":-0.488}