{"Date":"06.01.2013","Version":"NRELv1","Technology":"Mono-c-Si","BIPV":"N","A_c":1.9409999999999998,"N_s":72.0,"T_NOCT":47.0,"I_sc_ref":8.44,"V_oc_ref":44.64,"I_mp_ref":7.6,"V_mp_ref":36.2,"alpha_sc":0.004051,"beta_oc":-0.1732,"a_ref":2.0647,"I_L_ref":8.47,"I_o_ref":3.25e-09,"R_s":0.325,"R_sh_ref":90.35,"Adjust":13.23,"PTC":241.2,"pdc0":275.0,"gamma_pdc":-0.00524,"gamma_r":-0.524}