{"Date":"06.01.2013","Version":"NRELv1","Technology":"Mono-c-Si","BIPV":"N","A_c":1.9409999999999998,"N_s":72.0,"T_NOCT":47.0,"I_sc_ref":8.82,"V_oc_ref":46.36,"I_mp_ref":8.22,"V_mp_ref":37.72,"alpha_sc":0.004939,"beta_oc":-0.14835,"a_ref":1.9558,"I_L_ref":8.832,"I_o_ref":4.3900000000000003e-10,"R_s":0.35,"R_sh_ref":256.46,"Adjust":16.22,"PTC":278.0,"pdc0":310.0,"gamma_pdc":-0.004529999999999999,"gamma_r":-0.45299999999999996}