{"Date":"06.01.2013","Version":"NRELv1","Technology":"Mono-c-Si","BIPV":"N","A_c":1.6369999999999998,"N_s":60.0,"T_NOCT":46.8,"I_sc_ref":8.59,"V_oc_ref":38.1,"I_mp_ref":8.07,"V_mp_ref":30.4,"alpha_sc":0.004295,"beta_oc":-0.14364000000000002,"a_ref":1.6867,"I_L_ref":8.593,"I_o_ref":1.32e-09,"R_s":0.358,"R_sh_ref":1128.22,"Adjust":8.001,"PTC":216.0,"pdc0":245.0,"gamma_pdc":-0.00517,"gamma_r":-0.517}