{"Date":"06.01.2013","Version":"NRELv1","Technology":"Mono-c-Si","BIPV":"N","A_c":1.6369999999999998,"N_s":60.0,"T_NOCT":46.8,"I_sc_ref":8.83,"V_oc_ref":38.3,"I_mp_ref":8.34,"V_mp_ref":30.6,"alpha_sc":0.004415,"beta_oc":-0.14439000000000002,"a_ref":1.7008,"I_L_ref":8.925,"I_o_ref":1.4699999999999999e-09,"R_s":0.34,"R_sh_ref":426.28,"Adjust":8.597000000000001,"PTC":225.1,"pdc0":255.0,"gamma_pdc":-0.00517,"gamma_r":-0.517}