{"Date":"06.01.2013","Version":"NRELv1","Technology":"Mono-c-Si","BIPV":"N","A_c":1.9409999999999998,"N_s":72.0,"T_NOCT":47.0,"I_sc_ref":8.91,"V_oc_ref":46.45,"I_mp_ref":8.32,"V_mp_ref":37.86,"alpha_sc":0.00499,"beta_oc":-0.14864000000000002,"a_ref":1.9594,"I_L_ref":8.921,"I_o_ref":4.4299999999999997e-10,"R_s":0.33799999999999997,"R_sh_ref":285.83,"Adjust":16.21,"PTC":282.7,"pdc0":315.0,"gamma_pdc":-0.004529999999999999,"gamma_r":-0.45299999999999996}