{"Date":"06.01.2013","Version":"NRELv1","Technology":"Mono-c-Si","BIPV":"N","A_c":1.6369999999999998,"N_s":60.0,"T_NOCT":47.0,"I_sc_ref":9.07,"V_oc_ref":38.5,"I_mp_ref":8.59,"V_mp_ref":30.84,"alpha_sc":0.005079,"beta_oc":-0.1232,"a_ref":1.6033,"I_L_ref":9.169,"I_o_ref":3.3799999999999997e-10,"R_s":0.34700000000000003,"R_sh_ref":380.42,"Adjust":13.41,"PTC":237.8,"pdc0":265.0,"gamma_pdc":-0.004529999999999999,"gamma_r":-0.45299999999999996}