{"Date":"06.01.2013","Version":"NRELv1","Technology":"Mono-c-Si","BIPV":"N","A_c":1.6369999999999998,"N_s":60.0,"T_NOCT":46.8,"I_sc_ref":8.07,"V_oc_ref":37.0,"I_mp_ref":7.58,"V_mp_ref":29.7,"alpha_sc":0.004035,"beta_oc":-0.13949,"a_ref":1.6442,"I_L_ref":8.073,"I_o_ref":1.35e-09,"R_s":0.342,"R_sh_ref":920.84,"Adjust":8.747,"PTC":197.8,"pdc0":225.0,"gamma_pdc":-0.00517,"gamma_r":-0.517}