{"Date":"06.01.2013","Version":"NRELv1","Technology":"Mono-c-Si","BIPV":"N","A_c":1.6369999999999998,"N_s":60.0,"T_NOCT":46.8,"I_sc_ref":8.22,"V_oc_ref":37.1,"I_mp_ref":7.7,"V_mp_ref":29.9,"alpha_sc":0.00411,"beta_oc":-0.13987,"a_ref":1.6554,"I_L_ref":8.225,"I_o_ref":1.51e-09,"R_s":0.317,"R_sh_ref":503.79,"Adjust":9.543,"PTC":202.3,"pdc0":230.0,"gamma_pdc":-0.00517,"gamma_r":-0.517}