{"Date":"06.01.2013","Version":"NRELv1","Technology":"Mono-c-Si","BIPV":"N","A_c":1.9409999999999998,"N_s":72.0,"T_NOCT":47.0,"I_sc_ref":8.62,"V_oc_ref":46.0,"I_mp_ref":7.97,"V_mp_ref":37.0,"alpha_sc":0.004138,"beta_oc":-0.17848,"a_ref":2.0796,"I_L_ref":8.635,"I_o_ref":2.0800000000000003e-09,"R_s":0.381,"R_sh_ref":214.01,"Adjust":8.908,"PTC":259.4,"pdc0":295.0,"gamma_pdc":-0.00524,"gamma_r":-0.524}