{"Date":"06.01.2013","Version":"NRELv1","Technology":"Multi-c-Si","BIPV":"N","A_c":1.9409999999999998,"N_s":72.0,"T_NOCT":47.0,"I_sc_ref":8.84,"V_oc_ref":45.13,"I_mp_ref":8.34,"V_mp_ref":37.19,"alpha_sc":0.005392,"beta_oc":-0.16652999999999998,"a_ref":1.9732,"I_L_ref":8.842,"I_o_ref":1.0300000000000002e-09,"R_s":0.258,"R_sh_ref":1155.72,"Adjust":7.73,"PTC":276.4,"pdc0":310.0,"gamma_pdc":-0.00476,"gamma_r":-0.47600000000000003}