{"Date":"06.01.2013","Version":"NRELv1","Technology":"Multi-c-Si","BIPV":"N","A_c":1.9409999999999998,"N_s":72.0,"T_NOCT":47.0,"I_sc_ref":8.95,"V_oc_ref":45.22,"I_mp_ref":8.45,"V_mp_ref":37.28,"alpha_sc":0.0054600000000000004,"beta_oc":-0.16685999999999998,"a_ref":1.9767,"I_L_ref":8.952,"I_o_ref":1.0400000000000001e-09,"R_s":0.253,"R_sh_ref":1425.11,"Adjust":7.696000000000001,"PTC":281.0,"pdc0":315.0,"gamma_pdc":-0.00476,"gamma_r":-0.47600000000000003}