{"Date":"06.01.2013","Version":"NRELv1","Technology":"Multi-c-Si","BIPV":"N","A_c":1.9409999999999998,"N_s":72.0,"T_NOCT":47.0,"I_sc_ref":8.74,"V_oc_ref":45.04,"I_mp_ref":8.22,"V_mp_ref":37.09,"alpha_sc":0.005331,"beta_oc":-0.1662,"a_ref":1.9722,"I_L_ref":8.744,"I_o_ref":1.0499999999999999e-09,"R_s":0.263,"R_sh_ref":626.24,"Adjust":8.005,"PTC":271.8,"pdc0":305.0,"gamma_pdc":-0.00476,"gamma_r":-0.47600000000000003}