{"Date":"10.01.2013","Version":"NRELv1","Technology":"Multi-c-Si","BIPV":"N","A_c":1.9409999999999998,"N_s":72.0,"T_NOCT":47.1,"I_sc_ref":8.18,"V_oc_ref":44.33,"I_mp_ref":7.49,"V_mp_ref":35.4,"alpha_sc":0.004908,"beta_oc":-0.14629,"a_ref":1.8559999999999999,"I_L_ref":8.209,"I_o_ref":3.34e-10,"R_s":0.467,"R_sh_ref":130.67,"Adjust":10.88,"PTC":237.3,"pdc0":265.0,"gamma_pdc":-0.0044,"gamma_r":-0.44}