{"Date":"10.01.2013","Version":"NRELv1","Technology":"Multi-c-Si","BIPV":"N","A_c":1.9409999999999998,"N_s":72.0,"T_NOCT":47.1,"I_sc_ref":8.27,"V_oc_ref":44.42,"I_mp_ref":7.58,"V_mp_ref":35.6,"alpha_sc":0.004961999999999999,"beta_oc":-0.14659,"a_ref":1.8627,"I_L_ref":8.298,"I_o_ref":3.5000000000000003e-10,"R_s":0.44299999999999995,"R_sh_ref":132.61,"Adjust":11.21,"PTC":241.9,"pdc0":270.0,"gamma_pdc":-0.0044,"gamma_r":-0.44}