{"Date":"10.01.2013","Version":"NRELv1","Technology":"Multi-c-Si","BIPV":"N","A_c":1.6369999999999998,"N_s":60.0,"T_NOCT":47.1,"I_sc_ref":8.22,"V_oc_ref":37.04,"I_mp_ref":7.72,"V_mp_ref":29.15,"alpha_sc":0.004932,"beta_oc":-0.12222999999999999,"a_ref":1.5155,"I_L_ref":8.226,"I_o_ref":1.9800000000000001e-10,"R_s":0.455,"R_sh_ref":627.11,"Adjust":6.182,"PTC":201.5,"pdc0":225.0,"gamma_pdc":-0.0044,"gamma_r":-0.44}