{"Date":"10.01.2013","Version":"NRELv1","Technology":"Multi-c-Si","BIPV":"N","A_c":1.6369999999999998,"N_s":60.0,"T_NOCT":47.1,"I_sc_ref":8.39,"V_oc_ref":37.38,"I_mp_ref":7.95,"V_mp_ref":29.55,"alpha_sc":0.005034,"beta_oc":-0.12335,"a_ref":1.5334,"I_L_ref":8.481,"I_o_ref":2.18e-10,"R_s":0.426,"R_sh_ref":479.19,"Adjust":6.733,"PTC":210.7,"pdc0":235.0,"gamma_pdc":-0.0044,"gamma_r":-0.44}