{"Date":"06.01.2013","Version":"NRELv1","Technology":"Multi-c-Si","BIPV":"N","A_c":1.6369999999999998,"N_s":60.0,"T_NOCT":47.0,"I_sc_ref":8.65,"V_oc_ref":38.08,"I_mp_ref":8.41,"V_mp_ref":30.33,"alpha_sc":0.0052770000000000004,"beta_oc":-0.14052,"a_ref":1.6371,"I_L_ref":9.011000000000001,"I_o_ref":7.04e-10,"R_s":0.361,"R_sh_ref":328.13,"Adjust":4.37,"PTC":227.2,"pdc0":255.0,"gamma_pdc":-0.00476,"gamma_r":-0.47600000000000003}