{"Date":"10.01.2013","Version":"NRELv1","Technology":"Multi-c-Si","BIPV":"N","A_c":1.9409999999999998,"N_s":72.0,"T_NOCT":47.1,"I_sc_ref":8.52,"V_oc_ref":44.6,"I_mp_ref":7.95,"V_mp_ref":36.5,"alpha_sc":0.005111999999999999,"beta_oc":-0.14718,"a_ref":1.8734,"I_L_ref":8.53,"I_o_ref":3.83e-10,"R_s":0.32,"R_sh_ref":262.25,"Adjust":11.7,"PTC":260.3,"pdc0":290.0,"gamma_pdc":-0.0044,"gamma_r":-0.44}