{"Date":"10.01.2013","Version":"NRELv1","Technology":"Multi-c-Si","BIPV":"N","A_c":1.9409999999999998,"N_s":72.0,"T_NOCT":47.1,"I_sc_ref":8.55,"V_oc_ref":44.82,"I_mp_ref":8.02,"V_mp_ref":36.8,"alpha_sc":0.00513,"beta_oc":-0.14790999999999999,"a_ref":1.8804,"I_L_ref":8.557,"I_o_ref":3.76e-10,"R_s":0.304,"R_sh_ref":381.58,"Adjust":11.48,"PTC":264.9,"pdc0":295.0,"gamma_pdc":-0.0044,"gamma_r":-0.44}