{"Date":"10.01.2013","Version":"NRELv1","Technology":"Multi-c-Si","BIPV":"N","A_c":1.6369999999999998,"N_s":60.0,"T_NOCT":47.1,"I_sc_ref":8.53,"V_oc_ref":37.72,"I_mp_ref":8.18,"V_mp_ref":29.95,"alpha_sc":0.005118,"beta_oc":-0.12448,"a_ref":1.5487,"I_L_ref":8.707,"I_o_ref":2.29e-10,"R_s":0.39899999999999997,"R_sh_ref":604.21,"Adjust":6.937,"PTC":219.9,"pdc0":245.0,"gamma_pdc":-0.0044,"gamma_r":-0.44}