{"Date":"06.01.2013","Version":"NRELv1","Technology":"Multi-c-Si","BIPV":"N","A_c":1.6369999999999998,"N_s":60.0,"T_NOCT":47.0,"I_sc_ref":8.59,"V_oc_ref":37.9,"I_mp_ref":8.29,"V_mp_ref":30.15,"alpha_sc":0.00524,"beta_oc":-0.13985,"a_ref":1.6266,"I_L_ref":8.857999999999999,"I_o_ref":6.67e-10,"R_s":0.371,"R_sh_ref":454.51,"Adjust":4.0489999999999995,"PTC":222.6,"pdc0":250.0,"gamma_pdc":-0.00476,"gamma_r":-0.47600000000000003}