{"Vac":240.0,"Paco":3600.0,"Pdco":3863.82,"Vdco":175.0,"Pso":30.9255,"C0":-9.46723e-06,"C1":2.12433e-05,"C2":0.000642666,"C3":-0.000101877,"Pnt":3.11,"Vdcmax":300.0,"Mppt_low":100.0,"Mppt_high":300.0}