{"Vac":240.0,"Paco":2860.0,"Pdco":3075.77,"Vdco":175.0,"Pso":20.79,"C0":-1.3511600000000001e-05,"C1":4.48879e-05,"C2":-0.000527084,"C3":-0.000102312,"Pnt":2.77,"Vdcmax":300.0,"Mppt_low":100.0,"Mppt_high":300.0}