{"Date":"08.01.2012","Version":"NRELv1","Technology":"Mono-c-Si","BIPV":"N","A_c":1.28,"N_s":72.0,"T_NOCT":46.1,"I_sc_ref":5.76,"V_oc_ref":43.8,"I_mp_ref":5.14,"V_mp_ref":36.0,"alpha_sc":0.0024649999999999997,"beta_oc":-0.16535,"a_ref":1.9909,"I_L_ref":5.78,"I_o_ref":1.5e-09,"R_s":0.376,"R_sh_ref":105.67,"Adjust":12.82,"PTC":164.5,"pdc0":185.0,"gamma_pdc":-0.0049700000000000005,"gamma_r":-0.49700000000000005}