{"Date":"12/27/2012","Version":"NRELv1","Technology":"Multi-c-Si","BIPV":"N","A_c":1.6380000000000001,"N_s":60.0,"T_NOCT":46.1,"I_sc_ref":8.39,"V_oc_ref":37.38,"I_mp_ref":7.89,"V_mp_ref":31.08,"alpha_sc":0.002911,"beta_oc":-0.13685,"a_ref":1.6366,"I_L_ref":8.392999999999999,"I_o_ref":1e-09,"R_s":0.185,"R_sh_ref":458.4,"Adjust":9.131,"PTC":218.1,"pdc0":245.0,"gamma_pdc":-0.00496,"gamma_r":-0.496}