{"Date":"12/27/2012","Version":"NRELv1","Technology":"Multi-c-Si","BIPV":"N","A_c":1.002,"N_s":36.0,"T_NOCT":46.1,"I_sc_ref":7.88,"V_oc_ref":21.76,"I_mp_ref":7.45,"V_mp_ref":18.14,"alpha_sc":0.002734,"beta_oc":-0.07966000000000001,"a_ref":0.9511,"I_L_ref":7.881,"I_o_ref":9.09e-10,"R_s":0.10800000000000001,"R_sh_ref":807.23,"Adjust":8.818,"PTC":119.8,"pdc0":135.0,"gamma_pdc":-0.00496,"gamma_r":-0.496}