{"Date":"12/27/2012","Version":"NRELv1","Technology":"Multi-c-Si","BIPV":"N","A_c":1.48,"N_s":54.0,"T_NOCT":46.1,"I_sc_ref":8.12,"V_oc_ref":33.13,"I_mp_ref":7.63,"V_mp_ref":27.54,"alpha_sc":0.0028179999999999998,"beta_oc":-0.12129000000000001,"a_ref":1.4509999999999998,"I_L_ref":8.124,"I_o_ref":9.75e-10,"R_s":0.17,"R_sh_ref":382.07,"Adjust":9.198,"PTC":186.6,"pdc0":210.0,"gamma_pdc":-0.00496,"gamma_r":-0.496}