{"Date":"12/27/2012","Version":"NRELv1","Technology":"Multi-c-Si","BIPV":"N","A_c":1.6380000000000001,"N_s":60.0,"T_NOCT":46.1,"I_sc_ref":8.51,"V_oc_ref":37.62,"I_mp_ref":8.0,"V_mp_ref":31.32,"alpha_sc":0.0029530000000000003,"beta_oc":-0.13773,"a_ref":1.6487,"I_L_ref":8.514,"I_o_ref":1.0400000000000001e-09,"R_s":0.17800000000000002,"R_sh_ref":429.73,"Adjust":9.328,"PTC":222.6,"pdc0":250.0,"gamma_pdc":-0.00496,"gamma_r":-0.496}