{"Date":"12/27/2012","Version":"NRELv1","Technology":"Multi-c-Si","BIPV":"N","A_c":1.48,"N_s":54.0,"T_NOCT":46.1,"I_sc_ref":8.51,"V_oc_ref":33.85,"I_mp_ref":8.0,"V_mp_ref":28.19,"alpha_sc":0.0029530000000000003,"beta_oc":-0.12393,"a_ref":1.4838,"I_L_ref":8.514,"I_o_ref":1.0400000000000001e-09,"R_s":0.159,"R_sh_ref":385.52,"Adjust":9.365,"PTC":200.4,"pdc0":225.0,"gamma_pdc":-0.00496,"gamma_r":-0.496}