{"Date":"08.01.2012","Version":"NRELv1","Technology":"Multi-c-Si","BIPV":"N","A_c":1.6380000000000001,"N_s":60.0,"T_NOCT":46.1,"I_sc_ref":8.6,"V_oc_ref":37.73,"I_mp_ref":8.08,"V_mp_ref":29.71,"alpha_sc":0.002984,"beta_oc":-0.13813,"a_ref":1.6,"I_L_ref":8.604,"I_o_ref":4.91e-10,"R_s":0.426,"R_sh_ref":1002.76,"Adjust":2.821,"PTC":213.5,"pdc0":240.0,"gamma_pdc":-0.00496,"gamma_r":-0.496}