{"Date":"12/27/2012","Version":"NRELv1","Technology":"Multi-c-Si","BIPV":"N","A_c":1.48,"N_s":54.0,"T_NOCT":46.1,"I_sc_ref":7.96,"V_oc_ref":32.8,"I_mp_ref":7.51,"V_mp_ref":27.32,"alpha_sc":0.002762,"beta_oc":-0.12007999999999999,"a_ref":1.4347,"I_L_ref":7.962000000000001,"I_o_ref":9.32e-10,"R_s":0.165,"R_sh_ref":699.02,"Adjust":8.96,"PTC":182.1,"pdc0":205.0,"gamma_pdc":-0.00496,"gamma_r":-0.496}