{"Date":"12/27/2012","Version":"NRELv1","Technology":"Multi-c-Si","BIPV":"N","A_c":1.6380000000000001,"N_s":60.0,"T_NOCT":46.1,"I_sc_ref":8.04,"V_oc_ref":36.63,"I_mp_ref":7.55,"V_mp_ref":30.48,"alpha_sc":0.00279,"beta_oc":-0.1341,"a_ref":1.6059,"I_L_ref":8.044,"I_o_ref":9.87e-10,"R_s":0.185,"R_sh_ref":393.96,"Adjust":9.394,"PTC":204.3,"pdc0":230.0,"gamma_pdc":-0.00496,"gamma_r":-0.496}