{"Date":"12/27/2012","Version":"NRELv1","Technology":"Multi-c-Si","BIPV":"N","A_c":1.945,"N_s":72.0,"T_NOCT":46.1,"I_sc_ref":8.01,"V_oc_ref":43.88,"I_mp_ref":7.53,"V_mp_ref":36.54,"alpha_sc":0.002779,"beta_oc":-0.16065,"a_ref":1.9233,"I_L_ref":8.013,"I_o_ref":9.800000000000001e-10,"R_s":0.21899999999999997,"R_sh_ref":531.65,"Adjust":9.355,"PTC":244.4,"pdc0":275.0,"gamma_pdc":-0.00496,"gamma_r":-0.496}