{"Date":"12/27/2012","Version":"NRELv1","Technology":"Multi-c-Si","BIPV":"N","A_c":1.945,"N_s":72.0,"T_NOCT":46.1,"I_sc_ref":7.88,"V_oc_ref":43.52,"I_mp_ref":7.45,"V_mp_ref":36.29,"alpha_sc":0.002734,"beta_oc":-0.15933,"a_ref":1.9024,"I_L_ref":7.881,"I_o_ref":9.120000000000001e-10,"R_s":0.215,"R_sh_ref":1600.62,"Adjust":8.851,"PTC":239.8,"pdc0":270.0,"gamma_pdc":-0.00496,"gamma_r":-0.496}