{"Date":"12/27/2012","Version":"NRELv1","Technology":"Multi-c-Si","BIPV":"N","A_c":1.002,"N_s":36.0,"T_NOCT":46.1,"I_sc_ref":7.64,"V_oc_ref":21.4,"I_mp_ref":7.26,"V_mp_ref":17.93,"alpha_sc":0.002651,"beta_oc":-0.07835,"a_ref":0.9406,"I_L_ref":7.718999999999999,"I_o_ref":1.01e-09,"R_s":0.09300000000000001,"R_sh_ref":279.77,"Adjust":9.933,"PTC":115.2,"pdc0":130.0,"gamma_pdc":-0.00496,"gamma_r":-0.496}