{"Date":"12/27/2012","Version":"NRELv1","Technology":"Multi-c-Si","BIPV":"N","A_c":1.6380000000000001,"N_s":60.0,"T_NOCT":46.1,"I_sc_ref":7.72,"V_oc_ref":35.91,"I_mp_ref":7.34,"V_mp_ref":30.0,"alpha_sc":0.002679,"beta_oc":-0.13147,"a_ref":1.5752,"I_L_ref":7.8,"I_o_ref":9.71e-10,"R_s":0.16899999999999998,"R_sh_ref":513.78,"Adjust":9.517999999999999,"PTC":195.2,"pdc0":220.0,"gamma_pdc":-0.00496,"gamma_r":-0.496}