{"Date":"12/27/2012","Version":"NRELv1","Technology":"Multi-c-Si","BIPV":"N","A_c":1.48,"N_s":54.0,"T_NOCT":46.1,"I_sc_ref":8.27,"V_oc_ref":33.42,"I_mp_ref":7.75,"V_mp_ref":27.75,"alpha_sc":0.0028699999999999997,"beta_oc":-0.12235,"a_ref":1.4652,"I_L_ref":8.275,"I_o_ref":1.01e-09,"R_s":0.17300000000000001,"R_sh_ref":290.93,"Adjust":9.383,"PTC":191.2,"pdc0":215.0,"gamma_pdc":-0.00496,"gamma_r":-0.496}