{"Date":"9/28/2011","Version":"MM107","Technology":"Mono-c-Si","BIPV":"N","A_c":1.652,"N_s":60.0,"T_NOCT":46.0,"I_sc_ref":8.24,"V_oc_ref":37.0,"I_mp_ref":7.69,"V_mp_ref":29.9,"alpha_sc":0.005834000000000001,"beta_oc":-0.1537,"a_ref":1.5894,"I_L_ref":8.25,"I_o_ref":6.3e-10,"R_s":0.321,"R_sh_ref":269.32,"Adjust":-7.8,"PTC":207.0,"pdc0":230.0,"gamma_pdc":-0.00444,"gamma_r":-0.444}