{"Date":"10.03.2011","Version":"MM107","Technology":"Mono-c-Si","BIPV":"N","A_c":1.9680000000000002,"N_s":72.0,"T_NOCT":46.0,"I_sc_ref":8.95,"V_oc_ref":45.0,"I_mp_ref":8.28,"V_mp_ref":36.2,"alpha_sc":0.005809,"beta_oc":-0.17172,"a_ref":1.9031,"I_L_ref":8.97,"I_o_ref":4.689999999999999e-10,"R_s":0.39,"R_sh_ref":177.23,"Adjust":-2.5,"PTC":271.2,"pdc0":300.0,"gamma_pdc":-0.004370000000000001,"gamma_r":-0.43700000000000006}