{"Date":"9/28/2011","Version":"MM107","Technology":"Mono-c-Si","BIPV":"N","A_c":1.652,"N_s":60.0,"T_NOCT":46.0,"I_sc_ref":7.8,"V_oc_ref":36.4,"I_mp_ref":7.22,"V_mp_ref":29.1,"alpha_sc":0.005522,"beta_oc":-0.15120999999999998,"a_ref":1.5614,"I_L_ref":7.817,"I_o_ref":5.71e-10,"R_s":0.384,"R_sh_ref":179.96,"Adjust":-8.1,"PTC":188.6,"pdc0":210.0,"gamma_pdc":-0.00444,"gamma_r":-0.444}