{"Date":"9/28/2011","Version":"MM107","Technology":"Mono-c-Si","BIPV":"N","A_c":1.496,"N_s":54.0,"T_NOCT":46.2,"I_sc_ref":8.05,"V_oc_ref":32.8,"I_mp_ref":7.25,"V_mp_ref":26.2,"alpha_sc":0.005772,"beta_oc":-0.12339000000000001,"a_ref":1.4139,"I_L_ref":8.091000000000001,"I_o_ref":6.400000000000001e-10,"R_s":0.341,"R_sh_ref":66.62,"Adjust":2.3,"PTC":170.8,"pdc0":190.0,"gamma_pdc":-0.004379999999999999,"gamma_r":-0.43799999999999994}