{"Date":"9/30/2011","Version":"MM107","Technology":"Mono-c-Si","BIPV":"N","A_c":1.69,"N_s":96.0,"T_NOCT":46.3,"I_sc_ref":5.34,"V_oc_ref":59.4,"I_mp_ref":4.99,"V_mp_ref":48.1,"alpha_sc":0.003225,"beta_oc":-0.22305,"a_ref":2.4907,"I_L_ref":5.346,"I_o_ref":2.3099999999999998e-10,"R_s":0.797,"R_sh_ref":663.57,"Adjust":-2.4,"PTC":216.3,"pdc0":240.0,"gamma_pdc":-0.00436,"gamma_r":-0.436}