{"Date":"1/14/2013","Version":"NRELv1","Technology":"Mono-c-Si","BIPV":"N","A_c":0.182,"N_s":6.0,"T_NOCT":52.7,"I_sc_ref":8.55,"V_oc_ref":3.76,"I_mp_ref":8.07,"V_mp_ref":2.85,"alpha_sc":0.005985,"beta_oc":-0.01339,"a_ref":0.1624,"I_L_ref":8.639,"I_o_ref":7.54e-10,"R_s":0.057,"R_sh_ref":159.1,"Adjust":9.033999999999999,"PTC":19.5,"pdc0":23.0,"gamma_pdc":-0.00507,"gamma_r":-0.507}