{"Date":"02.03.2011","Version":"MM107","Technology":"Mono-c-Si","BIPV":"Y","A_c":0.182,"N_s":6.0,"T_NOCT":51.2,"I_sc_ref":8.5,"V_oc_ref":3.7,"I_mp_ref":8.0,"V_mp_ref":2.75,"alpha_sc":0.001275,"beta_oc":-0.01099,"a_ref":0.1427,"I_L_ref":8.519,"I_o_ref":4.6899999999999994e-11,"R_s":0.069,"R_sh_ref":100000.0,"Adjust":5.2,"PTC":19.1,"pdc0":22.0,"gamma_pdc":-0.00457,"gamma_r":-0.457}