{"Date":"02.03.2011","Version":"MM107","Technology":"Mono-c-Si","BIPV":"Y","A_c":0.48,"N_s":18.0,"T_NOCT":61.7,"I_sc_ref":5.2,"V_oc_ref":11.1,"I_mp_ref":4.77,"V_mp_ref":8.8,"alpha_sc":0.001456,"beta_oc":-0.036739999999999995,"a_ref":0.4683,"I_L_ref":5.218,"I_o_ref":2.55e-10,"R_s":0.19699999999999998,"R_sh_ref":56.58,"Adjust":12.4,"PTC":33.5,"pdc0":42.0,"gamma_pdc":-0.0048200000000000005,"gamma_r":-0.48200000000000004}