{"Date":"1/14/2013","Version":"NRELv1","Technology":"Mono-c-Si","BIPV":"N","A_c":0.48,"N_s":18.0,"T_NOCT":56.2,"I_sc_ref":5.5,"V_oc_ref":11.3,"I_mp_ref":5.11,"V_mp_ref":9.0,"alpha_sc":0.00385,"beta_oc":-0.04023,"a_ref":0.4863,"I_L_ref":5.51,"I_o_ref":4.36e-10,"R_s":0.17600000000000002,"R_sh_ref":101.36,"Adjust":8.23,"PTC":38.4,"pdc0":46.0,"gamma_pdc":-0.0046500000000000005,"gamma_r":-0.465}