{"Date":"1/14/2013","Version":"NRELv1","Technology":"Mono-c-Si","BIPV":"N","A_c":1.2819999999999998,"N_s":40.0,"T_NOCT":56.2,"I_sc_ref":8.4,"V_oc_ref":25.0,"I_mp_ref":7.88,"V_mp_ref":19.3,"alpha_sc":0.00588,"beta_oc":-0.08900000000000001,"a_ref":1.0413,"I_L_ref":8.404,"I_o_ref":3.13e-10,"R_s":0.35,"R_sh_ref":751.15,"Adjust":1.7730000000000001,"PTC":128.3,"pdc0":152.0,"gamma_pdc":-0.00456,"gamma_r":-0.456}