{"Date":"12.01.2013","Version":"NRELv1","Technology":"Multi-c-Si","BIPV":"N","A_c":1.421,"N_s":54.0,"T_NOCT":47.7,"I_sc_ref":8.3,"V_oc_ref":33.1,"I_mp_ref":7.7,"V_mp_ref":27.3,"alpha_sc":0.007055,"beta_oc":-0.11287,"a_ref":1.4414,"I_L_ref":8.311,"I_o_ref":8.609999999999999e-10,"R_s":0.2,"R_sh_ref":152.16,"Adjust":15.37,"PTC":187.7,"pdc0":210.0,"gamma_pdc":-0.00444,"gamma_r":-0.444}