{"Date":"12.01.2013","Version":"NRELv1","Technology":"Multi-c-Si","BIPV":"N","A_c":1.421,"N_s":54.0,"T_NOCT":47.4,"I_sc_ref":8.2,"V_oc_ref":33.0,"I_mp_ref":7.6,"V_mp_ref":27.2,"alpha_sc":0.005084,"beta_oc":-0.11120999999999999,"a_ref":1.4049,"I_L_ref":8.212,"I_o_ref":5.02e-10,"R_s":0.213,"R_sh_ref":140.58,"Adjust":12.13,"PTC":183.5,"pdc0":205.0,"gamma_pdc":-0.00442,"gamma_r":-0.442}