{"Technology":"Multi-c-Si","BIPV":"N","A_c":1.6369999999999998,"N_s":60.0,"T_NOCT":48.5,"PTC":217.3,"pdc0":245.0,"gamma_pdc":-0.00457}