{"Date":"12.01.2013","Version":"NRELv1","Technology":"Multi-c-Si","BIPV":"N","A_c":1.577,"N_s":60.0,"T_NOCT":47.9,"I_sc_ref":8.6,"V_oc_ref":37.3,"I_mp_ref":8.1,"V_mp_ref":29.8,"alpha_sc":0.00688,"beta_oc":-0.12645,"a_ref":1.5684,"I_L_ref":8.603,"I_o_ref":4.02e-10,"R_s":0.365,"R_sh_ref":1046.52,"Adjust":8.777999999999999,"PTC":214.6,"pdc0":240.0,"gamma_pdc":-0.00441,"gamma_r":-0.441}