{"Date":"12.01.2013","Version":"NRELv1","Technology":"Multi-c-Si","BIPV":"N","A_c":1.577,"N_s":60.0,"T_NOCT":48.7,"I_sc_ref":8.7,"V_oc_ref":37.4,"I_mp_ref":8.2,"V_mp_ref":29.9,"alpha_sc":0.0073950000000000005,"beta_oc":-0.13277,"a_ref":1.6138,"I_L_ref":8.701,"I_o_ref":7.480000000000001e-10,"R_s":0.348,"R_sh_ref":2629.12,"Adjust":9.027000000000001,"PTC":217.1,"pdc0":245.0,"gamma_pdc":-0.00461,"gamma_r":-0.461}