{"Date":"12.01.2013","Version":"NRELv1","Technology":"Multi-c-Si","BIPV":"N","A_c":1.883,"N_s":72.0,"T_NOCT":47.5,"I_sc_ref":8.4,"V_oc_ref":44.3,"I_mp_ref":8.0,"V_mp_ref":35.2,"alpha_sc":0.00294,"beta_oc":-0.15638,"a_ref":1.8035,"I_L_ref":8.487,"I_o_ref":1.8200000000000002e-10,"R_s":0.48100000000000004,"R_sh_ref":1390.75,"Adjust":-1.433,"PTC":249.9,"pdc0":280.0,"gamma_pdc":-0.004529999999999999,"gamma_r":-0.45299999999999996}