{"Date":"12.01.2013","Version":"NRELv1","Technology":"Multi-c-Si","BIPV":"N","A_c":1.577,"N_s":60.0,"T_NOCT":48.7,"I_sc_ref":8.6,"V_oc_ref":37.3,"I_mp_ref":8.1,"V_mp_ref":29.8,"alpha_sc":0.00731,"beta_oc":-0.13242,"a_ref":1.6095,"I_L_ref":8.602,"I_o_ref":7.389999999999999e-10,"R_s":0.354,"R_sh_ref":1760.94,"Adjust":9.024,"PTC":212.6,"pdc0":240.0,"gamma_pdc":-0.00461,"gamma_r":-0.461}