{"Date":"12.01.2013","Version":"NRELv1","Technology":"Multi-c-Si","BIPV":"N","A_c":1.883,"N_s":72.0,"T_NOCT":47.5,"I_sc_ref":8.6,"V_oc_ref":44.8,"I_mp_ref":8.1,"V_mp_ref":35.8,"alpha_sc":0.00301,"beta_oc":-0.15814,"a_ref":1.8317,"I_L_ref":8.604,"I_o_ref":2.0400000000000002e-10,"R_s":0.45,"R_sh_ref":873.87,"Adjust":-0.6164,"PTC":259.1,"pdc0":290.0,"gamma_pdc":-0.004529999999999999,"gamma_r":-0.45299999999999996}