{"Technology":"Mono-c-Si","BIPV":"N","A_c":1.6369999999999998,"N_s":60.0,"T_NOCT":48.9,"PTC":225.6,"pdc0":255.0,"gamma_pdc":-0.00464}