{"Date":"6/14/2010","Version":"MM107","Technology":"Multi-c-Si","BIPV":"N","A_c":1.625,"N_s":60.0,"T_NOCT":44.6,"I_sc_ref":8.38,"V_oc_ref":36.85,"I_mp_ref":7.86,"V_mp_ref":29.26,"alpha_sc":0.003935,"beta_oc":-0.12673,"a_ref":1.5486,"I_L_ref":8.387,"I_o_ref":3.85e-10,"R_s":0.396,"R_sh_ref":505.48,"Adjust":7.3,"PTC":207.3,"pdc0":230.0,"gamma_pdc":-0.004710000000000001,"gamma_r":-0.47100000000000003}