{"Date":"6/14/2010","Version":"MM107","Technology":"Mono-c-Si","BIPV":"N","A_c":0.993,"N_s":36.0,"T_NOCT":45.7,"I_sc_ref":8.58,"V_oc_ref":22.22,"I_mp_ref":7.97,"V_mp_ref":18.2,"alpha_sc":0.003089,"beta_oc":-0.09598999999999999,"a_ref":1.1391,"I_L_ref":8.585,"I_o_ref":2.8599999999999998e-08,"R_s":0.105,"R_sh_ref":194.89,"Adjust":21.4,"PTC":124.0,"pdc0":145.0,"gamma_pdc":-0.00662,"gamma_r":-0.662}