{"Date":"6/14/2010","Version":"MM107","Technology":"Mono-c-Si","BIPV":"N","A_c":1.625,"N_s":60.0,"T_NOCT":46.4,"I_sc_ref":8.44,"V_oc_ref":36.5,"I_mp_ref":7.68,"V_mp_ref":29.3,"alpha_sc":0.003038,"beta_oc":-0.14418,"a_ref":1.7689,"I_L_ref":8.463,"I_o_ref":8.87e-09,"R_s":0.28800000000000003,"R_sh_ref":105.69,"Adjust":20.7,"PTC":194.1,"pdc0":225.0,"gamma_pdc":-0.006,"gamma_r":-0.6}