{"Date":"6/14/2010","Version":"MM107","Technology":"Mono-c-Si","BIPV":"N","A_c":1.4680000000000002,"N_s":54.0,"T_NOCT":43.2,"I_sc_ref":8.42,"V_oc_ref":32.5,"I_mp_ref":7.66,"V_mp_ref":26.11,"alpha_sc":0.002189,"beta_oc":-0.13033,"a_ref":1.5999,"I_L_ref":8.442,"I_o_ref":1.22e-08,"R_s":0.248,"R_sh_ref":95.83,"Adjust":22.2,"PTC":175.5,"pdc0":200.0,"gamma_pdc":-0.00625,"gamma_r":-0.625}