{"Date":"6/14/2010","Version":"MM107","Technology":"Mono-c-Si","BIPV":"N","A_c":1.625,"N_s":60.0,"T_NOCT":46.4,"I_sc_ref":8.49,"V_oc_ref":36.8,"I_mp_ref":7.7,"V_mp_ref":29.87,"alpha_sc":0.0030559999999999997,"beta_oc":-0.14536,"a_ref":1.801,"I_L_ref":8.511000000000001,"I_o_ref":1.09e-08,"R_s":0.23600000000000002,"R_sh_ref":94.32,"Adjust":22.7,"PTC":198.5,"pdc0":230.0,"gamma_pdc":-0.006,"gamma_r":-0.6}