{"Date":"6/14/2010","Version":"MM107","Technology":"Mono-c-Si","BIPV":"N","A_c":1.31,"N_s":48.0,"T_NOCT":47.5,"I_sc_ref":8.44,"V_oc_ref":29.4,"I_mp_ref":7.72,"V_mp_ref":23.96,"alpha_sc":0.002363,"beta_oc":-0.11377999999999999,"a_ref":1.4111,"I_L_ref":8.456,"I_o_ref":7.290000000000001e-09,"R_s":0.183,"R_sh_ref":94.62,"Adjust":21.3,"PTC":158.8,"pdc0":185.0,"gamma_pdc":-0.0059,"gamma_r":-0.59}