{"Date":"01.05.2010","Version":"MM106","Technology":"Multi-c-Si","BIPV":"N","A_c":1.643,"N_s":60.0,"T_NOCT":45.4,"I_sc_ref":8.29,"V_oc_ref":36.1,"I_mp_ref":7.56,"V_mp_ref":28.44,"alpha_sc":0.003631,"beta_oc":-0.12816,"a_ref":1.6094,"I_L_ref":8.322000000000001,"I_o_ref":1.45e-09,"R_s":0.408,"R_sh_ref":106.06,"Adjust":15.9,"PTC":190.2,"pdc0":215.0,"gamma_pdc":-0.00522,"gamma_r":-0.522}