{"Date":"6/14/2010","Version":"MM107","Technology":"Mono-c-Si","BIPV":"N","A_c":1.625,"N_s":60.0,"T_NOCT":46.4,"I_sc_ref":8.41,"V_oc_ref":36.3,"I_mp_ref":7.63,"V_mp_ref":28.83,"alpha_sc":0.0030280000000000003,"beta_oc":-0.14339000000000002,"a_ref":1.75,"I_L_ref":8.439,"I_o_ref":7.91e-09,"R_s":0.337,"R_sh_ref":98.76,"Adjust":19.6,"PTC":189.6,"pdc0":220.0,"gamma_pdc":-0.006,"gamma_r":-0.6}