{"Date":"6/14/2010","Version":"MM107","Technology":"Mono-c-Si","BIPV":"N","A_c":1.4680000000000002,"N_s":54.0,"T_NOCT":43.2,"I_sc_ref":8.36,"V_oc_ref":32.05,"I_mp_ref":7.57,"V_mp_ref":25.1,"alpha_sc":0.0021739999999999997,"beta_oc":-0.12852,"a_ref":1.5557,"I_L_ref":8.392999999999999,"I_o_ref":9.07e-09,"R_s":0.35,"R_sh_ref":87.68,"Adjust":19.3,"PTC":166.5,"pdc0":190.0,"gamma_pdc":-0.00625,"gamma_r":-0.625}