{"Date":"6/14/2010","Version":"MM107","Technology":"Multi-c-Si","BIPV":"N","A_c":1.625,"N_s":60.0,"T_NOCT":44.6,"I_sc_ref":8.28,"V_oc_ref":36.38,"I_mp_ref":7.71,"V_mp_ref":29.2,"alpha_sc":0.0038880000000000004,"beta_oc":-0.12511,"a_ref":1.5449,"I_L_ref":8.293,"I_o_ref":4.82e-10,"R_s":0.348,"R_sh_ref":227.24,"Adjust":9.4,"PTC":202.7,"pdc0":225.0,"gamma_pdc":-0.004710000000000001,"gamma_r":-0.47100000000000003}