{"Date":"6/14/2010","Version":"MM107","Technology":"Mono-c-Si","BIPV":"N","A_c":1.4680000000000002,"N_s":54.0,"T_NOCT":43.2,"I_sc_ref":8.48,"V_oc_ref":32.9,"I_mp_ref":7.75,"V_mp_ref":27.1,"alpha_sc":0.002205,"beta_oc":-0.13193,"a_ref":1.6422,"I_L_ref":8.492,"I_o_ref":1.63e-08,"R_s":0.145,"R_sh_ref":105.61,"Adjust":25.1,"PTC":184.5,"pdc0":210.0,"gamma_pdc":-0.00625,"gamma_r":-0.625}