{"Date":"6/14/2010","Version":"MM107","Technology":"Mono-c-Si","BIPV":"N","A_c":1.625,"N_s":60.0,"T_NOCT":46.4,"I_sc_ref":8.37,"V_oc_ref":36.03,"I_mp_ref":7.6,"V_mp_ref":28.29,"alpha_sc":0.003013,"beta_oc":-0.14232,"a_ref":1.7233,"I_L_ref":8.401,"I_o_ref":6.7000000000000004e-09,"R_s":0.38799999999999996,"R_sh_ref":103.77,"Adjust":18.0,"PTC":185.1,"pdc0":215.0,"gamma_pdc":-0.006,"gamma_r":-0.6}