{"Date":"01.05.2010","Version":"MM106","Technology":"Multi-c-Si","BIPV":"N","A_c":1.643,"N_s":60.0,"T_NOCT":45.4,"I_sc_ref":8.49,"V_oc_ref":36.8,"I_mp_ref":7.62,"V_mp_ref":30.18,"alpha_sc":0.0037189999999999996,"beta_oc":-0.13064,"a_ref":1.7016,"I_L_ref":8.517000000000001,"I_o_ref":3.2299999999999994e-09,"R_s":0.21600000000000003,"R_sh_ref":68.08,"Adjust":23.6,"PTC":203.9,"pdc0":230.0,"gamma_pdc":-0.00522,"gamma_r":-0.522}