{"Date":"6/14/2010","Version":"MM107","Technology":"Mono-c-Si","BIPV":"N","A_c":0.993,"N_s":36.0,"T_NOCT":45.7,"I_sc_ref":8.38,"V_oc_ref":22.0,"I_mp_ref":7.71,"V_mp_ref":17.51,"alpha_sc":0.003017,"beta_oc":-0.09504,"a_ref":1.1134,"I_L_ref":8.392999999999999,"I_o_ref":2.15e-08,"R_s":0.185,"R_sh_ref":119.46,"Adjust":18.8,"PTC":115.1,"pdc0":135.0,"gamma_pdc":-0.00662,"gamma_r":-0.662}