{"Date":"05.09.2011","Version":"MM107","Technology":"Multi-c-Si","BIPV":"N","A_c":1.95,"N_s":72.0,"T_NOCT":46.5,"I_sc_ref":8.51,"V_oc_ref":44.57,"I_mp_ref":7.99,"V_mp_ref":36.79,"alpha_sc":0.005242,"beta_oc":-0.15033,"a_ref":1.9272,"I_L_ref":8.515,"I_o_ref":7.610000000000001e-10,"R_s":0.262,"R_sh_ref":455.48,"Adjust":15.3,"PTC":250.2,"pdc0":280.0,"gamma_pdc":-0.0046500000000000005,"gamma_r":-0.465}