{"Date":"05.09.2011","Version":"MM107","Technology":"Mono-c-Si","BIPV":"N","A_c":1.95,"N_s":72.0,"T_NOCT":46.5,"I_sc_ref":8.54,"V_oc_ref":45.22,"I_mp_ref":7.99,"V_mp_ref":37.58,"alpha_sc":0.0046630000000000005,"beta_oc":-0.1556,"a_ref":1.9409999999999998,"I_L_ref":8.546,"I_o_ref":6.400000000000001e-10,"R_s":0.233,"R_sh_ref":306.62,"Adjust":11.5,"PTC":260.4,"pdc0":290.0,"gamma_pdc":-0.00457,"gamma_r":-0.457}