{"Date":"05.09.2011","Version":"MM107","Technology":"Multi-c-Si","BIPV":"N","A_c":1.95,"N_s":72.0,"T_NOCT":46.5,"I_sc_ref":8.62,"V_oc_ref":45.34,"I_mp_ref":8.1,"V_mp_ref":37.8,"alpha_sc":0.0053100000000000005,"beta_oc":-0.15292999999999998,"a_ref":1.9714,"I_L_ref":8.624,"I_o_ref":8.75e-10,"R_s":0.20800000000000002,"R_sh_ref":458.96,"Adjust":16.5,"PTC":264.0,"pdc0":295.0,"gamma_pdc":-0.0046500000000000005,"gamma_r":-0.465}