{"Date":"05.06.2011","Version":"MM107","Technology":"Multi-c-Si","BIPV":"N","A_c":1.5,"N_s":54.0,"T_NOCT":49.1,"I_sc_ref":8.01,"V_oc_ref":33.48,"I_mp_ref":7.64,"V_mp_ref":26.68,"alpha_sc":0.009852,"beta_oc":-0.0991,"a_ref":1.4134,"I_L_ref":8.091000000000001,"I_o_ref":4.1799999999999995e-10,"R_s":0.35600000000000004,"R_sh_ref":100000.0,"Adjust":25.1,"PTC":182.3,"pdc0":205.0,"gamma_pdc":-0.0042899999999999995,"gamma_r":-0.429}