{"Date":"05.06.2011","Version":"MM107","Technology":"Multi-c-Si","BIPV":"N","A_c":1.023,"N_s":36.0,"T_NOCT":49.1,"I_sc_ref":7.94,"V_oc_ref":22.21,"I_mp_ref":7.54,"V_mp_ref":17.58,"alpha_sc":0.009766,"beta_oc":-0.06573999999999999,"a_ref":0.9346,"I_L_ref":7.9910000000000005,"I_o_ref":3.8100000000000003e-10,"R_s":0.258,"R_sh_ref":100000.0,"Adjust":24.3,"PTC":119.9,"pdc0":135.0,"gamma_pdc":-0.0042899999999999995,"gamma_r":-0.429}