{"Date":"05.09.2011","Version":"MM107","Technology":"Mono-c-Si","BIPV":"N","A_c":1.659,"N_s":60.0,"T_NOCT":47.8,"I_sc_ref":8.46,"V_oc_ref":37.11,"I_mp_ref":7.82,"V_mp_ref":29.42,"alpha_sc":0.007276,"beta_oc":-0.10687999999999999,"a_ref":1.5330000000000001,"I_L_ref":8.482999999999999,"I_o_ref":2.53e-10,"R_s":0.41200000000000003,"R_sh_ref":151.47,"Adjust":23.5,"PTC":206.1,"pdc0":230.0,"gamma_pdc":-0.00425,"gamma_r":-0.425}