{"Date":"04.02.2013","Version":"NRELv1","Technology":"Mono-c-Si","BIPV":"N","A_c":1.6159999999999999,"N_s":60.0,"T_NOCT":47.9,"I_sc_ref":8.81,"V_oc_ref":37.8,"I_mp_ref":8.32,"V_mp_ref":30.6,"alpha_sc":0.0043170000000000005,"beta_oc":-0.12057999999999999,"a_ref":1.5759999999999998,"I_L_ref":8.812000000000001,"I_o_ref":3.37e-10,"R_s":0.309,"R_sh_ref":1304.49,"Adjust":14.15,"PTC":227.2,"pdc0":255.0,"gamma_pdc":-0.00458,"gamma_r":-0.45799999999999996}