{"Date":"10.01.2014","Version":"NRELv1","Technology":"Multi-c-Si","BIPV":"N","A_c":1.601,"N_s":60.0,"T_NOCT":46.6,"I_sc_ref":8.93,"V_oc_ref":38.1,"I_mp_ref":8.35,"V_mp_ref":31.2,"alpha_sc":0.005358,"beta_oc":-0.1143,"a_ref":1.5271,"I_L_ref":8.942,"I_o_ref":1.28e-10,"R_s":0.27699999999999997,"R_sh_ref":212.91,"Adjust":12.12,"PTC":236.9,"pdc0":260.0,"gamma_pdc":-0.004,"gamma_r":-0.4}