{"Date":"07.01.2013","Version":"NRELv1","Technology":"Multi-c-Si","BIPV":"N","A_c":1.6159999999999999,"N_s":60.0,"T_NOCT":47.7,"I_sc_ref":8.55,"V_oc_ref":37.0,"I_mp_ref":8.05,"V_mp_ref":29.2,"alpha_sc":0.00419,"beta_oc":-0.11803,"a_ref":1.5230000000000001,"I_L_ref":8.552999999999999,"I_o_ref":2.4e-10,"R_s":0.42200000000000004,"R_sh_ref":1106.92,"Adjust":11.33,"PTC":209.1,"pdc0":235.0,"gamma_pdc":-0.00458,"gamma_r":-0.45799999999999996}