{"Date":"11.03.2012","Version":"NRELv1","Technology":"Multi-c-Si","BIPV":"N","A_c":1.652,"N_s":60.0,"T_NOCT":46.1,"I_sc_ref":8.75,"V_oc_ref":37.1,"I_mp_ref":8.13,"V_mp_ref":29.5,"alpha_sc":0.006125,"beta_oc":-0.12614,"a_ref":1.5677,"I_L_ref":8.766,"I_o_ref":4.53e-10,"R_s":0.376,"R_sh_ref":200.82,"Adjust":9.513,"PTC":215.9,"pdc0":240.0,"gamma_pdc":-0.0045000000000000005,"gamma_r":-0.45}