{"Date":"04.02.2013","Version":"NRELv1","Technology":"Multi-c-Si","BIPV":"N","A_c":1.652,"N_s":60.0,"T_NOCT":47.7,"I_sc_ref":8.46,"V_oc_ref":36.8,"I_mp_ref":7.94,"V_mp_ref":29.0,"alpha_sc":0.004145,"beta_oc":-0.11739000000000001,"a_ref":1.5161,"I_L_ref":8.467,"I_o_ref":2.41e-10,"R_s":0.431,"R_sh_ref":552.18,"Adjust":11.51,"PTC":204.4,"pdc0":230.0,"gamma_pdc":-0.00458,"gamma_r":-0.45799999999999996}