{"Date":"11/26/2012","Version":"NRELv1","Technology":"Multi-c-Si","BIPV":"N","A_c":1.966,"N_s":72.0,"T_NOCT":46.1,"I_sc_ref":8.43,"V_oc_ref":44.6,"I_mp_ref":7.84,"V_mp_ref":35.7,"alpha_sc":0.005901,"beta_oc":-0.15164,"a_ref":1.8911,"I_L_ref":8.443999999999999,"I_o_ref":4.73e-10,"R_s":0.434,"R_sh_ref":256.2,"Adjust":10.23,"PTC":251.7,"pdc0":280.0,"gamma_pdc":-0.0045000000000000005,"gamma_r":-0.45}