{"Date":"04.02.2013","Version":"NRELv1","Technology":"Multi-c-Si","BIPV":"N","A_c":1.933,"N_s":72.0,"T_NOCT":47.7,"I_sc_ref":8.9,"V_oc_ref":45.5,"I_mp_ref":8.45,"V_mp_ref":36.1,"alpha_sc":0.004361,"beta_oc":-0.14515,"a_ref":1.8794,"I_L_ref":8.995,"I_o_ref":2.73e-10,"R_s":0.467,"R_sh_ref":754.11,"Adjust":12.08,"PTC":272.1,"pdc0":305.0,"gamma_pdc":-0.00458,"gamma_r":-0.45799999999999996}