{"Date":"10.01.2014","Version":"NRELv1","Technology":"Multi-c-Si","BIPV":"N","A_c":1.915,"N_s":72.0,"T_NOCT":46.6,"I_sc_ref":8.6,"V_oc_ref":45.0,"I_mp_ref":8.22,"V_mp_ref":36.5,"alpha_sc":0.0051600000000000005,"beta_oc":-0.135,"a_ref":1.7815,"I_L_ref":8.689,"I_o_ref":9.27e-11,"R_s":0.38799999999999996,"R_sh_ref":1306.5,"Adjust":9.445,"PTC":273.0,"pdc0":300.0,"gamma_pdc":-0.004,"gamma_r":-0.4}