{"Date":"04.02.2013","Version":"NRELv1","Technology":"Multi-c-Si","BIPV":"N","A_c":1.966,"N_s":72.0,"T_NOCT":47.9,"I_sc_ref":8.61,"V_oc_ref":45.2,"I_mp_ref":8.17,"V_mp_ref":36.7,"alpha_sc":0.004219,"beta_oc":-0.14419,"a_ref":1.8925,"I_L_ref":8.702,"I_o_ref":3.65e-10,"R_s":0.359,"R_sh_ref":507.33,"Adjust":15.05,"PTC":267.1,"pdc0":300.0,"gamma_pdc":-0.00458,"gamma_r":-0.45799999999999996}