{"Date":"10.01.2014","Version":"NRELv1","Technology":"Multi-c-Si","BIPV":"N","A_c":1.915,"N_s":72.0,"T_NOCT":46.6,"I_sc_ref":8.55,"V_oc_ref":44.9,"I_mp_ref":8.11,"V_mp_ref":36.4,"alpha_sc":0.00513,"beta_oc":-0.1347,"a_ref":1.7758,"I_L_ref":8.551,"I_o_ref":8.93e-11,"R_s":0.395,"R_sh_ref":5628.03,"Adjust":9.238999999999999,"PTC":268.4,"pdc0":295.0,"gamma_pdc":-0.004,"gamma_r":-0.4}