{"Date":"11.01.2013","Version":"NRELv1","Technology":"Multi-c-Si","BIPV":"N","A_c":1.933,"N_s":72.0,"T_NOCT":46.2,"I_sc_ref":8.8,"V_oc_ref":45.7,"I_mp_ref":8.32,"V_mp_ref":36.7,"alpha_sc":0.005368,"beta_oc":-0.16405999999999998,"a_ref":1.9556,"I_L_ref":8.896,"I_o_ref":6.24e-10,"R_s":0.4,"R_sh_ref":428.95,"Adjust":6.348,"PTC":273.7,"pdc0":305.0,"gamma_pdc":-0.0046700000000000005,"gamma_r":-0.467}