{"Date":"11.04.2014","Version":"NRELv1","Technology":"Multi-c-Si","BIPV":"N","A_c":1.956,"N_s":72.0,"T_NOCT":45.8,"I_sc_ref":8.49,"V_oc_ref":44.4,"I_mp_ref":8.02,"V_mp_ref":36.2,"alpha_sc":0.0042450000000000005,"beta_oc":-0.1332,"a_ref":1.7668,"I_L_ref":8.494,"I_o_ref":1.03e-10,"R_s":0.363,"R_sh_ref":773.43,"Adjust":10.7,"PTC":263.9,"pdc0":290.0,"gamma_pdc":-0.0040999999999999995,"gamma_r":-0.41}