{"Date":"3/30/2011","Version":"MM107","Technology":"Mono-c-Si","BIPV":"N","A_c":1.2770000000000001,"N_s":72.0,"T_NOCT":47.1,"I_sc_ref":4.88,"V_oc_ref":43.4,"I_mp_ref":4.31,"V_mp_ref":34.8,"alpha_sc":0.0016589999999999999,"beta_oc":-0.14235,"a_ref":1.8330000000000002,"I_L_ref":4.915,"I_o_ref":2.34e-10,"R_s":0.735,"R_sh_ref":101.63,"Adjust":13.3,"PTC":133.6,"pdc0":150.0,"gamma_pdc":-0.00448,"gamma_r":-0.44799999999999995}