{"Date":"5/22/2012","Version":"NRELv1","Technology":"Mono-c-Si","BIPV":"N","A_c":1.2770000000000001,"N_s":72.0,"T_NOCT":47.1,"I_sc_ref":5.78,"V_oc_ref":44.8,"I_mp_ref":5.33,"V_mp_ref":35.8,"alpha_sc":0.0019649999999999997,"beta_oc":-0.14694000000000002,"a_ref":1.8375,"I_L_ref":5.797000000000001,"I_o_ref":1.44e-10,"R_s":0.675,"R_sh_ref":230.74,"Adjust":7.529,"PTC":170.2,"pdc0":190.0,"gamma_pdc":-0.00448,"gamma_r":-0.44799999999999995}