{"Date":"5/22/2012","Version":"NRELv1","Technology":"Mono-c-Si","BIPV":"N","A_c":1.2770000000000001,"N_s":72.0,"T_NOCT":47.1,"I_sc_ref":5.23,"V_oc_ref":45.3,"I_mp_ref":5.12,"V_mp_ref":36.1,"alpha_sc":0.001778,"beta_oc":-0.14858,"a_ref":1.8318,"I_L_ref":5.446000000000001,"I_o_ref":9.83e-11,"R_s":0.7490000000000001,"R_sh_ref":1074.32,"Adjust":4.707,"PTC":165.6,"pdc0":185.0,"gamma_pdc":-0.00448,"gamma_r":-0.44799999999999995}