{"Date":"3/30/2011","Version":"MM107","Technology":"Multi-c-Si","BIPV":"N","A_c":1.494,"N_s":54.0,"T_NOCT":47.0,"I_sc_ref":8.48,"V_oc_ref":33.0,"I_mp_ref":7.75,"V_mp_ref":27.1,"alpha_sc":0.003307,"beta_oc":-0.10692,"a_ref":1.4211,"I_L_ref":8.501,"I_o_ref":6.67e-10,"R_s":0.217,"R_sh_ref":86.0,"Adjust":19.2,"PTC":186.8,"pdc0":210.0,"gamma_pdc":-0.004699999999999999,"gamma_r":-0.47}