{"Date":"3/30/2011","Version":"MM107","Technology":"Mono-c-Si","BIPV":"N","A_c":1.652,"N_s":60.0,"T_NOCT":46.1,"I_sc_ref":8.55,"V_oc_ref":36.8,"I_mp_ref":7.89,"V_mp_ref":29.8,"alpha_sc":0.0018809999999999999,"beta_oc":-0.12475,"a_ref":1.5137,"I_L_ref":8.572000000000001,"I_o_ref":2.29e-10,"R_s":0.318,"R_sh_ref":126.24,"Adjust":4.6,"PTC":211.0,"pdc0":235.0,"gamma_pdc":-0.00454,"gamma_r":-0.45399999999999996}