{"Date":"3/30/2011","Version":"MM107","Technology":"Multi-c-Si","BIPV":"N","A_c":1.652,"N_s":60.0,"T_NOCT":45.3,"I_sc_ref":7.52,"V_oc_ref":36.0,"I_mp_ref":6.78,"V_mp_ref":29.5,"alpha_sc":0.004136,"beta_oc":-0.11699999999999999,"a_ref":1.55,"I_L_ref":7.547000000000001,"I_o_ref":5.800000000000001e-10,"R_s":0.278,"R_sh_ref":77.18,"Adjust":18.5,"PTC":180.0,"pdc0":200.0,"gamma_pdc":-0.00448,"gamma_r":-0.44799999999999995}