{"Date":"3/30/2011","Version":"MM107","Technology":"Mono-c-Si","BIPV":"N","A_c":1.652,"N_s":60.0,"T_NOCT":46.1,"I_sc_ref":7.91,"V_oc_ref":35.4,"I_mp_ref":7.3,"V_mp_ref":28.1,"alpha_sc":0.0017399999999999998,"beta_oc":-0.12000999999999999,"a_ref":1.4389,"I_L_ref":7.934,"I_o_ref":1.5900000000000002e-10,"R_s":0.42200000000000004,"R_sh_ref":138.86,"Adjust":2.2,"PTC":183.5,"pdc0":205.0,"gamma_pdc":-0.00454,"gamma_r":-0.45399999999999996}