{"Date":"3/30/2011","Version":"MM107","Technology":"Mono-c-Si","BIPV":"N","A_c":1.652,"N_s":60.0,"T_NOCT":46.1,"I_sc_ref":8.35,"V_oc_ref":36.4,"I_mp_ref":7.72,"V_mp_ref":29.2,"alpha_sc":0.001837,"beta_oc":-0.1234,"a_ref":1.4876,"I_L_ref":8.372,"I_o_ref":1.9199999999999998e-10,"R_s":0.364,"R_sh_ref":141.08,"Adjust":3.3,"PTC":201.8,"pdc0":225.0,"gamma_pdc":-0.00454,"gamma_r":-0.45399999999999996}