{"Date":"3/30/2011","Version":"MM107","Technology":"Mono-c-Si","BIPV":"N","A_c":1.652,"N_s":60.0,"T_NOCT":46.1,"I_sc_ref":8.45,"V_oc_ref":36.6,"I_mp_ref":7.8,"V_mp_ref":29.5,"alpha_sc":0.001859,"beta_oc":-0.12407,"a_ref":1.501,"I_L_ref":8.472000000000001,"I_o_ref":2.11e-10,"R_s":0.341,"R_sh_ref":129.9,"Adjust":4.0,"PTC":206.4,"pdc0":230.0,"gamma_pdc":-0.00454,"gamma_r":-0.45399999999999996}