{"Vac":240.0,"Paco":1650.0,"Pdco":1707.89,"Vdco":330.0,"Pso":15.0744,"C0":-1.23276e-05,"C1":-2.7750599999999998e-05,"C2":-0.000724061,"C3":-0.0008269460000000001,"Pnt":0.11,"Vdcmax":360.0,"Mppt_low":100.0,"Mppt_high":360.0}