{"Vac":277.0,"Paco":3600.0,"Pdco":3690.0,"Vdco":375.0,"Pso":20.9005,"C0":-2.3850799999999997e-06,"C1":-3.426e-05,"C2":-0.00136668,"C3":0.00262245,"Pnt":0.4,"Vdcmax":450.0,"Mppt_low":100.0,"Mppt_high":450.0}