{"Vac":277.0,"Paco":1650.0,"Pdco":1707.08,"Vdco":330.0,"Pso":17.7064,"C0":-9.91625e-06,"C1":-2.3480100000000002e-05,"C2":-9.479370000000001e-05,"C3":-0.00035173199999999995,"Pnt":0.13,"Vdcmax":360.0,"Mppt_low":100.0,"Mppt_high":360.0}