{"Vac":240.0,"Paco":4200.0,"Pdco":4312.83,"Vdco":375.0,"Pso":20.1472,"C0":-2.64159e-06,"C1":-2.51111e-05,"C2":-0.00144706,"C3":0.0009459,"Pnt":0.33,"Vdcmax":450.0,"Mppt_low":100.0,"Mppt_high":450.0}