{"Vac":208.0,"Paco":4600.0,"Pdco":4770.27,"Vdco":375.0,"Pso":21.0611,"C0":-5.10131e-06,"C1":-1.4943599999999999e-05,"C2":0.00033775,"C3":-0.000194825,"Pnt":0.26,"Vdcmax":450.0,"Mppt_low":100.0,"Mppt_high":450.0}