{"Vac":240.0,"Paco":3600.0,"Pdco":3696.72,"Vdco":375.0,"Pso":17.2691,"C0":-3.08185e-06,"C1":-2.5111199999999998e-05,"C2":-0.0014470999999999998,"C3":0.0009459210000000001,"Pnt":0.31,"Vdcmax":450.0,"Mppt_low":100.0,"Mppt_high":450.0}