{"Vac":277.0,"Paco":4200.0,"Pdco":4316.63,"Vdco":375.0,"Pso":31.6517,"C0":-3.7215e-06,"C1":-2.79003e-05,"C2":-0.00085054,"C3":-0.0007870910000000001,"Pnt":0.4,"Vdcmax":450.0,"Mppt_low":100.0,"Mppt_high":450.0}