{"Vac":208.0,"Paco":2500.0,"Pdco":2596.42,"Vdco":360.0,"Pso":15.1132,"C0":-9.024880000000001e-06,"C1":-2.01287e-05,"C2":-0.000406135,"C3":-0.000475667,"Pnt":0.1,"Vdcmax":400.0,"Mppt_low":100.0,"Mppt_high":400.0}