{"Vac":277.0,"Paco":2000.0,"Pdco":2062.1,"Vdco":360.0,"Pso":15.1258,"C0":-6.537e-06,"C1":-3.50567e-05,"C2":-0.00169891,"C3":-0.00151319,"Pnt":0.14,"Vdcmax":400.0,"Mppt_low":100.0,"Mppt_high":400.0}