{"Vac":277.0,"Paco":2800.0,"Pdco":2885.58,"Vdco":360.0,"Pso":19.9117,"C0":-5.98555e-06,"C1":-4.1061899999999994e-05,"C2":-0.00207634,"C3":-9.41907e-05,"Pnt":0.19,"Vdcmax":400.0,"Mppt_low":100.0,"Mppt_high":400.0}