{"Vac":208.0,"Paco":1800.0,"Pdco":1868.53,"Vdco":360.0,"Pso":10.367,"C0":-9.415060000000001e-06,"C1":-1.22336e-05,"C2":-0.000521495,"C3":-0.000669537,"Pnt":0.09,"Vdcmax":400.0,"Mppt_low":100.0,"Mppt_high":400.0}