{"Vac":277.0,"Paco":4600.0,"Pdco":4720.81,"Vdco":375.0,"Pso":21.1789,"C0":-2.50019e-06,"C1":-2.523e-05,"C2":-0.00190066,"C3":0.0007503480000000001,"Pnt":0.43,"Vdcmax":450.0,"Mppt_low":100.0,"Mppt_high":450.0}