{"Vac":208.0,"Paco":3600.0,"Pdco":3710.3,"Vdco":375.0,"Pso":21.8105,"C0":-4.54514e-06,"C1":-2.3768699999999998e-05,"C2":-0.000683468,"C3":0.000750908,"Pnt":0.23,"Vdcmax":450.0,"Mppt_low":100.0,"Mppt_high":450.0}