{"Vac":208.0,"Paco":1500.0,"Pdco":1555.64,"Vdco":330.0,"Pso":11.8068,"C0":-1.39631e-05,"C1":-1.99867e-05,"C2":-5.2958100000000004e-05,"C3":-0.000162526,"Pnt":0.07,"Vdcmax":360.0,"Mppt_low":100.0,"Mppt_high":360.0}