{"Vac":240.0,"Paco":2000.0,"Pdco":2066.66,"Vdco":360.0,"Pso":13.4045,"C0":-8.56791e-06,"C1":-2.72451e-05,"C2":-0.000851289,"C3":-0.000626976,"Pnt":0.1,"Vdcmax":400.0,"Mppt_low":100.0,"Mppt_high":400.0}