{"Technology":"Thin Film","BIPV":"N","A_c":1.0859999999999999,"N_s":134.0,"T_NOCT":46.5,"PTC":152.2,"pdc0":160.0,"gamma_pdc":-0.0021600000000000005}