{"Date":"5/22/2012","Version":"NRELv1","Technology":"Multi-c-Si","BIPV":"N","A_c":1.617,"N_s":60.0,"T_NOCT":45.9,"I_sc_ref":8.41,"V_oc_ref":37.15,"I_mp_ref":7.92,"V_mp_ref":29.7,"alpha_sc":0.007568999999999999,"beta_oc":-0.18204,"a_ref":1.9665,"I_L_ref":8.495,"I_o_ref":5.3e-08,"R_s":0.268,"R_sh_ref":2934.89,"Adjust":12.42,"PTC":204.6,"pdc0":240.0,"gamma_pdc":-0.0067,"gamma_r":-0.67}