{"Date":"5/22/2012","Version":"NRELv1","Technology":"Multi-c-Si","BIPV":"N","A_c":1.617,"N_s":60.0,"T_NOCT":45.9,"I_sc_ref":8.62,"V_oc_ref":37.5,"I_mp_ref":8.2,"V_mp_ref":30.21,"alpha_sc":0.007758,"beta_oc":-0.18375,"a_ref":1.9941,"I_L_ref":8.794,"I_o_ref":5.97e-08,"R_s":0.22699999999999998,"R_sh_ref":1700.13,"Adjust":13.26,"PTC":213.5,"pdc0":250.0,"gamma_pdc":-0.0067,"gamma_r":-0.67}