{"Date":"7/26/2013","Version":"NRELv1","Technology":"2-a-Si","BIPV":"N","A_c":1.54,"N_s":69.0,"T_NOCT":42.9,"I_sc_ref":1.22,"V_oc_ref":115.4,"I_mp_ref":1.01,"V_mp_ref":89.1,"alpha_sc":0.000993,"beta_oc":-0.43493999999999994,"a_ref":4.2987,"I_L_ref":1.25,"I_o_ref":2.27e-12,"R_s":13.075,"R_sh_ref":537.04,"Adjust":-24.52,"PTC":85.0,"pdc0":90.0,"gamma_pdc":-0.00254,"gamma_r":-0.254}