{"Vac":208.0,"Paco":508.0,"Pdco":533.507,"Vdco":33.0,"Pso":2.45907,"C0":-3.7562600000000005e-05,"C1":-0.00035632599999999996,"C2":-0.0349543,"C3":-0.0400218,"Pnt":0.11,"Vdcmax":48.0,"Mppt_low":22.0,"Mppt_high":48.0}