{"Vac":240.0,"Paco":510.0,"Pdco":534.32,"Vdco":33.0,"Pso":2.55662,"C0":-2.0033e-05,"C1":-0.000216819,"C2":-0.019885,"C3":-0.0515413,"Pnt":0.11,"Vdcmax":48.0,"Mppt_low":22.0,"Mppt_high":48.0}