{"Date":"04.05.2011","Version":"MM107","Technology":"Multi-c-Si","BIPV":"N","A_c":1.6369999999999998,"N_s":60.0,"T_NOCT":48.2,"I_sc_ref":8.55,"V_oc_ref":35.4,"I_mp_ref":7.63,"V_mp_ref":29.5,"alpha_sc":0.003848,"beta_oc":-0.14479,"a_ref":1.7892,"I_L_ref":8.562999999999999,"I_o_ref":2.04e-08,"R_s":0.096,"R_sh_ref":62.02,"Adjust":24.8,"PTC":191.8,"pdc0":225.0,"gamma_pdc":-0.0059299999999999995,"gamma_r":-0.593}