{"Date":"04.05.2011","Version":"MM107","Technology":"Multi-c-Si","BIPV":"N","A_c":1.9409999999999998,"N_s":72.0,"T_NOCT":47.9,"I_sc_ref":8.36,"V_oc_ref":43.2,"I_mp_ref":7.64,"V_mp_ref":36.0,"alpha_sc":0.0036780000000000003,"beta_oc":-0.16502,"a_ref":2.0451,"I_L_ref":8.371,"I_o_ref":5.379999999999999e-09,"R_s":0.161,"R_sh_ref":125.03,"Adjust":19.8,"PTC":238.4,"pdc0":275.0,"gamma_pdc":-0.00545,"gamma_r":-0.545}