{"Date":"04.05.2011","Version":"MM107","Technology":"Multi-c-Si","BIPV":"N","A_c":1.9409999999999998,"N_s":72.0,"T_NOCT":47.9,"I_sc_ref":8.41,"V_oc_ref":43.2,"I_mp_ref":7.78,"V_mp_ref":36.0,"alpha_sc":0.0037,"beta_oc":-0.16502,"a_ref":2.0275,"I_L_ref":8.417,"I_o_ref":4.5700000000000006e-09,"R_s":0.166,"R_sh_ref":192.9,"Adjust":18.1,"PTC":242.9,"pdc0":280.0,"gamma_pdc":-0.00545,"gamma_r":-0.545}