{"Date":"7/13/2012","Version":"NRELv1","Technology":"Mono-c-Si","BIPV":"N","A_c":1.624,"N_s":60.0,"T_NOCT":46.7,"I_sc_ref":8.69,"V_oc_ref":37.2,"I_mp_ref":8.17,"V_mp_ref":30.0,"alpha_sc":0.004345,"beta_oc":-0.12648,"a_ref":1.5765,"I_L_ref":8.695,"I_o_ref":4.880000000000001e-10,"R_s":0.319,"R_sh_ref":566.7,"Adjust":10.43,"PTC":218.8,"pdc0":245.0,"gamma_pdc":-0.004699999999999999,"gamma_r":-0.47}