{"Date":"5/22/2012","Version":"NRELv1","Technology":"Mono-c-Si","BIPV":"N","A_c":1.2770000000000001,"N_s":72.0,"T_NOCT":45.8,"I_sc_ref":5.4,"V_oc_ref":44.6,"I_mp_ref":5.09,"V_mp_ref":35.4,"alpha_sc":0.0014939999999999999,"beta_oc":-0.14699,"a_ref":1.8381,"I_L_ref":5.402,"I_o_ref":1.56e-10,"R_s":0.76,"R_sh_ref":2507.77,"Adjust":8.253,"PTC":161.0,"pdc0":180.0,"gamma_pdc":-0.004739999999999999,"gamma_r":-0.474}