{"Date":"5/22/2012","Version":"NRELv1","Technology":"Mono-c-Si","BIPV":"N","A_c":1.936,"N_s":72.0,"T_NOCT":46.2,"I_sc_ref":8.31,"V_oc_ref":43.8,"I_mp_ref":7.58,"V_mp_ref":35.0,"alpha_sc":0.0032409999999999995,"beta_oc":-0.13447,"a_ref":1.7649,"I_L_ref":8.346,"I_o_ref":1.32e-10,"R_s":0.47,"R_sh_ref":108.05,"Adjust":10.82,"PTC":239.5,"pdc0":265.0,"gamma_pdc":-0.00423,"gamma_r":-0.423}