{"Technology":"Multi-c-Si","BIPV":"N","A_c":1.5719999999999998,"N_s":60.0,"T_NOCT":49.8,"PTC":225.2,"pdc0":255.0,"gamma_pdc":-0.00458}