{"Technology":"Multi-c-Si","BIPV":"N","A_c":1.5719999999999998,"N_s":60.0,"T_NOCT":46.1,"PTC":238.2,"pdc0":265.0,"gamma_pdc":-0.004708}