{"Vac":240.0,"Paco":3900.0,"Pdco":4092.87,"Vdco":250.0,"Pso":30.4457,"C0":-8.38341e-06,"C1":1.69902e-05,"C2":0.00143195,"C3":-0.00025395400000000003,"Pnt":11.0,"Vdcmax":400.0,"Mppt_low":100.0,"Mppt_high":400.0}