{"Date":"7/13/2012","Version":"NRELv1","Technology":"Multi-c-Si","BIPV":"N","A_c":1.6269999999999998,"N_s":60.0,"T_NOCT":45.7,"I_sc_ref":8.77,"V_oc_ref":36.0,"I_mp_ref":7.83,"V_mp_ref":30.0,"alpha_sc":0.006139,"beta_oc":-0.1152,"a_ref":1.611,"I_L_ref":8.793,"I_o_ref":1.61e-09,"R_s":0.151,"R_sh_ref":56.23,"Adjust":29.22,"PTC":211.2,"pdc0":235.0,"gamma_pdc":-0.0046,"gamma_r":-0.46}