{"Vac":208.0,"Paco":6400.0,"Pdco":6646.4,"Vdco":369.0,"Pso":43.4915,"C0":-2.7366200000000003e-06,"C1":1.43679e-05,"C2":0.00183491,"C3":0.00042877599999999996,"Pnt":0.26,"Vdcmax":510.0,"Mppt_low":100.0,"Mppt_high":510.0}