{"Vac":480.0,"Paco":9990.0,"Pdco":10291.0,"Vdco":430.0,"Pso":47.3894,"C0":-1.12978e-06,"C1":-2.73994e-05,"C2":-6.43904e-05,"C3":-0.00145509,"Pnt":1.59,"Vdcmax":480.0,"Mppt_low":100.0,"Mppt_high":480.0}