{"Vac":480.0,"Paco":51280.0,"Pdco":52574.1,"Vdco":760.0,"Pso":119.721,"C0":-2.6464800000000003e-07,"C1":-2.73575e-05,"C2":-0.00210685,"C3":-0.00186137,"Pnt":1.42,"Vdcmax":850.0,"Mppt_low":480.0,"Mppt_high":850.0}