{"Vac":240.0,"Paco":2070.0,"Pdco":2139.81,"Vdco":390.0,"Pso":21.8886,"C0":-1.05435e-05,"C1":-2.7543299999999998e-05,"C2":-0.00010314200000000001,"C3":-0.000960088,"Pnt":4.66,"Vdcmax":510.0,"Mppt_low":100.0,"Mppt_high":510.0}