{"Vac":208.0,"Paco":2040.0,"Pdco":2109.92,"Vdco":390.0,"Pso":18.844,"C0":-7.39663e-06,"C1":-2.18586e-05,"C2":0.000156694,"C3":-0.0011064,"Pnt":4.67,"Vdcmax":510.0,"Mppt_low":100.0,"Mppt_high":510.0}