{"Vac":240.0,"Paco":5000.0,"Pdco":5273.19,"Vdco":280.0,"Pso":19.9853,"C0":-5.47013e-06,"C1":7.74128e-06,"C2":0.00106647,"C3":-0.000210541,"Pnt":0.36,"Vdcmax":510.0,"Mppt_low":100.0,"Mppt_high":510.0}