{"Vac":240.0,"Paco":2500.0,"Pdco":2633.65,"Vdco":265.0,"Pso":10.9779,"C0":-9.04408e-06,"C1":1.4246099999999999e-05,"C2":-0.000947183,"C3":-0.000792708,"Pnt":0.39,"Vdcmax":450.0,"Mppt_low":100.0,"Mppt_high":450.0}