{"Vac":480.0,"Paco":32000.0,"Pdco":32871.9,"Vdco":530.0,"Pso":72.1343,"C0":-2.64104e-07,"C1":-5.12947e-05,"C2":-0.00302107,"C3":-0.00228975,"Pnt":1.42,"Vdcmax":600.0,"Mppt_low":310.0,"Mppt_high":600.0}