{"Vac":208.0,"Paco":4650.0,"Pdco":4843.63,"Vdco":390.0,"Pso":23.5989,"C0":-4.6906099999999995e-06,"C1":-1.96078e-05,"C2":-0.000165225,"C3":-0.00106326,"Pnt":4.58,"Vdcmax":510.0,"Mppt_low":100.0,"Mppt_high":510.0}