{"Vac":208.0,"Paco":3050.0,"Pdco":3165.72,"Vdco":390.0,"Pso":19.0789,"C0":-5.73462e-06,"C1":-3.42544e-05,"C2":-0.00013450799999999998,"C3":-0.00108545,"Pnt":4.42,"Vdcmax":510.0,"Mppt_low":100.0,"Mppt_high":510.0}