{"Vac":208.0,"Paco":3500.0,"Pdco":3683.52,"Vdco":280.0,"Pso":17.3807,"C0":-5.867290000000001e-06,"C1":9.83821e-06,"C2":0.000747653,"C3":-0.00058765,"Pnt":0.26,"Vdcmax":510.0,"Mppt_low":100.0,"Mppt_high":510.0}