{"Vac":208.0,"Paco":1500.0,"Pdco":1581.27,"Vdco":195.0,"Pso":7.73163,"C0":-1.6688900000000002e-05,"C1":1.7231400000000002e-05,"C2":-0.000891559,"C3":-0.0006854939999999999,"Pnt":0.39,"Vdcmax":400.0,"Mppt_low":100.0,"Mppt_high":400.0}