{"Vac":240.0,"Paco":7600.0,"Pdco":7878.65,"Vdco":402.0,"Pso":42.3328,"C0":-2.19407e-06,"C1":9.17895e-06,"C2":0.00123761,"C3":8.07437e-05,"Pnt":0.36,"Vdcmax":510.0,"Mppt_low":100.0,"Mppt_high":510.0}