{"Vac":240.0,"Paco":3500.0,"Pdco":3669.23,"Vdco":280.0,"Pso":18.3903,"C0":-5.62732e-06,"C1":1.25297e-05,"C2":0.0006632410000000001,"C3":-0.000566455,"Pnt":0.36,"Vdcmax":510.0,"Mppt_low":100.0,"Mppt_high":510.0}