{"Vac":208.0,"Paco":4060.0,"Pdco":4218.35,"Vdco":390.0,"Pso":24.8162,"C0":-4.7313800000000004e-06,"C1":-2.08802e-05,"C2":0.00030152200000000003,"C3":-0.000665589,"Pnt":4.53,"Vdcmax":510.0,"Mppt_low":100.0,"Mppt_high":510.0}