{"Vac":240.0,"Paco":4150.0,"Pdco":4297.92,"Vdco":390.0,"Pso":26.834,"C0":-5.01956e-06,"C1":-1.9010799999999998e-05,"C2":0.000186679,"C3":0.00010987200000000001,"Pnt":4.65,"Vdcmax":510.0,"Mppt_low":100.0,"Mppt_high":510.0}