{"Vac":208.0,"Paco":2500.0,"Pdco":2644.84,"Vdco":265.0,"Pso":10.4572,"C0":-9.51389e-06,"C1":1.4908199999999999e-05,"C2":-0.00122706,"C3":-0.000856995,"Pnt":0.29,"Vdcmax":450.0,"Mppt_low":100.0,"Mppt_high":450.0}