{"Vac":240.0,"Paco":5170.0,"Pdco":5364.81,"Vdco":390.0,"Pso":26.2147,"C0":-4.4900400000000005e-06,"C1":-1.78502e-05,"C2":0.00036652300000000005,"C3":0.000141817,"Pnt":4.44,"Vdcmax":510.0,"Mppt_low":100.0,"Mppt_high":510.0}