{"Vac":208.0,"Paco":5000.0,"Pdco":5302.72,"Vdco":280.0,"Pso":21.9595,"C0":-6.29241e-06,"C1":7.64341e-06,"C2":0.00102526,"C3":-0.00017323799999999998,"Pnt":0.26,"Vdcmax":510.0,"Mppt_low":100.0,"Mppt_high":510.0}