{"Vac":240.0,"Paco":3120.0,"Pdco":3227.07,"Vdco":390.0,"Pso":22.5946,"C0":-6.0154899999999996e-06,"C1":-3.7580700000000004e-05,"C2":-0.00011274600000000001,"C3":-0.000633836,"Pnt":4.64,"Vdcmax":510.0,"Mppt_low":100.0,"Mppt_high":510.0}