{"Vac":0.0,"Paco":250.0,"Pdco":257.282,"Vdco":35.0,"Pso":2.28392,"C0":-0.00010869200000000001,"C1":-0.00055591,"C2":-0.00546234,"C3":-0.0162084,"Pnt":0.0,"Vdcmax":45.0,"Mppt_low":29.0,"Mppt_high":45.0}