{"Vac":240.0,"Paco":1500.0,"Pdco":1591.92,"Vdco":195.0,"Pso":8.31385,"C0":-2.0398900000000002e-05,"C1":2.07145e-05,"C2":-0.00139807,"C3":-0.000828756,"Pnt":0.29,"Vdcmax":400.0,"Mppt_low":100.0,"Mppt_high":400.0}