{"Vac":208.0,"Paco":7600.0,"Pdco":7908.32,"Vdco":369.0,"Pso":41.8293,"C0":-2.49733e-06,"C1":1.37255e-05,"C2":0.00204015,"C3":0.00068375,"Pnt":0.26,"Vdcmax":510.0,"Mppt_low":100.0,"Mppt_high":510.0}