{"Vac":0.0,"Paco":1000000.0,"Pdco":1023906.337,"Vdco":665.2098111,"Pso":1943.4095949999999,"C0":-1.56e-08,"C1":9.43e-06,"C2":0.0034,"C3":0.000848,"Pnt":148.24,"Vdcmax":1100.0,"Mppt_low":550.0,"Mppt_high":830.0}