{"Vac":0.0,"Paco":2000000.0,"Pdco":2053720.0,"Vdco":635.0,"Pso":4304.61,"C0":-9.077780000000001e-09,"C1":4.5039e-06,"C2":0.00330319,"C3":-9.09749e-06,"Pnt":176.74,"Vdcmax":800.0,"Mppt_low":580.0,"Mppt_high":800.0}