{"Vac":370.0,"Paco":874030.0,"Pdco":892425.1145,"Vdco":665.6269611,"Pso":1977.438795,"C0":-1.63e-08,"C1":4.86e-06,"C2":0.00168,"C3":-0.00075,"Pnt":148.67,"Vdcmax":1000.0,"Mppt_low":550.0,"Mppt_high":830.0}