{"Vac":370.0,"Paco":749410.0,"Pdco":763776.9355,"Vdco":665.9795556,"Pso":1808.625286,"C0":-1.49e-08,"C1":6.88e-06,"C2":0.00256,"C3":-0.000523,"Pnt":148.97,"Vdcmax":1000.0,"Mppt_low":550.0,"Mppt_high":830.0}