{"Vac":480.0,"Paco":100000.0,"Pdco":104642.0,"Vdco":345.0,"Pso":701.225,"C0":-2.14853e-07,"C1":1.22766e-06,"C2":0.00420607,"C3":-4.7886499999999996e-05,"Pnt":60.43,"Vdcmax":480.0,"Mppt_low":300.0,"Mppt_high":480.0}