{"Vac":480.0,"Paco":100000.0,"Pdco":104115.0,"Vdco":345.0,"Pso":787.263,"C0":-1.9427800000000001e-07,"C1":2.0014100000000002e-05,"C2":0.00380556,"C3":0.0005672990000000001,"Pnt":61.75,"Vdcmax":480.0,"Mppt_low":300.0,"Mppt_high":480.0}