{"Vac":208.0,"Paco":41350.0,"Pdco":43197.9,"Vdco":307.5,"Pso":321.825,"C0":-4.9168e-07,"C1":2.6660100000000002e-05,"C2":0.00138221,"C3":-0.00100812,"Pnt":48.27,"Vdcmax":480.0,"Mppt_low":250.0,"Mppt_high":480.0}