{"Vac":480.0,"Paco":51300.0,"Pdco":53347.7,"Vdco":345.0,"Pso":407.36699999999996,"C0":-3.9335900000000005e-07,"C1":3.61909e-05,"C2":0.00170674,"C3":0.000317647,"Pnt":44.68,"Vdcmax":480.0,"Mppt_low":300.0,"Mppt_high":480.0}