{"Vac":370.0,"Paco":500000.0,"Pdco":510864.8288,"Vdco":614.2292778,"Pso":1205.484368,"C0":-2.36e-08,"C1":1.6899999999999997e-05,"C2":0.0027,"C3":-9.98e-05,"Pnt":108.4,"Vdcmax":1100.0,"Mppt_low":550.0,"Mppt_high":830.0}