{"Date":"09.01.2010","Version":"MM107","Technology":"Mono-c-Si","BIPV":"N","A_c":1.262,"N_s":72.0,"T_NOCT":47.7,"I_sc_ref":5.51,"V_oc_ref":44.8,"I_mp_ref":5.11,"V_mp_ref":36.2,"alpha_sc":0.002755,"beta_oc":-0.17248,"a_ref":1.9599,"I_L_ref":5.519,"I_o_ref":6.370000000000001e-10,"R_s":0.569,"R_sh_ref":342.91,"Adjust":3.2,"PTC":163.4,"pdc0":185.0,"gamma_pdc":-0.00486,"gamma_r":-0.486}