{"Date":"09.01.2010","Version":"MM107","Technology":"Mono-c-Si","BIPV":"N","A_c":1.608,"N_s":60.0,"T_NOCT":45.8,"I_sc_ref":8.22,"V_oc_ref":37.0,"I_mp_ref":7.73,"V_mp_ref":29.8,"alpha_sc":0.006905,"beta_oc":-0.13061,"a_ref":1.626,"I_L_ref":8.222999999999999,"I_o_ref":1.07e-09,"R_s":0.325,"R_sh_ref":955.18,"Adjust":13.3,"PTC":205.8,"pdc0":230.0,"gamma_pdc":-0.00476,"gamma_r":-0.47600000000000003}