{"Date":"09.01.2010","Version":"MM107","Technology":"Mono-c-Si","BIPV":"N","A_c":1.452,"N_s":54.0,"T_NOCT":47.9,"I_sc_ref":8.24,"V_oc_ref":33.6,"I_mp_ref":7.79,"V_mp_ref":26.3,"alpha_sc":0.007169,"beta_oc":-0.11894,"a_ref":1.5168,"I_L_ref":8.299,"I_o_ref":1.99e-09,"R_s":0.39299999999999996,"R_sh_ref":100000.0,"Adjust":18.7,"PTC":178.7,"pdc0":205.0,"gamma_pdc":-0.00525,"gamma_r":-0.525}