{"Date":"12.01.2011","Version":"NRELv1","Technology":"Mono-c-Si","BIPV":"N","A_c":1.2790000000000001,"N_s":72.0,"T_NOCT":45.8,"I_sc_ref":5.05,"V_oc_ref":41.8,"I_mp_ref":4.35,"V_mp_ref":34.5,"alpha_sc":0.004848,"beta_oc":-0.17514000000000002,"a_ref":2.0942,"I_L_ref":5.069,"I_o_ref":9.690000000000001e-09,"R_s":0.27699999999999997,"R_sh_ref":75.55,"Adjust":19.32,"PTC":132.4,"pdc0":150.0,"gamma_pdc":-0.00509,"gamma_r":-0.509}