{"Date":"12.01.2011","Version":"NRELv1","Technology":"Mono-c-Si","BIPV":"N","A_c":1.2790000000000001,"N_s":72.0,"T_NOCT":45.8,"I_sc_ref":5.2,"V_oc_ref":43.2,"I_mp_ref":4.65,"V_mp_ref":35.6,"alpha_sc":0.004992,"beta_oc":-0.18101,"a_ref":2.1006,"I_L_ref":5.212999999999999,"I_o_ref":5.71e-09,"R_s":0.32799999999999996,"R_sh_ref":126.52,"Adjust":13.75,"PTC":146.0,"pdc0":165.0,"gamma_pdc":-0.00509,"gamma_r":-0.509}