{"Technology":"Multi-c-Si","BIPV":"N","A_c":1.6269999999999998,"N_s":72.0,"T_NOCT":45.1,"PTC":226.7,"pdc0":250.0,"gamma_pdc":-0.004426}