{"Date":"10/19/2009","Version":"MM106","Technology":"Multi-c-Si","BIPV":"N","A_c":1.63,"N_s":60.0,"T_NOCT":49.7,"I_sc_ref":8.07,"V_oc_ref":37.1,"I_mp_ref":7.12,"V_mp_ref":28.8,"alpha_sc":0.004125,"beta_oc":-0.13504000000000002,"a_ref":1.7996,"I_L_ref":8.133,"I_o_ref":8.36e-09,"R_s":0.467,"R_sh_ref":59.4,"Adjust":30.8,"PTC":172.1,"pdc0":205.0,"gamma_pdc":-0.0059499999999999996,"gamma_r":-0.595}