{"Vac":0.0,"Paco":4000.0,"Pdco":4584.88,"Vdco":54.5,"Pso":55.2947,"C0":-2.1748200000000003e-05,"C1":0.00283255,"C2":0.014903999999999999,"C3":0.00508834,"Pnt":14.0,"Vdcmax":58.0,"Mppt_low":46.5,"Mppt_high":58.0}