{"Vac":0.0,"Paco":4000.0,"Pdco":4518.47,"Vdco":54.5,"Pso":68.8297,"C0":-2.47728e-05,"C1":0.00150865,"C2":0.0336724,"C3":0.01675,"Pnt":14.0,"Vdcmax":58.0,"Mppt_low":46.5,"Mppt_high":58.0}