{"Vac":0.0,"Paco":5000.0,"Pdco":5901.7,"Vdco":54.5,"Pso":58.4975,"C0":-2.1958400000000003e-05,"C1":0.00418572,"C2":0.0504687,"C3":0.030491000000000004,"Pnt":14.0,"Vdcmax":58.0,"Mppt_low":46.5,"Mppt_high":58.0}