{"Technology":"Mono-c-Si","BIPV":"N","A_c":1.6230000000000002,"N_s":60.0,"T_NOCT":45.7,"PTC":212.3,"pdc0":235.0,"gamma_pdc":-0.004395}