{"Date":"07.01.2014","Version":"NRELv1","Technology":"Multi-c-Si","BIPV":"N","A_c":1.6340000000000001,"N_s":60.0,"T_NOCT":48.2,"I_sc_ref":8.64,"V_oc_ref":37.3,"I_mp_ref":8.13,"V_mp_ref":30.3,"alpha_sc":0.004406,"beta_oc":-0.11377000000000001,"a_ref":1.4903,"I_L_ref":8.647,"I_o_ref":1.15e-10,"R_s":0.314,"R_sh_ref":390.75,"Adjust":9.731,"PTC":220.4,"pdc0":245.0,"gamma_pdc":-0.00412,"gamma_r":-0.41200000000000003}