{"Technology":"Mono-c-Si","BIPV":"N","A_c":1.6340000000000001,"N_s":60.0,"T_NOCT":44.8,"PTC":270.4,"pdc0":300.0,"gamma_pdc":-0.005011100000000001}