{"Technology":"Mono-c-Si","BIPV":"N","A_c":1.6340000000000001,"N_s":60.0,"T_NOCT":47.8,"PTC":258.5,"pdc0":285.0,"gamma_pdc":-0.004039999999999999}