{"Date":"06.02.2014","Version":"NRELv1","Technology":"Multi-c-Si","BIPV":"N","A_c":1.97,"N_s":72.0,"T_NOCT":47.5,"I_sc_ref":8.9,"V_oc_ref":45.7,"I_mp_ref":8.39,"V_mp_ref":37.1,"alpha_sc":0.005981,"beta_oc":-0.12625999999999998,"a_ref":1.6327,"I_L_ref":9.109,"I_o_ref":8.8e-10,"R_s":0.29100000000000004,"R_sh_ref":135.94,"Adjust":16.75,"PTC":280.5,"pdc0":310.0,"gamma_pdc":-0.00469,"gamma_r":-0.469}