{"Date":"08.08.2014","Version":"NRELv1","Technology":"Multi-c-Si","BIPV":"N","A_c":1.6340000000000001,"N_s":60.0,"T_NOCT":48.2,"I_sc_ref":8.89,"V_oc_ref":38.1,"I_mp_ref":8.34,"V_mp_ref":30.6,"alpha_sc":0.004534000000000001,"beta_oc":-0.11621,"a_ref":1.5152,"I_L_ref":8.9,"I_o_ref":1.0500000000000001e-10,"R_s":0.361,"R_sh_ref":314.01,"Adjust":8.691,"PTC":229.6,"pdc0":255.0,"gamma_pdc":-0.00412,"gamma_r":-0.41200000000000003}