{"Date":"06.02.2014","Version":"NRELv1","Technology":"Mono-c-Si","BIPV":"N","A_c":1.65,"N_s":60.0,"T_NOCT":47.8,"I_sc_ref":9.47,"V_oc_ref":39.1,"I_mp_ref":8.91,"V_mp_ref":32.0,"alpha_sc":0.004297,"beta_oc":-0.14578,"a_ref":1.9151,"I_L_ref":8.863,"I_o_ref":3.8e-10,"R_s":0.34299999999999997,"R_sh_ref":555.52,"Adjust":15.25,"PTC":258.5,"pdc0":285.0,"gamma_pdc":-0.00458,"gamma_r":-0.45799999999999996}