{"Date":"08.08.2014","Version":"NRELv1","Technology":"Multi-c-Si","BIPV":"N","A_c":1.95,"N_s":72.0,"T_NOCT":47.5,"I_sc_ref":8.82,"V_oc_ref":45.5,"I_mp_ref":8.3,"V_mp_ref":36.9,"alpha_sc":0.004850999999999999,"beta_oc":-0.14105,"a_ref":1.8175,"I_L_ref":8.827,"I_o_ref":1.17e-10,"R_s":0.384,"R_sh_ref":480.63,"Adjust":7.848,"PTC":275.9,"pdc0":305.0,"gamma_pdc":-0.004079999999999999,"gamma_r":-0.408}