{"Date":"08.08.2014","Version":"NRELv1","Technology":"Multi-c-Si","BIPV":"N","A_c":1.95,"N_s":72.0,"T_NOCT":47.5,"I_sc_ref":8.98,"V_oc_ref":45.9,"I_mp_ref":8.48,"V_mp_ref":37.3,"alpha_sc":0.004939,"beta_oc":-0.14229,"a_ref":1.8321,"I_L_ref":8.984,"I_o_ref":1.18e-10,"R_s":0.37,"R_sh_ref":779.74,"Adjust":7.7010000000000005,"PTC":285.2,"pdc0":315.0,"gamma_pdc":-0.004079999999999999,"gamma_r":-0.408}