{"Date":"7/14/2009","Version":"MM106","Technology":"Mono-c-Si","BIPV":"N","A_c":1.281,"N_s":72.0,"T_NOCT":47.4,"I_sc_ref":5.16,"V_oc_ref":43.8,"I_mp_ref":4.6,"V_mp_ref":34.8,"alpha_sc":0.002451,"beta_oc":-0.1763,"a_ref":2.0373,"I_L_ref":5.189,"I_o_ref":2.23e-09,"R_s":0.695,"R_sh_ref":122.88,"Adjust":10.0,"PTC":139.0,"pdc0":160.0,"gamma_pdc":-0.005350000000000001,"gamma_r":-0.535}