{"Date":"7/14/2009","Version":"MM106","Technology":"Mono-c-Si","BIPV":"N","A_c":1.281,"N_s":72.0,"T_NOCT":47.4,"I_sc_ref":5.28,"V_oc_ref":44.2,"I_mp_ref":4.86,"V_mp_ref":35.0,"alpha_sc":0.002508,"beta_oc":-0.17790999999999998,"a_ref":2.0077,"I_L_ref":5.292999999999999,"I_o_ref":1.4099999999999999e-09,"R_s":0.723,"R_sh_ref":296.94,"Adjust":5.7,"PTC":148.0,"pdc0":170.0,"gamma_pdc":-0.005350000000000001,"gamma_r":-0.535}