{"Date":"10.01.2014","Version":"NRELv1","Technology":"Mono-c-Si","BIPV":"Y","A_c":0.47700000000000004,"N_s":24.0,"T_NOCT":57.7,"I_sc_ref":8.37,"V_oc_ref":15.25,"I_mp_ref":7.61,"V_mp_ref":12.49,"alpha_sc":0.004185,"beta_oc":-0.04575,"a_ref":0.6218,"I_L_ref":8.399,"I_o_ref":1.77e-10,"R_s":0.11599999999999999,"R_sh_ref":33.44,"Adjust":15.95,"PTC":82.7,"pdc0":95.0,"gamma_pdc":-0.0040999999999999995,"gamma_r":-0.41}