{"Date":"10.01.2014","Version":"NRELv1","Technology":"Mono-c-Si","BIPV":"Y","A_c":0.687,"N_s":16.0,"T_NOCT":55.0,"I_sc_ref":9.09,"V_oc_ref":10.12,"I_mp_ref":8.43,"V_mp_ref":8.3,"alpha_sc":0.004545,"beta_oc":-0.03036,"a_ref":0.4166,"I_L_ref":9.106,"I_o_ref":2.4899999999999997e-10,"R_s":0.068,"R_sh_ref":38.15,"Adjust":18.29,"PTC":59.8,"pdc0":70.0,"gamma_pdc":-0.0043,"gamma_r":-0.43}