{"Date":"08.01.2012","Version":"NRELv1","Technology":"Multi-c-Si","BIPV":"N","A_c":1.501,"N_s":60.0,"T_NOCT":47.1,"I_sc_ref":8.23,"V_oc_ref":36.95,"I_mp_ref":7.69,"V_mp_ref":29.27,"alpha_sc":0.008559,"beta_oc":-0.13043,"a_ref":1.5978,"I_L_ref":8.238999999999999,"I_o_ref":7.37e-10,"R_s":0.40399999999999997,"R_sh_ref":390.2,"Adjust":9.824,"PTC":201.6,"pdc0":225.0,"gamma_pdc":-0.00447,"gamma_r":-0.447}