{"Date":"05.04.2011","Version":"MM107","Technology":"Multi-c-Si","BIPV":"N","A_c":1.903,"N_s":72.0,"T_NOCT":47.0,"I_sc_ref":7.8,"V_oc_ref":36.4,"I_mp_ref":7.22,"V_mp_ref":29.1,"alpha_sc":0.0061,"beta_oc":-0.13493,"a_ref":1.5471,"I_L_ref":7.817,"I_o_ref":4.6e-10,"R_s":0.38799999999999996,"R_sh_ref":176.03,"Adjust":1.2,"PTC":187.5,"pdc0":210.0,"gamma_pdc":-0.00435,"gamma_r":-0.435}