{"Date":"05.04.2011","Version":"MM107","Technology":"Multi-c-Si","BIPV":"N","A_c":1.9680000000000002,"N_s":72.0,"T_NOCT":46.6,"I_sc_ref":8.28,"V_oc_ref":44.5,"I_mp_ref":7.68,"V_mp_ref":35.8,"alpha_sc":0.00414,"beta_oc":-0.14685,"a_ref":1.8595,"I_L_ref":8.297,"I_o_ref":3.27e-10,"R_s":0.42200000000000004,"R_sh_ref":208.79,"Adjust":10.5,"PTC":246.4,"pdc0":275.0,"gamma_pdc":-0.0045000000000000005,"gamma_r":-0.45}