{"Date":"05.04.2011","Version":"MM107","Technology":"Multi-c-Si","BIPV":"N","A_c":1.903,"N_s":72.0,"T_NOCT":47.0,"I_sc_ref":8.13,"V_oc_ref":36.8,"I_mp_ref":7.58,"V_mp_ref":29.7,"alpha_sc":0.006358,"beta_oc":-0.13642,"a_ref":1.5661,"I_L_ref":8.141,"I_o_ref":4.99e-10,"R_s":0.33299999999999996,"R_sh_ref":247.01,"Adjust":1.5,"PTC":201.2,"pdc0":225.0,"gamma_pdc":-0.00435,"gamma_r":-0.435}