{"Date":"05.04.2011","Version":"MM107","Technology":"Mono-c-Si","BIPV":"N","A_c":1.903,"N_s":72.0,"T_NOCT":46.8,"I_sc_ref":8.35,"V_oc_ref":37.2,"I_mp_ref":7.81,"V_mp_ref":30.1,"alpha_sc":0.008333,"beta_oc":-0.13649,"a_ref":1.6176,"I_L_ref":8.357999999999999,"I_o_ref":8.490000000000001e-10,"R_s":0.307,"R_sh_ref":337.44,"Adjust":6.6,"PTC":210.4,"pdc0":235.0,"gamma_pdc":-0.00439,"gamma_r":-0.439}