{"Date":"05.04.2011","Version":"MM107","Technology":"Mono-c-Si","BIPV":"N","A_c":1.2770000000000001,"N_s":72.0,"T_NOCT":45.8,"I_sc_ref":5.21,"V_oc_ref":45.0,"I_mp_ref":4.87,"V_mp_ref":38.02,"alpha_sc":0.002501,"beta_oc":-0.13455,"a_ref":1.9259,"I_L_ref":5.212999999999999,"I_o_ref":3.6400000000000004e-10,"R_s":0.24,"R_sh_ref":421.3,"Adjust":27.8,"PTC":166.3,"pdc0":185.0,"gamma_pdc":-0.00458,"gamma_r":-0.45799999999999996}