{"Date":"05.04.2011","Version":"MM107","Technology":"Mono-c-Si","BIPV":"N","A_c":1.903,"N_s":72.0,"T_NOCT":46.1,"I_sc_ref":5.58,"V_oc_ref":45.5,"I_mp_ref":5.38,"V_mp_ref":36.2,"alpha_sc":0.002957,"beta_oc":-0.15652,"a_ref":1.8949,"I_L_ref":5.695,"I_o_ref":2.13e-10,"R_s":0.7090000000000001,"R_sh_ref":100000.0,"Adjust":5.4,"PTC":173.5,"pdc0":195.0,"gamma_pdc":-0.0046,"gamma_r":-0.46}