{"Date":"07.06.2011","Version":"MM107","Technology":"Mono-c-Si","BIPV":"N","A_c":2.5639999999999996,"N_s":96.0,"T_NOCT":47.7,"I_sc_ref":8.77,"V_oc_ref":61.06,"I_mp_ref":8.15,"V_mp_ref":50.32,"alpha_sc":0.0038590000000000005,"beta_oc":-0.22458000000000003,"a_ref":2.7907,"I_L_ref":8.779,"I_o_ref":2.7e-09,"R_s":0.322,"R_sh_ref":330.56,"Adjust":17.1,"PTC":359.1,"pdc0":410.0,"gamma_pdc":-0.00529,"gamma_r":-0.529}