{"Date":"7/25/2013","Version":"NRELv1","Technology":"2-a-Si","BIPV":"N","A_c":1.54,"N_s":69.0,"T_NOCT":42.9,"I_sc_ref":1.19,"V_oc_ref":114.2,"I_mp_ref":0.98,"V_mp_ref":87.5,"alpha_sc":0.0009689999999999999,"beta_oc":-0.43041999999999997,"a_ref":4.2474,"I_L_ref":1.222,"I_o_ref":2.1099999999999997e-12,"R_s":14.102,"R_sh_ref":523.05,"Adjust":-24.81,"PTC":80.3,"pdc0":85.0,"gamma_pdc":-0.00254,"gamma_r":-0.254}