{"Vac":208.0,"Paco":100000.0,"Pdco":105471.0,"Vdco":402.0,"Pso":948.659,"C0":-2.1036100000000001e-07,"C1":4.34488e-05,"C2":-0.000770776,"C3":-0.00185205,"Pnt":91.5,"Vdcmax":470.0,"Mppt_low":330.0,"Mppt_high":470.0}