{"Vac":208.0,"Paco":225000.0,"Pdco":236053.0,"Vdco":415.0,"Pso":1375.93,"C0":-8.902229999999999e-08,"C1":2.24256e-05,"C2":-0.000474643,"C3":-0.00161933,"Pnt":180.0,"Vdcmax":470.0,"Mppt_low":330.0,"Mppt_high":470.0}