{"Vac":480.0,"Paco":30000.0,"Pdco":31957.3,"Vdco":410.0,"Pso":559.183,"C0":-7.11341e-07,"C1":5.09467e-05,"C2":0.0010959000000000001,"C3":0.00203425,"Pnt":59.0,"Vdcmax":480.0,"Mppt_low":330.0,"Mppt_high":480.0}