{"Vac":208.0,"Paco":50000.0,"Pdco":52748.1,"Vdco":410.9,"Pso":645.607,"C0":-4.42557e-07,"C1":4.32858e-05,"C2":0.00167184,"C3":0.00016482099999999997,"Pnt":90.0,"Vdcmax":474.9,"Mppt_low":327.2,"Mppt_high":474.9}