{"Vac":480.0,"Paco":500000.0,"Pdco":526492.0,"Vdco":405.0,"Pso":3024.81,"C0":-4.1026e-08,"C1":2.8599699999999997e-05,"C2":0.00162499,"C3":-0.00141391,"Pnt":208.0,"Vdcmax":480.0,"Mppt_low":330.0,"Mppt_high":480.0}