{"Vac":480.0,"Paco":75000.0,"Pdco":78514.1,"Vdco":405.6,"Pso":650.898,"C0":-2.48715e-07,"C1":3.93172e-05,"C2":0.00128036,"C3":0.00073795,"Pnt":99.0,"Vdcmax":479.5,"Mppt_low":318.9,"Mppt_high":479.5}