{"Vac":0.0,"Paco":1000000.0,"Pdco":1045040.0,"Vdco":360.0,"Pso":4738.74,"C0":-2.80507e-08,"C1":9.07979e-06,"C2":0.00104157,"C3":-0.0005545880000000001,"Pnt":325.5,"Vdcmax":480.0,"Mppt_low":320.0,"Mppt_high":480.0}