{"Vac":320.0,"Paco":500000.0,"Pdco":509106.1638,"Vdco":588.6880714,"Pso":1221.8151599999999,"C0":-2.13e-08,"C1":1.12e-05,"C2":0.00244,"C3":-0.00027400000000000005,"Pnt":96.0,"Vdcmax":900.0,"Mppt_low":420.0,"Mppt_high":850.0}