{"Vac":0.0,"Paco":250000.0,"Pdco":259516.0,"Vdco":600.0,"Pso":1216.08,"C0":-7.88784e-08,"C1":-2.95837e-06,"C2":0.000114772,"C3":-0.00201607,"Pnt":104.6,"Vdcmax":800.0,"Mppt_low":500.0,"Mppt_high":800.0}