{"Vac":0.0,"Paco":750000.0,"Pdco":776740.0,"Vdco":600.0,"Pso":3820.78,"C0":-3.68948e-08,"C1":1.76001e-05,"C2":0.00103424,"C3":0.000182185,"Pnt":121.0,"Vdcmax":800.0,"Mppt_low":500.0,"Mppt_high":800.0}