{"Vac":0.0,"Paco":1000000.0,"Pdco":1032220.0,"Vdco":700.0,"Pso":5148.29,"C0":-2.5762e-08,"C1":1.09157e-05,"C2":0.00116309,"C3":0.000313956,"Pnt":124.0,"Vdcmax":800.0,"Mppt_low":615.0,"Mppt_high":800.0}