{"Vac":0.0,"Paco":680000.0,"Pdco":706450.0,"Vdco":650.0,"Pso":3752.01,"C0":-3.6034699999999995e-08,"C1":2.1525e-05,"C2":0.00131654,"C3":0.000254184,"Pnt":265.0,"Vdcmax":800.0,"Mppt_low":560.0,"Mppt_high":800.0}