{"Vac":208.0,"Paco":250000.0,"Pdco":260882.0,"Vdco":365.0,"Pso":876.403,"C0":-7.17685e-08,"C1":4.78137e-05,"C2":0.00112629,"C3":0.00177116,"Pnt":105.1,"Vdcmax":480.0,"Mppt_low":320.0,"Mppt_high":480.0}