{"Vac":0.0,"Paco":500000.0,"Pdco":529154.0,"Vdco":365.0,"Pso":2549.53,"C0":-6.77492e-08,"C1":2.7013299999999998e-05,"C2":0.0007819880000000001,"C3":-0.00026514700000000003,"Pnt":2630.0,"Vdcmax":480.0,"Mppt_low":320.0,"Mppt_high":480.0}