{"Vac":208.0,"Paco":50000.0,"Pdco":52310.8,"Vdco":350.0,"Pso":471.866,"C0":-4.1216999999999996e-07,"C1":2.41205e-05,"C2":0.0008873910000000001,"C3":-0.0005944909999999999,"Pnt":76.5,"Vdcmax":480.0,"Mppt_low":305.0,"Mppt_high":480.0}