{"Vac":480.0,"Paco":75000.0,"Pdco":77967.0,"Vdco":365.0,"Pso":502.852,"C0":-2.44719e-07,"C1":1.98742e-05,"C2":0.000344986,"C3":-0.00149552,"Pnt":69.5,"Vdcmax":480.0,"Mppt_low":315.0,"Mppt_high":480.0}