{"Vac":208.0,"Paco":210000.0,"Pdco":220481.0,"Vdco":318.0,"Pso":1082.91,"C0":-1.15775e-07,"C1":4.4256000000000005e-05,"C2":0.00058264,"C3":-0.00017443,"Pnt":160.8,"Vdcmax":480.0,"Mppt_low":265.0,"Mppt_high":480.0}