{"Vac":480.0,"Paco":135000.0,"Pdco":140527.0,"Vdco":355.0,"Pso":860.132,"C0":-1.49178e-07,"C1":3.2097899999999996e-05,"C2":0.00178657,"C3":3.8596999999999997e-05,"Pnt":63.67,"Vdcmax":480.0,"Mppt_low":310.0,"Mppt_high":480.0}