{"Vac":240.0,"Paco":210000.0,"Pdco":220291.0,"Vdco":318.0,"Pso":1166.72,"C0":-1.14444e-07,"C1":4.7936300000000004e-05,"C2":0.00084921,"C3":0.000119299,"Pnt":112.9,"Vdcmax":480.0,"Mppt_low":265.0,"Mppt_high":480.0}