{"Vac":480.0,"Paco":100000.0,"Pdco":104164.0,"Vdco":365.0,"Pso":529.356,"C0":-2.1038399999999999e-07,"C1":1.9655399999999998e-05,"C2":-0.000302511,"C3":-0.0006867360000000001,"Pnt":66.13,"Vdcmax":480.0,"Mppt_low":315.0,"Mppt_high":480.0}