{"Vac":208.0,"Paco":30000.0,"Pdco":31483.1,"Vdco":350.0,"Pso":345.17800000000005,"C0":-7.95701e-07,"C1":1.87935e-05,"C2":0.000625469,"C3":-0.00100015,"Pnt":75.62,"Vdcmax":480.0,"Mppt_low":305.0,"Mppt_high":480.0}