{"Vac":208.0,"Paco":135000.0,"Pdco":140687.0,"Vdco":355.0,"Pso":848.375,"C0":-1.33453e-07,"C1":2.31344e-05,"C2":0.00154842,"C3":-0.0018655999999999998,"Pnt":63.12,"Vdcmax":480.0,"Mppt_low":310.0,"Mppt_high":480.0}