{"Vac":240.0,"Paco":30000.0,"Pdco":31414.9,"Vdco":355.0,"Pso":372.459,"C0":-8.9285e-07,"C1":2.44913e-05,"C2":0.00150914,"C3":0.0009303289999999999,"Pnt":64.58,"Vdcmax":480.0,"Mppt_low":305.0,"Mppt_high":480.0}