{"Vac":240.0,"Paco":100000.0,"Pdco":104094.0,"Vdco":365.0,"Pso":871.0980000000001,"C0":-2.25048e-07,"C1":2.63018e-05,"C2":0.00124854,"C3":0.00018131400000000002,"Pnt":61.57,"Vdcmax":480.0,"Mppt_low":315.0,"Mppt_high":480.0}