{"Vac":0.0,"Paco":500000.0,"Pdco":525968.0,"Vdco":430.0,"Pso":4527.46,"C0":-6.386230000000001e-08,"C1":-2.8990300000000003e-05,"C2":0.000959259,"C3":0.000268406,"Pnt":98.0,"Vdcmax":480.0,"Mppt_low":300.0,"Mppt_high":480.0}