{"Vac":480.0,"Paco":100000.0,"Pdco":105034.0,"Vdco":430.0,"Pso":1234.74,"C0":-2.28867e-07,"C1":-4.2101800000000004e-05,"C2":0.00165733,"C3":-0.000451478,"Pnt":63.88,"Vdcmax":480.0,"Mppt_low":300.0,"Mppt_high":480.0}