{"Date":"02.01.2012","Version":"NRELv1","Technology":"Multi-c-Si","BIPV":"N","A_c":1.94,"N_s":72.0,"T_NOCT":46.3,"I_sc_ref":8.33,"V_oc_ref":44.8,"I_mp_ref":7.95,"V_mp_ref":35.2,"alpha_sc":0.005914,"beta_oc":-0.16979,"a_ref":1.9676,"I_L_ref":8.503,"I_o_ref":1.09e-09,"R_s":0.508,"R_sh_ref":724.16,"Adjust":5.63,"PTC":248.5,"pdc0":280.0,"gamma_pdc":-0.0049700000000000005,"gamma_r":-0.49700000000000005}