{"Date":"02.01.2012","Version":"NRELv1","Technology":"Multi-c-Si","BIPV":"N","A_c":1.94,"N_s":72.0,"T_NOCT":46.3,"I_sc_ref":8.28,"V_oc_ref":44.7,"I_mp_ref":7.83,"V_mp_ref":35.1,"alpha_sc":0.005879,"beta_oc":-0.16940999999999998,"a_ref":1.9627,"I_L_ref":8.368,"I_o_ref":1.07e-09,"R_s":0.518,"R_sh_ref":869.28,"Adjust":5.582999999999999,"PTC":244.0,"pdc0":275.0,"gamma_pdc":-0.0049700000000000005,"gamma_r":-0.49700000000000005}