{"Date":"02.01.2012","Version":"NRELv1","Technology":"Multi-c-Si","BIPV":"N","A_c":1.6340000000000001,"N_s":60.0,"T_NOCT":46.3,"I_sc_ref":8.52,"V_oc_ref":37.1,"I_mp_ref":7.92,"V_mp_ref":30.3,"alpha_sc":0.0060490000000000006,"beta_oc":-0.14060999999999998,"a_ref":1.6775,"I_L_ref":8.53,"I_o_ref":2.07e-09,"R_s":0.245,"R_sh_ref":216.43,"Adjust":11.31,"PTC":213.1,"pdc0":240.0,"gamma_pdc":-0.0049700000000000005,"gamma_r":-0.49700000000000005}