{"Date":"02.01.2012","Version":"NRELv1","Technology":"Multi-c-Si","BIPV":"N","A_c":1.6340000000000001,"N_s":60.0,"T_NOCT":46.3,"I_sc_ref":8.31,"V_oc_ref":36.8,"I_mp_ref":7.62,"V_mp_ref":30.2,"alpha_sc":0.0059,"beta_oc":-0.13947,"a_ref":1.6837,"I_L_ref":8.326,"I_o_ref":2.58e-09,"R_s":0.223,"R_sh_ref":118.24,"Adjust":13.6,"PTC":204.0,"pdc0":230.0,"gamma_pdc":-0.0049700000000000005,"gamma_r":-0.49700000000000005}