{"Date":"02.01.2012","Version":"NRELv1","Technology":"Multi-c-Si","BIPV":"N","A_c":1.94,"N_s":72.0,"T_NOCT":46.3,"I_sc_ref":8.2,"V_oc_ref":44.5,"I_mp_ref":7.71,"V_mp_ref":35.0,"alpha_sc":0.005822,"beta_oc":-0.16866,"a_ref":1.9522,"I_L_ref":8.201,"I_o_ref":1.0300000000000002e-09,"R_s":0.516,"R_sh_ref":6880.27,"Adjust":5.433,"PTC":239.4,"pdc0":270.0,"gamma_pdc":-0.0049700000000000005,"gamma_r":-0.49700000000000005}