{"Date":"02.01.2012","Version":"NRELv1","Technology":"Mono-c-Si","BIPV":"N","A_c":1.2770000000000001,"N_s":72.0,"T_NOCT":46.1,"I_sc_ref":5.53,"V_oc_ref":45.2,"I_mp_ref":5.19,"V_mp_ref":36.6,"alpha_sc":0.002046,"beta_oc":-0.16498,"a_ref":1.9201,"I_L_ref":5.534,"I_o_ref":3.27e-10,"R_s":0.575,"R_sh_ref":791.79,"Adjust":3.4189999999999996,"PTC":169.8,"pdc0":190.0,"gamma_pdc":-0.0047799999999999995,"gamma_r":-0.478}