{"Date":"02.01.2012","Version":"NRELv1","Technology":"Multi-c-Si","BIPV":"N","A_c":1.94,"N_s":72.0,"T_NOCT":46.3,"I_sc_ref":8.4,"V_oc_ref":45.0,"I_mp_ref":8.07,"V_mp_ref":35.3,"alpha_sc":0.005964,"beta_oc":-0.17055,"a_ref":1.9771,"I_L_ref":8.664,"I_o_ref":1.1199999999999999e-09,"R_s":0.51,"R_sh_ref":452.71,"Adjust":5.691,"PTC":253.1,"pdc0":285.0,"gamma_pdc":-0.0049700000000000005,"gamma_r":-0.49700000000000005}