{"Vac":240.0,"Paco":3000.0,"Pdco":3223.9,"Vdco":62.0,"Pso":50.1842,"C0":-1.64932e-05,"C1":4.39302e-05,"C2":0.0110923,"C3":-0.014611700000000002,"Pnt":7.0,"Vdcmax":77.0,"Mppt_low":54.0,"Mppt_high":77.0}