{"Date":"10/23/2009","Version":"MM106","Technology":"Mono-c-Si","BIPV":"N","A_c":1.2770000000000001,"N_s":72.0,"T_NOCT":45.8,"I_sc_ref":5.05,"V_oc_ref":44.2,"I_mp_ref":4.7,"V_mp_ref":35.2,"alpha_sc":0.003636,"beta_oc":-0.19625,"a_ref":2.0337,"I_L_ref":5.055,"I_o_ref":1.82e-09,"R_s":0.693,"R_sh_ref":648.47,"Adjust":-2.2,"PTC":145.5,"pdc0":165.0,"gamma_pdc":-0.00522,"gamma_r":-0.522}