{"Date":"6/14/2010","Version":"MM107","Technology":"Multi-c-Si","BIPV":"N","A_c":1.479,"N_s":54.0,"T_NOCT":46.6,"I_sc_ref":8.24,"V_oc_ref":32.8,"I_mp_ref":7.44,"V_mp_ref":26.9,"alpha_sc":0.0051909999999999994,"beta_oc":-0.12759,"a_ref":1.5835,"I_L_ref":8.26,"I_o_ref":7.9e-09,"R_s":0.18,"R_sh_ref":74.25,"Adjust":21.4,"PTC":174.4,"pdc0":200.0,"gamma_pdc":-0.00551,"gamma_r":-0.551}