{"Date":"6/14/2010","Version":"MM107","Technology":"Mono-c-Si","BIPV":"N","A_c":1.262,"N_s":72.0,"T_NOCT":48.2,"I_sc_ref":5.2,"V_oc_ref":45.0,"I_mp_ref":5.0,"V_mp_ref":36.0,"alpha_sc":0.00234,"beta_oc":-0.1818,"a_ref":2.0624,"I_L_ref":5.314,"I_o_ref":1.7800000000000003e-09,"R_s":0.633,"R_sh_ref":100000.0,"Adjust":7.2,"PTC":155.3,"pdc0":180.0,"gamma_pdc":-0.005560000000000001,"gamma_r":-0.556}