{"Date":"8/29/2011","Version":"MM107","Technology":"Mono-c-Si","BIPV":"N","A_c":1.2770000000000001,"N_s":72.0,"T_NOCT":47.1,"I_sc_ref":5.4,"V_oc_ref":43.47,"I_mp_ref":5.1,"V_mp_ref":36.28,"alpha_sc":0.00351,"beta_oc":-0.15867,"a_ref":1.8676,"I_L_ref":5.401,"I_o_ref":4.1799999999999995e-10,"R_s":0.32,"R_sh_ref":1366.6,"Adjust":5.2,"PTC":165.7,"pdc0":185.0,"gamma_pdc":-0.00446,"gamma_r":-0.446}