{"Vac":240.0,"Paco":5240.0,"Pdco":5489.16,"Vdco":380.0,"Pso":32.0862,"C0":-4.4075699999999995e-06,"C1":-7.39026e-05,"C2":-8.28104e-05,"C3":-0.00160387,"Pnt":0.2,"Vdcmax":400.0,"Mppt_low":100.0,"Mppt_high":400.0}