{"Vac":240.0,"Paco":3180.0,"Pdco":3315.65,"Vdco":375.0,"Pso":36.0334,"C0":-7.98467e-06,"C1":-7.51886e-05,"C2":0.000543705,"C3":-0.000338346,"Pnt":0.25,"Vdcmax":400.0,"Mppt_low":100.0,"Mppt_high":400.0}