{"Date":"08.01.2012","Version":"NRELv1","Technology":"Multi-c-Si","BIPV":"N","A_c":1.906,"N_s":72.0,"T_NOCT":46.7,"I_sc_ref":8.25,"V_oc_ref":44.35,"I_mp_ref":7.61,"V_mp_ref":36.94,"alpha_sc":0.00283,"beta_oc":-0.14773,"a_ref":1.8958,"I_L_ref":8.262,"I_o_ref":5.52e-10,"R_s":0.22699999999999998,"R_sh_ref":151.53,"Adjust":14.61,"PTC":250.2,"pdc0":280.0,"gamma_pdc":-0.00464,"gamma_r":-0.46399999999999997}