{"Date":"08.01.2012","Version":"NRELv1","Technology":"Multi-c-Si","BIPV":"N","A_c":1.595,"N_s":60.0,"T_NOCT":45.4,"I_sc_ref":8.25,"V_oc_ref":36.96,"I_mp_ref":7.61,"V_mp_ref":30.78,"alpha_sc":0.0029620000000000002,"beta_oc":-0.12359,"a_ref":1.6012,"I_L_ref":8.262,"I_o_ref":7.530000000000001e-10,"R_s":0.184,"R_sh_ref":128.99,"Adjust":17.05,"PTC":210.9,"pdc0":235.0,"gamma_pdc":-0.00475,"gamma_r":-0.475}