{"Date":"08.01.2012","Version":"NRELv1","Technology":"Multi-c-Si","BIPV":"N","A_c":1.595,"N_s":60.0,"T_NOCT":45.4,"I_sc_ref":8.21,"V_oc_ref":36.84,"I_mp_ref":7.56,"V_mp_ref":30.66,"alpha_sc":0.002947,"beta_oc":-0.12319000000000001,"a_ref":1.5971,"I_L_ref":8.222999999999999,"I_o_ref":7.6e-10,"R_s":0.187,"R_sh_ref":122.01,"Adjust":17.19,"PTC":206.3,"pdc0":230.0,"gamma_pdc":-0.00475,"gamma_r":-0.475}