{"Date":"08.01.2012","Version":"NRELv1","Technology":"Mono-c-Si","BIPV":"N","A_c":1.906,"N_s":72.0,"T_NOCT":46.9,"I_sc_ref":8.52,"V_oc_ref":44.57,"I_mp_ref":7.76,"V_mp_ref":37.37,"alpha_sc":0.0022660000000000002,"beta_oc":-0.15448,"a_ref":1.9583,"I_L_ref":8.533999999999999,"I_o_ref":1.06e-09,"R_s":0.17,"R_sh_ref":104.25,"Adjust":15.91,"PTC":257.8,"pdc0":290.0,"gamma_pdc":-0.00484,"gamma_r":-0.484}