{"Date":"08.01.2012","Version":"NRELv1","Technology":"Mono-c-Si","BIPV":"N","A_c":1.906,"N_s":72.0,"T_NOCT":46.9,"I_sc_ref":8.65,"V_oc_ref":44.71,"I_mp_ref":7.93,"V_mp_ref":37.37,"alpha_sc":0.002301,"beta_oc":-0.15497,"a_ref":1.9522,"I_L_ref":8.663,"I_o_ref":9.379999999999999e-10,"R_s":0.18899999999999997,"R_sh_ref":122.3,"Adjust":14.62,"PTC":262.4,"pdc0":295.0,"gamma_pdc":-0.00484,"gamma_r":-0.484}