{"Date":"08.01.2012","Version":"NRELv1","Technology":"Mono-c-Si","BIPV":"N","A_c":1.595,"N_s":60.0,"T_NOCT":45.7,"I_sc_ref":8.69,"V_oc_ref":37.26,"I_mp_ref":8.03,"V_mp_ref":31.2,"alpha_sc":0.002911,"beta_oc":-0.13343,"a_ref":1.6539,"I_L_ref":8.699,"I_o_ref":1.3900000000000002e-09,"R_s":0.142,"R_sh_ref":134.97,"Adjust":14.32,"PTC":223.3,"pdc0":250.0,"gamma_pdc":-0.00496,"gamma_r":-0.496}