{"Date":"08.01.2012","Version":"NRELv1","Technology":"Multi-c-Si","BIPV":"N","A_c":1.906,"N_s":72.0,"T_NOCT":46.7,"I_sc_ref":8.34,"V_oc_ref":44.64,"I_mp_ref":7.7,"V_mp_ref":37.37,"alpha_sc":0.002861,"beta_oc":-0.1487,"a_ref":1.9129,"I_L_ref":8.351,"I_o_ref":5.91e-10,"R_s":0.19699999999999998,"R_sh_ref":154.17,"Adjust":15.15,"PTC":259.4,"pdc0":290.0,"gamma_pdc":-0.00464,"gamma_r":-0.46399999999999997}