{"Date":"08.01.2012","Version":"NRELv1","Technology":"Multi-c-Si","BIPV":"N","A_c":1.595,"N_s":60.0,"T_NOCT":45.4,"I_sc_ref":8.4,"V_oc_ref":37.32,"I_mp_ref":7.8,"V_mp_ref":31.2,"alpha_sc":0.003016,"beta_oc":-0.1248,"a_ref":1.6137,"I_L_ref":8.408,"I_o_ref":7.399999999999999e-10,"R_s":0.166,"R_sh_ref":164.62,"Adjust":16.68,"PTC":220.2,"pdc0":245.0,"gamma_pdc":-0.00475,"gamma_r":-0.475}