{"Date":"08.01.2012","Version":"NRELv1","Technology":"Mono-c-Si","BIPV":"N","A_c":1.595,"N_s":60.0,"T_NOCT":45.7,"I_sc_ref":8.52,"V_oc_ref":37.14,"I_mp_ref":7.76,"V_mp_ref":31.14,"alpha_sc":0.0028539999999999998,"beta_oc":-0.133,"a_ref":1.6659,"I_L_ref":8.533,"I_o_ref":1.6899999999999997e-09,"R_s":0.133,"R_sh_ref":88.83,"Adjust":16.41,"PTC":214.1,"pdc0":240.0,"gamma_pdc":-0.00496,"gamma_r":-0.496}