{"Date":"08.01.2012","Version":"NRELv1","Technology":"Mono-c-Si","BIPV":"N","A_c":1.906,"N_s":72.0,"T_NOCT":46.9,"I_sc_ref":8.48,"V_oc_ref":44.57,"I_mp_ref":7.69,"V_mp_ref":37.3,"alpha_sc":0.0022559999999999998,"beta_oc":-0.15448,"a_ref":1.9618,"I_L_ref":8.496,"I_o_ref":1.09e-09,"R_s":0.18,"R_sh_ref":95.13,"Adjust":16.26,"PTC":253.3,"pdc0":285.0,"gamma_pdc":-0.00484,"gamma_r":-0.484}