{"Date":"08.01.2012","Version":"NRELv1","Technology":"Multi-c-Si","BIPV":"N","A_c":1.906,"N_s":72.0,"T_NOCT":46.7,"I_sc_ref":8.45,"V_oc_ref":44.93,"I_mp_ref":7.85,"V_mp_ref":37.59,"alpha_sc":0.002898,"beta_oc":-0.14966,"a_ref":1.9172,"I_L_ref":8.459,"I_o_ref":5.46e-10,"R_s":0.201,"R_sh_ref":195.29,"Adjust":14.27,"PTC":268.7,"pdc0":300.0,"gamma_pdc":-0.00464,"gamma_r":-0.46399999999999997}