{"Date":"04.02.2013","Version":"NRELv1","Technology":"Mono-c-Si","BIPV":"N","A_c":1.641,"N_s":60.0,"T_NOCT":48.9,"I_sc_ref":8.83,"V_oc_ref":37.6,"I_mp_ref":8.41,"V_mp_ref":30.37,"alpha_sc":0.003179,"beta_oc":-0.12972,"a_ref":1.5407,"I_L_ref":8.922,"I_o_ref":2.24e-10,"R_s":0.32,"R_sh_ref":713.57,"Adjust":2.135,"PTC":226.4,"pdc0":255.0,"gamma_pdc":-0.0045000000000000005,"gamma_r":-0.45}