{"Date":"05.01.2013","Version":"NRELv1","Technology":"Multi-c-Si","BIPV":"N","A_c":1.9569999999999999,"N_s":72.0,"T_NOCT":46.1,"I_sc_ref":8.38,"V_oc_ref":45.75,"I_mp_ref":7.96,"V_mp_ref":36.41,"alpha_sc":0.005667,"beta_oc":-0.15871,"a_ref":1.939,"I_L_ref":8.467,"I_o_ref":4.77e-10,"R_s":0.47100000000000003,"R_sh_ref":1094.39,"Adjust":8.046,"PTC":260.2,"pdc0":290.0,"gamma_pdc":-0.00461,"gamma_r":-0.461}