{"Date":"05.01.2013","Version":"NRELv1","Technology":"Multi-c-Si","BIPV":"N","A_c":1.9569999999999999,"N_s":72.0,"T_NOCT":46.1,"I_sc_ref":8.49,"V_oc_ref":46.06,"I_mp_ref":8.15,"V_mp_ref":36.8,"alpha_sc":0.005741,"beta_oc":-0.15978,"a_ref":1.9548,"I_L_ref":8.664,"I_o_ref":5.04e-10,"R_s":0.44299999999999995,"R_sh_ref":1128.1,"Adjust":8.341000000000001,"PTC":269.4,"pdc0":300.0,"gamma_pdc":-0.00461,"gamma_r":-0.461}