{"Vac":240.0,"Paco":2110.0,"Pdco":2193.4,"Vdco":375.0,"Pso":42.1968,"C0":-1.18671e-05,"C1":-6.52294e-05,"C2":0.00102618,"C3":0.000535655,"Pnt":0.25,"Vdcmax":400.0,"Mppt_low":100.0,"Mppt_high":400.0}