{"Date":"5/22/2012","Version":"NRELv1","Technology":"Mono-c-Si","BIPV":"N","A_c":1.69,"N_s":96.0,"T_NOCT":50.0,"I_sc_ref":5.18,"V_oc_ref":59.76,"I_mp_ref":4.84,"V_mp_ref":50.54,"alpha_sc":0.0032630000000000003,"beta_oc":-0.21394000000000002,"a_ref":2.6114,"I_L_ref":5.183,"I_o_ref":5.85e-10,"R_s":0.28600000000000003,"R_sh_ref":577.1,"Adjust":10.84,"PTC":215.7,"pdc0":245.0,"gamma_pdc":-0.004529999999999999,"gamma_r":-0.45299999999999996}