{"Date":"12.01.2011","Version":"NRELv1","Technology":"Mono-c-Si","BIPV":"N","A_c":1.165,"N_s":42.0,"T_NOCT":45.6,"I_sc_ref":8.4,"V_oc_ref":25.96,"I_mp_ref":7.8,"V_mp_ref":21.16,"alpha_sc":0.003563,"beta_oc":-0.08711,"a_ref":1.1248,"I_L_ref":8.412,"I_o_ref":7.779999999999999e-10,"R_s":0.193,"R_sh_ref":129.61,"Adjust":16.66,"PTC":147.3,"pdc0":165.0,"gamma_pdc":-0.00486,"gamma_r":-0.486}