{"Date":"12.01.2011","Version":"NRELv1","Technology":"Multi-c-Si","BIPV":"N","A_c":1.165,"N_s":42.0,"T_NOCT":43.3,"I_sc_ref":8.53,"V_oc_ref":26.16,"I_mp_ref":7.91,"V_mp_ref":21.53,"alpha_sc":0.003327,"beta_oc":-0.0993,"a_ref":1.2401,"I_L_ref":8.538,"I_o_ref":5.760000000000001e-09,"R_s":0.134,"R_sh_ref":143.58,"Adjust":21.2,"PTC":151.2,"pdc0":170.0,"gamma_pdc":-0.00572,"gamma_r":-0.5720000000000001}