{"Date":"1/14/2013","Version":"NRELv1","Technology":"Multi-c-Si","BIPV":"N","A_c":1.1540000000000001,"N_s":42.0,"T_NOCT":46.3,"I_sc_ref":8.02,"V_oc_ref":25.36,"I_mp_ref":7.49,"V_mp_ref":20.06,"alpha_sc":0.005614,"beta_oc":-0.09028,"a_ref":1.1279,"I_L_ref":8.027000000000001,"I_o_ref":1.3699999999999998e-09,"R_s":0.281,"R_sh_ref":315.49,"Adjust":15.14,"PTC":132.3,"pdc0":150.0,"gamma_pdc":-0.0051,"gamma_r":-0.51}