{"Date":"1/14/2013","Version":"NRELv1","Technology":"Multi-c-Si","BIPV":"N","A_c":1.4669999999999999,"N_s":54.0,"T_NOCT":46.3,"I_sc_ref":7.96,"V_oc_ref":32.5,"I_mp_ref":7.44,"V_mp_ref":25.58,"alpha_sc":0.005572,"beta_oc":-0.1157,"a_ref":1.4404,"I_L_ref":7.966,"I_o_ref":1.25e-09,"R_s":0.38299999999999995,"R_sh_ref":493.55,"Adjust":14.41,"PTC":167.6,"pdc0":190.0,"gamma_pdc":-0.0051,"gamma_r":-0.51}