{"Date":"1/14/2013","Version":"NRELv1","Technology":"Multi-c-Si","BIPV":"N","A_c":1.4669999999999999,"N_s":54.0,"T_NOCT":46.3,"I_sc_ref":8.56,"V_oc_ref":33.69,"I_mp_ref":7.94,"V_mp_ref":27.71,"alpha_sc":0.005992,"beta_oc":-0.11994,"a_ref":1.5409,"I_L_ref":8.57,"I_o_ref":2.6800000000000003e-09,"R_s":0.18899999999999997,"R_sh_ref":170.09,"Adjust":21.05,"PTC":194.9,"pdc0":220.0,"gamma_pdc":-0.0051,"gamma_r":-0.51}