{"Date":"1/14/2013","Version":"NRELv1","Technology":"Multi-c-Si","BIPV":"N","A_c":1.311,"N_s":48.0,"T_NOCT":46.3,"I_sc_ref":7.99,"V_oc_ref":28.93,"I_mp_ref":7.46,"V_mp_ref":22.82,"alpha_sc":0.005593,"beta_oc":-0.10299000000000001,"a_ref":1.2847,"I_L_ref":7.997000000000001,"I_o_ref":1.31e-09,"R_s":0.332,"R_sh_ref":362.46,"Adjust":14.82,"PTC":150.0,"pdc0":170.0,"gamma_pdc":-0.0051,"gamma_r":-0.51}