{"Date":"12.01.2011","Version":"NRELv1","Technology":"Mono-c-Si","BIPV":"N","A_c":1.3219999999999998,"N_s":48.0,"T_NOCT":43.5,"I_sc_ref":8.32,"V_oc_ref":29.53,"I_mp_ref":7.74,"V_mp_ref":23.92,"alpha_sc":0.002884,"beta_oc":-0.10764000000000001,"a_ref":1.321,"I_L_ref":8.33,"I_o_ref":1.6e-09,"R_s":0.23199999999999998,"R_sh_ref":190.56,"Adjust":13.96,"PTC":165.6,"pdc0":185.0,"gamma_pdc":-0.00528,"gamma_r":-0.528}