{"Date":"05.01.2013","Version":"NRELv1","Technology":"Mono-c-Si","BIPV":"N","A_c":1.624,"N_s":60.0,"T_NOCT":48.6,"I_sc_ref":8.79,"V_oc_ref":37.57,"I_mp_ref":8.09,"V_mp_ref":30.9,"alpha_sc":0.0021100000000000003,"beta_oc":-0.12624000000000002,"a_ref":1.6198,"I_L_ref":8.807,"I_o_ref":7.17e-10,"R_s":0.231,"R_sh_ref":117.11,"Adjust":15.57,"PTC":220.1,"pdc0":250.0,"gamma_pdc":-0.00487,"gamma_r":-0.48700000000000004}