{"Date":"12.01.2011","Version":"NRELv1","Technology":"Mono-c-Si","BIPV":"N","A_c":1.165,"N_s":42.0,"T_NOCT":45.6,"I_sc_ref":8.15,"V_oc_ref":25.56,"I_mp_ref":7.59,"V_mp_ref":20.43,"alpha_sc":0.003457,"beta_oc":-0.08577,"a_ref":1.0927,"I_L_ref":8.162,"I_o_ref":5.559999999999999e-10,"R_s":0.259,"R_sh_ref":173.18,"Adjust":13.8,"PTC":138.2,"pdc0":155.0,"gamma_pdc":-0.00486,"gamma_r":-0.486}