{"Date":"05.01.2013","Version":"NRELv1","Technology":"Mono-c-Si","BIPV":"N","A_c":1.9369999999999998,"N_s":72.0,"T_NOCT":48.6,"I_sc_ref":8.73,"V_oc_ref":43.45,"I_mp_ref":8.14,"V_mp_ref":35.63,"alpha_sc":0.002095,"beta_oc":-0.14599,"a_ref":1.855,"I_L_ref":8.74,"I_o_ref":5.76e-10,"R_s":0.287,"R_sh_ref":246.31,"Adjust":13.55,"PTC":255.0,"pdc0":290.0,"gamma_pdc":-0.00487,"gamma_r":-0.48700000000000004}