{"Date":"1/14/2013","Version":"NRELv1","Technology":"Multi-c-Si","BIPV":"N","A_c":1.311,"N_s":48.0,"T_NOCT":46.3,"I_sc_ref":7.88,"V_oc_ref":28.73,"I_mp_ref":7.37,"V_mp_ref":22.45,"alpha_sc":0.005516,"beta_oc":-0.10228,"a_ref":1.2673,"I_L_ref":7.885,"I_o_ref":1.1199999999999999e-09,"R_s":0.369,"R_sh_ref":572.2,"Adjust":13.42,"PTC":145.4,"pdc0":165.0,"gamma_pdc":-0.0051,"gamma_r":-0.51}