{"Date":"08.01.2012","Version":"NRELv1","Technology":"Mono-c-Si","BIPV":"N","A_c":1.2770000000000001,"N_s":72.0,"T_NOCT":46.8,"I_sc_ref":5.86,"V_oc_ref":45.73,"I_mp_ref":5.45,"V_mp_ref":37.0,"alpha_sc":0.0035159999999999996,"beta_oc":-0.16465,"a_ref":2.0158,"I_L_ref":5.867999999999999,"I_o_ref":8.08e-10,"R_s":0.53,"R_sh_ref":395.31,"Adjust":12.04,"PTC":177.8,"pdc0":200.0,"gamma_pdc":-0.0049,"gamma_r":-0.49}