{"Date":"08.01.2012","Version":"NRELv1","Technology":"Mono-c-Si","BIPV":"N","A_c":1.2770000000000001,"N_s":72.0,"T_NOCT":46.8,"I_sc_ref":5.81,"V_oc_ref":45.26,"I_mp_ref":5.38,"V_mp_ref":36.52,"alpha_sc":0.003488,"beta_oc":-0.16295,"a_ref":1.9972,"I_L_ref":5.82,"I_o_ref":8.17e-10,"R_s":0.55,"R_sh_ref":312.1,"Adjust":12.22,"PTC":173.2,"pdc0":195.0,"gamma_pdc":-0.0049,"gamma_r":-0.49}