{"Date":"08.01.2012","Version":"NRELv1","Technology":"Mono-c-Si","BIPV":"N","A_c":1.2770000000000001,"N_s":72.0,"T_NOCT":46.8,"I_sc_ref":5.75,"V_oc_ref":44.83,"I_mp_ref":5.32,"V_mp_ref":36.11,"alpha_sc":0.00345,"beta_oc":-0.16138,"a_ref":1.9769999999999999,"I_L_ref":5.761,"I_o_ref":7.969999999999999e-10,"R_s":0.564,"R_sh_ref":301.72,"Adjust":12.11,"PTC":168.6,"pdc0":190.0,"gamma_pdc":-0.0049,"gamma_r":-0.49}