{"Date":"9/23/2012","Version":"NRELv1","Technology":"Mono-c-Si","BIPV":"N","A_c":1.618,"N_s":60.0,"T_NOCT":46.3,"I_sc_ref":8.68,"V_oc_ref":36.9,"I_mp_ref":8.01,"V_mp_ref":30.01,"alpha_sc":0.005209,"beta_oc":-0.12915,"a_ref":1.6063,"I_L_ref":8.697000000000001,"I_o_ref":8.89e-10,"R_s":0.273,"R_sh_ref":135.95,"Adjust":12.55,"PTC":214.7,"pdc0":240.0,"gamma_pdc":-0.004699999999999999,"gamma_r":-0.47}