{"Date":"10.03.2012","Version":"NRELv1","Technology":"Mono-c-Si","BIPV":"N","A_c":1.929,"N_s":72.0,"T_NOCT":49.4,"I_sc_ref":8.94,"V_oc_ref":45.07,"I_mp_ref":8.22,"V_mp_ref":37.44,"alpha_sc":0.005361,"beta_oc":-0.14873,"a_ref":1.9831,"I_L_ref":8.954,"I_o_ref":1.16e-09,"R_s":0.212,"R_sh_ref":134.03,"Adjust":21.79,"PTC":268.7,"pdc0":305.0,"gamma_pdc":-0.004699999999999999,"gamma_r":-0.47}