{"Date":"9/27/2012","Version":"NRELv1","Technology":"Mono-c-Si","BIPV":"N","A_c":1.618,"N_s":60.0,"T_NOCT":46.3,"I_sc_ref":8.91,"V_oc_ref":37.26,"I_mp_ref":8.15,"V_mp_ref":30.84,"alpha_sc":0.005344,"beta_oc":-0.13041,"a_ref":1.6485,"I_L_ref":8.927,"I_o_ref":1.3e-09,"R_s":0.188,"R_sh_ref":96.34,"Adjust":15.91,"PTC":223.9,"pdc0":250.0,"gamma_pdc":-0.004699999999999999,"gamma_r":-0.47}