{"Date":"10.02.2012","Version":"NRELv1","Technology":"Mono-c-Si","BIPV":"N","A_c":1.929,"N_s":72.0,"T_NOCT":49.4,"I_sc_ref":8.88,"V_oc_ref":44.86,"I_mp_ref":8.15,"V_mp_ref":37.01,"alpha_sc":0.005328,"beta_oc":-0.14803,"a_ref":1.9681,"I_L_ref":8.897,"I_o_ref":1.0800000000000002e-09,"R_s":0.249,"R_sh_ref":128.39,"Adjust":21.13,"PTC":264.1,"pdc0":300.0,"gamma_pdc":-0.004699999999999999,"gamma_r":-0.47}