{"Date":"9/22/2012","Version":"NRELv1","Technology":"Mono-c-Si","BIPV":"N","A_c":1.618,"N_s":60.0,"T_NOCT":46.2,"I_sc_ref":8.68,"V_oc_ref":36.9,"I_mp_ref":8.01,"V_mp_ref":30.01,"alpha_sc":0.004340999999999999,"beta_oc":-0.12546,"a_ref":1.5738,"I_L_ref":8.699,"I_o_ref":5.52e-10,"R_s":0.281,"R_sh_ref":130.87,"Adjust":11.63,"PTC":215.3,"pdc0":240.0,"gamma_pdc":-0.0046,"gamma_r":-0.46}