{"Date":"7/13/2012","Version":"NRELv1","Technology":"Multi-c-Si","BIPV":"N","A_c":1.9469999999999998,"N_s":72.0,"T_NOCT":43.3,"I_sc_ref":8.59,"V_oc_ref":43.83,"I_mp_ref":7.77,"V_mp_ref":36.16,"alpha_sc":0.005152,"beta_oc":-0.14901,"a_ref":1.9268,"I_L_ref":8.613999999999999,"I_o_ref":1.07e-09,"R_s":0.25,"R_sh_ref":88.97,"Adjust":17.87,"PTC":255.0,"pdc0":280.0,"gamma_pdc":-0.0046,"gamma_r":-0.46}