{"Date":"08.01.2013","Version":"NRELv1","Technology":"Multi-c-Si","BIPV":"N","A_c":1.6340000000000001,"N_s":60.0,"T_NOCT":46.0,"I_sc_ref":8.48,"V_oc_ref":36.13,"I_mp_ref":7.65,"V_mp_ref":29.62,"alpha_sc":0.0050880000000000005,"beta_oc":-0.12645,"a_ref":1.6189,"I_L_ref":8.507,"I_o_ref":1.6300000000000002e-09,"R_s":0.228,"R_sh_ref":72.1,"Adjust":18.53,"PTC":200.7,"pdc0":225.0,"gamma_pdc":-0.0048,"gamma_r":-0.48}