{"Date":"08.01.2012","Version":"NRELv1","Technology":"Multi-c-Si","BIPV":"N","A_c":1.9469999999999998,"N_s":72.0,"T_NOCT":47.1,"I_sc_ref":8.78,"V_oc_ref":44.86,"I_mp_ref":7.96,"V_mp_ref":37.22,"alpha_sc":0.004388,"beta_oc":-0.14803,"a_ref":1.9158,"I_L_ref":8.802999999999999,"I_o_ref":5.62e-10,"R_s":0.23600000000000002,"R_sh_ref":90.37,"Adjust":15.19,"PTC":264.9,"pdc0":295.0,"gamma_pdc":-0.0044,"gamma_r":-0.44}