{"Date":"10.05.2012","Version":"NRELv1","Technology":"Mono-c-Si","BIPV":"N","A_c":1.929,"N_s":72.0,"T_NOCT":49.4,"I_sc_ref":9.03,"V_oc_ref":45.29,"I_mp_ref":8.31,"V_mp_ref":37.94,"alpha_sc":0.00542,"beta_oc":-0.14945,"a_ref":2.0017,"I_L_ref":9.041,"I_o_ref":1.3e-09,"R_s":0.166,"R_sh_ref":135.13,"Adjust":22.81,"PTC":277.8,"pdc0":315.0,"gamma_pdc":-0.004699999999999999,"gamma_r":-0.47}