{"Date":"7/13/2012","Version":"NRELv1","Technology":"Multi-c-Si","BIPV":"N","A_c":1.9469999999999998,"N_s":72.0,"T_NOCT":43.3,"I_sc_ref":8.56,"V_oc_ref":43.53,"I_mp_ref":7.74,"V_mp_ref":35.67,"alpha_sc":0.005137,"beta_oc":-0.14802,"a_ref":1.9062,"I_L_ref":8.588,"I_o_ref":9.79e-10,"R_s":0.287,"R_sh_ref":88.48,"Adjust":17.01,"PTC":250.3,"pdc0":275.0,"gamma_pdc":-0.0046,"gamma_r":-0.46}