{"Date":"08.01.2013","Version":"NRELv1","Technology":"Multi-c-Si","BIPV":"N","A_c":1.6340000000000001,"N_s":60.0,"T_NOCT":46.0,"I_sc_ref":8.56,"V_oc_ref":36.42,"I_mp_ref":7.71,"V_mp_ref":30.05,"alpha_sc":0.005137,"beta_oc":-0.12747999999999998,"a_ref":1.6402,"I_L_ref":8.584,"I_o_ref":1.8299999999999999e-09,"R_s":0.198,"R_sh_ref":69.44,"Adjust":19.6,"PTC":205.3,"pdc0":230.0,"gamma_pdc":-0.0048,"gamma_r":-0.48}