{"Date":"07.05.2011","Version":"MM107","Technology":"Multi-c-Si","BIPV":"N","A_c":1.9469999999999998,"N_s":72.0,"T_NOCT":47.5,"I_sc_ref":8.1,"V_oc_ref":43.21,"I_mp_ref":7.49,"V_mp_ref":35.06,"alpha_sc":0.008643000000000001,"beta_oc":-0.1435,"a_ref":1.8904,"I_L_ref":8.115,"I_o_ref":9.339999999999999e-10,"R_s":0.35200000000000004,"R_sh_ref":190.15,"Adjust":19.1,"PTC":232.1,"pdc0":260.0,"gamma_pdc":-0.00441,"gamma_r":-0.441}