{"Date":"10.04.2012","Version":"NRELv1","Technology":"Mono-c-Si","BIPV":"N","A_c":1.929,"N_s":72.0,"T_NOCT":49.4,"I_sc_ref":8.99,"V_oc_ref":45.22,"I_mp_ref":8.27,"V_mp_ref":37.73,"alpha_sc":0.005393,"beta_oc":-0.14920999999999998,"a_ref":1.9943,"I_L_ref":9.003,"I_o_ref":1.23e-09,"R_s":0.188,"R_sh_ref":134.78,"Adjust":22.33,"PTC":273.3,"pdc0":310.0,"gamma_pdc":-0.004699999999999999,"gamma_r":-0.47}