{"Date":"08.01.2012","Version":"NRELv1","Technology":"Multi-c-Si","BIPV":"N","A_c":1.6340000000000001,"N_s":60.0,"T_NOCT":47.1,"I_sc_ref":8.79,"V_oc_ref":37.56,"I_mp_ref":8.0,"V_mp_ref":31.32,"alpha_sc":0.004396,"beta_oc":-0.12395,"a_ref":1.6049,"I_L_ref":8.809,"I_o_ref":5.73e-10,"R_s":0.175,"R_sh_ref":81.96,"Adjust":15.33,"PTC":224.6,"pdc0":250.0,"gamma_pdc":-0.0044,"gamma_r":-0.44}