{"Date":"7/13/2012","Version":"NRELv1","Technology":"Multi-c-Si","BIPV":"N","A_c":1.9469999999999998,"N_s":72.0,"T_NOCT":43.3,"I_sc_ref":8.63,"V_oc_ref":44.43,"I_mp_ref":7.83,"V_mp_ref":36.65,"alpha_sc":0.00518,"beta_oc":-0.15105,"a_ref":1.9492,"I_L_ref":8.652999999999999,"I_o_ref":1.0300000000000002e-09,"R_s":0.254,"R_sh_ref":95.92,"Adjust":17.45,"PTC":259.6,"pdc0":285.0,"gamma_pdc":-0.0046,"gamma_r":-0.46}