{"Date":"08.01.2012","Version":"NRELv1","Technology":"Multi-c-Si","BIPV":"N","A_c":1.9469999999999998,"N_s":72.0,"T_NOCT":47.1,"I_sc_ref":8.82,"V_oc_ref":45.07,"I_mp_ref":8.0,"V_mp_ref":37.58,"alpha_sc":0.00441,"beta_oc":-0.14874,"a_ref":1.93,"I_L_ref":8.84,"I_o_ref":6.02e-10,"R_s":0.209,"R_sh_ref":90.96,"Adjust":15.77,"PTC":269.5,"pdc0":300.0,"gamma_pdc":-0.0044,"gamma_r":-0.44}