{"Date":"08.01.2013","Version":"NRELv1","Technology":"Mono-c-Si","BIPV":"N","A_c":1.618,"N_s":60.0,"T_NOCT":46.2,"I_sc_ref":8.78,"V_oc_ref":37.08,"I_mp_ref":8.08,"V_mp_ref":30.42,"alpha_sc":0.004391,"beta_oc":-0.12607000000000002,"a_ref":1.5924,"I_L_ref":8.798,"I_o_ref":6.54e-10,"R_s":0.24,"R_sh_ref":115.47,"Adjust":13.07,"PTC":219.9,"pdc0":245.0,"gamma_pdc":-0.0046,"gamma_r":-0.46}