{"Date":"08.01.2013","Version":"NRELv1","Technology":"Multi-c-Si","BIPV":"N","A_c":1.6340000000000001,"N_s":60.0,"T_NOCT":47.1,"I_sc_ref":8.75,"V_oc_ref":37.38,"I_mp_ref":7.96,"V_mp_ref":31.02,"alpha_sc":0.004374,"beta_oc":-0.12335,"a_ref":1.5931,"I_L_ref":8.771,"I_o_ref":5.36e-10,"R_s":0.19699999999999998,"R_sh_ref":81.44,"Adjust":14.75,"PTC":220.0,"pdc0":245.0,"gamma_pdc":-0.0044,"gamma_r":-0.44}