{"Date":"08.01.2012","Version":"NRELv1","Technology":"Multi-c-Si","BIPV":"N","A_c":1.9469999999999998,"N_s":72.0,"T_NOCT":47.1,"I_sc_ref":9.12,"V_oc_ref":45.51,"I_mp_ref":8.27,"V_mp_ref":38.11,"alpha_sc":0.00456,"beta_oc":-0.15017,"a_ref":1.9542,"I_L_ref":9.139,"I_o_ref":6.63e-10,"R_s":0.18,"R_sh_ref":88.1,"Adjust":16.38,"PTC":283.4,"pdc0":315.0,"gamma_pdc":-0.0044,"gamma_r":-0.44}