{"Date":"08.01.2012","Version":"NRELv1","Technology":"Multi-c-Si","BIPV":"N","A_c":1.6340000000000001,"N_s":60.0,"T_NOCT":47.1,"I_sc_ref":8.9,"V_oc_ref":37.68,"I_mp_ref":8.1,"V_mp_ref":31.56,"alpha_sc":0.004451,"beta_oc":-0.12434,"a_ref":1.6144,"I_L_ref":8.917,"I_o_ref":6.169999999999999e-10,"R_s":0.153,"R_sh_ref":80.88,"Adjust":15.91,"PTC":229.2,"pdc0":255.0,"gamma_pdc":-0.0044,"gamma_r":-0.44}