{"Date":"12/27/2012","Version":"NRELv1","Technology":"Mono-c-Si","BIPV":"N","A_c":1.618,"N_s":60.0,"T_NOCT":46.2,"I_sc_ref":8.91,"V_oc_ref":37.26,"I_mp_ref":8.15,"V_mp_ref":30.84,"alpha_sc":0.004454,"beta_oc":-0.12668,"a_ref":1.6149,"I_L_ref":8.929,"I_o_ref":8.14e-10,"R_s":0.19699999999999998,"R_sh_ref":93.85,"Adjust":14.98,"PTC":224.5,"pdc0":250.0,"gamma_pdc":-0.0046,"gamma_r":-0.46}