{"Date":"12/27/2012","Version":"NRELv1","Technology":"Mono-c-Si","BIPV":"N","A_c":1.618,"N_s":60.0,"T_NOCT":46.3,"I_sc_ref":8.78,"V_oc_ref":37.08,"I_mp_ref":8.08,"V_mp_ref":30.42,"alpha_sc":0.00527,"beta_oc":-0.12978,"a_ref":1.6254,"I_L_ref":8.797,"I_o_ref":1.0499999999999999e-09,"R_s":0.23199999999999998,"R_sh_ref":119.34,"Adjust":14.0,"PTC":219.3,"pdc0":245.0,"gamma_pdc":-0.004699999999999999,"gamma_r":-0.47}