{"Technology":"Multi-c-Si","BIPV":"N","A_c":1.8519999999999999,"N_s":72.0,"T_NOCT":44.1,"PTC":297.6,"pdc0":325.0,"gamma_pdc":-0.004373}