{"Date":"05.01.2013","Version":"NRELv1","Technology":"Multi-c-Si","BIPV":"N","A_c":0.998,"N_s":36.0,"T_NOCT":48.8,"I_sc_ref":8.9,"V_oc_ref":22.35,"I_mp_ref":8.4,"V_mp_ref":17.84,"alpha_sc":0.005681,"beta_oc":-0.07376,"a_ref":0.9211,"I_L_ref":8.902000000000001,"I_o_ref":2.57e-10,"R_s":0.217,"R_sh_ref":997.99,"Adjust":7.678,"PTC":133.5,"pdc0":150.0,"gamma_pdc":-0.004379999999999999,"gamma_r":-0.43799999999999994}