{"Date":"05.01.2013","Version":"NRELv1","Technology":"Multi-c-Si","BIPV":"N","A_c":1.65,"N_s":60.0,"T_NOCT":48.8,"I_sc_ref":8.74,"V_oc_ref":36.3,"I_mp_ref":8.0,"V_mp_ref":29.3,"alpha_sc":0.005576,"beta_oc":-0.11979000000000001,"a_ref":1.5326,"I_L_ref":8.767999999999999,"I_o_ref":4.34e-10,"R_s":0.311,"R_sh_ref":97.4,"Adjust":12.62,"PTC":208.9,"pdc0":235.0,"gamma_pdc":-0.004379999999999999,"gamma_r":-0.43799999999999994}