{"Date":"05.01.2013","Version":"NRELv1","Technology":"Multi-c-Si","BIPV":"N","A_c":1.65,"N_s":60.0,"T_NOCT":48.8,"I_sc_ref":8.82,"V_oc_ref":36.7,"I_mp_ref":8.2,"V_mp_ref":29.7,"alpha_sc":0.005627,"beta_oc":-0.12111,"a_ref":1.5376,"I_L_ref":8.835,"I_o_ref":3.71e-10,"R_s":0.302,"R_sh_ref":178.28,"Adjust":11.07,"PTC":218.1,"pdc0":245.0,"gamma_pdc":-0.004379999999999999,"gamma_r":-0.43799999999999994}