{"Date":"05.01.2013","Version":"NRELv1","Technology":"Multi-c-Si","BIPV":"N","A_c":1.966,"N_s":72.0,"T_NOCT":48.8,"I_sc_ref":8.01,"V_oc_ref":43.7,"I_mp_ref":7.38,"V_mp_ref":35.9,"alpha_sc":0.00511,"beta_oc":-0.14420999999999998,"a_ref":1.857,"I_L_ref":8.026,"I_o_ref":4.66e-10,"R_s":0.309,"R_sh_ref":152.2,"Adjust":14.06,"PTC":235.2,"pdc0":265.0,"gamma_pdc":-0.004379999999999999,"gamma_r":-0.43799999999999994}