{"Date":"10/19/2009","Version":"MM106","Technology":"Mono-c-Si","BIPV":"N","A_c":1.28,"N_s":72.0,"T_NOCT":45.8,"I_sc_ref":5.15,"V_oc_ref":44.2,"I_mp_ref":4.78,"V_mp_ref":35.6,"alpha_sc":0.002245,"beta_oc":-0.17060999999999998,"a_ref":2.0094,"I_L_ref":5.157,"I_o_ref":1.4099999999999999e-09,"R_s":0.596,"R_sh_ref":434.78,"Adjust":10.5,"PTC":149.5,"pdc0":170.0,"gamma_pdc":-0.00536,"gamma_r":-0.536}