{"Date":"07.12.2010","Version":"MM107","Technology":"Multi-c-Si","BIPV":"N","A_c":1.9340000000000002,"N_s":72.0,"T_NOCT":43.5,"I_sc_ref":7.98,"V_oc_ref":43.42,"I_mp_ref":7.17,"V_mp_ref":36.22,"alpha_sc":0.002815,"beta_oc":-0.13147999999999999,"a_ref":1.8402,"I_L_ref":8.003,"I_o_ref":4.22e-10,"R_s":0.225,"R_sh_ref":79.76,"Adjust":23.7,"PTC":237.1,"pdc0":260.0,"gamma_pdc":-0.00441,"gamma_r":-0.441}