{"Date":"02.01.2012","Version":"NRELv1","Technology":"Multi-c-Si","BIPV":"N","A_c":1.94,"N_s":72.0,"T_NOCT":46.3,"I_sc_ref":8.15,"V_oc_ref":44.2,"I_mp_ref":7.59,"V_mp_ref":34.9,"alpha_sc":0.005787,"beta_oc":-0.16752,"a_ref":1.9548,"I_L_ref":8.16,"I_o_ref":1.22e-09,"R_s":0.495,"R_sh_ref":390.58,"Adjust":6.949,"PTC":234.9,"pdc0":265.0,"gamma_pdc":-0.0049700000000000005,"gamma_r":-0.49700000000000005}