{"Date":"03.07.2011","Version":"MM107","Technology":"Multi-c-Si","BIPV":"N","A_c":1.9509999999999998,"N_s":72.0,"T_NOCT":47.0,"I_sc_ref":8.1,"V_oc_ref":43.7,"I_mp_ref":7.41,"V_mp_ref":36.43,"alpha_sc":0.00386,"beta_oc":-0.18650999999999998,"a_ref":2.229,"I_L_ref":8.107000000000001,"I_o_ref":2.3900000000000002e-08,"R_s":0.122,"R_sh_ref":151.61,"Adjust":21.6,"PTC":230.6,"pdc0":270.0,"gamma_pdc":-0.0062,"gamma_r":-0.62}