{"Date":"03.07.2011","Version":"MM107","Technology":"Multi-c-Si","BIPV":"N","A_c":1.794,"N_s":66.0,"T_NOCT":46.3,"I_sc_ref":7.95,"V_oc_ref":39.67,"I_mp_ref":7.24,"V_mp_ref":33.13,"alpha_sc":0.003172,"beta_oc":-0.16455,"a_ref":1.9573,"I_L_ref":7.957999999999999,"I_o_ref":1.2e-08,"R_s":0.122,"R_sh_ref":114.88,"Adjust":18.4,"PTC":207.2,"pdc0":240.0,"gamma_pdc":-0.0059499999999999996,"gamma_r":-0.595}