{"Date":"03.07.2011","Version":"MM107","Technology":"Multi-c-Si","BIPV":"N","A_c":1.6380000000000001,"N_s":60.0,"T_NOCT":47.4,"I_sc_ref":8.1,"V_oc_ref":36.42,"I_mp_ref":7.41,"V_mp_ref":30.36,"alpha_sc":0.003775,"beta_oc":-0.14232999999999998,"a_ref":1.7590000000000001,"I_L_ref":8.109,"I_o_ref":7.94e-09,"R_s":0.129,"R_sh_ref":115.57,"Adjust":21.2,"PTC":194.5,"pdc0":225.0,"gamma_pdc":-0.005639999999999999,"gamma_r":-0.564}