{"Date":"03.07.2011","Version":"MM107","Technology":"Multi-c-Si","BIPV":"N","A_c":1.9509999999999998,"N_s":72.0,"T_NOCT":47.0,"I_sc_ref":8.32,"V_oc_ref":44.21,"I_mp_ref":7.75,"V_mp_ref":36.79,"alpha_sc":0.003964,"beta_oc":-0.18869,"a_ref":2.2241,"I_L_ref":8.323,"I_o_ref":1.91e-08,"R_s":0.141,"R_sh_ref":395.71,"Adjust":19.0,"PTC":243.9,"pdc0":285.0,"gamma_pdc":-0.0062,"gamma_r":-0.62}