{"Date":"03.07.2011","Version":"MM107","Technology":"Multi-c-Si","BIPV":"N","A_c":1.794,"N_s":66.0,"T_NOCT":46.3,"I_sc_ref":8.1,"V_oc_ref":40.06,"I_mp_ref":7.49,"V_mp_ref":33.4,"alpha_sc":0.003232,"beta_oc":-0.16617,"a_ref":1.9703,"I_L_ref":8.105,"I_o_ref":1.1699999999999999e-08,"R_s":0.133,"R_sh_ref":202.75,"Adjust":17.9,"PTC":216.1,"pdc0":250.0,"gamma_pdc":-0.0059499999999999996,"gamma_r":-0.595}