{"Date":"03.07.2011","Version":"MM107","Technology":"Multi-c-Si","BIPV":"N","A_c":1.476,"N_s":54.0,"T_NOCT":46.3,"I_sc_ref":7.83,"V_oc_ref":32.4,"I_mp_ref":7.24,"V_mp_ref":26.95,"alpha_sc":0.003913000000000001,"beta_oc":-0.13209,"a_ref":1.5907,"I_L_ref":7.836,"I_o_ref":1.09e-08,"R_s":0.122,"R_sh_ref":170.6,"Adjust":19.5,"PTC":168.6,"pdc0":195.0,"gamma_pdc":-0.00586,"gamma_r":-0.586}