{"Date":"03.04.2011","Version":"MM107","Technology":"Mono-c-Si","BIPV":"N","A_c":1.026,"N_s":36.0,"T_NOCT":47.4,"I_sc_ref":8.18,"V_oc_ref":22.3,"I_mp_ref":7.61,"V_mp_ref":17.7,"alpha_sc":0.004524,"beta_oc":-0.08542999999999999,"a_ref":0.9559,"I_L_ref":8.193,"I_o_ref":5.94e-10,"R_s":0.243,"R_sh_ref":149.47,"Adjust":-0.2,"PTC":119.5,"pdc0":135.0,"gamma_pdc":-0.00473,"gamma_r":-0.473}