{"Date":"03.04.2011","Version":"MM107","Technology":"Multi-c-Si","BIPV":"N","A_c":1.3459999999999999,"N_s":48.0,"T_NOCT":46.8,"I_sc_ref":8.29,"V_oc_ref":29.3,"I_mp_ref":7.74,"V_mp_ref":22.7,"alpha_sc":0.005438,"beta_oc":-0.0961,"a_ref":1.2251,"I_L_ref":8.3,"I_o_ref":3.37e-10,"R_s":0.40399999999999997,"R_sh_ref":323.71,"Adjust":11.2,"PTC":155.9,"pdc0":175.0,"gamma_pdc":-0.00462,"gamma_r":-0.462}