{"Date":"03.04.2011","Version":"MM107","Technology":"Mono-c-Si","BIPV":"N","A_c":1.663,"N_s":60.0,"T_NOCT":47.4,"I_sc_ref":8.17,"V_oc_ref":37.2,"I_mp_ref":7.58,"V_mp_ref":29.3,"alpha_sc":0.004518,"beta_oc":-0.14251,"a_ref":1.5896,"I_L_ref":8.187000000000001,"I_o_ref":5.5e-10,"R_s":0.441,"R_sh_ref":218.28,"Adjust":-0.8,"PTC":194.8,"pdc0":220.0,"gamma_pdc":-0.00473,"gamma_r":-0.473}