{"Date":"03.04.2011","Version":"MM107","Technology":"Multi-c-Si","BIPV":"N","A_c":1.3459999999999999,"N_s":48.0,"T_NOCT":46.8,"I_sc_ref":8.39,"V_oc_ref":29.5,"I_mp_ref":7.85,"V_mp_ref":22.9,"alpha_sc":0.005504,"beta_oc":-0.09676,"a_ref":1.2305,"I_L_ref":8.398,"I_o_ref":3.23e-10,"R_s":0.395,"R_sh_ref":411.64,"Adjust":10.7,"PTC":160.5,"pdc0":180.0,"gamma_pdc":-0.00462,"gamma_r":-0.462}