{"Date":"03.04.2011","Version":"MM107","Technology":"Multi-c-Si","BIPV":"N","A_c":1.663,"N_s":60.0,"T_NOCT":46.8,"I_sc_ref":8.39,"V_oc_ref":36.8,"I_mp_ref":7.85,"V_mp_ref":28.7,"alpha_sc":0.005504,"beta_oc":-0.1207,"a_ref":1.5393,"I_L_ref":8.398,"I_o_ref":3.4500000000000005e-10,"R_s":0.473,"R_sh_ref":476.41,"Adjust":11.3,"PTC":200.6,"pdc0":225.0,"gamma_pdc":-0.00462,"gamma_r":-0.462}