{"Date":"03.04.2011","Version":"MM107","Technology":"Mono-c-Si","BIPV":"N","A_c":1.026,"N_s":36.0,"T_NOCT":47.4,"I_sc_ref":8.23,"V_oc_ref":22.5,"I_mp_ref":7.71,"V_mp_ref":18.2,"alpha_sc":0.0045509999999999995,"beta_oc":-0.0862,"a_ref":0.9714,"I_L_ref":8.237,"I_o_ref":7.109999999999999e-10,"R_s":0.191,"R_sh_ref":237.14,"Adjust":1.2,"PTC":124.1,"pdc0":140.0,"gamma_pdc":-0.00473,"gamma_r":-0.473}