{"Date":"03.04.2011","Version":"MM107","Technology":"Multi-c-Si","BIPV":"N","A_c":1.6280000000000001,"N_s":60.0,"T_NOCT":46.8,"I_sc_ref":8.29,"V_oc_ref":36.6,"I_mp_ref":7.74,"V_mp_ref":28.3,"alpha_sc":0.005438,"beta_oc":-0.12005,"a_ref":1.5246,"I_L_ref":8.3,"I_o_ref":3.08e-10,"R_s":0.514,"R_sh_ref":408.33,"Adjust":10.4,"PTC":196.2,"pdc0":220.0,"gamma_pdc":-0.00462,"gamma_r":-0.462}