{"Date":"03.04.2011","Version":"MM107","Technology":"Mono-c-Si","BIPV":"N","A_c":1.6280000000000001,"N_s":60.0,"T_NOCT":47.4,"I_sc_ref":8.24,"V_oc_ref":37.5,"I_mp_ref":7.74,"V_mp_ref":30.5,"alpha_sc":0.004557,"beta_oc":-0.14365999999999998,"a_ref":1.6223,"I_L_ref":8.245,"I_o_ref":7.47e-10,"R_s":0.293,"R_sh_ref":519.89,"Adjust":1.6,"PTC":208.6,"pdc0":235.0,"gamma_pdc":-0.00473,"gamma_r":-0.473}