{"Date":"03.04.2011","Version":"MM107","Technology":"Multi-c-Si","BIPV":"N","A_c":1.504,"N_s":54.0,"T_NOCT":46.8,"I_sc_ref":8.34,"V_oc_ref":33.0,"I_mp_ref":7.79,"V_mp_ref":25.6,"alpha_sc":0.005471,"beta_oc":-0.10824,"a_ref":1.3772,"I_L_ref":8.35,"I_o_ref":3.2399999999999997e-10,"R_s":0.447,"R_sh_ref":369.55,"Adjust":10.8,"PTC":178.3,"pdc0":200.0,"gamma_pdc":-0.00462,"gamma_r":-0.462}