{"Date":"03.04.2011","Version":"MM107","Technology":"Multi-c-Si","BIPV":"N","A_c":1.504,"N_s":54.0,"T_NOCT":46.8,"I_sc_ref":8.44,"V_oc_ref":33.3,"I_mp_ref":7.89,"V_mp_ref":25.9,"alpha_sc":0.005536999999999999,"beta_oc":-0.10922,"a_ref":1.391,"I_L_ref":8.449,"I_o_ref":3.3500000000000003e-10,"R_s":0.436,"R_sh_ref":395.4,"Adjust":11.0,"PTC":182.8,"pdc0":205.0,"gamma_pdc":-0.00462,"gamma_r":-0.462}