{"Date":"03.04.2011","Version":"MM107","Technology":"Multi-c-Si","BIPV":"N","A_c":1.504,"N_s":54.0,"T_NOCT":46.8,"I_sc_ref":8.64,"V_oc_ref":33.4,"I_mp_ref":8.05,"V_mp_ref":26.0,"alpha_sc":0.005668,"beta_oc":-0.10955,"a_ref":1.3986,"I_L_ref":8.654,"I_o_ref":3.6200000000000004e-10,"R_s":0.424,"R_sh_ref":266.03,"Adjust":11.5,"PTC":187.4,"pdc0":210.0,"gamma_pdc":-0.00462,"gamma_r":-0.462}