{"Date":"03.04.2011","Version":"MM107","Technology":"Mono-c-Si","BIPV":"N","A_c":1.663,"N_s":60.0,"T_NOCT":47.4,"I_sc_ref":8.18,"V_oc_ref":37.2,"I_mp_ref":7.61,"V_mp_ref":29.6,"alpha_sc":0.004524,"beta_oc":-0.14251,"a_ref":1.5971,"I_L_ref":8.193,"I_o_ref":6.16e-10,"R_s":0.39399999999999996,"R_sh_ref":245.5,"Adjust":0.1,"PTC":199.4,"pdc0":225.0,"gamma_pdc":-0.00473,"gamma_r":-0.473}