{"Date":"03.04.2011","Version":"MM107","Technology":"Multi-c-Si","BIPV":"N","A_c":1.026,"N_s":36.0,"T_NOCT":46.8,"I_sc_ref":8.64,"V_oc_ref":22.3,"I_mp_ref":8.05,"V_mp_ref":17.4,"alpha_sc":0.005668,"beta_oc":-0.07314,"a_ref":0.9351,"I_L_ref":8.654,"I_o_ref":3.75e-10,"R_s":0.27699999999999997,"R_sh_ref":173.83,"Adjust":11.8,"PTC":124.9,"pdc0":140.0,"gamma_pdc":-0.00462,"gamma_r":-0.462}