{"Date":"03.04.2011","Version":"MM107","Technology":"Multi-c-Si","BIPV":"N","A_c":1.026,"N_s":36.0,"T_NOCT":46.8,"I_sc_ref":8.23,"V_oc_ref":21.9,"I_mp_ref":7.66,"V_mp_ref":16.9,"alpha_sc":0.005399,"beta_oc":-0.07182999999999999,"a_ref":0.9128,"I_L_ref":8.244,"I_o_ref":3.09e-10,"R_s":0.315,"R_sh_ref":180.95,"Adjust":10.5,"PTC":115.7,"pdc0":130.0,"gamma_pdc":-0.00462,"gamma_r":-0.462}