{"Date":"03.04.2011","Version":"MM107","Technology":"Multi-c-Si","BIPV":"N","A_c":1.3459999999999999,"N_s":48.0,"T_NOCT":46.8,"I_sc_ref":8.5,"V_oc_ref":29.7,"I_mp_ref":7.94,"V_mp_ref":23.2,"alpha_sc":0.005576,"beta_oc":-0.09742,"a_ref":1.2326,"I_L_ref":8.511000000000001,"I_o_ref":2.89e-10,"R_s":0.374,"R_sh_ref":285.41,"Adjust":9.6,"PTC":165.0,"pdc0":185.0,"gamma_pdc":-0.00462,"gamma_r":-0.462}