{"Date":"5/22/2012","Version":"NRELv1","Technology":"Multi-c-Si","BIPV":"N","A_c":1.6369999999999998,"N_s":60.0,"T_NOCT":47.2,"I_sc_ref":8.48,"V_oc_ref":37.26,"I_mp_ref":7.87,"V_mp_ref":30.54,"alpha_sc":0.00441,"beta_oc":-0.12184,"a_ref":1.5762,"I_L_ref":8.493,"I_o_ref":4.48e-10,"R_s":0.26,"R_sh_ref":164.9,"Adjust":14.32,"PTC":214.6,"pdc0":240.0,"gamma_pdc":-0.00451,"gamma_r":-0.451}