{"Date":"06.01.2013","Version":"NRELv1","Technology":"Multi-c-Si","BIPV":"N","A_c":1.9369999999999998,"N_s":72.0,"T_NOCT":49.0,"I_sc_ref":8.66,"V_oc_ref":45.19,"I_mp_ref":8.01,"V_mp_ref":37.51,"alpha_sc":0.00336,"beta_oc":-0.16065,"a_ref":2.0459,"I_L_ref":8.67,"I_o_ref":2.15e-09,"R_s":0.20800000000000002,"R_sh_ref":183.27,"Adjust":19.32,"PTC":261.1,"pdc0":300.0,"gamma_pdc":-0.005180000000000001,"gamma_r":-0.518}