{"Date":"02.01.2012","Version":"NRELv1","Technology":"Mono-c-Si","BIPV":"N","A_c":1.6369999999999998,"N_s":60.0,"T_NOCT":46.5,"I_sc_ref":8.48,"V_oc_ref":37.26,"I_mp_ref":7.87,"V_mp_ref":30.54,"alpha_sc":0.0022559999999999998,"beta_oc":-0.13278,"a_ref":1.6541,"I_L_ref":8.491,"I_o_ref":1.3699999999999998e-09,"R_s":0.239,"R_sh_ref":184.54,"Adjust":15.02,"PTC":211.7,"pdc0":240.0,"gamma_pdc":-0.00519,"gamma_r":-0.519}