{"Date":"3/30/2011","Version":"MM107","Technology":"Multi-c-Si","BIPV":"N","A_c":1.6269999999999998,"N_s":60.0,"T_NOCT":46.1,"I_sc_ref":8.15,"V_oc_ref":35.5,"I_mp_ref":7.55,"V_mp_ref":29.8,"alpha_sc":0.00489,"beta_oc":-0.11715,"a_ref":1.5359,"I_L_ref":8.158,"I_o_ref":7.25e-10,"R_s":0.14400000000000002,"R_sh_ref":143.69,"Adjust":17.9,"PTC":202.1,"pdc0":225.0,"gamma_pdc":-0.0045000000000000005,"gamma_r":-0.45}