{"Date":"9/15/2011","Version":"MM107","Technology":"Mono-c-Si","BIPV":"N","A_c":1.2770000000000001,"N_s":72.0,"T_NOCT":45.8,"I_sc_ref":5.5,"V_oc_ref":44.5,"I_mp_ref":5.15,"V_mp_ref":35.9,"alpha_sc":0.0022,"beta_oc":-0.1602,"a_ref":1.9164,"I_L_ref":5.505,"I_o_ref":4.4699999999999996e-10,"R_s":0.588,"R_sh_ref":679.04,"Adjust":7.4,"PTC":165.0,"pdc0":185.0,"gamma_pdc":-0.0049,"gamma_r":-0.49}