{"Date":"08.03.2011","Version":"MM107","Technology":"Mono-c-Si","BIPV":"N","A_c":1.2770000000000001,"N_s":72.0,"T_NOCT":45.9,"I_sc_ref":5.2,"V_oc_ref":43.51,"I_mp_ref":4.79,"V_mp_ref":34.45,"alpha_sc":0.001789,"beta_oc":-0.18213,"a_ref":2.0827,"I_L_ref":5.21,"I_o_ref":4.3e-09,"R_s":0.68,"R_sh_ref":355.91,"Adjust":11.6,"PTC":142.3,"pdc0":165.0,"gamma_pdc":-0.00605,"gamma_r":-0.605}