{"Date":"08.03.2011","Version":"MM107","Technology":"Mono-c-Si","BIPV":"N","A_c":1.2770000000000001,"N_s":72.0,"T_NOCT":45.9,"I_sc_ref":5.66,"V_oc_ref":44.71,"I_mp_ref":5.18,"V_mp_ref":36.65,"alpha_sc":0.001947,"beta_oc":-0.18716,"a_ref":2.2,"I_L_ref":5.669,"I_o_ref":8.16e-09,"R_s":0.34700000000000003,"R_sh_ref":224.01,"Adjust":16.9,"PTC":164.7,"pdc0":190.0,"gamma_pdc":-0.00605,"gamma_r":-0.605}