{"Date":"08.03.2011","Version":"MM107","Technology":"Mono-c-Si","BIPV":"N","A_c":1.2770000000000001,"N_s":72.0,"T_NOCT":45.9,"I_sc_ref":5.57,"V_oc_ref":44.47,"I_mp_ref":5.11,"V_mp_ref":36.21,"alpha_sc":0.001916,"beta_oc":-0.18615,"a_ref":2.1746,"I_L_ref":5.579,"I_o_ref":7.1e-09,"R_s":0.41,"R_sh_ref":252.06,"Adjust":15.7,"PTC":160.2,"pdc0":185.0,"gamma_pdc":-0.00605,"gamma_r":-0.605}