{"Date":"08.03.2011","Version":"MM107","Technology":"Mono-c-Si","BIPV":"N","A_c":1.2770000000000001,"N_s":72.0,"T_NOCT":45.9,"I_sc_ref":5.29,"V_oc_ref":43.75,"I_mp_ref":4.87,"V_mp_ref":34.89,"alpha_sc":0.00182,"beta_oc":-0.18314,"a_ref":2.1052,"I_L_ref":5.3,"I_o_ref":4.870000000000001e-09,"R_s":0.61,"R_sh_ref":329.17,"Adjust":12.6,"PTC":146.8,"pdc0":170.0,"gamma_pdc":-0.00605,"gamma_r":-0.605}