{"Date":"08.03.2011","Version":"MM107","Technology":"Mono-c-Si","BIPV":"N","A_c":0.664,"N_s":36.0,"T_NOCT":46.1,"I_sc_ref":5.29,"V_oc_ref":22.2,"I_mp_ref":4.99,"V_mp_ref":18.03,"alpha_sc":0.001957,"beta_oc":-0.09244,"a_ref":1.0242,"I_L_ref":5.295,"I_o_ref":2.04e-09,"R_s":0.25,"R_sh_ref":100000.0,"Adjust":5.3,"PTC":78.6,"pdc0":90.0,"gamma_pdc":-0.005600000000000001,"gamma_r":-0.56}