{"Date":"07.09.2009","Version":"MM106","Technology":"Mono-c-Si","BIPV":"N","A_c":1.2770000000000001,"N_s":72.0,"T_NOCT":47.2,"I_sc_ref":5.21,"V_oc_ref":44.4,"I_mp_ref":4.84,"V_mp_ref":36.2,"alpha_sc":0.002845,"beta_oc":-0.14962999999999999,"a_ref":1.8914,"I_L_ref":5.218,"I_o_ref":3.25e-10,"R_s":0.5429999999999999,"R_sh_ref":350.39,"Adjust":12.2,"PTC":155.9,"pdc0":175.0,"gamma_pdc":-0.00457,"gamma_r":-0.457}