{"Date":"08.12.2010","Version":"MM107","Technology":"Multi-c-Si","BIPV":"N","A_c":1.2770000000000001,"N_s":72.0,"T_NOCT":45.8,"I_sc_ref":4.9,"V_oc_ref":43.3,"I_mp_ref":4.28,"V_mp_ref":35.1,"alpha_sc":0.00245,"beta_oc":-0.13423,"a_ref":1.8430000000000002,"I_L_ref":4.935,"I_o_ref":2.7799999999999997e-10,"R_s":0.626,"R_sh_ref":87.26,"Adjust":21.4,"PTC":135.1,"pdc0":150.0,"gamma_pdc":-0.0043,"gamma_r":-0.43}