{"Date":"08.12.2010","Version":"MM107","Technology":"Multi-c-Si","BIPV":"N","A_c":1.2770000000000001,"N_s":72.0,"T_NOCT":45.8,"I_sc_ref":5.03,"V_oc_ref":43.7,"I_mp_ref":4.51,"V_mp_ref":35.5,"alpha_sc":0.002515,"beta_oc":-0.13547,"a_ref":1.8308,"I_L_ref":5.053999999999999,"I_o_ref":2.03e-10,"R_s":0.606,"R_sh_ref":124.45,"Adjust":18.0,"PTC":144.3,"pdc0":160.0,"gamma_pdc":-0.0043,"gamma_r":-0.43}