{"Date":"08.12.2010","Version":"MM107","Technology":"Multi-c-Si","BIPV":"N","A_c":1.2770000000000001,"N_s":72.0,"T_NOCT":45.8,"I_sc_ref":4.97,"V_oc_ref":43.5,"I_mp_ref":4.39,"V_mp_ref":35.3,"alpha_sc":0.0024850000000000002,"beta_oc":-0.13485,"a_ref":1.8387,"I_L_ref":5.001,"I_o_ref":2.43e-10,"R_s":0.615,"R_sh_ref":99.59,"Adjust":19.9,"PTC":139.7,"pdc0":155.0,"gamma_pdc":-0.0043,"gamma_r":-0.43}