{"Date":"9/23/2009","Version":"MM106","Technology":"Multi-c-Si","BIPV":"N","A_c":1.7,"N_s":96.0,"T_NOCT":47.3,"I_sc_ref":5.28,"V_oc_ref":59.5,"I_mp_ref":4.95,"V_mp_ref":48.6,"alpha_sc":0.002144,"beta_oc":-0.21349,"a_ref":2.5882,"I_L_ref":5.284,"I_o_ref":5.42e-10,"R_s":0.6729999999999999,"R_sh_ref":974.43,"Adjust":9.8,"PTC":211.9,"pdc0":240.0,"gamma_pdc":-0.00493,"gamma_r":-0.493}