{"Date":"08.12.2010","Version":"MM107","Technology":"Multi-c-Si","BIPV":"N","A_c":1.47,"N_s":54.0,"T_NOCT":46.3,"I_sc_ref":8.07,"V_oc_ref":32.7,"I_mp_ref":7.59,"V_mp_ref":26.0,"alpha_sc":0.005649,"beta_oc":-0.11118,"a_ref":1.3855,"I_L_ref":8.073,"I_o_ref":4.52e-10,"R_s":0.35700000000000004,"R_sh_ref":855.95,"Adjust":10.0,"PTC":174.3,"pdc0":195.0,"gamma_pdc":-0.0046,"gamma_r":-0.46}