{"Vac":240.0,"Paco":6450.0,"Pdco":6768.45,"Vdco":275.0,"Pso":40.458,"C0":-4.4224e-06,"C1":6.99798e-06,"C2":0.0009627419999999999,"C3":-6.23102e-05,"Pnt":0.65,"Vdcmax":400.0,"Mppt_low":100.0,"Mppt_high":400.0}