{"Vac":208.0,"Paco":6430.0,"Pdco":6788.03,"Vdco":275.0,"Pso":40.2126,"C0":-5.017390000000001e-06,"C1":7.40617e-06,"C2":0.0006937569999999999,"C3":-0.00021804,"Pnt":0.5,"Vdcmax":400.0,"Mppt_low":100.0,"Mppt_high":400.0}