{"Vac":208.0,"Paco":4400.0,"Pdco":4607.05,"Vdco":275.0,"Pso":36.746,"C0":-6.81678e-06,"C1":2.5068e-05,"C2":0.000845948,"C3":-0.00053282,"Pnt":0.47,"Vdcmax":400.0,"Mppt_low":100.0,"Mppt_high":400.0}