{"Vac":240.0,"Paco":7450.0,"Pdco":7839.26,"Vdco":275.0,"Pso":39.298,"C0":-4.3145e-06,"C1":8.8913e-06,"C2":0.00090322,"C3":-0.00011556799999999999,"Pnt":0.68,"Vdcmax":400.0,"Mppt_low":100.0,"Mppt_high":400.0}