{"Vac":277.0,"Paco":6450.0,"Pdco":6739.56,"Vdco":275.0,"Pso":39.3831,"C0":-4.05294e-06,"C1":9.00388e-06,"C2":0.00084427,"C3":-0.000145076,"Pnt":0.9,"Vdcmax":400.0,"Mppt_low":100.0,"Mppt_high":400.0}