{"Vac":277.0,"Paco":7460.0,"Pdco":7817.73,"Vdco":275.0,"Pso":40.1108,"C0":-3.9847900000000005e-06,"C1":7.78621e-06,"C2":0.00088292,"C3":-0.00013849200000000002,"Pnt":0.9,"Vdcmax":400.0,"Mppt_low":100.0,"Mppt_high":400.0}