{"Vac":240.0,"Paco":4020.0,"Pdco":4220.62,"Vdco":275.0,"Pso":34.4602,"C0":-8.40262e-06,"C1":2.0776599999999997e-05,"C2":0.0009497339999999999,"C3":-0.00010292600000000001,"Pnt":0.47,"Vdcmax":400.0,"Mppt_low":100.0,"Mppt_high":400.0}