{"Vac":208.0,"Paco":2810.0,"Pdco":2940.95,"Vdco":275.0,"Pso":34.0447,"C0":-8.86497e-06,"C1":2.37474e-05,"C2":0.0008856039999999999,"C3":-0.00036504800000000003,"Pnt":0.35,"Vdcmax":400.0,"Mppt_low":100.0,"Mppt_high":400.0}