{"Vac":240.0,"Paco":3010.0,"Pdco":3139.83,"Vdco":275.0,"Pso":34.1567,"C0":-8.915239999999998e-06,"C1":2.33154e-05,"C2":0.00101387,"C3":-3.89018e-05,"Pnt":0.47,"Vdcmax":400.0,"Mppt_low":100.0,"Mppt_high":400.0}