{"Vac":208.0,"Paco":3510.0,"Pdco":3690.75,"Vdco":275.0,"Pso":35.8589,"C0":-9.65172e-06,"C1":2.34369e-05,"C2":0.000970827,"C3":-4.30112e-05,"Pnt":0.35,"Vdcmax":400.0,"Mppt_low":100.0,"Mppt_high":400.0}