{"Vac":240.0,"Paco":250.0,"Pdco":259.492,"Vdco":40.0,"Pso":2.24041,"C0":-3.92389e-05,"C1":-0.000132459,"C2":0.00241784,"C3":-0.0149263,"Pnt":0.05,"Vdcmax":50.0,"Mppt_low":30.0,"Mppt_high":50.0}