{"Vac":240.0,"Paco":3800.0,"Pdco":3950.15,"Vdco":340.0,"Pso":26.9805,"C0":-3.28785e-06,"C1":-2.41866e-05,"C2":0.000674837,"C3":0.00050965,"Pnt":0.16,"Vdcmax":480.0,"Mppt_low":100.0,"Mppt_high":480.0}