{"Vac":277.0,"Paco":4200.0,"Pdco":4347.0,"Vdco":395.0,"Pso":28.9073,"C0":-3.25995e-06,"C1":-3.5679800000000004e-05,"C2":-0.00032288,"C3":1.1280699999999999e-05,"Pnt":0.2,"Vdcmax":480.0,"Mppt_low":100.0,"Mppt_high":480.0}