{"Vac":208.0,"Paco":10000.0,"Pdco":10488.3,"Vdco":320.0,"Pso":46.8638,"C0":-2.7758999999999995e-06,"C1":-3.60062e-05,"C2":0.000305465,"C3":-0.00235134,"Pnt":0.1,"Vdcmax":416.0,"Mppt_low":220.0,"Mppt_high":416.0}