{"Vac":240.0,"Paco":3600.0,"Pdco":3796.74,"Vdco":380.0,"Pso":43.7257,"C0":-6.998680000000001e-06,"C1":-2.2529299999999998e-05,"C2":0.000484105,"C3":0.000192515,"Pnt":0.34,"Vdcmax":480.0,"Mppt_low":100.0,"Mppt_high":480.0}