{"Vac":208.0,"Paco":3300.0,"Pdco":3498.84,"Vdco":380.0,"Pso":40.2534,"C0":-8.24675e-06,"C1":-1.7646400000000003e-06,"C2":0.0008228360000000001,"C3":7.92701e-05,"Pnt":0.24,"Vdcmax":480.0,"Mppt_low":100.0,"Mppt_high":480.0}