{"Vac":208.0,"Paco":3800.0,"Pdco":3931.93,"Vdco":395.0,"Pso":29.7428,"C0":-2.8225599999999996e-06,"C1":-3.8211e-05,"C2":1.8531e-05,"C3":-2.19758e-05,"Pnt":0.22,"Vdcmax":480.0,"Mppt_low":100.0,"Mppt_high":480.0}