{"Vac":240.0,"Paco":3000.0,"Pdco":3320.74,"Vdco":380.0,"Pso":36.891999999999996,"C0":-1.66191e-05,"C1":-2.35455e-05,"C2":0.000366587,"C3":0.00018408200000000002,"Pnt":0.4,"Vdcmax":480.0,"Mppt_low":100.0,"Mppt_high":480.0}