{"Vac":277.0,"Paco":3800.0,"Pdco":3926.4,"Vdco":362.0,"Pso":26.3039,"C0":-3.3337900000000003e-06,"C1":-2.4437800000000002e-05,"C2":0.0007809010000000001,"C3":-0.000564513,"Pnt":0.1,"Vdcmax":416.0,"Mppt_low":100.0,"Mppt_high":416.0}