{"Vac":240.0,"Paco":3600.0,"Pdco":3739.76,"Vdco":340.0,"Pso":22.8147,"C0":-3.04834e-06,"C1":-1.8375999999999998e-05,"C2":0.000483035,"C3":0.00102339,"Pnt":0.2,"Vdcmax":480.0,"Mppt_low":100.0,"Mppt_high":480.0}