{"Vac":480.0,"Paco":50000.0,"Pdco":52623.7,"Vdco":370.0,"Pso":453.716,"C0":-5.74517e-07,"C1":2.04973e-05,"C2":0.0007269360000000001,"C3":8.62276e-05,"Pnt":41.0,"Vdcmax":480.0,"Mppt_low":330.0,"Mppt_high":480.0}