{"Vac":208.0,"Paco":3000.0,"Pdco":3142.3,"Vdco":310.0,"Pso":18.1663,"C0":-8.03949e-06,"C1":-1.10253e-05,"C2":0.00099853,"C3":-0.00028723599999999996,"Pnt":0.1,"Vdcmax":480.0,"Mppt_low":100.0,"Mppt_high":480.0}