{"Vac":208.0,"Paco":4200.0,"Pdco":4393.71,"Vdco":310.0,"Pso":24.8962,"C0":-4.91796e-06,"C1":-2.67178e-06,"C2":0.0007787889999999999,"C3":0.000382371,"Pnt":0.1,"Vdcmax":480.0,"Mppt_low":100.0,"Mppt_high":480.0}