{"Vac":240.0,"Paco":5000.0,"Pdco":5190.29,"Vdco":345.0,"Pso":32.0358,"C0":-3.5480800000000007e-06,"C1":-1.0459200000000001e-05,"C2":0.000444984,"C3":-0.000412078,"Pnt":0.24,"Vdcmax":480.0,"Mppt_low":100.0,"Mppt_high":480.0}