{"Vac":208.0,"Paco":2700.0,"Pdco":3027.38,"Vdco":330.0,"Pso":34.4622,"C0":-2.15744e-05,"C1":-3.63365e-07,"C2":0.00125033,"C3":0.000405058,"Pnt":0.4,"Vdcmax":480.0,"Mppt_low":100.0,"Mppt_high":480.0}