{"Vac":240.0,"Paco":3600.0,"Pdco":3781.18,"Vdco":380.0,"Pso":39.0311,"C0":-6.34823e-06,"C1":-1.9604e-05,"C2":0.000519479,"C3":0.000370185,"Pnt":0.34,"Vdcmax":480.0,"Mppt_low":100.0,"Mppt_high":480.0}