{"Vac":277.0,"Paco":3000.0,"Pdco":3106.85,"Vdco":390.0,"Pso":22.0451,"C0":-5.46447e-06,"C1":-3.3182399999999996e-05,"C2":-3.23811e-05,"C3":-0.00118015,"Pnt":0.2,"Vdcmax":480.0,"Mppt_low":100.0,"Mppt_high":480.0}