{"Vac":240.0,"Paco":4200.0,"Pdco":4370.72,"Vdco":340.0,"Pso":27.7949,"C0":-4.09244e-06,"C1":-2.2856799999999998e-05,"C2":7.46174e-05,"C3":-0.000310393,"Pnt":0.2,"Vdcmax":480.0,"Mppt_low":100.0,"Mppt_high":480.0}