{"Vac":208.0,"Paco":4600.0,"Pdco":4801.02,"Vdco":310.0,"Pso":24.3165,"C0":-4.6299e-06,"C1":-2.7890500000000003e-05,"C2":0.000934047,"C3":-0.00209365,"Pnt":0.1,"Vdcmax":416.0,"Mppt_low":100.0,"Mppt_high":416.0}