{"Vac":240.0,"Paco":4600.0,"Pdco":4772.68,"Vdco":340.0,"Pso":24.5311,"C0":-3.3149300000000006e-06,"C1":-3.24056e-05,"C2":0.000545465,"C3":-0.00277347,"Pnt":0.1,"Vdcmax":416.0,"Mppt_low":100.0,"Mppt_high":416.0}