{"Vac":690.0,"Paco":780000.0,"Pdco":812838.0,"Vdco":746.0,"Pso":3171.66,"C0":-3.0577099999999995e-08,"C1":-5.41466e-05,"C2":-0.000577091,"C3":-0.00119072,"Pnt":302.0,"Vdcmax":800.0,"Mppt_low":585.0,"Mppt_high":800.0}