{"Vac":690.0,"Paco":1154000.0,"Pdco":1199390.0,"Vdco":746.0,"Pso":5365.19,"C0":-2.25791e-08,"C1":-4.900979999999999e-05,"C2":-0.000293564,"C3":-0.0006652089999999999,"Pnt":329.0,"Vdcmax":800.0,"Mppt_low":585.0,"Mppt_high":800.0}