{"Vac":690.0,"Paco":750000.0,"Pdco":782179.0,"Vdco":746.0,"Pso":3196.54,"C0":-3.485419999999999e-08,"C1":-4.86161e-05,"C2":-0.00048719999999999997,"C3":-0.000864992,"Pnt":301.7,"Vdcmax":800.0,"Mppt_low":585.0,"Mppt_high":800.0}