{"Vac":690.0,"Paco":1170000.0,"Pdco":1215130.0,"Vdco":746.0,"Pso":5076.04,"C0":-2.2660400000000004e-08,"C1":-4.3144799999999994e-05,"C2":-0.000559658,"C3":-0.0007289439999999999,"Pnt":381.6,"Vdcmax":800.0,"Mppt_low":585.0,"Mppt_high":800.0}