{"Vac":690.0,"Paco":1550000.0,"Pdco":1609780.0,"Vdco":746.0,"Pso":6686.95,"C0":-1.68279e-08,"C1":-5.43586e-05,"C2":-0.0008242260000000001,"C3":-0.00163944,"Pnt":374.0,"Vdcmax":800.0,"Mppt_low":585.0,"Mppt_high":800.0}