{"Vac":240.0,"Paco":2500.0,"Pdco":2602.26,"Vdco":340.0,"Pso":27.0527,"C0":-1.01194e-05,"C1":-4.51646e-05,"C2":0.000886315,"C3":-0.0019289,"Pnt":0.4,"Vdcmax":416.0,"Mppt_low":100.0,"Mppt_high":416.0}