{"Vac":240.0,"Paco":7600.0,"Pdco":7838.66,"Vdco":380.0,"Pso":37.4771,"C0":-1.6702200000000002e-06,"C1":-3.98255e-05,"C2":-0.000251364,"C3":-0.000441252,"Pnt":1.4,"Vdcmax":480.0,"Mppt_low":100.0,"Mppt_high":480.0}