{"Vac":208.0,"Paco":2000.0,"Pdco":2089.76,"Vdco":330.0,"Pso":25.9825,"C0":-1.3001199999999998e-05,"C1":-2.93744e-05,"C2":0.00122274,"C3":-0.00138133,"Pnt":0.4,"Vdcmax":416.0,"Mppt_low":100.0,"Mppt_high":416.0}