{"Vac":277.0,"Paco":8600.0,"Pdco":8875.33,"Vdco":380.0,"Pso":36.7269,"C0":-1.4899899999999999e-06,"C1":-4.11489e-05,"C2":-0.00019150099999999998,"C3":-0.000372964,"Pnt":1.4,"Vdcmax":480.0,"Mppt_low":100.0,"Mppt_high":480.0}