{"Vac":277.0,"Paco":2500.0,"Pdco":2592.47,"Vdco":360.0,"Pso":28.3587,"C0":-8.16325e-06,"C1":-4.48364e-05,"C2":0.000410046,"C3":-0.00252362,"Pnt":0.5,"Vdcmax":416.0,"Mppt_low":100.0,"Mppt_high":416.0}