{"Technology":"Multi-c-Si","BIPV":"N","A_c":1.8719999999999999,"N_s":72.0,"T_NOCT":46.7,"PTC":282.4,"pdc0":310.0,"gamma_pdc":-0.0040100000000000005}