{"Technology":"Multi-c-Si","BIPV":"N","A_c":1.8719999999999999,"N_s":72.0,"T_NOCT":46.7,"PTC":296.5,"pdc0":325.0,"gamma_pdc":-0.0040100000000000005}