{"Technology":"Multi-c-Si","BIPV":"N","A_c":1.9340000000000002,"N_s":72.0,"T_NOCT":47.1,"PTC":288.7,"pdc0":320.0,"gamma_pdc":-0.004314}