{"Technology":"Mono-c-Si","BIPV":"N","A_c":1.9340000000000002,"N_s":72.0,"T_NOCT":46.1,"PTC":300.0,"pdc0":330.0,"gamma_pdc":-0.004234}