{"Technology":"Multi-c-Si","BIPV":"N","A_c":1.9269999999999998,"N_s":72.0,"T_NOCT":46.3,"PTC":275.7,"pdc0":305.0,"gamma_pdc":-0.004348}