{"Technology":"Multi-c-Si","BIPV":"N","A_c":1.6269999999999998,"N_s":60.0,"T_NOCT":44.2,"PTC":227.5,"pdc0":250.0,"gamma_pdc":-0.004472}