{"Technology":"Multi-c-Si","BIPV":"N","A_c":1.9269999999999998,"N_s":72.0,"T_NOCT":46.7,"PTC":314.3,"pdc0":345.0,"gamma_pdc":-0.004097}