{"Technology":"Mono-c-Si","BIPV":"N","A_c":1.9340000000000002,"N_s":72.0,"T_NOCT":46.1,"PTC":309.4,"pdc0":340.0,"gamma_pdc":-0.004234}