{"Technology":"Mono-c-Si","BIPV":"N","A_c":1.9269999999999998,"N_s":72.0,"T_NOCT":46.8,"PTC":279.7,"pdc0":310.0,"gamma_pdc":-0.004348}