{"Date":"4/28/2008","Version":"MM105","Technology":"Mono-c-Si","BIPV":"Y","A_c":0.35100000000000003,"N_s":22.0,"T_NOCT":57.4,"I_sc_ref":5.5,"V_oc_ref":14.5,"I_mp_ref":5.3,"V_mp_ref":11.9,"alpha_sc":0.001749,"beta_oc":-0.040310000000000006,"a_ref":0.5497,"I_L_ref":5.566,"I_o_ref":1.95e-11,"R_s":0.175,"R_sh_ref":100000.0,"Adjust":8.2,"PTC":55.1,"pdc0":63.0,"gamma_pdc":-0.00385,"gamma_r":-0.385}