{"Date":"7/15/2009","Version":"MM106","Technology":"Mono-c-Si","BIPV":"N","A_c":1.631,"N_s":96.0,"T_NOCT":46.0,"I_sc_ref":5.96,"V_oc_ref":64.2,"I_mp_ref":5.58,"V_mp_ref":54.7,"alpha_sc":0.003677,"beta_oc":-0.17507,"a_ref":2.576,"I_L_ref":5.962999999999999,"I_o_ref":8.750000000000001e-11,"R_s":0.276,"R_sh_ref":474.56,"Adjust":23.5,"PTC":280.6,"pdc0":305.0,"gamma_pdc":-0.00386,"gamma_r":-0.386}