{"Date":"03.02.2011","Version":"MM107","Technology":"Multi-c-Si","BIPV":"N","A_c":1.625,"N_s":60.0,"T_NOCT":44.6,"I_sc_ref":8.48,"V_oc_ref":36.96,"I_mp_ref":7.99,"V_mp_ref":29.42,"alpha_sc":0.003982,"beta_oc":-0.12711,"a_ref":1.5515,"I_L_ref":8.482000000000001,"I_o_ref":3.8199999999999997e-10,"R_s":0.382,"R_sh_ref":1395.35,"Adjust":7.1,"PTC":212.0,"pdc0":235.0,"gamma_pdc":-0.004710000000000001,"gamma_r":-0.47100000000000003}