{"Date":"1/14/2013","Version":"NRELv1","Technology":"Mono-c-Si","BIPV":"N","A_c":1.631,"N_s":96.0,"T_NOCT":46.0,"I_sc_ref":6.14,"V_oc_ref":64.6,"I_mp_ref":5.76,"V_mp_ref":54.7,"alpha_sc":0.004298,"beta_oc":-0.22998000000000002,"a_ref":2.6564,"I_L_ref":6.143,"I_o_ref":1.66e-10,"R_s":0.31,"R_sh_ref":571.72,"Adjust":-0.8246,"PTC":290.0,"pdc0":315.0,"gamma_pdc":-0.00386,"gamma_r":-0.386}