{"Date":"1/14/2013","Version":"NRELv1","Technology":"Mono-c-Si","BIPV":"N","A_c":1.631,"N_s":96.0,"T_NOCT":44.5,"I_sc_ref":6.39,"V_oc_ref":68.2,"I_mp_ref":6.02,"V_mp_ref":57.3,"alpha_sc":0.0044729999999999995,"beta_oc":-0.24279,"a_ref":2.7959,"I_L_ref":6.393,"I_o_ref":1.6099999999999999e-10,"R_s":0.401,"R_sh_ref":858.14,"Adjust":-1.385,"PTC":320.2,"pdc0":345.0,"gamma_pdc":-0.0039000000000000003,"gamma_r":-0.39}