{"Date":"04.02.2013","Version":"NRELv1","Technology":"Mono-c-Si","BIPV":"N","A_c":1.631,"N_s":96.0,"T_NOCT":46.0,"I_sc_ref":6.46,"V_oc_ref":65.1,"I_mp_ref":5.98,"V_mp_ref":54.7,"alpha_sc":0.003988,"beta_oc":-0.17753,"a_ref":2.6084,"I_L_ref":6.468999999999999,"I_o_ref":9.04e-11,"R_s":0.39899999999999997,"R_sh_ref":285.43,"Adjust":23.26,"PTC":301.4,"pdc0":327.0,"gamma_pdc":-0.00386,"gamma_r":-0.386}