{"Date":"03.02.2011","Version":"MM107","Technology":"Mono-c-Si","BIPV":"N","A_c":1.631,"N_s":96.0,"T_NOCT":46.0,"I_sc_ref":6.02,"V_oc_ref":64.3,"I_mp_ref":5.64,"V_mp_ref":54.7,"alpha_sc":0.0037170000000000003,"beta_oc":-0.17535,"a_ref":2.5769,"I_L_ref":6.024,"I_o_ref":8.579999999999999e-11,"R_s":0.29100000000000004,"R_sh_ref":490.33,"Adjust":23.2,"PTC":283.4,"pdc0":308.0,"gamma_pdc":-0.00386,"gamma_r":-0.386}