{"Date":"07.12.2010","Version":"MM107","Technology":"Mono-c-Si","BIPV":"N","A_c":1.244,"N_s":72.0,"T_NOCT":44.7,"I_sc_ref":5.8,"V_oc_ref":48.3,"I_mp_ref":5.4,"V_mp_ref":39.8,"alpha_sc":0.002082,"beta_oc":-0.13485,"a_ref":1.8765,"I_L_ref":5.81,"I_o_ref":3.75e-11,"R_s":0.514,"R_sh_ref":298.63,"Adjust":13.2,"PTC":198.3,"pdc0":215.0,"gamma_pdc":-0.0039000000000000003,"gamma_r":-0.39}