{"Date":"1/14/2013","Version":"NRELv1","Technology":"Mono-c-Si","BIPV":"N","A_c":2.162,"N_s":128.0,"T_NOCT":44.6,"I_sc_ref":6.43,"V_oc_ref":85.6,"I_mp_ref":5.97,"V_mp_ref":72.9,"alpha_sc":0.004501,"beta_oc":-0.30474,"a_ref":3.6905,"I_L_ref":6.434,"I_o_ref":5.28e-10,"R_s":0.252,"R_sh_ref":456.33,"Adjust":8.562000000000001,"PTC":400.2,"pdc0":435.0,"gamma_pdc":-0.00424,"gamma_r":-0.424}