{"Date":"04.02.2013","Version":"NRELv1","Technology":"Mono-c-Si","BIPV":"N","A_c":1.631,"N_s":96.0,"T_NOCT":46.0,"I_sc_ref":6.24,"V_oc_ref":64.8,"I_mp_ref":5.86,"V_mp_ref":54.7,"alpha_sc":0.003853,"beta_oc":-0.17670999999999998,"a_ref":2.582,"I_L_ref":6.244,"I_o_ref":7.73e-11,"R_s":0.369,"R_sh_ref":564.98,"Adjust":21.99,"PTC":294.8,"pdc0":320.0,"gamma_pdc":-0.00386,"gamma_r":-0.386}