{"Date":"06.01.2013","Version":"NRELv1","Technology":"Mono-c-Si","BIPV":"N","A_c":1.244,"N_s":72.0,"T_NOCT":50.3,"I_sc_ref":6.43,"V_oc_ref":48.8,"I_mp_ref":6.05,"V_mp_ref":40.5,"alpha_sc":0.002508,"beta_oc":-0.12395,"a_ref":1.7516,"I_L_ref":6.438,"I_o_ref":5.019999999999999e-12,"R_s":0.467,"R_sh_ref":390.63,"Adjust":5.044,"PTC":225.5,"pdc0":245.0,"gamma_pdc":-0.0032400000000000003,"gamma_r":-0.324}