{"Date":"1/14/2013","Version":"NRELv1","Technology":"Mono-c-Si","BIPV":"N","A_c":1.244,"N_s":72.0,"T_NOCT":44.5,"I_sc_ref":6.2,"V_oc_ref":50.93,"I_mp_ref":5.84,"V_mp_ref":42.8,"alpha_sc":0.00434,"beta_oc":-0.18132,"a_ref":2.0882,"I_L_ref":6.202999999999999,"I_o_ref":1.56e-10,"R_s":0.307,"R_sh_ref":661.08,"Adjust":-1.369,"PTC":231.7,"pdc0":250.0,"gamma_pdc":-0.0039000000000000003,"gamma_r":-0.39}