{"Date":"01.05.2012","Version":"NRELv1","Technology":"Mono-c-Si","BIPV":"N","A_c":1.244,"N_s":72.0,"T_NOCT":50.3,"I_sc_ref":6.18,"V_oc_ref":48.4,"I_mp_ref":5.8,"V_mp_ref":40.5,"alpha_sc":0.0024100000000000002,"beta_oc":-0.12294000000000001,"a_ref":1.7466,"I_L_ref":6.188,"I_o_ref":5.58e-12,"R_s":0.41600000000000004,"R_sh_ref":338.42,"Adjust":6.309,"PTC":216.0,"pdc0":235.0,"gamma_pdc":-0.0032400000000000003,"gamma_r":-0.324}