{"Date":"02.11.2010","Version":"MM107","Technology":"Mono-c-Si","BIPV":"N","A_c":1.244,"N_s":72.0,"T_NOCT":48.1,"I_sc_ref":5.61,"V_oc_ref":47.4,"I_mp_ref":5.23,"V_mp_ref":39.8,"alpha_sc":0.002412,"beta_oc":-0.13835999999999998,"a_ref":1.8723,"I_L_ref":5.6160000000000005,"I_o_ref":5.529999999999999e-11,"R_s":0.35200000000000004,"R_sh_ref":309.67,"Adjust":11.9,"PTC":188.9,"pdc0":208.0,"gamma_pdc":-0.0038799999999999998,"gamma_r":-0.38799999999999996}