{"Date":"01.05.2012","Version":"NRELv1","Technology":"Mono-c-Si","BIPV":"N","A_c":1.244,"N_s":72.0,"T_NOCT":50.3,"I_sc_ref":6.05,"V_oc_ref":48.2,"I_mp_ref":5.68,"V_mp_ref":40.5,"alpha_sc":0.00236,"beta_oc":-0.12145999999999998,"a_ref":1.7563,"I_L_ref":6.057,"I_o_ref":7.14e-12,"R_s":0.384,"R_sh_ref":351.97,"Adjust":9.516,"PTC":210.9,"pdc0":230.0,"gamma_pdc":-0.00331,"gamma_r":-0.331}