{"Date":"04.06.2011","Version":"MM107","Technology":"Mono-c-Si","BIPV":"N","A_c":1.244,"N_s":72.0,"T_NOCT":46.0,"I_sc_ref":5.93,"V_oc_ref":48.0,"I_mp_ref":5.55,"V_mp_ref":40.5,"alpha_sc":0.000949,"beta_oc":-0.1488,"a_ref":1.935,"I_L_ref":5.935,"I_o_ref":9.78e-11,"R_s":0.28300000000000003,"R_sh_ref":369.22,"Adjust":10.1,"PTC":204.7,"pdc0":225.0,"gamma_pdc":-0.0043,"gamma_r":-0.43}