{"Date":"6/16/2011","Version":"MM107","Technology":"Mono-c-Si","BIPV":"N","A_c":2.0669999999999997,"N_s":128.0,"T_NOCT":45.8,"I_sc_ref":6.01,"V_oc_ref":85.3,"I_mp_ref":5.62,"V_mp_ref":72.9,"alpha_sc":0.0018030000000000001,"beta_oc":-0.23031,"a_ref":3.2025,"I_L_ref":6.015,"I_o_ref":1.58e-11,"R_s":0.40700000000000003,"R_sh_ref":514.64,"Adjust":9.0,"PTC":380.4,"pdc0":410.0,"gamma_pdc":-0.0035299999999999997,"gamma_r":-0.353}