{"Date":"12/27/2012","Version":"NRELv1","Technology":"Mono-c-Si","BIPV":"N","A_c":1.244,"N_s":72.0,"T_NOCT":44.5,"I_sc_ref":6.2,"V_oc_ref":50.93,"I_mp_ref":5.84,"V_mp_ref":42.8,"alpha_sc":0.000825,"beta_oc":-0.14822000000000002,"a_ref":1.9386,"I_L_ref":6.205,"I_o_ref":2.38e-11,"R_s":0.36200000000000004,"R_sh_ref":498.44,"Adjust":4.534,"PTC":231.7,"pdc0":250.0,"gamma_pdc":-0.0039000000000000003,"gamma_r":-0.39}