{"Date":"7/15/2009","Version":"MM106","Technology":"Mono-c-Si","BIPV":"N","A_c":1.631,"N_s":96.0,"T_NOCT":46.0,"I_sc_ref":5.83,"V_oc_ref":62.1,"I_mp_ref":5.45,"V_mp_ref":53.3,"alpha_sc":0.003597,"beta_oc":-0.16935,"a_ref":2.5039,"I_L_ref":5.832999999999999,"I_o_ref":9.640000000000001e-11,"R_s":0.18899999999999997,"R_sh_ref":426.49,"Adjust":24.7,"PTC":266.4,"pdc0":290.0,"gamma_pdc":-0.00386,"gamma_r":-0.386}