{"Date":"03.04.2011","Version":"MM107","Technology":"Mono-c-Si","BIPV":"N","A_c":1.631,"N_s":96.0,"T_NOCT":46.0,"I_sc_ref":6.46,"V_oc_ref":65.1,"I_mp_ref":5.98,"V_mp_ref":54.7,"alpha_sc":0.003988,"beta_oc":-0.17753,"a_ref":2.6098,"I_L_ref":6.468999999999999,"I_o_ref":9.16e-11,"R_s":0.39799999999999996,"R_sh_ref":285.64,"Adjust":23.2,"PTC":301.4,"pdc0":327.0,"gamma_pdc":-0.00386,"gamma_r":-0.386}