{"Date":"05.01.2013","Version":"NRELv1","Technology":"Mono-c-Si","BIPV":"N","A_c":1.631,"N_s":96.0,"T_NOCT":46.0,"I_sc_ref":6.05,"V_oc_ref":64.4,"I_mp_ref":5.67,"V_mp_ref":54.7,"alpha_sc":0.003735,"beta_oc":-0.17562,"a_ref":2.5773,"I_L_ref":6.053999999999999,"I_o_ref":8.34e-11,"R_s":0.308,"R_sh_ref":499.93,"Adjust":23.05,"PTC":285.3,"pdc0":310.0,"gamma_pdc":-0.00386,"gamma_r":-0.386}