{"Date":"07.09.2009","Version":"MM106","Technology":"Mono-c-Si","BIPV":"N","A_c":1.244,"N_s":72.0,"T_NOCT":48.1,"I_sc_ref":5.4,"V_oc_ref":47.8,"I_mp_ref":5.0,"V_mp_ref":40.0,"alpha_sc":0.002322,"beta_oc":-0.13953,"a_ref":1.8918,"I_L_ref":5.409,"I_o_ref":5.55e-11,"R_s":0.397,"R_sh_ref":251.02,"Adjust":12.3,"PTC":181.5,"pdc0":200.0,"gamma_pdc":-0.0038799999999999998,"gamma_r":-0.38799999999999996}