{"Date":"04.02.2013","Version":"NRELv1","Technology":"Mono-c-Si","BIPV":"N","A_c":1.631,"N_s":96.0,"T_NOCT":46.0,"I_sc_ref":5.83,"V_oc_ref":63.3,"I_mp_ref":5.45,"V_mp_ref":54.2,"alpha_sc":0.003599,"beta_oc":-0.17262,"a_ref":2.5477,"I_L_ref":5.832999999999999,"I_o_ref":9.21e-11,"R_s":0.22,"R_sh_ref":436.96,"Adjust":24.44,"PTC":271.1,"pdc0":295.0,"gamma_pdc":-0.00386,"gamma_r":-0.386}