{"Date":"6/17/2011","Version":"MM107","Technology":"Mono-c-Si","BIPV":"N","A_c":2.162,"N_s":128.0,"T_NOCT":45.8,"I_sc_ref":6.09,"V_oc_ref":85.3,"I_mp_ref":5.69,"V_mp_ref":72.9,"alpha_sc":0.00187,"beta_oc":-0.19534,"a_ref":3.1827,"I_L_ref":6.095,"I_o_ref":1.3599999999999999e-11,"R_s":0.409,"R_sh_ref":485.09,"Adjust":26.9,"PTC":385.2,"pdc0":415.0,"gamma_pdc":-0.0035299999999999997,"gamma_r":-0.353}