{"Date":"07.09.2009","Version":"MM106","Technology":"Mono-c-Si","BIPV":"N","A_c":1.244,"N_s":72.0,"T_NOCT":48.1,"I_sc_ref":5.95,"V_oc_ref":48.3,"I_mp_ref":5.53,"V_mp_ref":39.8,"alpha_sc":0.002559,"beta_oc":-0.14099,"a_ref":1.8912,"I_L_ref":5.961,"I_o_ref":4.6899999999999994e-11,"R_s":0.496,"R_sh_ref":273.61,"Adjust":9.9,"PTC":200.2,"pdc0":220.0,"gamma_pdc":-0.0038799999999999998,"gamma_r":-0.38799999999999996}