{"Date":"07.12.2010","Version":"MM107","Technology":"Mono-c-Si","BIPV":"N","A_c":1.244,"N_s":72.0,"T_NOCT":44.7,"I_sc_ref":5.65,"V_oc_ref":47.8,"I_mp_ref":5.25,"V_mp_ref":40.0,"alpha_sc":0.0020280000000000003,"beta_oc":-0.13346,"a_ref":1.8747,"I_L_ref":5.6579999999999995,"I_o_ref":4.63e-11,"R_s":0.386,"R_sh_ref":269.68,"Adjust":15.4,"PTC":193.5,"pdc0":210.0,"gamma_pdc":-0.0039000000000000003,"gamma_r":-0.39}