{"Date":"07.12.2010","Version":"MM107","Technology":"Mono-c-Si","BIPV":"N","A_c":2.162,"N_s":128.0,"T_NOCT":45.8,"I_sc_ref":5.72,"V_oc_ref":85.3,"I_mp_ref":5.35,"V_mp_ref":72.9,"alpha_sc":0.001756,"beta_oc":-0.19534,"a_ref":3.1815,"I_L_ref":5.725,"I_o_ref":1.26e-11,"R_s":0.436,"R_sh_ref":540.09,"Adjust":26.8,"PTC":361.4,"pdc0":390.0,"gamma_pdc":-0.0035299999999999997,"gamma_r":-0.353}