{"Date":"04.02.2013","Version":"NRELv1","Technology":"Mono-c-Si","BIPV":"N","A_c":2.162,"N_s":128.0,"T_NOCT":44.5,"I_sc_ref":6.21,"V_oc_ref":90.5,"I_mp_ref":5.8,"V_mp_ref":76.7,"alpha_sc":0.000826,"beta_oc":-0.26336,"a_ref":3.4767,"I_L_ref":6.216,"I_o_ref":3e-11,"R_s":0.509,"R_sh_ref":534.63,"Adjust":6.53,"PTC":412.7,"pdc0":445.0,"gamma_pdc":-0.0039000000000000003,"gamma_r":-0.39}