{"Date":"12/27/2012","Version":"NRELv1","Technology":"Mono-c-Si","BIPV":"N","A_c":1.631,"N_s":96.0,"T_NOCT":44.5,"I_sc_ref":6.37,"V_oc_ref":68.11,"I_mp_ref":5.99,"V_mp_ref":57.3,"alpha_sc":0.0008470000000000001,"beta_oc":-0.19821,"a_ref":2.5964,"I_L_ref":6.375,"I_o_ref":2.5300000000000002e-11,"R_s":0.45899999999999996,"R_sh_ref":574.62,"Adjust":4.853,"PTC":318.3,"pdc0":343.0,"gamma_pdc":-0.0039000000000000003,"gamma_r":-0.39}