{"Date":"7/15/2009","Version":"MM106","Technology":"Mono-c-Si","BIPV":"N","A_c":1.631,"N_s":96.0,"T_NOCT":46.0,"I_sc_ref":6.14,"V_oc_ref":64.6,"I_mp_ref":5.76,"V_mp_ref":54.7,"alpha_sc":0.003788,"beta_oc":-0.17615999999999998,"a_ref":2.5804,"I_L_ref":6.144,"I_o_ref":8.080000000000001e-11,"R_s":0.33899999999999997,"R_sh_ref":529.37,"Adjust":22.4,"PTC":290.0,"pdc0":315.0,"gamma_pdc":-0.00386,"gamma_r":-0.386}