{"Date":"07.01.2014","Version":"NRELv1","Technology":"Mono-c-Si","BIPV":"N","A_c":1.591,"N_s":60.0,"T_NOCT":46.8,"I_sc_ref":8.99,"V_oc_ref":38.5,"I_mp_ref":8.52,"V_mp_ref":32.3,"alpha_sc":0.0026969999999999997,"beta_oc":-0.1155,"a_ref":1.5731,"I_L_ref":8.992,"I_o_ref":2.1000000000000002e-10,"R_s":0.168,"R_sh_ref":856.36,"Adjust":16.94,"PTC":248.3,"pdc0":275.0,"gamma_pdc":-0.0044,"gamma_r":-0.44}