{"Date":"6/14/2010","Version":"MM107","Technology":"Mono-c-Si","BIPV":"N","A_c":1.28,"N_s":72.0,"T_NOCT":48.1,"I_sc_ref":5.36,"V_oc_ref":44.2,"I_mp_ref":4.97,"V_mp_ref":36.2,"alpha_sc":0.002198,"beta_oc":-0.17724,"a_ref":2.0372,"I_L_ref":5.3660000000000005,"I_o_ref":1.98e-09,"R_s":0.425,"R_sh_ref":365.64,"Adjust":9.0,"PTC":156.1,"pdc0":180.0,"gamma_pdc":-0.005390000000000001,"gamma_r":-0.539}