{"Date":"04.02.2013","Version":"NRELv1","Technology":"Multi-c-Si","BIPV":"N","A_c":1.6269999999999998,"N_s":60.0,"T_NOCT":43.7,"I_sc_ref":8.36,"V_oc_ref":37.8,"I_mp_ref":7.83,"V_mp_ref":30.65,"alpha_sc":0.0051920000000000004,"beta_oc":-0.1447,"a_ref":1.7208,"I_L_ref":8.365,"I_o_ref":2.39e-09,"R_s":0.28300000000000003,"R_sh_ref":512.16,"Adjust":11.73,"PTC":215.2,"pdc0":240.0,"gamma_pdc":-0.00523,"gamma_r":-0.523}