{"Date":"9/17/2013","Version":"NRELv1","Technology":"Multi-c-Si","BIPV":"N","A_c":1.601,"N_s":60.0,"T_NOCT":46.6,"I_sc_ref":8.52,"V_oc_ref":37.14,"I_mp_ref":8.01,"V_mp_ref":29.38,"alpha_sc":0.011332,"beta_oc":-0.12702,"a_ref":1.6327,"I_L_ref":8.521,"I_o_ref":1.1199999999999999e-09,"R_s":0.39,"R_sh_ref":2314.53,"Adjust":16.7,"PTC":210.8,"pdc0":235.0,"gamma_pdc":-0.00451,"gamma_r":-0.451}