{"Vac":480.0,"Paco":30070.0,"Pdco":31239.5,"Vdco":800.0,"Pso":110.35600000000001,"C0":-4.2663000000000006e-07,"C1":-6.40663e-07,"C2":0.00127792,"C3":0.00062541,"Pnt":9.83,"Vdcmax":900.0,"Mppt_low":600.0,"Mppt_high":900.0}