{"Technology":"Multi-c-Si","BIPV":"N","A_c":1.6269999999999998,"N_s":60.0,"T_NOCT":44.8,"PTC":247.8,"pdc0":270.0,"gamma_pdc":-0.004050000000000001}