{"Vac":240.0,"Paco":3710.0,"Pdco":3806.08,"Vdco":360.0,"Pso":20.5652,"C0":-1.7802000000000001e-06,"C1":-2.2059699999999998e-05,"C2":-0.000997955,"C3":-0.00363613,"Pnt":0.06,"Vdcmax":450.0,"Mppt_low":100.0,"Mppt_high":450.0}