{"Vac":277.0,"Paco":3710.0,"Pdco":3800.06,"Vdco":360.0,"Pso":25.8911,"C0":-2.9341200000000005e-06,"C1":-2.57085e-05,"C2":-0.00115373,"C3":-0.000652957,"Pnt":0.14,"Vdcmax":450.0,"Mppt_low":100.0,"Mppt_high":450.0}