{"Vac":277.0,"Paco":3980.0,"Pdco":4076.24,"Vdco":360.0,"Pso":30.9639,"C0":-3.4151599999999997e-06,"C1":-2.63732e-05,"C2":-0.000824447,"C3":-0.000306419,"Pnt":0.11,"Vdcmax":450.0,"Mppt_low":100.0,"Mppt_high":450.0}