{"Vac":240.0,"Paco":3980.0,"Pdco":4083.11,"Vdco":360.0,"Pso":22.3227,"C0":-1.70105e-06,"C1":-2.2047600000000002e-05,"C2":-0.000994835,"C3":-0.00355877,"Pnt":0.16,"Vdcmax":450.0,"Mppt_low":100.0,"Mppt_high":450.0}