{"Vac":240.0,"Paco":4830.0,"Pdco":4958.94,"Vdco":360.0,"Pso":24.6776,"C0":-2.04525e-06,"C1":-2.2876e-05,"C2":-0.000345867,"C3":-0.00117113,"Pnt":0.12,"Vdcmax":450.0,"Mppt_low":100.0,"Mppt_high":450.0}