{"Vac":277.0,"Paco":4830.0,"Pdco":4947.91,"Vdco":360.0,"Pso":28.9288,"C0":-1.81762e-06,"C1":-2.85127e-05,"C2":-0.00169112,"C3":-0.000533341,"Pnt":0.09,"Vdcmax":450.0,"Mppt_low":100.0,"Mppt_high":450.0}