{"Vac":277.0,"Paco":6000.0,"Pdco":6158.38,"Vdco":360.0,"Pso":35.4014,"C0":-1.9190400000000004e-06,"C1":-2.56611e-05,"C2":-0.00117792,"C3":0.000465607,"Pnt":0.07,"Vdcmax":450.0,"Mppt_low":100.0,"Mppt_high":450.0}