{"Vac":208.0,"Paco":6950.0,"Pdco":7203.13,"Vdco":360.0,"Pso":26.0347,"C0":-2.62327e-06,"C1":1.91875e-06,"C2":0.00146114,"C3":-0.0005094090000000001,"Pnt":0.09,"Vdcmax":470.0,"Mppt_low":100.0,"Mppt_high":470.0}