{"Vac":240.0,"Paco":6920.0,"Pdco":7126.24,"Vdco":360.0,"Pso":29.4368,"C0":-1.79739e-06,"C1":-2.62046e-05,"C2":0.000265795,"C3":-0.00115737,"Pnt":0.17,"Vdcmax":450.0,"Mppt_low":100.0,"Mppt_high":450.0}