{"Vac":480.0,"Paco":250000.0,"Pdco":259843.0,"Vdco":345.0,"Pso":1310.62,"C0":-4.6520400000000004e-08,"C1":5.02939e-05,"C2":0.000868209,"C3":-0.000143053,"Pnt":69.32,"Vdcmax":480.0,"Mppt_low":300.0,"Mppt_high":480.0}