{"Vac":357.0,"Paco":1671470.0,"Pdco":1696431.365,"Vdco":615.68,"Pso":3645.6081670000003,"C0":-2.2399999999999997e-09,"C1":1.12e-05,"C2":0.0017699999999999999,"C3":-0.000154,"Pnt":334.42,"Vdcmax":1000.0,"Mppt_low":550.0,"Mppt_high":800.0}