{"Date":"12.01.2011","Version":"NRELv1","Technology":"Mono-c-Si","BIPV":"N","A_c":1.229,"N_s":72.0,"T_NOCT":46.9,"I_sc_ref":5.23,"V_oc_ref":44.7,"I_mp_ref":4.9,"V_mp_ref":35.8,"alpha_sc":0.0026149999999999997,"beta_oc":-0.16539,"a_ref":1.9719,"I_L_ref":5.233,"I_o_ref":7.42e-10,"R_s":0.662,"R_sh_ref":1012.43,"Adjust":9.33,"PTC":154.2,"pdc0":175.0,"gamma_pdc":-0.0051,"gamma_r":-0.51}