{"Date":"12.01.2011","Version":"NRELv1","Technology":"Multi-c-Si","BIPV":"N","A_c":1.584,"N_s":60.0,"T_NOCT":47.1,"I_sc_ref":8.1,"V_oc_ref":36.6,"I_mp_ref":7.53,"V_mp_ref":29.2,"alpha_sc":0.00486,"beta_oc":-0.13176,"a_ref":1.6,"I_L_ref":8.113,"I_o_ref":9.26e-10,"R_s":0.37200000000000005,"R_sh_ref":241.11,"Adjust":10.35,"PTC":194.5,"pdc0":220.0,"gamma_pdc":-0.0049,"gamma_r":-0.49}