{"Date":"10.01.2013","Version":"NRELv1","Technology":"Multi-c-Si","BIPV":"N","A_c":1.6369999999999998,"N_s":60.0,"T_NOCT":44.3,"I_sc_ref":8.47,"V_oc_ref":36.9,"I_mp_ref":7.89,"V_mp_ref":29.8,"alpha_sc":0.006784,"beta_oc":-0.151,"a_ref":1.5791,"I_L_ref":8.482000000000001,"I_o_ref":5.91e-10,"R_s":0.316,"R_sh_ref":226.51,"Adjust":-7.047999999999999,"PTC":214.2,"pdc0":235.0,"gamma_pdc":-0.0043,"gamma_r":-0.43}