{"Date":"10.01.2013","Version":"NRELv1","Technology":"Multi-c-Si","BIPV":"N","A_c":1.6369999999999998,"N_s":60.0,"T_NOCT":44.3,"I_sc_ref":8.96,"V_oc_ref":37.5,"I_mp_ref":8.0,"V_mp_ref":30.0,"alpha_sc":0.007176999999999999,"beta_oc":-0.15345,"a_ref":1.6398,"I_L_ref":9.012,"I_o_ref":9.79e-10,"R_s":0.34,"R_sh_ref":58.5,"Adjust":-3.487,"PTC":218.9,"pdc0":240.0,"gamma_pdc":-0.0043,"gamma_r":-0.43}