{"Date":"12.01.2011","Version":"NRELv1","Technology":"Multi-c-Si","BIPV":"N","A_c":1.882,"N_s":72.0,"T_NOCT":47.1,"I_sc_ref":8.08,"V_oc_ref":44.0,"I_mp_ref":7.47,"V_mp_ref":34.8,"alpha_sc":0.004848,"beta_oc":-0.1584,"a_ref":1.9197,"I_L_ref":8.097999999999999,"I_o_ref":8.77e-10,"R_s":0.49700000000000005,"R_sh_ref":219.01,"Adjust":9.902000000000001,"PTC":229.8,"pdc0":260.0,"gamma_pdc":-0.0049,"gamma_r":-0.49}