{"Date":"10/30/2012","Version":"NRELv1","Technology":"Multi-c-Si","BIPV":"N","A_c":1.6369999999999998,"N_s":60.0,"T_NOCT":44.3,"I_sc_ref":9.37,"V_oc_ref":37.9,"I_mp_ref":8.34,"V_mp_ref":31.2,"alpha_sc":0.0075049999999999995,"beta_oc":-0.15509,"a_ref":1.6928,"I_L_ref":9.405,"I_o_ref":1.6399999999999997e-09,"R_s":0.201,"R_sh_ref":53.09,"Adjust":0.3256,"PTC":237.6,"pdc0":260.0,"gamma_pdc":-0.0043,"gamma_r":-0.43}