{"Date":"12.01.2011","Version":"NRELv1","Technology":"Multi-c-Si","BIPV":"N","A_c":1.882,"N_s":72.0,"T_NOCT":47.1,"I_sc_ref":8.19,"V_oc_ref":44.1,"I_mp_ref":7.59,"V_mp_ref":34.9,"alpha_sc":0.004914,"beta_oc":-0.15875999999999998,"a_ref":1.922,"I_L_ref":8.206,"I_o_ref":8.699999999999999e-10,"R_s":0.488,"R_sh_ref":246.88,"Adjust":9.698,"PTC":234.4,"pdc0":265.0,"gamma_pdc":-0.0049,"gamma_r":-0.49}