{"Date":"10/30/2012","Version":"NRELv1","Technology":"Multi-c-Si","BIPV":"N","A_c":1.94,"N_s":72.0,"T_NOCT":45.3,"I_sc_ref":8.3,"V_oc_ref":44.3,"I_mp_ref":7.83,"V_mp_ref":35.1,"alpha_sc":0.006665000000000001,"beta_oc":-0.1819,"a_ref":1.8611,"I_L_ref":8.3,"I_o_ref":3.8100000000000003e-10,"R_s":0.491,"R_sh_ref":8648.92,"Adjust":-10.49,"PTC":249.4,"pdc0":275.0,"gamma_pdc":-0.00431,"gamma_r":-0.431}