{"Date":"12.01.2011","Version":"NRELv1","Technology":"Mono-c-Si","BIPV":"N","A_c":1.882,"N_s":72.0,"T_NOCT":47.1,"I_sc_ref":8.3,"V_oc_ref":44.3,"I_mp_ref":7.83,"V_mp_ref":35.1,"alpha_sc":0.00415,"beta_oc":-0.15505,"a_ref":1.9208,"I_L_ref":8.392000000000001,"I_o_ref":7.979999999999999e-10,"R_s":0.473,"R_sh_ref":445.18,"Adjust":11.95,"PTC":242.9,"pdc0":275.0,"gamma_pdc":-0.005,"gamma_r":-0.5}