{"Date":"12.01.2011","Version":"NRELv1","Technology":"Mono-c-Si","BIPV":"N","A_c":1.882,"N_s":72.0,"T_NOCT":47.1,"I_sc_ref":8.33,"V_oc_ref":44.8,"I_mp_ref":7.95,"V_mp_ref":35.2,"alpha_sc":0.004164999999999999,"beta_oc":-0.1568,"a_ref":1.93,"I_L_ref":8.505,"I_o_ref":7.000000000000001e-10,"R_s":0.517,"R_sh_ref":611.93,"Adjust":10.64,"PTC":247.4,"pdc0":280.0,"gamma_pdc":-0.005,"gamma_r":-0.5}