{"Date":"12.01.2011","Version":"NRELv1","Technology":"Mono-c-Si","BIPV":"N","A_c":1.882,"N_s":72.0,"T_NOCT":47.1,"I_sc_ref":8.51,"V_oc_ref":44.5,"I_mp_ref":8.0,"V_mp_ref":35.6,"alpha_sc":0.004255,"beta_oc":-0.15575,"a_ref":1.9341,"I_L_ref":8.513,"I_o_ref":8.63e-10,"R_s":0.41700000000000004,"R_sh_ref":1100.97,"Adjust":12.5,"PTC":252.0,"pdc0":285.0,"gamma_pdc":-0.005,"gamma_r":-0.5}