{"Date":"10/30/2012","Version":"NRELv1","Technology":"Multi-c-Si","BIPV":"N","A_c":1.94,"N_s":72.0,"T_NOCT":45.3,"I_sc_ref":8.41,"V_oc_ref":44.4,"I_mp_ref":7.88,"V_mp_ref":35.5,"alpha_sc":0.006753,"beta_oc":-0.18231,"a_ref":1.8835,"I_L_ref":8.417,"I_o_ref":4.82e-10,"R_s":0.43700000000000006,"R_sh_ref":498.0,"Adjust":-8.856,"PTC":254.0,"pdc0":280.0,"gamma_pdc":-0.00431,"gamma_r":-0.431}