{"Date":"10/30/2012","Version":"NRELv1","Technology":"Multi-c-Si","BIPV":"N","A_c":1.94,"N_s":72.0,"T_NOCT":45.3,"I_sc_ref":8.71,"V_oc_ref":44.7,"I_mp_ref":8.24,"V_mp_ref":35.8,"alpha_sc":0.006993999999999999,"beta_oc":-0.18354,"a_ref":1.8969999999999998,"I_L_ref":8.805,"I_o_ref":5.08e-10,"R_s":0.41200000000000003,"R_sh_ref":450.63,"Adjust":-8.777000000000001,"PTC":268.0,"pdc0":295.0,"gamma_pdc":-0.00431,"gamma_r":-0.431}