{"Date":"12.01.2011","Version":"NRELv1","Technology":"Mono-c-Si","BIPV":"N","A_c":1.882,"N_s":72.0,"T_NOCT":47.1,"I_sc_ref":8.61,"V_oc_ref":44.6,"I_mp_ref":8.12,"V_mp_ref":35.7,"alpha_sc":0.004305,"beta_oc":-0.1561,"a_ref":1.9355,"I_L_ref":8.61,"I_o_ref":8.46e-10,"R_s":0.41100000000000003,"R_sh_ref":7619.62,"Adjust":12.2,"PTC":256.5,"pdc0":290.0,"gamma_pdc":-0.005,"gamma_r":-0.5}