{"Date":"10/30/2012","Version":"NRELv1","Technology":"Multi-c-Si","BIPV":"N","A_c":1.94,"N_s":72.0,"T_NOCT":45.3,"I_sc_ref":8.81,"V_oc_ref":44.8,"I_mp_ref":8.36,"V_mp_ref":35.9,"alpha_sc":0.0070739999999999996,"beta_oc":-0.18395,"a_ref":1.8984,"I_L_ref":8.902999999999999,"I_o_ref":4.979999999999999e-10,"R_s":0.406,"R_sh_ref":676.93,"Adjust":-9.019,"PTC":272.6,"pdc0":300.0,"gamma_pdc":-0.00431,"gamma_r":-0.431}