{"Technology":"Mono-c-Si","BIPV":"N","A_c":1.5759999999999998,"N_s":60.0,"T_NOCT":49.5,"PTC":249.9,"pdc0":280.0,"gamma_pdc":-0.004370000000000001}