{"Technology":"Mono-c-Si","BIPV":"N","A_c":1.5759999999999998,"N_s":60.0,"T_NOCT":46.1,"PTC":268.1,"pdc0":295.0,"gamma_pdc":-0.004379999999999999}