{"Date":"1/16/2015","Version":"NRELv1","Technology":"Mono-c-Si","BIPV":"N","A_c":1.314,"N_s":40.0,"T_NOCT":47.9,"I_sc_ref":8.77,"V_oc_ref":27.5,"I_mp_ref":8.2,"V_mp_ref":20.3,"alpha_sc":0.006490000000000001,"beta_oc":-0.08333,"a_ref":1.1063,"I_L_ref":8.772,"I_o_ref":1.4e-10,"R_s":0.507,"R_sh_ref":2389.43,"Adjust":11.76,"PTC":146.3,"pdc0":165.0,"gamma_pdc":-0.004529999999999999,"gamma_r":-0.45299999999999996}