{"Date":"10.01.2014","Version":"NRELv1","Technology":"Mono-c-Si","BIPV":"Y","A_c":0.47700000000000004,"N_s":24.0,"T_NOCT":57.7,"I_sc_ref":9.06,"V_oc_ref":15.39,"I_mp_ref":8.3,"V_mp_ref":12.65,"alpha_sc":0.004529999999999999,"beta_oc":-0.046169999999999996,"a_ref":0.626,"I_L_ref":9.085,"I_o_ref":1.8200000000000002e-10,"R_s":0.102,"R_sh_ref":37.37,"Adjust":15.44,"PTC":91.8,"pdc0":105.0,"gamma_pdc":-0.0040999999999999995,"gamma_r":-0.41}