{"Date":"10.01.2014","Version":"NRELv1","Technology":"Mono-c-Si","BIPV":"Y","A_c":0.47700000000000004,"N_s":24.0,"T_NOCT":57.7,"I_sc_ref":8.72,"V_oc_ref":15.32,"I_mp_ref":7.96,"V_mp_ref":12.56,"alpha_sc":0.00436,"beta_oc":-0.04596,"a_ref":0.6235,"I_L_ref":8.747,"I_o_ref":1.78e-10,"R_s":0.11,"R_sh_ref":35.37,"Adjust":15.57,"PTC":87.2,"pdc0":100.0,"gamma_pdc":-0.0040999999999999995,"gamma_r":-0.41}