{"Date":"10.01.2014","Version":"NRELv1","Technology":"Mono-c-Si","BIPV":"Y","A_c":0.687,"N_s":16.0,"T_NOCT":55.0,"I_sc_ref":8.77,"V_oc_ref":10.27,"I_mp_ref":8.11,"V_mp_ref":8.26,"alpha_sc":0.004385,"beta_oc":-0.03081,"a_ref":0.4188,"I_L_ref":8.792,"I_o_ref":1.9099999999999999e-10,"R_s":0.095,"R_sh_ref":37.67,"Adjust":16.11,"PTC":57.2,"pdc0":67.0,"gamma_pdc":-0.0043,"gamma_r":-0.43}