{"Date":"03.09.2010","Version":"MM107","Technology":"Mono-c-Si","BIPV":"N","A_c":1.2770000000000001,"N_s":72.0,"T_NOCT":44.6,"I_sc_ref":5.3,"V_oc_ref":44.3,"I_mp_ref":4.86,"V_mp_ref":36.0,"alpha_sc":0.000901,"beta_oc":-0.16302,"a_ref":1.9225,"I_L_ref":5.314,"I_o_ref":5.02e-10,"R_s":0.547,"R_sh_ref":211.77,"Adjust":6.7,"PTC":156.5,"pdc0":175.0,"gamma_pdc":-0.00502,"gamma_r":-0.502}