{"Date":"12.01.2011","Version":"NRELv1","Technology":"Multi-c-Si","BIPV":"N","A_c":0.983,"N_s":72.0,"T_NOCT":45.3,"I_sc_ref":8.2,"V_oc_ref":21.0,"I_mp_ref":7.4,"V_mp_ref":17.0,"alpha_sc":0.004264,"beta_oc":-0.07518,"a_ref":0.9513,"I_L_ref":8.23,"I_o_ref":2.0100000000000003e-09,"R_s":0.16699999999999998,"R_sh_ref":45.04,"Adjust":18.28,"PTC":111.0,"pdc0":125.0,"gamma_pdc":-0.00506,"gamma_r":-0.506}