{"Date":"12.01.2011","Version":"NRELv1","Technology":"Multi-c-Si","BIPV":"N","A_c":1.6569999999999998,"N_s":72.0,"T_NOCT":45.3,"I_sc_ref":8.3,"V_oc_ref":36.0,"I_mp_ref":7.6,"V_mp_ref":29.0,"alpha_sc":0.0043159999999999995,"beta_oc":-0.12888,"a_ref":1.6104,"I_L_ref":8.323,"I_o_ref":1.57e-09,"R_s":0.309,"R_sh_ref":112.84,"Adjust":15.73,"PTC":195.6,"pdc0":220.0,"gamma_pdc":-0.00506,"gamma_r":-0.506}