{"Date":"12.01.2011","Version":"NRELv1","Technology":"Multi-c-Si","BIPV":"N","A_c":1.6569999999999998,"N_s":72.0,"T_NOCT":45.3,"I_sc_ref":9.0,"V_oc_ref":36.0,"I_mp_ref":8.3,"V_mp_ref":29.0,"alpha_sc":0.00468,"beta_oc":-0.12888,"a_ref":1.6032,"I_L_ref":9.019,"I_o_ref":1.55e-09,"R_s":0.28600000000000003,"R_sh_ref":135.78,"Adjust":14.84,"PTC":213.8,"pdc0":240.0,"gamma_pdc":-0.00506,"gamma_r":-0.506}