{"Date":"04.02.2013","Version":"NRELv1","Technology":"Mono-c-Si","BIPV":"N","A_c":1.68,"N_s":96.0,"T_NOCT":43.9,"I_sc_ref":5.66,"V_oc_ref":60.6,"I_mp_ref":5.33,"V_mp_ref":49.8,"alpha_sc":0.0032770000000000004,"beta_oc":-0.23664000000000002,"a_ref":2.5362,"I_L_ref":5.662999999999999,"I_o_ref":2.36e-10,"R_s":0.614,"R_sh_ref":1192.44,"Adjust":-6.31,"PTC":242.5,"pdc0":265.0,"gamma_pdc":-0.00431,"gamma_r":-0.431}