{"Date":"03.10.2011","Version":"MM107","Technology":"Mono-c-Si","BIPV":"N","A_c":1.2770000000000001,"N_s":72.0,"T_NOCT":45.8,"I_sc_ref":5.53,"V_oc_ref":45.2,"I_mp_ref":5.21,"V_mp_ref":36.5,"alpha_sc":0.0027649999999999997,"beta_oc":-0.14916,"a_ref":1.8940000000000001,"I_L_ref":5.532,"I_o_ref":2.38e-10,"R_s":0.606,"R_sh_ref":1430.18,"Adjust":11.2,"PTC":170.8,"pdc0":190.0,"gamma_pdc":-0.0046,"gamma_r":-0.46}