{"Date":"04.02.2013","Version":"NRELv1","Technology":"Mono-c-Si","BIPV":"N","A_c":1.6230000000000002,"N_s":60.0,"T_NOCT":47.0,"I_sc_ref":9.39,"V_oc_ref":38.09,"I_mp_ref":8.77,"V_mp_ref":30.79,"alpha_sc":0.006104,"beta_oc":-0.12303,"a_ref":1.5772,"I_L_ref":9.402999999999999,"I_o_ref":3e-10,"R_s":0.302,"R_sh_ref":226.0,"Adjust":10.96,"PTC":243.9,"pdc0":270.0,"gamma_pdc":-0.0043,"gamma_r":-0.43}