{"Date":"04.02.2013","Version":"NRELv1","Technology":"Multi-c-Si","BIPV":"N","A_c":1.936,"N_s":72.0,"T_NOCT":47.1,"I_sc_ref":8.52,"V_oc_ref":44.51,"I_mp_ref":8.0,"V_mp_ref":35.6,"alpha_sc":0.0033229999999999996,"beta_oc":-0.15133,"a_ref":1.8784,"I_L_ref":8.526,"I_o_ref":4.33e-10,"R_s":0.43200000000000005,"R_sh_ref":638.62,"Adjust":9.666,"PTC":253.1,"pdc0":285.0,"gamma_pdc":-0.0048,"gamma_r":-0.48}