{"Date":"02.03.2014","Version":"NRELv1","Technology":"Multi-c-Si","BIPV":"N","A_c":1.6230000000000002,"N_s":60.0,"T_NOCT":47.1,"I_sc_ref":8.63,"V_oc_ref":37.34,"I_mp_ref":8.2,"V_mp_ref":29.88,"alpha_sc":0.0033659999999999996,"beta_oc":-0.12696,"a_ref":1.574,"I_L_ref":8.72,"I_o_ref":4.32e-10,"R_s":0.353,"R_sh_ref":738.95,"Adjust":9.441,"PTC":217.7,"pdc0":245.0,"gamma_pdc":-0.0048,"gamma_r":-0.48}