{"Date":"03.10.2011","Version":"MM107","Technology":"Multi-c-Si","BIPV":"N","A_c":1.6230000000000002,"N_s":60.0,"T_NOCT":46.1,"I_sc_ref":8.37,"V_oc_ref":36.45,"I_mp_ref":7.98,"V_mp_ref":29.5,"alpha_sc":0.0050219999999999996,"beta_oc":-0.12393,"a_ref":1.5418,"I_L_ref":8.435,"I_o_ref":4.5600000000000003e-10,"R_s":0.307,"R_sh_ref":100000.0,"Adjust":9.8,"PTC":210.8,"pdc0":235.0,"gamma_pdc":-0.0046,"gamma_r":-0.46}