{"Date":"10/30/2012","Version":"NRELv1","Technology":"Multi-c-Si","BIPV":"N","A_c":1.6230000000000002,"N_s":60.0,"T_NOCT":47.1,"I_sc_ref":9.24,"V_oc_ref":37.77,"I_mp_ref":8.61,"V_mp_ref":30.78,"alpha_sc":0.003604,"beta_oc":-0.12842,"a_ref":1.6189,"I_L_ref":9.252,"I_o_ref":6.68e-10,"R_s":0.259,"R_sh_ref":204.61,"Adjust":12.88,"PTC":236.1,"pdc0":265.0,"gamma_pdc":-0.0048,"gamma_r":-0.48}