{"Date":"02.03.2014","Version":"NRELv1","Technology":"Multi-c-Si","BIPV":"N","A_c":1.6230000000000002,"N_s":60.0,"T_NOCT":45.8,"I_sc_ref":8.48,"V_oc_ref":37.25,"I_mp_ref":8.09,"V_mp_ref":29.67,"alpha_sc":0.004834000000000001,"beta_oc":-0.13,"a_ref":1.5491,"I_L_ref":8.565,"I_o_ref":3.09e-10,"R_s":0.382,"R_sh_ref":8358.59,"Adjust":3.6860000000000004,"PTC":216.1,"pdc0":240.0,"gamma_pdc":-0.004529999999999999,"gamma_r":-0.45299999999999996}