{"Date":"04.02.2013","Version":"NRELv1","Technology":"Mono-c-Si","BIPV":"N","A_c":1.6230000000000002,"N_s":60.0,"T_NOCT":47.0,"I_sc_ref":8.88,"V_oc_ref":37.51,"I_mp_ref":8.22,"V_mp_ref":30.4,"alpha_sc":0.005771,"beta_oc":-0.12115999999999999,"a_ref":1.5636,"I_L_ref":8.899,"I_o_ref":3.29e-10,"R_s":0.303,"R_sh_ref":143.53,"Adjust":12.34,"PTC":225.3,"pdc0":250.0,"gamma_pdc":-0.0043,"gamma_r":-0.43}