{"Date":"02.03.2014","Version":"NRELv1","Technology":"Multi-c-Si","BIPV":"N","A_c":1.6230000000000002,"N_s":60.0,"T_NOCT":47.1,"I_sc_ref":8.79,"V_oc_ref":37.41,"I_mp_ref":8.34,"V_mp_ref":29.98,"alpha_sc":0.003428,"beta_oc":-0.12719,"a_ref":1.5796,"I_L_ref":8.884,"I_o_ref":4.5699999999999997e-10,"R_s":0.341,"R_sh_ref":537.64,"Adjust":9.783,"PTC":222.3,"pdc0":250.0,"gamma_pdc":-0.0048,"gamma_r":-0.48}