{"Date":"04.02.2013","Version":"NRELv1","Technology":"Multi-c-Si","BIPV":"N","A_c":1.936,"N_s":72.0,"T_NOCT":47.1,"I_sc_ref":8.29,"V_oc_ref":44.34,"I_mp_ref":7.81,"V_mp_ref":35.21,"alpha_sc":0.0032329999999999998,"beta_oc":-0.15075999999999998,"a_ref":1.8599,"I_L_ref":8.292,"I_o_ref":3.6600000000000003e-10,"R_s":0.48100000000000004,"R_sh_ref":1826.12,"Adjust":8.423,"PTC":243.9,"pdc0":275.0,"gamma_pdc":-0.0048,"gamma_r":-0.48}