{"Date":"04.02.2013","Version":"NRELv1","Technology":"Multi-c-Si","BIPV":"N","A_c":1.936,"N_s":72.0,"T_NOCT":47.1,"I_sc_ref":8.76,"V_oc_ref":44.74,"I_mp_ref":8.2,"V_mp_ref":35.98,"alpha_sc":0.0034159999999999998,"beta_oc":-0.15212,"a_ref":1.8975,"I_L_ref":8.769,"I_o_ref":4.979999999999999e-10,"R_s":0.39399999999999996,"R_sh_ref":399.09,"Adjust":10.69,"PTC":262.2,"pdc0":295.0,"gamma_pdc":-0.0048,"gamma_r":-0.48}