{"Date":"10/30/2012","Version":"NRELv1","Technology":"Multi-c-Si","BIPV":"N","A_c":1.936,"N_s":72.0,"T_NOCT":47.1,"I_sc_ref":8.2,"V_oc_ref":44.18,"I_mp_ref":7.7,"V_mp_ref":35.06,"alpha_sc":0.003198,"beta_oc":-0.15020999999999998,"a_ref":1.8558,"I_L_ref":8.205,"I_o_ref":3.73e-10,"R_s":0.489,"R_sh_ref":759.08,"Adjust":8.705,"PTC":239.4,"pdc0":270.0,"gamma_pdc":-0.0048,"gamma_r":-0.48}