{"Date":"02.03.2014","Version":"NRELv1","Technology":"Multi-c-Si","BIPV":"N","A_c":1.6230000000000002,"N_s":60.0,"T_NOCT":47.1,"I_sc_ref":8.48,"V_oc_ref":37.25,"I_mp_ref":8.09,"V_mp_ref":29.67,"alpha_sc":0.003307,"beta_oc":-0.12665,"a_ref":1.5707,"I_L_ref":8.66,"I_o_ref":4.29e-10,"R_s":0.375,"R_sh_ref":334.25,"Adjust":9.476,"PTC":213.1,"pdc0":240.0,"gamma_pdc":-0.0048,"gamma_r":-0.48}