{"Date":"04.02.2013","Version":"NRELv1","Technology":"Multi-c-Si","BIPV":"N","A_c":1.6230000000000002,"N_s":60.0,"T_NOCT":47.1,"I_sc_ref":8.23,"V_oc_ref":37.05,"I_mp_ref":7.84,"V_mp_ref":29.34,"alpha_sc":0.00321,"beta_oc":-0.12597,"a_ref":1.5501,"I_L_ref":8.312999999999999,"I_o_ref":3.46e-10,"R_s":0.414,"R_sh_ref":4156.93,"Adjust":7.899,"PTC":204.0,"pdc0":230.0,"gamma_pdc":-0.0048,"gamma_r":-0.48}