{"Date":"04.02.2013","Version":"NRELv1","Technology":"Mono-c-Si","BIPV":"N","A_c":1.6230000000000002,"N_s":60.0,"T_NOCT":47.0,"I_sc_ref":9.03,"V_oc_ref":37.59,"I_mp_ref":8.36,"V_mp_ref":30.5,"alpha_sc":0.005872,"beta_oc":-0.12142,"a_ref":1.5679,"I_L_ref":9.049,"I_o_ref":3.4e-10,"R_s":0.293,"R_sh_ref":141.79,"Adjust":12.48,"PTC":229.9,"pdc0":255.0,"gamma_pdc":-0.0043,"gamma_r":-0.43}