{"Date":"02.03.2014","Version":"NRELv1","Technology":"Mono-c-Si","BIPV":"N","A_c":1.6230000000000002,"N_s":60.0,"T_NOCT":47.0,"I_sc_ref":9.18,"V_oc_ref":37.73,"I_mp_ref":8.5,"V_mp_ref":30.6,"alpha_sc":0.005967,"beta_oc":-0.12187,"a_ref":1.5731,"I_L_ref":9.199,"I_o_ref":3.4299999999999995e-10,"R_s":0.292,"R_sh_ref":140.97,"Adjust":12.4,"PTC":234.6,"pdc0":260.0,"gamma_pdc":-0.0043,"gamma_r":-0.43}