{"Date":"04.02.2013","Version":"NRELv1","Technology":"Multi-c-Si","BIPV":"N","A_c":1.6230000000000002,"N_s":60.0,"T_NOCT":47.1,"I_sc_ref":8.32,"V_oc_ref":37.16,"I_mp_ref":7.97,"V_mp_ref":29.49,"alpha_sc":0.0032450000000000005,"beta_oc":-0.12634,"a_ref":1.5599,"I_L_ref":8.493,"I_o_ref":3.8e-10,"R_s":0.397,"R_sh_ref":616.61,"Adjust":8.57,"PTC":208.6,"pdc0":235.0,"gamma_pdc":-0.0048,"gamma_r":-0.48}