{"Date":"04.02.2013","Version":"NRELv1","Technology":"Mono-c-Si","BIPV":"N","A_c":1.936,"N_s":72.0,"T_NOCT":47.0,"I_sc_ref":9.01,"V_oc_ref":45.49,"I_mp_ref":8.41,"V_mp_ref":36.84,"alpha_sc":0.005857,"beta_oc":-0.14694000000000002,"a_ref":1.8863,"I_L_ref":9.022,"I_o_ref":2.98e-10,"R_s":0.36700000000000005,"R_sh_ref":267.08,"Adjust":11.26,"PTC":279.7,"pdc0":310.0,"gamma_pdc":-0.0043,"gamma_r":-0.43}