{"Date":"10/30/2012","Version":"NRELv1","Technology":"Multi-c-Si","BIPV":"N","A_c":1.936,"N_s":72.0,"T_NOCT":47.1,"I_sc_ref":8.99,"V_oc_ref":44.91,"I_mp_ref":8.33,"V_mp_ref":36.61,"alpha_sc":0.0035060000000000004,"beta_oc":-0.15269000000000002,"a_ref":1.9318,"I_L_ref":9.005,"I_o_ref":7.02e-10,"R_s":0.314,"R_sh_ref":184.76,"Adjust":13.6,"PTC":271.4,"pdc0":305.0,"gamma_pdc":-0.0048,"gamma_r":-0.48}