{"Date":"04.02.2013","Version":"NRELv1","Technology":"Mono-c-Si","BIPV":"N","A_c":1.936,"N_s":72.0,"T_NOCT":47.0,"I_sc_ref":9.12,"V_oc_ref":45.62,"I_mp_ref":8.53,"V_mp_ref":36.91,"alpha_sc":0.005928,"beta_oc":-0.14735,"a_ref":1.8884,"I_L_ref":9.131,"I_o_ref":2.9000000000000003e-10,"R_s":0.368,"R_sh_ref":308.09,"Adjust":10.91,"PTC":284.3,"pdc0":315.0,"gamma_pdc":-0.0043,"gamma_r":-0.43}