{"Date":"12.01.2011","Version":"NRELv1","Technology":"Multi-c-Si","BIPV":"N","A_c":1.6669999999999998,"N_s":60.0,"T_NOCT":44.9,"I_sc_ref":7.93,"V_oc_ref":36.5,"I_mp_ref":7.51,"V_mp_ref":29.3,"alpha_sc":0.006423000000000001,"beta_oc":-0.12593,"a_ref":1.5736,"I_L_ref":8.015,"I_o_ref":6.700000000000001e-10,"R_s":0.353,"R_sh_ref":492.88,"Adjust":12.05,"PTC":198.1,"pdc0":220.0,"gamma_pdc":-0.00461,"gamma_r":-0.461}