{"Date":"12.01.2011","Version":"NRELv1","Technology":"Multi-c-Si","BIPV":"N","A_c":1.6669999999999998,"N_s":60.0,"T_NOCT":44.9,"I_sc_ref":8.08,"V_oc_ref":36.6,"I_mp_ref":7.66,"V_mp_ref":29.4,"alpha_sc":0.0065450000000000005,"beta_oc":-0.12627,"a_ref":1.5776,"I_L_ref":8.166,"I_o_ref":6.8e-10,"R_s":0.344,"R_sh_ref":560.8,"Adjust":12.01,"PTC":202.7,"pdc0":225.0,"gamma_pdc":-0.00461,"gamma_r":-0.461}