{"Date":"12.01.2011","Version":"NRELv1","Technology":"Multi-c-Si","BIPV":"N","A_c":1.6669999999999998,"N_s":60.0,"T_NOCT":44.9,"I_sc_ref":8.25,"V_oc_ref":36.7,"I_mp_ref":7.82,"V_mp_ref":29.5,"alpha_sc":0.006683,"beta_oc":-0.12662,"a_ref":1.5826,"I_L_ref":8.338,"I_o_ref":7.02e-10,"R_s":0.335,"R_sh_ref":532.56,"Adjust":12.11,"PTC":207.4,"pdc0":230.0,"gamma_pdc":-0.00461,"gamma_r":-0.461}