{"Date":"12.01.2011","Version":"NRELv1","Technology":"Multi-c-Si","BIPV":"N","A_c":1.6669999999999998,"N_s":60.0,"T_NOCT":44.9,"I_sc_ref":8.4,"V_oc_ref":36.8,"I_mp_ref":7.84,"V_mp_ref":29.6,"alpha_sc":0.006804000000000001,"beta_oc":-0.12696,"a_ref":1.5937,"I_L_ref":8.41,"I_o_ref":7.76e-10,"R_s":0.32899999999999996,"R_sh_ref":285.27,"Adjust":12.96,"PTC":212.0,"pdc0":235.0,"gamma_pdc":-0.00461,"gamma_r":-0.461}