{"Technology":"Mono-c-Si","BIPV":"N","A_c":1.6269999999999998,"N_s":60.0,"T_NOCT":50.1,"PTC":231.8,"pdc0":260.0,"gamma_pdc":-0.00418}