{"Technology":"Multi-c-Si","BIPV":"N","A_c":1.6269999999999998,"N_s":60.0,"T_NOCT":46.8,"PTC":216.2,"pdc0":240.0,"gamma_pdc":-0.00431}