{"Technology":"Mono-c-Si","BIPV":"N","A_c":1.6369999999999998,"N_s":60.0,"T_NOCT":46.6,"PTC":236.0,"pdc0":265.0,"gamma_pdc":-0.00491121}