{"Technology":"Mono-c-Si","BIPV":"N","A_c":1.6369999999999998,"N_s":60.0,"T_NOCT":45.8,"PTC":232.8,"pdc0":260.0,"gamma_pdc":-0.004854590000000001}