{"Technology":"Mono-c-Si","BIPV":"N","A_c":1.6369999999999998,"N_s":60.0,"T_NOCT":46.2,"PTC":265.8,"pdc0":295.0,"gamma_pdc":-0.0046799}