{"Technology":"Mono-c-Si","BIPV":"N","A_c":1.6369999999999998,"N_s":60.0,"T_NOCT":46.2,"PTC":270.5,"pdc0":300.0,"gamma_pdc":-0.0046799}