{"Technology":"Multi-c-Si","BIPV":"N","A_c":1.4509999999999998,"N_s":54.0,"T_NOCT":43.6,"PTC":178.2,"pdc0":197.0,"gamma_pdc":-0.00477}