{"Technology":"Mono-c-Si","BIPV":"N","A_c":1.4509999999999998,"N_s":54.0,"T_NOCT":44.2,"PTC":186.2,"pdc0":206.0,"gamma_pdc":-0.004682}