{"Technology":"Mono-c-Si","BIPV":"N","A_c":1.6369999999999998,"N_s":60.0,"T_NOCT":44.3,"PTC":247.4,"pdc0":275.0,"gamma_pdc":-0.00509722}