{"Technology":"Multi-c-Si","BIPV":"N","A_c":1.6369999999999998,"N_s":60.0,"T_NOCT":46.4,"PTC":224.7,"pdc0":250.0,"gamma_pdc":-0.0045206000000000005}