{"Technology":"Multi-c-Si","BIPV":"N","A_c":1.4509999999999998,"N_s":54.0,"T_NOCT":43.6,"PTC":175.4,"pdc0":194.0,"gamma_pdc":-0.00477}