{"Technology":"Multi-c-Si","BIPV":"N","A_c":1.6369999999999998,"N_s":60.0,"T_NOCT":45.7,"PTC":244.3,"pdc0":270.0,"gamma_pdc":-0.0044687}