{"Technology":"Mono-c-Si","BIPV":"N","A_c":1.6369999999999998,"N_s":60.0,"T_NOCT":46.5,"PTC":267.3,"pdc0":295.0,"gamma_pdc":-0.00437229}