{"Technology":"Multi-c-Si","BIPV":"N","A_c":1.6369999999999998,"N_s":60.0,"T_NOCT":44.2,"PTC":220.6,"pdc0":245.0,"gamma_pdc":-0.004929810000000001}