{"Date":"07.09.2010","Version":"MM107","Technology":"Mono-c-Si","BIPV":"N","A_c":1.278,"N_s":72.0,"T_NOCT":42.4,"I_sc_ref":5.19,"V_oc_ref":44.1,"I_mp_ref":4.79,"V_mp_ref":35.5,"alpha_sc":0.004619,"beta_oc":-0.16493,"a_ref":1.9774,"I_L_ref":5.2,"I_o_ref":1.0400000000000001e-09,"R_s":0.607,"R_sh_ref":304.21,"Adjust":10.7,"PTC":154.7,"pdc0":170.0,"gamma_pdc":-0.00476,"gamma_r":-0.47600000000000003}