{"Date":"07.09.2010","Version":"MM107","Technology":"Multi-c-Si","BIPV":"N","A_c":1.3,"N_s":48.0,"T_NOCT":49.5,"I_sc_ref":7.85,"V_oc_ref":29.2,"I_mp_ref":7.33,"V_mp_ref":23.2,"alpha_sc":0.003532,"beta_oc":-0.1041,"a_ref":1.2353,"I_L_ref":7.86,"I_o_ref":4.2000000000000005e-10,"R_s":0.332,"R_sh_ref":259.4,"Adjust":4.8,"PTC":148.6,"pdc0":170.0,"gamma_pdc":-0.00475,"gamma_r":-0.475}