{"Date":"07.09.2010","Version":"MM107","Technology":"Multi-c-Si","BIPV":"N","A_c":1.609,"N_s":60.0,"T_NOCT":43.6,"I_sc_ref":7.91,"V_oc_ref":36.4,"I_mp_ref":7.26,"V_mp_ref":28.9,"alpha_sc":0.002848,"beta_oc":-0.12630999999999998,"a_ref":1.4501,"I_L_ref":7.941,"I_o_ref":9.549999999999999e-11,"R_s":0.44299999999999995,"R_sh_ref":113.12,"Adjust":-4.3,"PTC":192.3,"pdc0":210.0,"gamma_pdc":-0.00417,"gamma_r":-0.41700000000000004}