{"Date":"5/22/2012","Version":"NRELv1","Technology":"Mono-c-Si","BIPV":"N","A_c":1.69,"N_s":96.0,"T_NOCT":50.0,"I_sc_ref":5.1,"V_oc_ref":59.61,"I_mp_ref":4.77,"V_mp_ref":50.3,"alpha_sc":0.003213,"beta_oc":-0.2134,"a_ref":2.5997,"I_L_ref":5.103,"I_o_ref":5.52e-10,"R_s":0.318,"R_sh_ref":627.99,"Adjust":10.44,"PTC":211.1,"pdc0":240.0,"gamma_pdc":-0.004529999999999999,"gamma_r":-0.45299999999999996}