{"Date":"5/22/2012","Version":"NRELv1","Technology":"Mono-c-Si","BIPV":"N","A_c":1.69,"N_s":96.0,"T_NOCT":50.0,"I_sc_ref":5.35,"V_oc_ref":59.95,"I_mp_ref":5.0,"V_mp_ref":50.98,"alpha_sc":0.0033710000000000003,"beta_oc":-0.21461999999999998,"a_ref":2.6279,"I_L_ref":5.352,"I_o_ref":6.49e-10,"R_s":0.212,"R_sh_ref":556.24,"Adjust":11.48,"PTC":224.8,"pdc0":255.0,"gamma_pdc":-0.004529999999999999,"gamma_r":-0.45299999999999996}