{"Date":"04.02.2013","Version":"NRELv1","Technology":"Multi-c-Si","BIPV":"N","A_c":1.6269999999999998,"N_s":60.0,"T_NOCT":44.2,"I_sc_ref":8.86,"V_oc_ref":37.5,"I_mp_ref":8.4,"V_mp_ref":30.4,"alpha_sc":0.007965,"beta_oc":-0.22028000000000003,"a_ref":1.6831,"I_L_ref":8.952,"I_o_ref":1.87e-09,"R_s":0.268,"R_sh_ref":617.32,"Adjust":-29.48,"PTC":232.2,"pdc0":255.0,"gamma_pdc":-0.00447,"gamma_r":-0.447}