{"Date":"04.02.2013","Version":"NRELv1","Technology":"Multi-c-Si","BIPV":"N","A_c":1.94,"N_s":72.0,"T_NOCT":46.6,"I_sc_ref":8.57,"V_oc_ref":44.4,"I_mp_ref":8.06,"V_mp_ref":36.1,"alpha_sc":0.008244,"beta_oc":-0.1891,"a_ref":1.9663,"I_L_ref":8.573,"I_o_ref":1.3300000000000002e-09,"R_s":0.32299999999999995,"R_sh_ref":922.04,"Adjust":-4.926,"PTC":260.4,"pdc0":290.0,"gamma_pdc":-0.00448,"gamma_r":-0.44799999999999995}