{"Date":"04.02.2013","Version":"NRELv1","Technology":"Multi-c-Si","BIPV":"N","A_c":1.94,"N_s":72.0,"T_NOCT":46.6,"I_sc_ref":8.6,"V_oc_ref":44.7,"I_mp_ref":8.09,"V_mp_ref":36.5,"alpha_sc":0.008273,"beta_oc":-0.19038,"a_ref":1.9846,"I_L_ref":8.603,"I_o_ref":1.4099999999999999e-09,"R_s":0.301,"R_sh_ref":889.58,"Adjust":-4.475,"PTC":265.1,"pdc0":295.0,"gamma_pdc":-0.00448,"gamma_r":-0.44799999999999995}