{"Date":"04.02.2013","Version":"NRELv1","Technology":"Multi-c-Si","BIPV":"N","A_c":1.94,"N_s":72.0,"T_NOCT":46.6,"I_sc_ref":8.78,"V_oc_ref":45.1,"I_mp_ref":8.36,"V_mp_ref":37.1,"alpha_sc":0.008445999999999999,"beta_oc":-0.19208,"a_ref":2.0071,"I_L_ref":8.87,"I_o_ref":1.54e-09,"R_s":0.257,"R_sh_ref":1260.86,"Adjust":-4.039,"PTC":278.9,"pdc0":310.0,"gamma_pdc":-0.00448,"gamma_r":-0.44799999999999995}