{"Date":"03.09.2010","Version":"MM107","Technology":"a-Si/nc","BIPV":"N","A_c":1.422,"N_s":270.0,"T_NOCT":44.2,"I_sc_ref":0.87,"V_oc_ref":249.0,"I_mp_ref":0.72,"V_mp_ref":188.0,"alpha_sc":0.0009570000000000001,"beta_oc":-0.996,"a_ref":10.1501,"I_L_ref":0.893,"I_o_ref":1.65e-11,"R_s":43.736999999999995,"R_sh_ref":1658.08,"Adjust":-14.8,"PTC":125.8,"pdc0":135.0,"gamma_pdc":-0.0031,"gamma_r":-0.31}