{"Date":"12.01.2009","Version":"MM106","Technology":"a-Si/nc","BIPV":"N","A_c":1.422,"N_s":270.0,"T_NOCT":45.8,"I_sc_ref":0.81,"V_oc_ref":238.0,"I_mp_ref":0.66,"V_mp_ref":174.0,"alpha_sc":0.000875,"beta_oc":-0.7973,"a_ref":8.6729,"I_L_ref":0.843,"I_o_ref":8.2e-13,"R_s":58.489,"R_sh_ref":1453.29,"Adjust":-19.7,"PTC":108.4,"pdc0":115.0,"gamma_pdc":-0.00234,"gamma_r":-0.23399999999999999}