{"Date":"12.01.2009","Version":"MM106","Technology":"a-Si/nc","BIPV":"N","A_c":1.422,"N_s":270.0,"T_NOCT":45.8,"I_sc_ref":0.83,"V_oc_ref":238.0,"I_mp_ref":0.67,"V_mp_ref":180.0,"alpha_sc":0.0008960000000000001,"beta_oc":-0.7973,"a_ref":8.9489,"I_L_ref":0.858,"I_o_ref":1.93e-12,"R_s":46.361000000000004,"R_sh_ref":1366.53,"Adjust":-14.0,"PTC":114.1,"pdc0":121.0,"gamma_pdc":-0.00234,"gamma_r":-0.23399999999999999}