{"Date":"12.08.2008","Version":"MM106","Technology":"Multi-c-Si","BIPV":"N","A_c":1.482,"N_s":54.0,"T_NOCT":52.0,"I_sc_ref":8.23,"V_oc_ref":32.9,"I_mp_ref":7.52,"V_mp_ref":26.3,"alpha_sc":0.0043619999999999996,"beta_oc":-0.11844,"a_ref":1.4296,"I_L_ref":8.258,"I_o_ref":8.01e-10,"R_s":0.327,"R_sh_ref":95.08,"Adjust":8.9,"PTC":170.5,"pdc0":198.0,"gamma_pdc":-0.00477,"gamma_r":-0.47700000000000004}