{"Date":"12.08.2008","Version":"MM106","Technology":"Multi-c-Si","BIPV":"N","A_c":1.31,"N_s":48.0,"T_NOCT":50.5,"I_sc_ref":8.22,"V_oc_ref":29.3,"I_mp_ref":7.52,"V_mp_ref":23.4,"alpha_sc":0.002696,"beta_oc":-0.10267000000000001,"a_ref":1.2607,"I_L_ref":8.248,"I_o_ref":6.38e-10,"R_s":0.298,"R_sh_ref":87.03,"Adjust":10.1,"PTC":152.4,"pdc0":176.0,"gamma_pdc":-0.00489,"gamma_r":-0.489}