{"Date":"10/21/2008","Version":"MM105","Technology":"Multi-c-Si","BIPV":"N","A_c":0.992,"N_s":36.0,"T_NOCT":50.1,"I_sc_ref":8.2,"V_oc_ref":21.9,"I_mp_ref":7.5,"V_mp_ref":17.4,"alpha_sc":0.004477,"beta_oc":-0.07606,"a_ref":0.9295,"I_L_ref":8.231,"I_o_ref":4.6199999999999996e-10,"R_s":0.24,"R_sh_ref":64.41,"Adjust":8.0,"PTC":113.8,"pdc0":130.0,"gamma_pdc":-0.00458,"gamma_r":-0.45799999999999996}