{"Date":"1/29/2009","Version":"MM106","Technology":"Multi-c-Si","BIPV":"N","A_c":1.31,"N_s":48.0,"T_NOCT":47.9,"I_sc_ref":8.02,"V_oc_ref":29.0,"I_mp_ref":7.27,"V_mp_ref":23.0,"alpha_sc":0.004070000000000001,"beta_oc":-0.1073,"a_ref":1.2537,"I_L_ref":8.058,"I_o_ref":6.88e-10,"R_s":0.327,"R_sh_ref":69.79,"Adjust":4.9,"PTC":147.3,"pdc0":167.0,"gamma_pdc":-0.00472,"gamma_r":-0.47200000000000003}