{"Date":"4/28/2008","Version":"MM105","Technology":"Multi-c-Si","BIPV":"N","A_c":1.482,"N_s":54.0,"T_NOCT":49.1,"I_sc_ref":8.13,"V_oc_ref":32.5,"I_mp_ref":7.31,"V_mp_ref":25.6,"alpha_sc":0.005145,"beta_oc":-0.11235,"a_ref":1.3916,"I_L_ref":8.18,"I_o_ref":5.52e-10,"R_s":0.39399999999999996,"R_sh_ref":64.15,"Adjust":10.1,"PTC":164.7,"pdc0":187.0,"gamma_pdc":-0.004529999999999999,"gamma_r":-0.45299999999999996}