{"Date":"4/28/2008","Version":"MM105","Technology":"Multi-c-Si","BIPV":"N","A_c":1.482,"N_s":54.0,"T_NOCT":49.1,"I_sc_ref":7.82,"V_oc_ref":32.1,"I_mp_ref":7.04,"V_mp_ref":25.6,"alpha_sc":0.004949,"beta_oc":-0.11097,"a_ref":1.3837,"I_L_ref":7.861000000000001,"I_o_ref":6.21e-10,"R_s":0.35100000000000003,"R_sh_ref":66.71,"Adjust":11.5,"PTC":159.3,"pdc0":181.0,"gamma_pdc":-0.004529999999999999,"gamma_r":-0.45299999999999996}