{"Date":"10/20/2011","Version":"NRELv1","Technology":"Multi-c-Si","BIPV":"N","A_c":1.63,"N_s":60.0,"T_NOCT":46.2,"I_sc_ref":8.6,"V_oc_ref":37.2,"I_mp_ref":8.02,"V_mp_ref":29.3,"alpha_sc":0.007137999999999999,"beta_oc":-0.12387999999999999,"a_ref":1.5587,"I_L_ref":8.613,"I_o_ref":3.6600000000000003e-10,"R_s":0.426,"R_sh_ref":283.27,"Adjust":9.908999999999999,"PTC":211.8,"pdc0":235.0,"gamma_pdc":-0.00439,"gamma_r":-0.439}