{"Date":"8/27/2013","Version":"NRELv1","Technology":"Multi-c-Si","BIPV":"N","A_c":1.63,"N_s":60.0,"T_NOCT":48.0,"I_sc_ref":8.9,"V_oc_ref":37.8,"I_mp_ref":8.36,"V_mp_ref":29.3,"alpha_sc":0.012193,"beta_oc":-0.13646,"a_ref":1.6486,"I_L_ref":9.002,"I_o_ref":9.78e-10,"R_s":0.46299999999999997,"R_sh_ref":314.61,"Adjust":8.722999999999999,"PTC":219.1,"pdc0":245.0,"gamma_pdc":-0.004379999999999999,"gamma_r":-0.43799999999999994}