{"Date":"03.11.2011","Version":"MM107","Technology":"Multi-c-Si","BIPV":"N","A_c":1.5730000000000002,"N_s":60.0,"T_NOCT":46.2,"I_sc_ref":8.33,"V_oc_ref":36.6,"I_mp_ref":7.66,"V_mp_ref":29.3,"alpha_sc":0.006914,"beta_oc":-0.12188,"a_ref":1.5616,"I_L_ref":8.354,"I_o_ref":5.34e-10,"R_s":0.359,"R_sh_ref":125.31,"Adjust":13.5,"PTC":201.8,"pdc0":224.0,"gamma_pdc":-0.00439,"gamma_r":-0.439}