{"Date":"03.02.2011","Version":"MM107","Technology":"Multi-c-Si","BIPV":"N","A_c":1.5730000000000002,"N_s":60.0,"T_NOCT":47.7,"I_sc_ref":8.35,"V_oc_ref":36.3,"I_mp_ref":7.53,"V_mp_ref":28.7,"alpha_sc":0.007098,"beta_oc":-0.13467,"a_ref":1.6382,"I_L_ref":8.391,"I_o_ref":1.89e-09,"R_s":0.389,"R_sh_ref":78.35,"Adjust":12.8,"PTC":190.6,"pdc0":216.0,"gamma_pdc":-0.00484,"gamma_r":-0.484}