{"Date":"12.08.2008","Version":"MM106","Technology":"Multi-c-Si","BIPV":"N","A_c":1.63,"N_s":60.0,"T_NOCT":48.8,"I_sc_ref":7.82,"V_oc_ref":35.5,"I_mp_ref":7.02,"V_mp_ref":28.5,"alpha_sc":0.005261,"beta_oc":-0.12652,"a_ref":1.6425,"I_L_ref":7.854,"I_o_ref":3.03e-09,"R_s":0.325,"R_sh_ref":73.84,"Adjust":23.0,"PTC":173.0,"pdc0":200.0,"gamma_pdc":-0.005180000000000001,"gamma_r":-0.518}