{"Date":"11.10.2009","Version":"MM106","Technology":"Multi-c-Si","BIPV":"N","A_c":1.63,"N_s":60.0,"T_NOCT":47.7,"I_sc_ref":8.33,"V_oc_ref":36.6,"I_mp_ref":7.66,"V_mp_ref":29.28,"alpha_sc":0.0070810000000000005,"beta_oc":-0.13579000000000002,"a_ref":1.6433,"I_L_ref":8.351,"I_o_ref":1.7199999999999999e-09,"R_s":0.341,"R_sh_ref":138.4,"Adjust":11.9,"PTC":197.6,"pdc0":224.0,"gamma_pdc":-0.00484,"gamma_r":-0.484}