{"Date":"05.06.2011","Version":"MM107","Technology":"Multi-c-Si","BIPV":"N","A_c":1.5730000000000002,"N_s":60.0,"T_NOCT":47.7,"I_sc_ref":8.1,"V_oc_ref":36.5,"I_mp_ref":7.48,"V_mp_ref":28.9,"alpha_sc":0.006885,"beta_oc":-0.13542,"a_ref":1.624,"I_L_ref":8.118,"I_o_ref":1.3699999999999998e-09,"R_s":0.39799999999999996,"R_sh_ref":178.55,"Adjust":10.1,"PTC":190.6,"pdc0":216.0,"gamma_pdc":-0.00484,"gamma_r":-0.484}