{"Date":"03.02.2011","Version":"MM107","Technology":"Multi-c-Si","BIPV":"N","A_c":1.5730000000000002,"N_s":60.0,"T_NOCT":48.8,"I_sc_ref":8.13,"V_oc_ref":36.1,"I_mp_ref":7.3,"V_mp_ref":28.5,"alpha_sc":0.005469,"beta_oc":-0.12866,"a_ref":1.6526,"I_L_ref":8.174,"I_o_ref":2.5e-09,"R_s":0.39799999999999996,"R_sh_ref":73.94,"Adjust":20.7,"PTC":180.3,"pdc0":208.0,"gamma_pdc":-0.005180000000000001,"gamma_r":-0.518}