{"Date":"11.10.2009","Version":"MM106","Technology":"Multi-c-Si","BIPV":"N","A_c":1.63,"N_s":60.0,"T_NOCT":47.7,"I_sc_ref":8.24,"V_oc_ref":36.5,"I_mp_ref":7.54,"V_mp_ref":29.19,"alpha_sc":0.007004000000000001,"beta_oc":-0.13542,"a_ref":1.6431,"I_L_ref":8.264,"I_o_ref":1.79e-09,"R_s":0.345,"R_sh_ref":116.64,"Adjust":12.4,"PTC":194.0,"pdc0":220.0,"gamma_pdc":-0.00484,"gamma_r":-0.484}