{"Date":"4/28/2008","Version":"MM105","Technology":"Multi-c-Si","BIPV":"N","A_c":1.63,"N_s":60.0,"T_NOCT":48.8,"I_sc_ref":7.9,"V_oc_ref":36.01,"I_mp_ref":7.04,"V_mp_ref":28.42,"alpha_sc":0.005314,"beta_oc":-0.12834,"a_ref":1.6558,"I_L_ref":7.949,"I_o_ref":2.6600000000000003e-09,"R_s":0.41,"R_sh_ref":65.45,"Adjust":21.6,"PTC":173.0,"pdc0":200.0,"gamma_pdc":-0.005180000000000001,"gamma_r":-0.518}