{"Date":"4/28/2008","Version":"MM105","Technology":"Multi-c-Si","BIPV":"Y","A_c":0.59,"N_s":18.0,"T_NOCT":57.9,"I_sc_ref":7.82,"V_oc_ref":10.9,"I_mp_ref":7.21,"V_mp_ref":8.6,"alpha_sc":0.004129,"beta_oc":-0.03308,"a_ref":0.4599,"I_L_ref":7.843,"I_o_ref":3.87e-10,"R_s":0.135,"R_sh_ref":45.98,"Adjust":22.4,"PTC":51.2,"pdc0":62.0,"gamma_pdc":-0.004710000000000001,"gamma_r":-0.47100000000000003}