{"Date":"4/28/2008","Version":"MM105","Technology":"Multi-c-Si","BIPV":"Y","A_c":0.59,"N_s":18.0,"T_NOCT":57.9,"I_sc_ref":8.0,"V_oc_ref":10.8,"I_mp_ref":7.2,"V_mp_ref":8.61,"alpha_sc":0.004224,"beta_oc":-0.032780000000000004,"a_ref":0.465,"I_L_ref":8.043,"I_o_ref":6.18e-10,"R_s":0.11599999999999999,"R_sh_ref":21.8,"Adjust":27.0,"PTC":51.2,"pdc0":62.0,"gamma_pdc":-0.004710000000000001,"gamma_r":-0.47100000000000003}