{"Date":"8/28/2013","Version":"NRELv1","Technology":"Multi-c-Si","BIPV":"N","A_c":1.63,"N_s":60.0,"T_NOCT":48.1,"I_sc_ref":8.77,"V_oc_ref":37.9,"I_mp_ref":8.28,"V_mp_ref":29.6,"alpha_sc":0.010962999999999999,"beta_oc":-0.13492,"a_ref":1.6318,"I_L_ref":8.866,"I_o_ref":7.2e-10,"R_s":0.444,"R_sh_ref":491.1,"Adjust":7.791,"PTC":219.3,"pdc0":245.0,"gamma_pdc":-0.00433,"gamma_r":-0.433}