{"Date":"8/26/2013","Version":"NRELv1","Technology":"Multi-c-Si","BIPV":"N","A_c":1.63,"N_s":60.0,"T_NOCT":48.1,"I_sc_ref":8.77,"V_oc_ref":37.5,"I_mp_ref":8.21,"V_mp_ref":29.3,"alpha_sc":0.010962999999999999,"beta_oc":-0.1335,"a_ref":1.6152,"I_L_ref":8.776,"I_o_ref":7.2e-10,"R_s":0.442,"R_sh_ref":631.3,"Adjust":7.864,"PTC":214.7,"pdc0":240.0,"gamma_pdc":-0.00433,"gamma_r":-0.433}