{"Date":"04.02.2013","Version":"NRELv1","Technology":"Multi-c-Si","BIPV":"N","A_c":1.933,"N_s":72.0,"T_NOCT":46.6,"I_sc_ref":8.94,"V_oc_ref":45.1,"I_mp_ref":8.52,"V_mp_ref":35.2,"alpha_sc":0.003129,"beta_oc":-0.15334,"a_ref":1.8569,"I_L_ref":9.132,"I_o_ref":2.55e-10,"R_s":0.537,"R_sh_ref":397.15,"Adjust":4.5969999999999995,"PTC":268.2,"pdc0":300.0,"gamma_pdc":-0.004710000000000001,"gamma_r":-0.47100000000000003}