{"Date":"1/29/2009","Version":"MM106","Technology":"Multi-c-Si","BIPV":"N","A_c":1.153,"N_s":42.0,"T_NOCT":49.9,"I_sc_ref":7.84,"V_oc_ref":25.3,"I_mp_ref":7.13,"V_mp_ref":19.9,"alpha_sc":0.005717,"beta_oc":-0.08885,"a_ref":1.0947,"I_L_ref":7.876,"I_o_ref":6.900000000000001e-10,"R_s":0.317,"R_sh_ref":69.45,"Adjust":10.5,"PTC":124.1,"pdc0":142.0,"gamma_pdc":-0.00463,"gamma_r":-0.46299999999999997}