{"Date":"05.06.2011","Version":"MM107","Technology":"Multi-c-Si","BIPV":"N","A_c":1.5730000000000002,"N_s":60.0,"T_NOCT":46.2,"I_sc_ref":8.44,"V_oc_ref":36.6,"I_mp_ref":7.67,"V_mp_ref":30.0,"alpha_sc":0.007005,"beta_oc":-0.12188,"a_ref":1.5956,"I_L_ref":8.465,"I_o_ref":8.76e-10,"R_s":0.245,"R_sh_ref":84.27,"Adjust":18.1,"PTC":207.4,"pdc0":230.0,"gamma_pdc":-0.00439,"gamma_r":-0.439}