{"Date":"10.01.2012","Version":"NRELv1","Technology":"Multi-c-Si","BIPV":"N","A_c":1.63,"N_s":60.0,"T_NOCT":48.1,"I_sc_ref":8.9,"V_oc_ref":38.3,"I_mp_ref":8.4,"V_mp_ref":29.8,"alpha_sc":0.012193,"beta_oc":-0.13826,"a_ref":1.6697,"I_L_ref":8.996,"I_o_ref":9.74e-10,"R_s":0.45299999999999996,"R_sh_ref":563.29,"Adjust":8.673,"PTC":223.6,"pdc0":250.0,"gamma_pdc":-0.004379999999999999,"gamma_r":-0.43799999999999994}