{"Date":"10.05.2010","Version":"MM107","Technology":"Multi-c-Si","BIPV":"N","A_c":1.67,"N_s":60.0,"T_NOCT":46.2,"I_sc_ref":8.48,"V_oc_ref":37.1,"I_mp_ref":7.67,"V_mp_ref":30.0,"alpha_sc":0.007037999999999999,"beta_oc":-0.12354000000000001,"a_ref":1.6088,"I_L_ref":8.514,"I_o_ref":7.76e-10,"R_s":0.31,"R_sh_ref":77.45,"Adjust":16.9,"PTC":207.2,"pdc0":230.0,"gamma_pdc":-0.00439,"gamma_r":-0.439}