{"Date":"11.10.2009","Version":"MM106","Technology":"Multi-c-Si","BIPV":"N","A_c":1.63,"N_s":60.0,"T_NOCT":47.7,"I_sc_ref":8.24,"V_oc_ref":37.0,"I_mp_ref":7.6,"V_mp_ref":30.3,"alpha_sc":0.007004000000000001,"beta_oc":-0.13727,"a_ref":1.6823,"I_L_ref":8.253,"I_o_ref":2.25e-09,"R_s":0.23800000000000002,"R_sh_ref":148.85,"Adjust":14.5,"PTC":203.1,"pdc0":230.0,"gamma_pdc":-0.00484,"gamma_r":-0.484}