{"Date":"11.10.2009","Version":"MM106","Technology":"Multi-c-Si","BIPV":"N","A_c":1.63,"N_s":60.0,"T_NOCT":47.7,"I_sc_ref":7.99,"V_oc_ref":36.3,"I_mp_ref":7.53,"V_mp_ref":28.71,"alpha_sc":0.006792,"beta_oc":-0.13467,"a_ref":1.5956,"I_L_ref":7.999,"I_o_ref":1.0499999999999999e-09,"R_s":0.40700000000000003,"R_sh_ref":100000.0,"Adjust":7.8,"PTC":190.4,"pdc0":216.0,"gamma_pdc":-0.00484,"gamma_r":-0.484}