{"Date":"1/29/2009","Version":"MM106","Technology":"Multi-c-Si","BIPV":"N","A_c":0.5770000000000001,"N_s":21.0,"T_NOCT":48.8,"I_sc_ref":7.88,"V_oc_ref":12.9,"I_mp_ref":7.36,"V_mp_ref":10.2,"alpha_sc":0.004854,"beta_oc":-0.04372,"a_ref":0.5471,"I_L_ref":7.89,"I_o_ref":4.4699999999999996e-10,"R_s":0.153,"R_sh_ref":125.62,"Adjust":10.6,"PTC":65.9,"pdc0":75.0,"gamma_pdc":-0.00468,"gamma_r":-0.46799999999999997}