{"Date":"12.08.2008","Version":"MM106","Technology":"Multi-c-Si","BIPV":"N","A_c":1.301,"N_s":72.0,"T_NOCT":50.2,"I_sc_ref":5.31,"V_oc_ref":43.1,"I_mp_ref":4.77,"V_mp_ref":34.6,"alpha_sc":0.0033060000000000003,"beta_oc":-0.15257,"a_ref":1.8664,"I_L_ref":5.337000000000001,"I_o_ref":4.669999999999999e-10,"R_s":0.636,"R_sh_ref":125.57,"Adjust":9.8,"PTC":144.6,"pdc0":165.0,"gamma_pdc":-0.00452,"gamma_r":-0.452}