{"Date":"10.05.2009","Version":"MM106","Technology":"Multi-c-Si","BIPV":"N","A_c":1.301,"N_s":72.0,"T_NOCT":50.2,"I_sc_ref":5.23,"V_oc_ref":43.1,"I_mp_ref":4.71,"V_mp_ref":34.0,"alpha_sc":0.003256,"beta_oc":-0.15257,"a_ref":1.8435,"I_L_ref":5.261,"I_o_ref":3.4700000000000004e-10,"R_s":0.799,"R_sh_ref":136.33,"Adjust":7.3,"PTC":140.1,"pdc0":160.0,"gamma_pdc":-0.00452,"gamma_r":-0.452}