{"Date":"12.08.2008","Version":"MM106","Technology":"Mono-c-Si","BIPV":"N","A_c":1.301,"N_s":72.0,"T_NOCT":51.4,"I_sc_ref":5.4,"V_oc_ref":44.4,"I_mp_ref":4.95,"V_mp_ref":35.4,"alpha_sc":0.001134,"beta_oc":-0.1514,"a_ref":1.8401,"I_L_ref":5.419,"I_o_ref":1.73e-10,"R_s":0.7290000000000001,"R_sh_ref":203.25,"Adjust":5.5,"PTC":151.8,"pdc0":175.0,"gamma_pdc":-0.0046700000000000005,"gamma_r":-0.467}