{"Date":"10/21/2008","Version":"MM105","Technology":"Mono-c-Si","BIPV":"N","A_c":1.301,"N_s":72.0,"T_NOCT":51.4,"I_sc_ref":5.47,"V_oc_ref":43.2,"I_mp_ref":4.9,"V_mp_ref":34.8,"alpha_sc":0.001149,"beta_oc":-0.14731,"a_ref":1.8278,"I_L_ref":5.5,"I_o_ref":2.7799999999999997e-10,"R_s":0.61,"R_sh_ref":113.11,"Adjust":9.6,"PTC":147.3,"pdc0":170.0,"gamma_pdc":-0.0046700000000000005,"gamma_r":-0.467}