{"Date":"05.06.2011","Version":"MM107","Technology":"Mono-c-Si","BIPV":"N","A_c":1.5730000000000002,"N_s":60.0,"T_NOCT":45.4,"I_sc_ref":8.5,"V_oc_ref":37.0,"I_mp_ref":7.81,"V_mp_ref":30.1,"alpha_sc":0.00374,"beta_oc":-0.12172999999999999,"a_ref":1.5683,"I_L_ref":8.522,"I_o_ref":4.65e-10,"R_s":0.29,"R_sh_ref":113.33,"Adjust":13.9,"PTC":211.9,"pdc0":235.0,"gamma_pdc":-0.00458,"gamma_r":-0.45799999999999996}