{"Date":"01.05.2012","Version":"NRELv1","Technology":"Mono-c-Si","BIPV":"N","A_c":1.63,"N_s":60.0,"T_NOCT":47.2,"I_sc_ref":8.9,"V_oc_ref":37.6,"I_mp_ref":8.26,"V_mp_ref":30.3,"alpha_sc":0.006586,"beta_oc":-0.1316,"a_ref":1.6504,"I_L_ref":8.914,"I_o_ref":1.11e-09,"R_s":0.305,"R_sh_ref":190.65,"Adjust":14.19,"PTC":222.4,"pdc0":250.0,"gamma_pdc":-0.00476,"gamma_r":-0.47600000000000003}