{"Date":"01.05.2010","Version":"MM106","Technology":"Mono-c-Si","BIPV":"N","A_c":1.32,"N_s":48.0,"T_NOCT":45.4,"I_sc_ref":8.4,"V_oc_ref":29.6,"I_mp_ref":7.57,"V_mp_ref":23.8,"alpha_sc":0.003696,"beta_oc":-0.09738,"a_ref":1.2612,"I_L_ref":8.441,"I_o_ref":5.08e-10,"R_s":0.276,"R_sh_ref":57.17,"Adjust":14.9,"PTC":161.9,"pdc0":180.0,"gamma_pdc":-0.00458,"gamma_r":-0.45799999999999996}