{"Date":"10.05.2010","Version":"MM107","Technology":"Mono-c-Si","BIPV":"N","A_c":1.67,"N_s":60.0,"T_NOCT":45.4,"I_sc_ref":8.67,"V_oc_ref":37.2,"I_mp_ref":7.93,"V_mp_ref":30.3,"alpha_sc":0.003815,"beta_oc":-0.12239000000000001,"a_ref":1.5828,"I_L_ref":8.695,"I_o_ref":5.16e-10,"R_s":0.27899999999999997,"R_sh_ref":97.28,"Adjust":14.7,"PTC":216.3,"pdc0":240.0,"gamma_pdc":-0.00458,"gamma_r":-0.45799999999999996}