{"Date":"03.09.2010","Version":"MM107","Technology":"Mono-c-Si","BIPV":"N","A_c":1.63,"N_s":60.0,"T_NOCT":45.4,"I_sc_ref":8.65,"V_oc_ref":37.4,"I_mp_ref":7.98,"V_mp_ref":30.1,"alpha_sc":0.0038060000000000004,"beta_oc":-0.12305,"a_ref":1.5718,"I_L_ref":8.672,"I_o_ref":3.8899999999999995e-10,"R_s":0.337,"R_sh_ref":133.22,"Adjust":12.1,"PTC":216.3,"pdc0":240.0,"gamma_pdc":-0.00458,"gamma_r":-0.45799999999999996}