{"Date":"01.05.2010","Version":"MM106","Technology":"Mono-c-Si","BIPV":"N","A_c":1.482,"N_s":54.0,"T_NOCT":45.4,"I_sc_ref":8.4,"V_oc_ref":33.3,"I_mp_ref":7.6,"V_mp_ref":27.4,"alpha_sc":0.003696,"beta_oc":-0.10955999999999999,"a_ref":1.435,"I_L_ref":8.426,"I_o_ref":6.64e-10,"R_s":0.213,"R_sh_ref":68.43,"Adjust":17.4,"PTC":187.2,"pdc0":208.0,"gamma_pdc":-0.00458,"gamma_r":-0.45799999999999996}