{"Date":"6/14/2011","Version":"MM107","Technology":"Mono-c-Si","BIPV":"N","A_c":1.2770000000000001,"N_s":72.0,"T_NOCT":46.9,"I_sc_ref":5.54,"V_oc_ref":45.1,"I_mp_ref":5.12,"V_mp_ref":37.1,"alpha_sc":0.003379,"beta_oc":-0.15469000000000002,"a_ref":1.945,"I_L_ref":5.5489999999999995,"I_o_ref":4.5699999999999997e-10,"R_s":0.43799999999999994,"R_sh_ref":260.33,"Adjust":12.7,"PTC":170.1,"pdc0":190.0,"gamma_pdc":-0.00454,"gamma_r":-0.45399999999999996}