{"Date":"1/14/2013","Version":"NRELv1","Technology":"Multi-c-Si","BIPV":"N","A_c":1.4569999999999999,"N_s":54.0,"T_NOCT":48.3,"I_sc_ref":8.06,"V_oc_ref":32.8,"I_mp_ref":7.5,"V_mp_ref":26.0,"alpha_sc":0.005642,"beta_oc":-0.11677,"a_ref":1.3958,"I_L_ref":8.073,"I_o_ref":4.94e-10,"R_s":0.371,"R_sh_ref":223.46,"Adjust":5.98,"PTC":172.6,"pdc0":195.0,"gamma_pdc":-0.00457,"gamma_r":-0.457}