{"Date":"1/14/2013","Version":"NRELv1","Technology":"Multi-c-Si","BIPV":"N","A_c":1.931,"N_s":72.0,"T_NOCT":46.6,"I_sc_ref":8.12,"V_oc_ref":44.1,"I_mp_ref":7.56,"V_mp_ref":35.1,"alpha_sc":0.005684000000000001,"beta_oc":-0.157,"a_ref":1.9327,"I_L_ref":8.131,"I_o_ref":9.85e-10,"R_s":0.45799999999999996,"R_sh_ref":335.33,"Adjust":12.02,"PTC":235.1,"pdc0":265.0,"gamma_pdc":-0.00487,"gamma_r":-0.48700000000000004}