{"Date":"1/14/2013","Version":"NRELv1","Technology":"Multi-c-Si","BIPV":"N","A_c":1.931,"N_s":72.0,"T_NOCT":47.6,"I_sc_ref":7.89,"V_oc_ref":42.9,"I_mp_ref":7.34,"V_mp_ref":33.4,"alpha_sc":0.005522999999999999,"beta_oc":-0.15272,"a_ref":1.8493,"I_L_ref":7.902,"I_o_ref":6.55e-10,"R_s":0.5820000000000001,"R_sh_ref":371.83,"Adjust":8.613999999999999,"PTC":215.8,"pdc0":245.0,"gamma_pdc":-0.00483,"gamma_r":-0.483}