{"Date":"1/14/2013","Version":"NRELv1","Technology":"Multi-c-Si","BIPV":"N","A_c":1.4569999999999999,"N_s":54.0,"T_NOCT":47.0,"I_sc_ref":8.36,"V_oc_ref":33.8,"I_mp_ref":7.88,"V_mp_ref":27.3,"alpha_sc":0.005852,"beta_oc":-0.12032999999999999,"a_ref":1.5048,"I_L_ref":8.361,"I_o_ref":1.4699999999999999e-09,"R_s":0.276,"R_sh_ref":3188.35,"Adjust":15.4,"PTC":189.9,"pdc0":215.0,"gamma_pdc":-0.00503,"gamma_r":-0.503}