{"Date":"1/14/2013","Version":"NRELv1","Technology":"Multi-c-Si","BIPV":"N","A_c":1.931,"N_s":72.0,"T_NOCT":46.6,"I_sc_ref":8.06,"V_oc_ref":43.8,"I_mp_ref":7.49,"V_mp_ref":34.7,"alpha_sc":0.005642,"beta_oc":-0.15592999999999999,"a_ref":1.9163,"I_L_ref":8.073,"I_o_ref":9.39e-10,"R_s":0.484,"R_sh_ref":300.72,"Adjust":11.65,"PTC":230.5,"pdc0":260.0,"gamma_pdc":-0.00487,"gamma_r":-0.48700000000000004}