{"Date":"9/23/2011","Version":"MM107","Technology":"CIGS","BIPV":"Y","A_c":0.127,"N_s":5.0,"T_NOCT":62.2,"I_sc_ref":6.3,"V_oc_ref":3.1,"I_mp_ref":5.4,"V_mp_ref":2.1,"alpha_sc":9.499999999999999e-05,"beta_oc":-0.01154,"a_ref":0.1288,"I_L_ref":6.474,"I_o_ref":2.0400000000000002e-10,"R_s":0.125,"R_sh_ref":4.51,"Adjust":-3.0,"PTC":9.2,"pdc0":12.0,"gamma_pdc":-0.0055000000000000005,"gamma_r":-0.55}