{"Technology":"Thin Film","BIPV":"Y","A_c":0.35600000000000004,"N_s":12.0,"T_NOCT":60.3,"PTC":30.4,"pdc0":37.0,"gamma_pdc":-0.004522}