{"Technology":"Thin Film","BIPV":"Y","A_c":0.35600000000000004,"N_s":12.0,"T_NOCT":60.3,"PTC":29.5,"pdc0":36.0,"gamma_pdc":-0.004522}