{"Date":"03.07.2011","Version":"MM107","Technology":"Mono-c-Si","BIPV":"N","A_c":1.923,"N_s":72.0,"T_NOCT":52.7,"I_sc_ref":8.48,"V_oc_ref":44.2,"I_mp_ref":8.05,"V_mp_ref":36.5,"alpha_sc":0.0036969999999999998,"beta_oc":-0.17004,"a_ref":2.0004,"I_L_ref":8.516,"I_o_ref":2.1600000000000004e-09,"R_s":0.23399999999999999,"R_sh_ref":100000.0,"Adjust":10.1,"PTC":250.0,"pdc0":295.0,"gamma_pdc":-0.00527,"gamma_r":-0.527}