{"Date":"10/20/2009","Version":"MM106","Technology":"Mono-c-Si","BIPV":"N","A_c":1.2770000000000001,"N_s":72.0,"T_NOCT":46.6,"I_sc_ref":5.49,"V_oc_ref":43.2,"I_mp_ref":4.94,"V_mp_ref":34.4,"alpha_sc":0.002436,"beta_oc":-0.16943,"a_ref":1.985,"I_L_ref":5.516,"I_o_ref":1.84e-09,"R_s":0.634,"R_sh_ref":135.65,"Adjust":10.6,"PTC":148.9,"pdc0":170.0,"gamma_pdc":-0.00532,"gamma_r":-0.532}