{"Date":"03.07.2011","Version":"MM107","Technology":"Mono-c-Si","BIPV":"N","A_c":1.923,"N_s":72.0,"T_NOCT":52.7,"I_sc_ref":8.58,"V_oc_ref":44.3,"I_mp_ref":8.16,"V_mp_ref":36.5,"alpha_sc":0.0037409999999999995,"beta_oc":-0.17042000000000002,"a_ref":2.0029,"I_L_ref":8.634,"I_o_ref":2.14e-09,"R_s":0.243,"R_sh_ref":100000.0,"Adjust":9.9,"PTC":254.5,"pdc0":300.0,"gamma_pdc":-0.00527,"gamma_r":-0.527}