{"Date":"03.07.2011","Version":"MM107","Technology":"Mono-c-Si","BIPV":"N","A_c":1.923,"N_s":72.0,"T_NOCT":52.7,"I_sc_ref":8.18,"V_oc_ref":43.8,"I_mp_ref":7.65,"V_mp_ref":35.8,"alpha_sc":0.0035659999999999997,"beta_oc":-0.1685,"a_ref":1.984,"I_L_ref":8.186,"I_o_ref":2.09e-09,"R_s":0.295,"R_sh_ref":434.45,"Adjust":10.2,"PTC":232.4,"pdc0":275.0,"gamma_pdc":-0.00527,"gamma_r":-0.527}