{"Date":"10/20/2009","Version":"MM106","Technology":"Mono-c-Si","BIPV":"N","A_c":1.2770000000000001,"N_s":72.0,"T_NOCT":46.6,"I_sc_ref":5.75,"V_oc_ref":43.6,"I_mp_ref":5.17,"V_mp_ref":34.8,"alpha_sc":0.0025510000000000003,"beta_oc":-0.171,"a_ref":2.0076,"I_L_ref":5.777,"I_o_ref":2.0100000000000003e-09,"R_s":0.5920000000000001,"R_sh_ref":128.25,"Adjust":11.0,"PTC":157.9,"pdc0":180.0,"gamma_pdc":-0.00532,"gamma_r":-0.532}