{"Date":"03.07.2011","Version":"MM107","Technology":"Mono-c-Si","BIPV":"N","A_c":1.923,"N_s":72.0,"T_NOCT":52.7,"I_sc_ref":8.69,"V_oc_ref":44.3,"I_mp_ref":8.27,"V_mp_ref":36.8,"alpha_sc":0.0037890000000000003,"beta_oc":-0.17042000000000002,"a_ref":2.012,"I_L_ref":8.743,"I_o_ref":2.4e-09,"R_s":0.19699999999999998,"R_sh_ref":100000.0,"Adjust":10.8,"PTC":258.9,"pdc0":305.0,"gamma_pdc":-0.00527,"gamma_r":-0.527}