{"Date":"03.07.2011","Version":"MM107","Technology":"Multi-c-Si","BIPV":"N","A_c":1.923,"N_s":72.0,"T_NOCT":50.7,"I_sc_ref":8.21,"V_oc_ref":43.9,"I_mp_ref":7.58,"V_mp_ref":36.1,"alpha_sc":0.0059770000000000005,"beta_oc":-0.14007999999999998,"a_ref":1.8852,"I_L_ref":8.225,"I_o_ref":6.130000000000001e-10,"R_s":0.292,"R_sh_ref":163.33,"Adjust":20.1,"PTC":241.6,"pdc0":275.0,"gamma_pdc":-0.00445,"gamma_r":-0.445}