{"Date":"03.07.2011","Version":"MM107","Technology":"Multi-c-Si","BIPV":"N","A_c":1.923,"N_s":72.0,"T_NOCT":50.7,"I_sc_ref":8.16,"V_oc_ref":43.7,"I_mp_ref":7.5,"V_mp_ref":35.9,"alpha_sc":0.00594,"beta_oc":-0.13945,"a_ref":1.881,"I_L_ref":8.177,"I_o_ref":6.400000000000001e-10,"R_s":0.29600000000000004,"R_sh_ref":140.29,"Adjust":20.6,"PTC":237.1,"pdc0":270.0,"gamma_pdc":-0.00445,"gamma_r":-0.445}