{"Date":"05.09.2011","Version":"MM107","Technology":"Multi-c-Si","BIPV":"N","A_c":1.611,"N_s":60.0,"T_NOCT":50.7,"I_sc_ref":8.18,"V_oc_ref":36.9,"I_mp_ref":7.59,"V_mp_ref":30.2,"alpha_sc":0.004695,"beta_oc":-0.11852,"a_ref":1.5697,"I_L_ref":8.193,"I_o_ref":4.92e-10,"R_s":0.271,"R_sh_ref":170.81,"Adjust":17.4,"PTC":201.6,"pdc0":230.0,"gamma_pdc":-0.004529999999999999,"gamma_r":-0.45299999999999996}