{"Date":"03.07.2011","Version":"MM107","Technology":"Multi-c-Si","BIPV":"N","A_c":1.923,"N_s":72.0,"T_NOCT":50.7,"I_sc_ref":8.32,"V_oc_ref":44.3,"I_mp_ref":7.73,"V_mp_ref":36.7,"alpha_sc":0.006057,"beta_oc":-0.14135999999999999,"a_ref":1.9036,"I_L_ref":8.33,"I_o_ref":6.35e-10,"R_s":0.25,"R_sh_ref":207.83,"Adjust":20.3,"PTC":250.7,"pdc0":285.0,"gamma_pdc":-0.00445,"gamma_r":-0.445}