{"Date":"05.09.2011","Version":"MM107","Technology":"Multi-c-Si","BIPV":"N","A_c":1.611,"N_s":60.0,"T_NOCT":50.7,"I_sc_ref":8.29,"V_oc_ref":37.0,"I_mp_ref":7.68,"V_mp_ref":30.6,"alpha_sc":0.004758,"beta_oc":-0.11884000000000002,"a_ref":1.5846,"I_L_ref":8.302,"I_o_ref":5.83e-10,"R_s":0.21899999999999997,"R_sh_ref":152.68,"Adjust":18.9,"PTC":206.1,"pdc0":235.0,"gamma_pdc":-0.004529999999999999,"gamma_r":-0.45299999999999996}