{"Date":"05.09.2011","Version":"MM107","Technology":"Multi-c-Si","BIPV":"N","A_c":1.611,"N_s":60.0,"T_NOCT":50.7,"I_sc_ref":8.35,"V_oc_ref":37.2,"I_mp_ref":7.8,"V_mp_ref":30.7,"alpha_sc":0.004793,"beta_oc":-0.11949000000000001,"a_ref":1.5835,"I_L_ref":8.357999999999999,"I_o_ref":5.15e-10,"R_s":0.23,"R_sh_ref":236.33,"Adjust":17.6,"PTC":210.6,"pdc0":240.0,"gamma_pdc":-0.004529999999999999,"gamma_r":-0.45299999999999996}