{"Date":"03.07.2011","Version":"MM107","Technology":"Mono-c-Si","BIPV":"N","A_c":1.2770000000000001,"N_s":72.0,"T_NOCT":47.6,"I_sc_ref":5.76,"V_oc_ref":43.2,"I_mp_ref":5.14,"V_mp_ref":36.0,"alpha_sc":0.002304,"beta_oc":-0.1728,"a_ref":2.0685,"I_L_ref":5.772,"I_o_ref":4.5700000000000006e-09,"R_s":0.22,"R_sh_ref":107.26,"Adjust":16.5,"PTC":161.1,"pdc0":185.0,"gamma_pdc":-0.0054,"gamma_r":-0.54}