{"Date":"03.07.2011","Version":"MM107","Technology":"Mono-c-Si","BIPV":"N","A_c":1.2770000000000001,"N_s":72.0,"T_NOCT":47.6,"I_sc_ref":5.52,"V_oc_ref":42.6,"I_mp_ref":4.93,"V_mp_ref":35.5,"alpha_sc":0.002208,"beta_oc":-0.1704,"a_ref":2.0387,"I_L_ref":5.531000000000001,"I_o_ref":4.33e-09,"R_s":0.22699999999999998,"R_sh_ref":111.96,"Adjust":16.4,"PTC":152.1,"pdc0":175.0,"gamma_pdc":-0.0054,"gamma_r":-0.54}