{"Date":"7/13/2012","Version":"NRELv1","Technology":"Multi-c-Si","BIPV":"N","A_c":1.6269999999999998,"N_s":60.0,"T_NOCT":45.7,"I_sc_ref":8.3,"V_oc_ref":34.8,"I_mp_ref":7.41,"V_mp_ref":29.0,"alpha_sc":0.00581,"beta_oc":-0.11135999999999999,"a_ref":1.5573,"I_L_ref":8.322000000000001,"I_o_ref":1.52e-09,"R_s":0.154,"R_sh_ref":57.39,"Adjust":29.23,"PTC":192.8,"pdc0":215.0,"gamma_pdc":-0.0046,"gamma_r":-0.46}