{"Date":"7/13/2012","Version":"NRELv1","Technology":"Multi-c-Si","BIPV":"N","A_c":1.6269999999999998,"N_s":60.0,"T_NOCT":45.7,"I_sc_ref":8.64,"V_oc_ref":37.27,"I_mp_ref":7.71,"V_mp_ref":31.14,"alpha_sc":0.0060479999999999996,"beta_oc":-0.11925999999999999,"a_ref":1.671,"I_L_ref":8.661,"I_o_ref":1.65e-09,"R_s":0.145,"R_sh_ref":58.57,"Adjust":29.67,"PTC":215.9,"pdc0":240.0,"gamma_pdc":-0.0046,"gamma_r":-0.46}