{"Date":"7/13/2012","Version":"NRELv1","Technology":"Multi-c-Si","BIPV":"N","A_c":1.9409999999999998,"N_s":72.0,"T_NOCT":45.7,"I_sc_ref":8.59,"V_oc_ref":44.58,"I_mp_ref":7.67,"V_mp_ref":37.16,"alpha_sc":0.006013,"beta_oc":-0.14265999999999998,"a_ref":1.9951,"I_L_ref":8.613,"I_o_ref":1.58e-09,"R_s":0.18899999999999997,"R_sh_ref":71.19,"Adjust":29.24,"PTC":256.3,"pdc0":285.0,"gamma_pdc":-0.0046,"gamma_r":-0.46}