{"Date":"7/13/2012","Version":"NRELv1","Technology":"Multi-c-Si","BIPV":"N","A_c":1.6269999999999998,"N_s":60.0,"T_NOCT":45.7,"I_sc_ref":8.05,"V_oc_ref":34.2,"I_mp_ref":7.19,"V_mp_ref":28.5,"alpha_sc":0.005635,"beta_oc":-0.10944000000000001,"a_ref":1.53,"I_L_ref":8.071,"I_o_ref":1.4699999999999999e-09,"R_s":0.156,"R_sh_ref":58.57,"Adjust":29.16,"PTC":183.7,"pdc0":205.0,"gamma_pdc":-0.0046,"gamma_r":-0.46}