{"Date":"7/13/2012","Version":"NRELv1","Technology":"Multi-c-Si","BIPV":"N","A_c":1.6269999999999998,"N_s":60.0,"T_NOCT":45.7,"I_sc_ref":7.86,"V_oc_ref":34.2,"I_mp_ref":7.02,"V_mp_ref":28.5,"alpha_sc":0.005502,"beta_oc":-0.10944000000000001,"a_ref":1.5301,"I_L_ref":7.881,"I_o_ref":1.4300000000000002e-09,"R_s":0.16,"R_sh_ref":59.94,"Adjust":29.17,"PTC":179.1,"pdc0":200.0,"gamma_pdc":-0.0046,"gamma_r":-0.46}