{"Date":"7/13/2012","Version":"NRELv1","Technology":"Multi-c-Si","BIPV":"N","A_c":1.9409999999999998,"N_s":72.0,"T_NOCT":45.7,"I_sc_ref":8.29,"V_oc_ref":43.81,"I_mp_ref":7.4,"V_mp_ref":36.49,"alpha_sc":0.005803,"beta_oc":-0.14019,"a_ref":1.9601,"I_L_ref":8.312999999999999,"I_o_ref":1.51e-09,"R_s":0.19699999999999998,"R_sh_ref":72.18,"Adjust":29.18,"PTC":242.5,"pdc0":270.0,"gamma_pdc":-0.0046,"gamma_r":-0.46}