{"Date":"7/13/2012","Version":"NRELv1","Technology":"Multi-c-Si","BIPV":"N","A_c":1.6269999999999998,"N_s":60.0,"T_NOCT":45.7,"I_sc_ref":8.55,"V_oc_ref":35.4,"I_mp_ref":7.63,"V_mp_ref":29.5,"alpha_sc":0.005985,"beta_oc":-0.11327999999999999,"a_ref":1.5846,"I_L_ref":8.573,"I_o_ref":1.58e-09,"R_s":0.152,"R_sh_ref":56.29,"Adjust":29.29,"PTC":202.0,"pdc0":225.0,"gamma_pdc":-0.0046,"gamma_r":-0.46}