{"Date":"7/13/2012","Version":"NRELv1","Technology":"Multi-c-Si","BIPV":"N","A_c":1.6269999999999998,"N_s":60.0,"T_NOCT":45.7,"I_sc_ref":8.11,"V_oc_ref":34.8,"I_mp_ref":7.24,"V_mp_ref":29.0,"alpha_sc":0.005677000000000001,"beta_oc":-0.11135999999999999,"a_ref":1.5574,"I_L_ref":8.132,"I_o_ref":1.49e-09,"R_s":0.157,"R_sh_ref":58.69,"Adjust":29.24,"PTC":188.2,"pdc0":210.0,"gamma_pdc":-0.0046,"gamma_r":-0.46}