{"Date":"08.01.2012","Version":"NRELv1","Technology":"Multi-c-Si","BIPV":"N","A_c":1.983,"N_s":72.0,"T_NOCT":44.2,"I_sc_ref":8.67,"V_oc_ref":45.0,"I_mp_ref":8.14,"V_mp_ref":36.3,"alpha_sc":0.002168,"beta_oc":-0.1431,"a_ref":1.8089,"I_L_ref":8.679,"I_o_ref":1.35e-10,"R_s":0.41,"R_sh_ref":411.57,"Adjust":6.818,"PTC":268.5,"pdc0":295.0,"gamma_pdc":-0.00443,"gamma_r":-0.44299999999999995}