{"Date":"08.01.2012","Version":"NRELv1","Technology":"Multi-c-Si","BIPV":"N","A_c":1.983,"N_s":72.0,"T_NOCT":44.2,"I_sc_ref":8.56,"V_oc_ref":44.5,"I_mp_ref":7.95,"V_mp_ref":35.9,"alpha_sc":0.00214,"beta_oc":-0.14151,"a_ref":1.7999,"I_L_ref":8.578,"I_o_ref":1.53e-10,"R_s":0.41,"R_sh_ref":197.21,"Adjust":8.062999999999999,"PTC":259.2,"pdc0":285.0,"gamma_pdc":-0.00443,"gamma_r":-0.44299999999999995}