{"Technology":"Multi-c-Si","BIPV":"N","A_c":1.6159999999999999,"N_s":60.0,"T_NOCT":46.1,"PTC":216.0,"pdc0":240.0,"gamma_pdc":-0.0045000000000000005}