{"Technology":"Multi-c-Si","BIPV":"N","A_c":1.6159999999999999,"N_s":60.0,"T_NOCT":47.7,"PTC":209.1,"pdc0":235.0,"gamma_pdc":-0.00458}