{"Date":"07.07.2011","Version":"MM107","Technology":"Mono-c-Si","BIPV":"N","A_c":1.629,"N_s":60.0,"T_NOCT":46.6,"I_sc_ref":8.14,"V_oc_ref":37.0,"I_mp_ref":7.53,"V_mp_ref":29.9,"alpha_sc":0.004070000000000001,"beta_oc":-0.1258,"a_ref":1.6013,"I_L_ref":8.156,"I_o_ref":7.31e-10,"R_s":0.32299999999999995,"R_sh_ref":164.27,"Adjust":14.6,"PTC":200.0,"pdc0":225.0,"gamma_pdc":-0.0048,"gamma_r":-0.48}