{"Date":"07.07.2011","Version":"MM107","Technology":"Mono-c-Si","BIPV":"N","A_c":0.657,"N_s":36.0,"T_NOCT":45.7,"I_sc_ref":5.0,"V_oc_ref":21.9,"I_mp_ref":4.52,"V_mp_ref":17.7,"alpha_sc":0.002,"beta_oc":-0.07007999999999999,"a_ref":0.9218,"I_L_ref":5.022,"I_o_ref":2.2700000000000002e-10,"R_s":0.325,"R_sh_ref":74.44,"Adjust":15.5,"PTC":71.8,"pdc0":80.0,"gamma_pdc":-0.0045000000000000005,"gamma_r":-0.45}