{"Date":"07.07.2011","Version":"MM107","Technology":"Mono-c-Si","BIPV":"N","A_c":0.657,"N_s":36.0,"T_NOCT":45.7,"I_sc_ref":5.14,"V_oc_ref":22.1,"I_mp_ref":4.75,"V_mp_ref":17.9,"alpha_sc":0.0020559999999999997,"beta_oc":-0.07072,"a_ref":0.919,"I_L_ref":5.152,"I_o_ref":1.8e-10,"R_s":0.312,"R_sh_ref":135.84,"Adjust":13.0,"PTC":76.4,"pdc0":85.0,"gamma_pdc":-0.0045000000000000005,"gamma_r":-0.45}