{"Date":"07.07.2011","Version":"MM107","Technology":"Multi-c-Si","BIPV":"N","A_c":1.942,"N_s":72.0,"T_NOCT":46.4,"I_sc_ref":8.59,"V_oc_ref":44.2,"I_mp_ref":8.24,"V_mp_ref":35.2,"alpha_sc":0.004295,"beta_oc":-0.13702,"a_ref":1.8093,"I_L_ref":8.714,"I_o_ref":2.1399999999999998e-10,"R_s":0.45299999999999996,"R_sh_ref":100000.0,"Adjust":13.2,"PTC":260.6,"pdc0":290.0,"gamma_pdc":-0.0045000000000000005,"gamma_r":-0.45}