{"Date":"3/15/2011","Version":"MM107","Technology":"Multi-c-Si","BIPV":"N","A_c":1.2770000000000001,"N_s":72.0,"T_NOCT":45.8,"I_sc_ref":5.24,"V_oc_ref":44.3,"I_mp_ref":4.85,"V_mp_ref":36.1,"alpha_sc":0.00262,"beta_oc":-0.13733,"a_ref":1.8239,"I_L_ref":5.251,"I_o_ref":1.44e-10,"R_s":0.57,"R_sh_ref":273.24,"Adjust":14.3,"PTC":158.2,"pdc0":175.0,"gamma_pdc":-0.0043,"gamma_r":-0.43}