{"Date":"07.07.2011","Version":"MM107","Technology":"Multi-c-Si","BIPV":"N","A_c":1.2770000000000001,"N_s":72.0,"T_NOCT":45.5,"I_sc_ref":5.45,"V_oc_ref":44.4,"I_mp_ref":5.17,"V_mp_ref":35.8,"alpha_sc":0.002725,"beta_oc":-0.1332,"a_ref":1.8263,"I_L_ref":5.46,"I_o_ref":1.51e-10,"R_s":0.627,"R_sh_ref":100000.0,"Adjust":18.1,"PTC":166.9,"pdc0":185.0,"gamma_pdc":-0.0045000000000000005,"gamma_r":-0.45}