{"Date":"07.07.2011","Version":"MM107","Technology":"Multi-c-Si","BIPV":"N","A_c":1.942,"N_s":72.0,"T_NOCT":46.4,"I_sc_ref":8.51,"V_oc_ref":44.1,"I_mp_ref":8.12,"V_mp_ref":35.1,"alpha_sc":0.004255,"beta_oc":-0.13671,"a_ref":1.8045,"I_L_ref":8.588,"I_o_ref":2.0899999999999998e-10,"R_s":0.461,"R_sh_ref":100000.0,"Adjust":13.1,"PTC":256.0,"pdc0":285.0,"gamma_pdc":-0.0045000000000000005,"gamma_r":-0.45}