{"Date":"07.06.2011","Version":"MM107","Technology":"Mono-c-Si","BIPV":"Y","A_c":2.052,"N_s":96.0,"T_NOCT":46.2,"I_sc_ref":5.0,"V_oc_ref":59.7,"I_mp_ref":4.66,"V_mp_ref":48.5,"alpha_sc":0.004,"beta_oc":-0.21552,"a_ref":2.5888,"I_L_ref":5.006,"I_o_ref":4.75e-10,"R_s":0.7809999999999999,"R_sh_ref":642.2,"Adjust":8.0,"PTC":200.9,"pdc0":225.0,"gamma_pdc":-0.00451,"gamma_r":-0.451}