{"Date":"10.05.2009","Version":"MM106","Technology":"1-a-Si","BIPV":"N","A_c":1.4509999999999998,"N_s":119.0,"T_NOCT":45.3,"I_sc_ref":1.65,"V_oc_ref":100.0,"I_mp_ref":1.32,"V_mp_ref":76.0,"alpha_sc":0.001452,"beta_oc":-0.341,"a_ref":3.8192,"I_L_ref":1.7069999999999999,"I_o_ref":5.72e-12,"R_s":9.44,"R_sh_ref":275.54,"Adjust":-12.4,"PTC":93.7,"pdc0":100.0,"gamma_pdc":-0.00262,"gamma_r":-0.262}