{"Date":"07.01.2014","Version":"NRELv1","Technology":"Multi-c-Si","BIPV":"N","A_c":1.6369999999999998,"N_s":72.0,"T_NOCT":44.6,"I_sc_ref":8.93,"V_oc_ref":37.76,"I_mp_ref":8.37,"V_mp_ref":31.06,"alpha_sc":0.012145,"beta_oc":-0.14462,"a_ref":1.7212,"I_L_ref":8.934,"I_o_ref":2.62e-09,"R_s":0.204,"R_sh_ref":422.42,"Adjust":11.11,"PTC":236.5,"pdc0":260.0,"gamma_pdc":-0.00444,"gamma_r":-0.444}