{"Date":"07.01.2014","Version":"NRELv1","Technology":"Multi-c-Si","BIPV":"N","A_c":1.95,"N_s":72.0,"T_NOCT":45.2,"I_sc_ref":9.27,"V_oc_ref":45.73,"I_mp_ref":8.76,"V_mp_ref":37.66,"alpha_sc":0.00343,"beta_oc":-0.1596,"a_ref":1.9466,"I_L_ref":9.272,"I_o_ref":5.800000000000001e-10,"R_s":0.265,"R_sh_ref":1293.41,"Adjust":8.642000000000001,"PTC":297.7,"pdc0":330.0,"gamma_pdc":-0.00476,"gamma_r":-0.47600000000000003}