{"Vac":0.0,"Paco":75130.0,"Pdco":79994.3,"Vdco":450.0,"Pso":347.93300000000005,"C0":-4.60486e-07,"C1":2.62206e-05,"C2":0.0015482,"C3":1.61324e-06,"Pnt":11.24,"Vdcmax":600.0,"Mppt_low":325.0,"Mppt_high":600.0}