{"Vac":480.0,"Paco":11670.0,"Pdco":12034.03874,"Vdco":499.4043333000001,"Pso":32.07826448,"C0":-1.15e-06,"C1":-2.35e-05,"C2":-0.00109,"C3":-0.000566,"Pnt":0.45,"Vdcmax":1000.0,"Mppt_low":340.0,"Mppt_high":850.0}