{"Date":"8/29/2011","Version":"MM107","Technology":"Mono-c-Si","BIPV":"N","A_c":1.2770000000000001,"N_s":72.0,"T_NOCT":46.3,"I_sc_ref":5.45,"V_oc_ref":43.9,"I_mp_ref":5.14,"V_mp_ref":36.0,"alpha_sc":0.0020440000000000002,"beta_oc":-0.15216,"a_ref":1.8514,"I_L_ref":5.452000000000001,"I_o_ref":2.73e-10,"R_s":0.47200000000000003,"R_sh_ref":1280.99,"Adjust":7.3,"PTC":165.5,"pdc0":185.0,"gamma_pdc":-0.0046700000000000005,"gamma_r":-0.467}