{"Date":"8/29/2011","Version":"MM107","Technology":"Multi-c-Si","BIPV":"N","A_c":1.6369999999999998,"N_s":60.0,"T_NOCT":46.7,"I_sc_ref":7.77,"V_oc_ref":35.3,"I_mp_ref":7.19,"V_mp_ref":28.5,"alpha_sc":0.003924,"beta_oc":-0.11510999999999999,"a_ref":1.4901,"I_L_ref":7.787000000000001,"I_o_ref":3.8899999999999995e-10,"R_s":0.337,"R_sh_ref":158.55,"Adjust":14.0,"PTC":182.8,"pdc0":205.0,"gamma_pdc":-0.00457,"gamma_r":-0.457}