{"Date":"8/29/2011","Version":"MM107","Technology":"Multi-c-Si","BIPV":"N","A_c":1.6369999999999998,"N_s":60.0,"T_NOCT":46.7,"I_sc_ref":8.19,"V_oc_ref":36.0,"I_mp_ref":7.59,"V_mp_ref":29.0,"alpha_sc":0.004136,"beta_oc":-0.1174,"a_ref":1.5167,"I_L_ref":8.207,"I_o_ref":3.9300000000000004e-10,"R_s":0.337,"R_sh_ref":165.65,"Adjust":13.6,"PTC":196.5,"pdc0":220.0,"gamma_pdc":-0.00457,"gamma_r":-0.457}