{"Date":"8/29/2011","Version":"MM107","Technology":"Multi-c-Si","BIPV":"N","A_c":1.6369999999999998,"N_s":60.0,"T_NOCT":46.7,"I_sc_ref":8.46,"V_oc_ref":37.2,"I_mp_ref":7.83,"V_mp_ref":30.0,"alpha_sc":0.004272,"beta_oc":-0.12130999999999999,"a_ref":1.5695,"I_L_ref":8.478,"I_o_ref":4.19e-10,"R_s":0.332,"R_sh_ref":155.44,"Adjust":13.9,"PTC":210.2,"pdc0":235.0,"gamma_pdc":-0.00457,"gamma_r":-0.457}