{"Date":"8/29/2011","Version":"MM107","Technology":"Multi-c-Si","BIPV":"N","A_c":1.6369999999999998,"N_s":60.0,"T_NOCT":46.7,"I_sc_ref":8.24,"V_oc_ref":36.6,"I_mp_ref":7.63,"V_mp_ref":29.5,"alpha_sc":0.004161,"beta_oc":-0.11935,"a_ref":1.5428,"I_L_ref":8.257,"I_o_ref":4e-10,"R_s":0.33799999999999997,"R_sh_ref":160.59,"Adjust":13.7,"PTC":201.0,"pdc0":225.0,"gamma_pdc":-0.00457,"gamma_r":-0.457}