{"Technology":"Multi-c-Si","BIPV":"N","A_c":1.5719999999999998,"N_s":60.0,"T_NOCT":49.8,"PTC":238.9,"pdc0":270.0,"gamma_pdc":-0.00458}