{"Date":"9/18/2014","Version":"NRELv1","Technology":"Multi-c-Si","BIPV":"N","A_c":1.6269999999999998,"N_s":60.0,"T_NOCT":48.3,"I_sc_ref":9.05,"V_oc_ref":38.3,"I_mp_ref":8.28,"V_mp_ref":33.2,"alpha_sc":0.0036200000000000004,"beta_oc":-0.11873,"a_ref":1.6121,"I_L_ref":9.051,"I_o_ref":4.14e-10,"R_s":0.011000000000000001,"R_sh_ref":86.08,"Adjust":19.49,"PTC":247.6,"pdc0":275.0,"gamma_pdc":-0.0042,"gamma_r":-0.42}