{"Date":"06.03.2011","Version":"MM107","Technology":"Multi-c-Si","BIPV":"N","A_c":1.4569999999999999,"N_s":54.0,"T_NOCT":47.0,"I_sc_ref":8.36,"V_oc_ref":33.8,"I_mp_ref":7.88,"V_mp_ref":27.3,"alpha_sc":0.004932,"beta_oc":-0.12574000000000002,"a_ref":1.4962,"I_L_ref":8.361,"I_o_ref":1.29e-09,"R_s":0.278,"R_sh_ref":2461.12,"Adjust":9.2,"PTC":189.9,"pdc0":215.0,"gamma_pdc":-0.00503,"gamma_r":-0.503}