{"Date":"06.03.2011","Version":"MM107","Technology":"Multi-c-Si","BIPV":"N","A_c":1.931,"N_s":72.0,"T_NOCT":46.6,"I_sc_ref":8.12,"V_oc_ref":44.1,"I_mp_ref":7.56,"V_mp_ref":35.1,"alpha_sc":0.009337999999999999,"beta_oc":-0.16052,"a_ref":2.005,"I_L_ref":8.129,"I_o_ref":2.25e-09,"R_s":0.439,"R_sh_ref":395.66,"Adjust":16.5,"PTC":235.1,"pdc0":265.0,"gamma_pdc":-0.00487,"gamma_r":-0.48700000000000004}