{"Date":"06.03.2011","Version":"MM107","Technology":"Multi-c-Si","BIPV":"N","A_c":1.614,"N_s":60.0,"T_NOCT":46.3,"I_sc_ref":8.08,"V_oc_ref":36.8,"I_mp_ref":7.53,"V_mp_ref":29.2,"alpha_sc":0.006141,"beta_oc":-0.13138,"a_ref":1.6091,"I_L_ref":8.09,"I_o_ref":9.32e-10,"R_s":0.39799999999999996,"R_sh_ref":312.71,"Adjust":11.0,"PTC":195.8,"pdc0":220.0,"gamma_pdc":-0.00481,"gamma_r":-0.48100000000000004}