{"Date":"03.07.2011","Version":"MM107","Technology":"Mono-c-Si","BIPV":"N","A_c":1.4580000000000002,"N_s":54.0,"T_NOCT":49.0,"I_sc_ref":8.71,"V_oc_ref":32.9,"I_mp_ref":7.96,"V_mp_ref":25.8,"alpha_sc":0.003188,"beta_oc":-0.1241,"a_ref":1.4664,"I_L_ref":8.742,"I_o_ref":1.52e-09,"R_s":0.37,"R_sh_ref":100.57,"Adjust":9.1,"PTC":177.2,"pdc0":205.0,"gamma_pdc":-0.0053,"gamma_r":-0.53}