{"Date":"03.07.2011","Version":"MM107","Technology":"Mono-c-Si","BIPV":"N","A_c":1.4580000000000002,"N_s":54.0,"T_NOCT":49.0,"I_sc_ref":8.68,"V_oc_ref":32.8,"I_mp_ref":7.78,"V_mp_ref":25.7,"alpha_sc":0.003177,"beta_oc":-0.12372000000000001,"a_ref":1.4792,"I_L_ref":8.734,"I_o_ref":1.92e-09,"R_s":0.373,"R_sh_ref":60.45,"Adjust":11.3,"PTC":172.7,"pdc0":200.0,"gamma_pdc":-0.0053,"gamma_r":-0.53}