{"Date":"03.07.2011","Version":"MM107","Technology":"Multi-c-Si","BIPV":"N","A_c":1.4580000000000002,"N_s":54.0,"T_NOCT":48.3,"I_sc_ref":8.36,"V_oc_ref":32.7,"I_mp_ref":7.63,"V_mp_ref":26.2,"alpha_sc":0.004765,"beta_oc":-0.17128,"a_ref":1.4828,"I_L_ref":8.386000000000001,"I_o_ref":2.13e-09,"R_s":0.294,"R_sh_ref":95.09,"Adjust":-19.3,"PTC":175.3,"pdc0":200.0,"gamma_pdc":-0.0049499999999999995,"gamma_r":-0.495}