{"Date":"03.07.2011","Version":"MM107","Technology":"Multi-c-Si","BIPV":"N","A_c":1.4580000000000002,"N_s":54.0,"T_NOCT":48.3,"I_sc_ref":8.54,"V_oc_ref":33.1,"I_mp_ref":7.9,"V_mp_ref":26.6,"alpha_sc":0.004868,"beta_oc":-0.17338,"a_ref":1.4908,"I_L_ref":8.555,"I_o_ref":1.9e-09,"R_s":0.281,"R_sh_ref":158.93,"Adjust":-20.2,"PTC":184.3,"pdc0":210.0,"gamma_pdc":-0.0049499999999999995,"gamma_r":-0.495}