{"Date":"7/13/2012","Version":"NRELv1","Technology":"Mono-c-Si","BIPV":"N","A_c":1.9409999999999998,"N_s":72.0,"T_NOCT":53.1,"I_sc_ref":9.1,"V_oc_ref":45.96,"I_mp_ref":8.58,"V_mp_ref":35.56,"alpha_sc":0.003585,"beta_oc":-0.14808,"a_ref":1.8124,"I_L_ref":9.101,"I_o_ref":8.82e-11,"R_s":0.604,"R_sh_ref":4147.69,"Adjust":1.2990000000000002,"PTC":266.3,"pdc0":305.0,"gamma_pdc":-0.00435,"gamma_r":-0.435}