{"Date":"7/13/2012","Version":"NRELv1","Technology":"Mono-c-Si","BIPV":"N","A_c":1.6269999999999998,"N_s":60.0,"T_NOCT":51.5,"I_sc_ref":8.82,"V_oc_ref":38.02,"I_mp_ref":8.09,"V_mp_ref":30.3,"alpha_sc":0.003378,"beta_oc":-0.12287999999999999,"a_ref":1.5485,"I_L_ref":8.852,"I_o_ref":1.8499999999999998e-10,"R_s":0.391,"R_sh_ref":106.06,"Adjust":7.559,"PTC":215.4,"pdc0":245.0,"gamma_pdc":-0.00436,"gamma_r":-0.436}