{"Date":"7/13/2012","Version":"NRELv1","Technology":"Mono-c-Si","BIPV":"N","A_c":1.9409999999999998,"N_s":72.0,"T_NOCT":53.1,"I_sc_ref":9.02,"V_oc_ref":45.69,"I_mp_ref":8.5,"V_mp_ref":35.05,"alpha_sc":0.003554,"beta_oc":-0.14720999999999998,"a_ref":1.7936,"I_L_ref":9.021,"I_o_ref":7.8e-11,"R_s":0.648,"R_sh_ref":8416.33,"Adjust":0.3722,"PTC":261.7,"pdc0":300.0,"gamma_pdc":-0.00435,"gamma_r":-0.435}