{"Date":"1/17/2014","Version":"NRELv1","Technology":"Multi-c-Si","BIPV":"N","A_c":1.921,"N_s":72.0,"T_NOCT":44.0,"I_sc_ref":8.49,"V_oc_ref":44.5,"I_mp_ref":7.86,"V_mp_ref":36.25,"alpha_sc":0.005094,"beta_oc":-0.1602,"a_ref":1.9388,"I_L_ref":8.504,"I_o_ref":8.899999999999999e-10,"R_s":0.327,"R_sh_ref":192.13,"Adjust":9.6,"PTC":258.1,"pdc0":285.0,"gamma_pdc":-0.004699999999999999,"gamma_r":-0.47}