{"Date":"1/14/2013","Version":"NRELv1","Technology":"Multi-c-Si","BIPV":"N","A_c":1.618,"N_s":60.0,"T_NOCT":44.1,"I_sc_ref":8.26,"V_oc_ref":37.0,"I_mp_ref":7.72,"V_mp_ref":29.8,"alpha_sc":0.005782,"beta_oc":-0.13172,"a_ref":1.5753,"I_L_ref":8.269,"I_o_ref":5.14e-10,"R_s":0.33799999999999997,"R_sh_ref":302.41,"Adjust":6.097,"PTC":208.9,"pdc0":230.0,"gamma_pdc":-0.0045000000000000005,"gamma_r":-0.45}