{"Date":"1/14/2013","Version":"NRELv1","Technology":"Multi-c-Si","BIPV":"N","A_c":1.618,"N_s":60.0,"T_NOCT":44.1,"I_sc_ref":8.47,"V_oc_ref":37.3,"I_mp_ref":7.98,"V_mp_ref":30.7,"alpha_sc":0.005929,"beta_oc":-0.13279000000000002,"a_ref":1.601,"I_L_ref":8.472999999999999,"I_o_ref":6.410000000000001e-10,"R_s":0.235,"R_sh_ref":620.34,"Adjust":7.781000000000001,"PTC":222.9,"pdc0":245.0,"gamma_pdc":-0.0045000000000000005,"gamma_r":-0.45}