{"Date":"5/22/2012","Version":"NRELv1","Technology":"Multi-c-Si","BIPV":"N","A_c":1.618,"N_s":60.0,"T_NOCT":43.6,"I_sc_ref":8.9,"V_oc_ref":37.8,"I_mp_ref":8.2,"V_mp_ref":30.5,"alpha_sc":0.00445,"beta_oc":-0.12474,"a_ref":1.5562,"I_L_ref":8.925,"I_o_ref":2.43e-10,"R_s":0.32799999999999996,"R_sh_ref":119.1,"Adjust":7.462000000000001,"PTC":229.1,"pdc0":250.0,"gamma_pdc":-0.0043,"gamma_r":-0.43}