{"Date":"04.02.2013","Version":"NRELv1","Technology":"Multi-c-Si","BIPV":"N","A_c":1.921,"N_s":72.0,"T_NOCT":44.0,"I_sc_ref":8.45,"V_oc_ref":44.44,"I_mp_ref":7.78,"V_mp_ref":36.01,"alpha_sc":0.00507,"beta_oc":-0.15997999999999998,"a_ref":1.9365,"I_L_ref":8.469,"I_o_ref":8.84e-10,"R_s":0.35600000000000004,"R_sh_ref":156.13,"Adjust":9.603,"PTC":253.5,"pdc0":280.0,"gamma_pdc":-0.004699999999999999,"gamma_r":-0.47}