{"Date":"1/23/2014","Version":"NRELv1","Technology":"Multi-c-Si","BIPV":"N","A_c":1.921,"N_s":72.0,"T_NOCT":46.2,"I_sc_ref":8.71,"V_oc_ref":45.1,"I_mp_ref":8.2,"V_mp_ref":36.6,"alpha_sc":0.0032049999999999995,"beta_oc":-0.14382,"a_ref":1.8131,"I_L_ref":8.716000000000001,"I_o_ref":1.36e-10,"R_s":0.379,"R_sh_ref":523.18,"Adjust":6.404,"PTC":271.5,"pdc0":300.0,"gamma_pdc":-0.0043,"gamma_r":-0.43}