{"Date":"5/22/2012","Version":"NRELv1","Technology":"Mono-c-Si","BIPV":"N","A_c":1.262,"N_s":72.0,"T_NOCT":45.5,"I_sc_ref":5.35,"V_oc_ref":44.2,"I_mp_ref":4.9,"V_mp_ref":36.8,"alpha_sc":0.001605,"beta_oc":-0.14144,"a_ref":1.8199,"I_L_ref":5.361000000000001,"I_o_ref":1.4500000000000002e-10,"R_s":0.382,"R_sh_ref":178.79,"Adjust":11.05,"PTC":163.1,"pdc0":180.0,"gamma_pdc":-0.0043,"gamma_r":-0.43}