{"Date":"10.01.2012","Version":"NRELv1","Technology":"Multi-c-Si","BIPV":"N","A_c":1.618,"N_s":60.0,"T_NOCT":45.0,"I_sc_ref":8.15,"V_oc_ref":36.8,"I_mp_ref":7.6,"V_mp_ref":29.0,"alpha_sc":0.004775,"beta_oc":-0.12135,"a_ref":1.4995,"I_L_ref":8.164,"I_o_ref":1.76e-10,"R_s":0.45399999999999996,"R_sh_ref":261.96,"Adjust":5.364,"PTC":199.5,"pdc0":220.0,"gamma_pdc":-0.004320000000000001,"gamma_r":-0.43200000000000005}