{"Date":"06.02.2014","Version":"NRELv1","Technology":"Multi-c-Si","BIPV":"N","A_c":1.68,"N_s":60.0,"T_NOCT":44.1,"I_sc_ref":8.5,"V_oc_ref":37.3,"I_mp_ref":8.04,"V_mp_ref":29.9,"alpha_sc":0.00303,"beta_oc":-0.11599999999999999,"a_ref":1.5473,"I_L_ref":10.107999999999999,"I_o_ref":5.94e-11,"R_s":0.345,"R_sh_ref":441.33,"Adjust":8.318999999999999,"PTC":221.0,"pdc0":240.0,"gamma_pdc":-0.0040999999999999995,"gamma_r":-0.41}