{"Date":"01.10.2014","Version":"NRELv1","Technology":"Multi-c-Si","BIPV":"N","A_c":1.921,"N_s":72.0,"T_NOCT":44.0,"I_sc_ref":8.29,"V_oc_ref":44.34,"I_mp_ref":7.6,"V_mp_ref":35.52,"alpha_sc":0.004974,"beta_oc":-0.15962,"a_ref":1.9237,"I_L_ref":8.315,"I_o_ref":7.820000000000001e-10,"R_s":0.426,"R_sh_ref":140.45,"Adjust":8.687999999999999,"PTC":244.2,"pdc0":270.0,"gamma_pdc":-0.004699999999999999,"gamma_r":-0.47}