{"Date":"10.01.2012","Version":"NRELv1","Technology":"Multi-c-Si","BIPV":"N","A_c":1.618,"N_s":60.0,"T_NOCT":45.0,"I_sc_ref":8.47,"V_oc_ref":37.3,"I_mp_ref":7.98,"V_mp_ref":30.7,"alpha_sc":0.004963,"beta_oc":-0.12300000000000001,"a_ref":1.5493,"I_L_ref":8.474,"I_o_ref":2.9399999999999997e-10,"R_s":0.249,"R_sh_ref":488.46,"Adjust":9.452,"PTC":222.8,"pdc0":245.0,"gamma_pdc":-0.004320000000000001,"gamma_r":-0.43200000000000005}