{"Date":"06.02.2014","Version":"NRELv1","Technology":"Multi-c-Si","BIPV":"N","A_c":1.921,"N_s":72.0,"T_NOCT":43.8,"I_sc_ref":8.6,"V_oc_ref":45.0,"I_mp_ref":8.08,"V_mp_ref":36.5,"alpha_sc":0.001126,"beta_oc":-0.12029000000000001,"a_ref":1.6296,"I_L_ref":8.681000000000001,"I_o_ref":1.6899999999999998e-11,"R_s":0.44,"R_sh_ref":178.53,"Adjust":5.195,"PTC":268.5,"pdc0":295.0,"gamma_pdc":-0.0038299999999999996,"gamma_r":-0.38299999999999995}