{"Date":"5/22/2012","Version":"NRELv1","Technology":"Multi-c-Si","BIPV":"N","A_c":1.921,"N_s":72.0,"T_NOCT":46.6,"I_sc_ref":8.39,"V_oc_ref":44.4,"I_mp_ref":7.68,"V_mp_ref":35.85,"alpha_sc":0.004195,"beta_oc":-0.14207999999999998,"a_ref":1.8325,"I_L_ref":8.418,"I_o_ref":2.42e-10,"R_s":0.406,"R_sh_ref":120.43,"Adjust":11.33,"PTC":247.8,"pdc0":275.0,"gamma_pdc":-0.0043,"gamma_r":-0.43}