{"Date":"10/19/2009","Version":"MM106","Technology":"Mono-c-Si","BIPV":"N","A_c":1.2770000000000001,"N_s":72.0,"T_NOCT":45.3,"I_sc_ref":5.1,"V_oc_ref":44.0,"I_mp_ref":4.71,"V_mp_ref":35.0,"alpha_sc":0.003213,"beta_oc":-0.13244,"a_ref":1.7865,"I_L_ref":5.115,"I_o_ref":9.97e-11,"R_s":0.797,"R_sh_ref":272.59,"Adjust":14.4,"PTC":149.7,"pdc0":165.0,"gamma_pdc":-0.00419,"gamma_r":-0.419}