{"Date":"10/19/2009","Version":"MM106","Technology":"Mono-c-Si","BIPV":"N","A_c":1.2770000000000001,"N_s":72.0,"T_NOCT":45.3,"I_sc_ref":5.05,"V_oc_ref":43.8,"I_mp_ref":4.63,"V_mp_ref":34.6,"alpha_sc":0.003182,"beta_oc":-0.13184,"a_ref":1.778,"I_L_ref":5.07,"I_o_ref":9.740000000000001e-11,"R_s":0.863,"R_sh_ref":214.96,"Adjust":14.3,"PTC":145.1,"pdc0":160.0,"gamma_pdc":-0.00419,"gamma_r":-0.419}