{"Date":"10/19/2009","Version":"MM106","Technology":"Mono-c-Si","BIPV":"N","A_c":1.2770000000000001,"N_s":72.0,"T_NOCT":45.3,"I_sc_ref":5.15,"V_oc_ref":44.2,"I_mp_ref":4.8,"V_mp_ref":35.4,"alpha_sc":0.0032450000000000005,"beta_oc":-0.13304000000000002,"a_ref":1.7926,"I_L_ref":5.159,"I_o_ref":9.890000000000002e-11,"R_s":0.733,"R_sh_ref":416.33,"Adjust":14.2,"PTC":154.4,"pdc0":170.0,"gamma_pdc":-0.00419,"gamma_r":-0.419}