{"Date":"10/19/2009","Version":"MM106","Technology":"Mono-c-Si","BIPV":"N","A_c":1.6269999999999998,"N_s":60.0,"T_NOCT":46.2,"I_sc_ref":7.95,"V_oc_ref":36.9,"I_mp_ref":7.42,"V_mp_ref":29.0,"alpha_sc":0.005009,"beta_oc":-0.11107,"a_ref":1.4793,"I_L_ref":7.9639999999999995,"I_o_ref":1.15e-10,"R_s":0.485,"R_sh_ref":278.37,"Adjust":11.6,"PTC":194.3,"pdc0":215.0,"gamma_pdc":-0.00419,"gamma_r":-0.419}