{"Date":"10/19/2009","Version":"MM106","Technology":"Multi-c-Si","BIPV":"N","A_c":1.6269999999999998,"N_s":60.0,"T_NOCT":46.1,"I_sc_ref":8.0,"V_oc_ref":36.7,"I_mp_ref":7.47,"V_mp_ref":28.8,"alpha_sc":0.00648,"beta_oc":-0.11377000000000001,"a_ref":1.4866,"I_L_ref":8.013,"I_o_ref":1.5e-10,"R_s":0.48100000000000004,"R_sh_ref":302.55,"Adjust":10.4,"PTC":194.7,"pdc0":215.0,"gamma_pdc":-0.00413,"gamma_r":-0.413}