{"Date":"10/19/2009","Version":"MM106","Technology":"Multi-c-Si","BIPV":"N","A_c":1.6269999999999998,"N_s":60.0,"T_NOCT":46.1,"I_sc_ref":8.1,"V_oc_ref":36.9,"I_mp_ref":7.59,"V_mp_ref":29.0,"alpha_sc":0.006561,"beta_oc":-0.11439,"a_ref":1.4932,"I_L_ref":8.109,"I_o_ref":1.49e-10,"R_s":0.47100000000000003,"R_sh_ref":424.13,"Adjust":10.2,"PTC":199.4,"pdc0":220.0,"gamma_pdc":-0.00413,"gamma_r":-0.413}