{"Date":"10/19/2009","Version":"MM106","Technology":"Mono-c-Si","BIPV":"N","A_c":1.6269999999999998,"N_s":60.0,"T_NOCT":46.2,"I_sc_ref":8.15,"V_oc_ref":37.1,"I_mp_ref":7.66,"V_mp_ref":29.4,"alpha_sc":0.005135,"beta_oc":-0.11167,"a_ref":1.489,"I_L_ref":8.157,"I_o_ref":1.2200000000000002e-10,"R_s":0.43700000000000006,"R_sh_ref":530.61,"Adjust":11.9,"PTC":203.6,"pdc0":225.0,"gamma_pdc":-0.00419,"gamma_r":-0.419}