{"Date":"10/19/2009","Version":"MM106","Technology":"Multi-c-Si","BIPV":"N","A_c":1.6269999999999998,"N_s":60.0,"T_NOCT":46.1,"I_sc_ref":8.4,"V_oc_ref":37.3,"I_mp_ref":7.94,"V_mp_ref":29.6,"alpha_sc":0.006804000000000001,"beta_oc":-0.11563,"a_ref":1.511,"I_L_ref":8.4,"I_o_ref":1.6000000000000002e-10,"R_s":0.415,"R_sh_ref":7257.82,"Adjust":10.5,"PTC":213.3,"pdc0":235.0,"gamma_pdc":-0.00413,"gamma_r":-0.413}