{"Date":"7/13/2012","Version":"NRELv1","Technology":"Multi-c-Si","BIPV":"N","A_c":1.6269999999999998,"N_s":60.0,"T_NOCT":45.4,"I_sc_ref":8.3,"V_oc_ref":37.1,"I_mp_ref":7.83,"V_mp_ref":29.4,"alpha_sc":0.004731,"beta_oc":-0.13096,"a_ref":1.5426,"I_L_ref":8.301,"I_o_ref":2.98e-10,"R_s":0.414,"R_sh_ref":3368.45,"Adjust":2.461,"PTC":207.3,"pdc0":230.0,"gamma_pdc":-0.00454,"gamma_r":-0.45399999999999996}