{"Date":"7/13/2012","Version":"NRELv1","Technology":"Mono-c-Si","BIPV":"N","A_c":1.6269999999999998,"N_s":60.0,"T_NOCT":45.3,"I_sc_ref":8.37,"V_oc_ref":36.8,"I_mp_ref":7.83,"V_mp_ref":29.4,"alpha_sc":0.004101,"beta_oc":-0.16302,"a_ref":1.546,"I_L_ref":8.379,"I_o_ref":3.8e-10,"R_s":0.371,"R_sh_ref":332.92,"Adjust":-16.78,"PTC":207.5,"pdc0":230.0,"gamma_pdc":-0.00452,"gamma_r":-0.452}