{"Date":"10/19/2009","Version":"MM106","Technology":"Multi-c-Si","BIPV":"N","A_c":1.6269999999999998,"N_s":60.0,"T_NOCT":46.1,"I_sc_ref":8.3,"V_oc_ref":37.1,"I_mp_ref":7.83,"V_mp_ref":29.4,"alpha_sc":0.006723000000000001,"beta_oc":-0.11500999999999999,"a_ref":1.5030000000000001,"I_L_ref":8.302,"I_o_ref":1.5800000000000002e-10,"R_s":0.425,"R_sh_ref":1483.36,"Adjust":10.5,"PTC":208.6,"pdc0":230.0,"gamma_pdc":-0.00413,"gamma_r":-0.413}