{"Date":"7/13/2012","Version":"NRELv1","Technology":"Mono-c-Si","BIPV":"N","A_c":1.6269999999999998,"N_s":60.0,"T_NOCT":45.3,"I_sc_ref":8.43,"V_oc_ref":36.9,"I_mp_ref":7.9,"V_mp_ref":29.8,"alpha_sc":0.004131,"beta_oc":-0.16347,"a_ref":1.5590000000000002,"I_L_ref":8.437999999999999,"I_o_ref":4.38e-10,"R_s":0.322,"R_sh_ref":358.95,"Adjust":-15.88,"PTC":212.1,"pdc0":235.0,"gamma_pdc":-0.00452,"gamma_r":-0.452}