{"Date":"7/13/2012","Version":"NRELv1","Technology":"Mono-c-Si","BIPV":"N","A_c":1.6269999999999998,"N_s":60.0,"T_NOCT":45.3,"I_sc_ref":8.49,"V_oc_ref":37.1,"I_mp_ref":7.95,"V_mp_ref":30.2,"alpha_sc":0.0041600000000000005,"beta_oc":-0.16435,"a_ref":1.5759,"I_L_ref":8.498,"I_o_ref":5e-10,"R_s":0.285,"R_sh_ref":311.26,"Adjust":-15.02,"PTC":216.7,"pdc0":240.0,"gamma_pdc":-0.00452,"gamma_r":-0.452}