{"Date":"01.05.2012","Version":"NRELv1","Technology":"Mono-c-Si","BIPV":"N","A_c":1.6269999999999998,"N_s":60.0,"T_NOCT":45.4,"I_sc_ref":8.55,"V_oc_ref":37.8,"I_mp_ref":8.13,"V_mp_ref":30.2,"alpha_sc":0.0017100000000000001,"beta_oc":-0.12474,"a_ref":1.5137,"I_L_ref":8.641,"I_o_ref":1.2200000000000002e-10,"R_s":0.387,"R_sh_ref":562.78,"Adjust":2.219,"PTC":221.4,"pdc0":245.0,"gamma_pdc":-0.0045000000000000005,"gamma_r":-0.45}