{"Date":"7/13/2012","Version":"NRELv1","Technology":"Multi-c-Si","BIPV":"N","A_c":1.6269999999999998,"N_s":60.0,"T_NOCT":45.4,"I_sc_ref":8.6,"V_oc_ref":37.7,"I_mp_ref":8.18,"V_mp_ref":30.0,"alpha_sc":0.004902,"beta_oc":-0.13308,"a_ref":1.5721,"I_L_ref":8.689,"I_o_ref":3.3300000000000004e-10,"R_s":0.384,"R_sh_ref":1040.0,"Adjust":3.028,"PTC":221.2,"pdc0":245.0,"gamma_pdc":-0.00454,"gamma_r":-0.45399999999999996}