{"Date":"04.02.2013","Version":"NRELv1","Technology":"Multi-c-Si","BIPV":"N","A_c":1.6269999999999998,"N_s":60.0,"T_NOCT":46.1,"I_sc_ref":8.5,"V_oc_ref":37.5,"I_mp_ref":8.06,"V_mp_ref":29.8,"alpha_sc":0.006885,"beta_oc":-0.11625,"a_ref":1.5238,"I_L_ref":8.593,"I_o_ref":1.7500000000000002e-10,"R_s":0.40299999999999997,"R_sh_ref":449.93,"Adjust":11.31,"PTC":217.9,"pdc0":240.0,"gamma_pdc":-0.00413,"gamma_r":-0.413}