{"Date":"7/13/2012","Version":"NRELv1","Technology":"Mono-c-Si","BIPV":"N","A_c":1.6269999999999998,"N_s":60.0,"T_NOCT":45.3,"I_sc_ref":8.55,"V_oc_ref":37.8,"I_mp_ref":8.13,"V_mp_ref":30.2,"alpha_sc":0.00419,"beta_oc":-0.16745,"a_ref":1.5812,"I_L_ref":8.639,"I_o_ref":3.56e-10,"R_s":0.37,"R_sh_ref":867.79,"Adjust":-17.44,"PTC":221.4,"pdc0":245.0,"gamma_pdc":-0.00452,"gamma_r":-0.452}