{"Date":"7/13/2012","Version":"NRELv1","Technology":"Multi-c-Si","BIPV":"N","A_c":1.6269999999999998,"N_s":60.0,"T_NOCT":45.4,"I_sc_ref":8.5,"V_oc_ref":37.5,"I_mp_ref":8.06,"V_mp_ref":29.8,"alpha_sc":0.004845,"beta_oc":-0.13238,"a_ref":1.5652,"I_L_ref":8.591000000000001,"I_o_ref":3.3500000000000003e-10,"R_s":0.39299999999999996,"R_sh_ref":546.2,"Adjust":3.196,"PTC":216.5,"pdc0":240.0,"gamma_pdc":-0.00454,"gamma_r":-0.45399999999999996}