{"Date":"01.05.2012","Version":"NRELv1","Technology":"Mono-c-Si","BIPV":"N","A_c":1.6269999999999998,"N_s":60.0,"T_NOCT":45.4,"I_sc_ref":8.65,"V_oc_ref":37.9,"I_mp_ref":8.24,"V_mp_ref":30.4,"alpha_sc":0.00173,"beta_oc":-0.12507000000000001,"a_ref":1.5195,"I_L_ref":8.741,"I_o_ref":1.28e-10,"R_s":0.366,"R_sh_ref":731.83,"Adjust":2.479,"PTC":226.0,"pdc0":250.0,"gamma_pdc":-0.0045000000000000005,"gamma_r":-0.45}