{"Date":"5/22/2012","Version":"NRELv1","Technology":"Mono-c-Si","BIPV":"N","A_c":1.6269999999999998,"N_s":60.0,"T_NOCT":45.4,"I_sc_ref":8.75,"V_oc_ref":38.0,"I_mp_ref":8.35,"V_mp_ref":30.6,"alpha_sc":0.003588,"beta_oc":-0.16834000000000002,"a_ref":1.5771,"I_L_ref":8.839,"I_o_ref":3.03e-10,"R_s":0.33399999999999996,"R_sh_ref":2051.12,"Adjust":-18.58,"PTC":230.6,"pdc0":255.0,"gamma_pdc":-0.00451,"gamma_r":-0.451}