{"Date":"7/13/2012","Version":"NRELv1","Technology":"Mono-c-Si","BIPV":"N","A_c":1.6269999999999998,"N_s":60.0,"T_NOCT":45.3,"I_sc_ref":8.65,"V_oc_ref":37.9,"I_mp_ref":8.24,"V_mp_ref":30.4,"alpha_sc":0.004239,"beta_oc":-0.1679,"a_ref":1.5875,"I_L_ref":8.738999999999999,"I_o_ref":3.73e-10,"R_s":0.349,"R_sh_ref":1351.09,"Adjust":-17.22,"PTC":226.0,"pdc0":250.0,"gamma_pdc":-0.00452,"gamma_r":-0.452}