{"Date":"12.01.2011","Version":"NRELv1","Technology":"Mono-c-Si","BIPV":"N","A_c":1.6269999999999998,"N_s":60.0,"T_NOCT":46.2,"I_sc_ref":8.65,"V_oc_ref":37.9,"I_mp_ref":8.24,"V_mp_ref":30.4,"alpha_sc":0.004325,"beta_oc":-0.13265,"a_ref":1.6153,"I_L_ref":8.738,"I_o_ref":5.63e-10,"R_s":0.34299999999999997,"R_sh_ref":2066.04,"Adjust":8.45,"PTC":223.4,"pdc0":250.0,"gamma_pdc":-0.0048,"gamma_r":-0.48}