{"Date":"7/13/2012","Version":"NRELv1","Technology":"Mono-c-Si","BIPV":"N","A_c":1.6269999999999998,"N_s":60.0,"T_NOCT":45.3,"I_sc_ref":8.75,"V_oc_ref":38.0,"I_mp_ref":8.35,"V_mp_ref":30.6,"alpha_sc":0.004288,"beta_oc":-0.16834000000000002,"a_ref":1.5938,"I_L_ref":8.838,"I_o_ref":3.9e-10,"R_s":0.32899999999999996,"R_sh_ref":2993.06,"Adjust":-16.99,"PTC":230.7,"pdc0":255.0,"gamma_pdc":-0.00452,"gamma_r":-0.452}