{"Date":"5/22/2012","Version":"NRELv1","Technology":"Multi-c-Si","BIPV":"N","A_c":1.94,"N_s":72.0,"T_NOCT":45.4,"I_sc_ref":8.1,"V_oc_ref":44.0,"I_mp_ref":7.38,"V_mp_ref":35.2,"alpha_sc":0.0046170000000000004,"beta_oc":-0.15224000000000001,"a_ref":1.8721,"I_L_ref":8.132,"I_o_ref":4.81e-10,"R_s":0.451,"R_sh_ref":115.2,"Adjust":9.02,"PTC":234.1,"pdc0":260.0,"gamma_pdc":-0.00452,"gamma_r":-0.452}