{"Date":"5/22/2012","Version":"NRELv1","Technology":"Mono-c-Si","BIPV":"N","A_c":1.94,"N_s":72.0,"T_NOCT":45.4,"I_sc_ref":8.05,"V_oc_ref":44.3,"I_mp_ref":7.32,"V_mp_ref":35.5,"alpha_sc":0.0033009999999999997,"beta_oc":-0.19625,"a_ref":1.8777,"I_L_ref":8.083,"I_o_ref":4.36e-10,"R_s":0.45,"R_sh_ref":109.81,"Adjust":-15.43,"PTC":234.2,"pdc0":260.0,"gamma_pdc":-0.00451,"gamma_r":-0.451}