{"Date":"04.02.2013","Version":"NRELv1","Technology":"Mono-c-Si","BIPV":"N","A_c":1.6269999999999998,"N_s":60.0,"T_NOCT":45.4,"I_sc_ref":8.85,"V_oc_ref":38.1,"I_mp_ref":8.46,"V_mp_ref":30.8,"alpha_sc":0.003629,"beta_oc":-0.16877999999999999,"a_ref":1.5833,"I_L_ref":8.939,"I_o_ref":3.17e-10,"R_s":0.314,"R_sh_ref":11402.0,"Adjust":-18.36,"PTC":235.2,"pdc0":260.0,"gamma_pdc":-0.00451,"gamma_r":-0.451}