{"Date":"5/22/2012","Version":"NRELv1","Technology":"Mono-c-Si","BIPV":"N","A_c":1.94,"N_s":72.0,"T_NOCT":45.4,"I_sc_ref":8.15,"V_oc_ref":44.7,"I_mp_ref":7.54,"V_mp_ref":35.8,"alpha_sc":0.0033420000000000004,"beta_oc":-0.19802,"a_ref":1.8734,"I_L_ref":8.169,"I_o_ref":3.4500000000000005e-10,"R_s":0.45399999999999996,"R_sh_ref":193.7,"Adjust":-17.14,"PTC":243.4,"pdc0":270.0,"gamma_pdc":-0.00451,"gamma_r":-0.451}