{"Date":"5/22/2012","Version":"NRELv1","Technology":"Multi-c-Si","BIPV":"N","A_c":1.94,"N_s":72.0,"T_NOCT":45.4,"I_sc_ref":8.35,"V_oc_ref":44.8,"I_mp_ref":7.82,"V_mp_ref":35.8,"alpha_sc":0.00476,"beta_oc":-0.15500999999999998,"a_ref":1.8739,"I_L_ref":8.359,"I_o_ref":3.42e-10,"R_s":0.45399999999999996,"R_sh_ref":445.35,"Adjust":5.707999999999999,"PTC":252.6,"pdc0":280.0,"gamma_pdc":-0.00452,"gamma_r":-0.452}