{"Date":"7/13/2012","Version":"NRELv1","Technology":"Multi-c-Si","BIPV":"N","A_c":1.94,"N_s":72.0,"T_NOCT":45.4,"I_sc_ref":8.35,"V_oc_ref":44.8,"I_mp_ref":7.82,"V_mp_ref":35.8,"alpha_sc":0.00476,"beta_oc":-0.15814,"a_ref":1.8797,"I_L_ref":8.357999999999999,"I_o_ref":3.6799999999999997e-10,"R_s":0.452,"R_sh_ref":452.71,"Adjust":4.218,"PTC":252.5,"pdc0":280.0,"gamma_pdc":-0.00454,"gamma_r":-0.45399999999999996}