{"Date":"5/22/2012","Version":"NRELv1","Technology":"Mono-c-Si","BIPV":"N","A_c":1.94,"N_s":72.0,"T_NOCT":45.4,"I_sc_ref":8.3,"V_oc_ref":45.1,"I_mp_ref":7.75,"V_mp_ref":36.1,"alpha_sc":0.003403,"beta_oc":-0.19979,"a_ref":1.879,"I_L_ref":8.311,"I_o_ref":3.08e-10,"R_s":0.45399999999999996,"R_sh_ref":329.46,"Adjust":-18.03,"PTC":252.6,"pdc0":280.0,"gamma_pdc":-0.00451,"gamma_r":-0.451}