{"Date":"7/13/2012","Version":"NRELv1","Technology":"Multi-c-Si","BIPV":"N","A_c":1.94,"N_s":72.0,"T_NOCT":45.4,"I_sc_ref":8.58,"V_oc_ref":45.4,"I_mp_ref":8.12,"V_mp_ref":36.3,"alpha_sc":0.0048909999999999995,"beta_oc":-0.16025999999999999,"a_ref":1.9040000000000001,"I_L_ref":8.674,"I_o_ref":3.78e-10,"R_s":0.439,"R_sh_ref":464.44,"Adjust":4.128,"PTC":266.4,"pdc0":295.0,"gamma_pdc":-0.00454,"gamma_r":-0.45399999999999996}