{"Date":"7/13/2012","Version":"NRELv1","Technology":"Multi-c-Si","BIPV":"N","A_c":1.94,"N_s":72.0,"T_NOCT":45.4,"I_sc_ref":8.5,"V_oc_ref":45.2,"I_mp_ref":8.03,"V_mp_ref":36.1,"alpha_sc":0.004845,"beta_oc":-0.15955999999999998,"a_ref":1.8865,"I_L_ref":8.5,"I_o_ref":3.34e-10,"R_s":0.451,"R_sh_ref":9615.97,"Adjust":3.219,"PTC":261.7,"pdc0":290.0,"gamma_pdc":-0.00454,"gamma_r":-0.45399999999999996}