{"Date":"7/13/2012","Version":"NRELv1","Technology":"Mono-c-Si","BIPV":"N","A_c":1.94,"N_s":72.0,"T_NOCT":45.3,"I_sc_ref":8.45,"V_oc_ref":45.5,"I_mp_ref":7.97,"V_mp_ref":36.4,"alpha_sc":0.004141,"beta_oc":-0.20157,"a_ref":1.9038,"I_L_ref":8.452,"I_o_ref":3.52e-10,"R_s":0.44799999999999995,"R_sh_ref":1920.85,"Adjust":-17.39,"PTC":262.0,"pdc0":290.0,"gamma_pdc":-0.00452,"gamma_r":-0.452}