{"Date":"5/22/2012","Version":"NRELv1","Technology":"Mono-c-Si","BIPV":"N","A_c":1.94,"N_s":72.0,"T_NOCT":45.4,"I_sc_ref":8.45,"V_oc_ref":45.5,"I_mp_ref":7.97,"V_mp_ref":36.4,"alpha_sc":0.0034649999999999998,"beta_oc":-0.20157,"a_ref":1.8838,"I_L_ref":8.452,"I_o_ref":2.73e-10,"R_s":0.45299999999999996,"R_sh_ref":1548.88,"Adjust":-18.97,"PTC":261.9,"pdc0":290.0,"gamma_pdc":-0.00451,"gamma_r":-0.451}