{"Date":"5/22/2012","Version":"NRELv1","Technology":"Multi-c-Si","BIPV":"N","A_c":1.94,"N_s":72.0,"T_NOCT":45.4,"I_sc_ref":8.5,"V_oc_ref":45.2,"I_mp_ref":8.03,"V_mp_ref":36.1,"alpha_sc":0.004845,"beta_oc":-0.15639,"a_ref":1.8808,"I_L_ref":8.501,"I_o_ref":3.1e-10,"R_s":0.45299999999999996,"R_sh_ref":7093.71,"Adjust":4.698,"PTC":261.8,"pdc0":290.0,"gamma_pdc":-0.00452,"gamma_r":-0.452}