{"Date":"7/13/2012","Version":"NRELv1","Technology":"Multi-c-Si","BIPV":"N","A_c":1.94,"N_s":72.0,"T_NOCT":45.4,"I_sc_ref":8.65,"V_oc_ref":45.6,"I_mp_ref":8.24,"V_mp_ref":36.4,"alpha_sc":0.0049310000000000005,"beta_oc":-0.16097,"a_ref":1.9034,"I_L_ref":8.738,"I_o_ref":3.4299999999999995e-10,"R_s":0.446,"R_sh_ref":1988.32,"Adjust":3.2310000000000003,"PTC":271.0,"pdc0":300.0,"gamma_pdc":-0.00454,"gamma_r":-0.45399999999999996}