{"Date":"5/22/2012","Version":"NRELv1","Technology":"Mono-c-Si","BIPV":"N","A_c":1.94,"N_s":72.0,"T_NOCT":45.4,"I_sc_ref":8.6,"V_oc_ref":45.9,"I_mp_ref":8.17,"V_mp_ref":36.7,"alpha_sc":0.0035259999999999996,"beta_oc":-0.20334000000000002,"a_ref":1.9018,"I_L_ref":8.691,"I_o_ref":2.85e-10,"R_s":0.447,"R_sh_ref":754.92,"Adjust":-18.86,"PTC":271.2,"pdc0":300.0,"gamma_pdc":-0.00451,"gamma_r":-0.451}