{"Date":"7/13/2012","Version":"NRELv1","Technology":"Multi-c-Si","BIPV":"N","A_c":1.94,"N_s":72.0,"T_NOCT":45.4,"I_sc_ref":8.73,"V_oc_ref":45.7,"I_mp_ref":8.36,"V_mp_ref":36.5,"alpha_sc":0.0049759999999999995,"beta_oc":-0.16132,"a_ref":1.9123,"I_L_ref":8.912,"I_o_ref":3.69e-10,"R_s":0.436,"R_sh_ref":583.01,"Adjust":3.7,"PTC":275.6,"pdc0":305.0,"gamma_pdc":-0.00454,"gamma_r":-0.45399999999999996}