{"Date":"7/13/2012","Version":"NRELv1","Technology":"Multi-c-Si","BIPV":"N","A_c":1.94,"N_s":72.0,"T_NOCT":45.4,"I_sc_ref":8.8,"V_oc_ref":46.0,"I_mp_ref":8.45,"V_mp_ref":36.7,"alpha_sc":0.005016,"beta_oc":-0.16238,"a_ref":1.9206,"I_L_ref":8.981,"I_o_ref":3.54e-10,"R_s":0.441,"R_sh_ref":995.1,"Adjust":3.282,"PTC":280.3,"pdc0":310.0,"gamma_pdc":-0.00454,"gamma_r":-0.45399999999999996}