{"Date":"7/13/2012","Version":"NRELv1","Technology":"Multi-c-Si","BIPV":"N","A_c":1.94,"N_s":72.0,"T_NOCT":45.4,"I_sc_ref":8.95,"V_oc_ref":46.4,"I_mp_ref":8.64,"V_mp_ref":37.0,"alpha_sc":0.005102000000000001,"beta_oc":-0.16379000000000002,"a_ref":1.9408,"I_L_ref":9.23,"I_o_ref":3.78e-10,"R_s":0.436,"R_sh_ref":454.02,"Adjust":3.62,"PTC":289.6,"pdc0":320.0,"gamma_pdc":-0.00454,"gamma_r":-0.45399999999999996}