{"Date":"10/26/2011","Version":"NRELv1","Technology":"Multi-c-Si","BIPV":"N","A_c":1.331,"N_s":48.0,"T_NOCT":53.0,"I_sc_ref":8.56,"V_oc_ref":28.6,"I_mp_ref":7.56,"V_mp_ref":23.8,"alpha_sc":0.005418,"beta_oc":-0.09824,"a_ref":1.3133,"I_L_ref":8.586,"I_o_ref":2.7399999999999996e-09,"R_s":0.11800000000000001,"R_sh_ref":39.48,"Adjust":26.0,"PTC":154.1,"pdc0":180.0,"gamma_pdc":-0.00479,"gamma_r":-0.479}