{"Date":"01.05.2012","Version":"NRELv1","Technology":"Multi-c-Si","BIPV":"N","A_c":1.331,"N_s":48.0,"T_NOCT":53.0,"I_sc_ref":8.21,"V_oc_ref":28.32,"I_mp_ref":7.42,"V_mp_ref":23.6,"alpha_sc":0.005197,"beta_oc":-0.09727999999999999,"a_ref":1.2809,"I_L_ref":8.227,"I_o_ref":1.94e-09,"R_s":0.12300000000000001,"R_sh_ref":59.89,"Adjust":22.83,"PTC":149.7,"pdc0":175.0,"gamma_pdc":-0.00479,"gamma_r":-0.479}