{"Date":"10/20/2011","Version":"NRELv1","Technology":"Multi-c-Si","BIPV":"N","A_c":1.331,"N_s":48.0,"T_NOCT":53.0,"I_sc_ref":8.01,"V_oc_ref":30.76,"I_mp_ref":7.53,"V_mp_ref":23.9,"alpha_sc":0.00507,"beta_oc":-0.10565999999999999,"a_ref":1.3017,"I_L_ref":8.011000000000001,"I_o_ref":4.3700000000000004e-10,"R_s":0.42200000000000004,"R_sh_ref":3201.22,"Adjust":8.877,"PTC":154.1,"pdc0":180.0,"gamma_pdc":-0.00479,"gamma_r":-0.479}