{"Date":"01.05.2012","Version":"NRELv1","Technology":"Multi-c-Si","BIPV":"N","A_c":1.331,"N_s":48.0,"T_NOCT":53.0,"I_sc_ref":8.49,"V_oc_ref":28.8,"I_mp_ref":7.71,"V_mp_ref":24.0,"alpha_sc":0.005374,"beta_oc":-0.09892999999999999,"a_ref":1.2984,"I_L_ref":8.506,"I_o_ref":1.88e-09,"R_s":0.12300000000000001,"R_sh_ref":65.38,"Adjust":22.16,"PTC":158.5,"pdc0":185.0,"gamma_pdc":-0.00479,"gamma_r":-0.479}