{"Technology":"Multi-c-Si","BIPV":"N","A_c":1.9380000000000002,"N_s":72.0,"T_NOCT":46.3,"PTC":302.5,"pdc0":330.0,"gamma_pdc":-0.00385}