{"Vac":0.0,"Paco":991400.0,"Pdco":1010740.0,"Vdco":665.0,"Pso":4035.43,"C0":-1.12713e-08,"C1":3.10157e-05,"C2":0.00204911,"C3":0.00034660800000000004,"Pnt":177.45,"Vdcmax":880.0,"Mppt_low":600.0,"Mppt_high":880.0}