{"Date":"10.01.2012","Version":"NRELv1","Technology":"Multi-c-Si","BIPV":"N","A_c":1.6369999999999998,"N_s":60.0,"T_NOCT":45.3,"I_sc_ref":8.48,"V_oc_ref":37.26,"I_mp_ref":7.87,"V_mp_ref":30.54,"alpha_sc":0.007037999999999999,"beta_oc":-0.13153,"a_ref":1.6288,"I_L_ref":8.492,"I_o_ref":9.629999999999999e-10,"R_s":0.24600000000000002,"R_sh_ref":177.69,"Adjust":12.25,"PTC":216.8,"pdc0":240.0,"gamma_pdc":-0.00451,"gamma_r":-0.451}