{"Technology":"Mono-c-Si","BIPV":"N","A_c":1.6369999999999998,"N_s":60.0,"T_NOCT":46.0,"PTC":224.9,"pdc0":250.0,"gamma_pdc":-0.00457}