{"Technology":"Multi-c-Si","BIPV":"N","A_c":1.6269999999999998,"N_s":60.0,"T_NOCT":46.1,"PTC":211.3,"pdc0":235.0,"gamma_pdc":-0.0045000000000000005}