{"Date":"02.11.2010","Version":"MM107","Technology":"Multi-c-Si","BIPV":"N","A_c":1.9369999999999998,"N_s":72.0,"T_NOCT":47.5,"I_sc_ref":8.9,"V_oc_ref":45.29,"I_mp_ref":7.95,"V_mp_ref":36.48,"alpha_sc":0.0047009999999999994,"beta_oc":-0.16323,"a_ref":2.0097,"I_L_ref":8.946,"I_o_ref":1.36e-09,"R_s":0.37,"R_sh_ref":72.04,"Adjust":12.9,"PTC":248.0,"pdc0":280.0,"gamma_pdc":-0.00479,"gamma_r":-0.479}