{"Date":"02.11.2010","Version":"MM107","Technology":"Multi-c-Si","BIPV":"N","A_c":1.9369999999999998,"N_s":72.0,"T_NOCT":47.5,"I_sc_ref":8.57,"V_oc_ref":40.9,"I_mp_ref":7.23,"V_mp_ref":34.6,"alpha_sc":0.004527000000000001,"beta_oc":-0.1474,"a_ref":1.9576,"I_L_ref":8.582,"I_o_ref":6.26e-09,"R_s":0.05,"R_sh_ref":35.16,"Adjust":28.6,"PTC":220.7,"pdc0":250.0,"gamma_pdc":-0.00479,"gamma_r":-0.479}