{"Date":"9/18/2014","Version":"NRELv1","Technology":"Mono-c-Si","BIPV":"N","A_c":1.2770000000000001,"N_s":72.0,"T_NOCT":47.6,"I_sc_ref":5.5,"V_oc_ref":45.0,"I_mp_ref":5.25,"V_mp_ref":36.2,"alpha_sc":0.0043100000000000005,"beta_oc":-0.13026,"a_ref":1.534,"I_L_ref":8.632,"I_o_ref":2.9600000000000005e-09,"R_s":0.265,"R_sh_ref":186.15,"Adjust":11.46,"PTC":167.4,"pdc0":190.0,"gamma_pdc":-0.0054,"gamma_r":-0.54}