{"Date":"9/18/2014","Version":"NRELv1","Technology":"Mono-c-Si","BIPV":"N","A_c":1.936,"N_s":72.0,"T_NOCT":46.2,"I_sc_ref":8.31,"V_oc_ref":43.8,"I_mp_ref":7.58,"V_mp_ref":35.0,"alpha_sc":0.00449,"beta_oc":-0.12988,"a_ref":1.6216,"I_L_ref":9.073,"I_o_ref":5.31e-10,"R_s":0.287,"R_sh_ref":857.35,"Adjust":10.8,"PTC":239.5,"pdc0":265.0,"gamma_pdc":-0.004699999999999999,"gamma_r":-0.47}