{"Date":"9/18/2014","Version":"NRELv1","Technology":"Multi-c-Si","BIPV":"N","A_c":1.624,"N_s":60.0,"T_NOCT":46.8,"I_sc_ref":8.89,"V_oc_ref":37.3,"I_mp_ref":8.51,"V_mp_ref":30.0,"alpha_sc":0.00445,"beta_oc":-0.12954000000000002,"a_ref":1.6175,"I_L_ref":8.995,"I_o_ref":5.249999999999999e-10,"R_s":0.305,"R_sh_ref":444.15,"Adjust":10.79,"PTC":225.5,"pdc0":255.0,"gamma_pdc":-0.004699999999999999,"gamma_r":-0.47}