{"Date":"9/18/2014","Version":"NRELv1","Technology":"Mono-c-Si","BIPV":"N","A_c":1.624,"N_s":60.0,"T_NOCT":47.7,"I_sc_ref":9.07,"V_oc_ref":37.9,"I_mp_ref":8.77,"V_mp_ref":30.8,"alpha_sc":0.0032719999999999997,"beta_oc":-0.13477,"a_ref":1.7632,"I_L_ref":8.421,"I_o_ref":1.2399999999999999e-10,"R_s":0.46399999999999997,"R_sh_ref":127.31,"Adjust":10.16,"PTC":235.5,"pdc0":270.0,"gamma_pdc":-0.00423,"gamma_r":-0.423}