{"Date":"9/18/2014","Version":"NRELv1","Technology":"Multi-c-Si","BIPV":"N","A_c":1.624,"N_s":60.0,"T_NOCT":46.8,"I_sc_ref":9.01,"V_oc_ref":38.0,"I_mp_ref":8.5,"V_mp_ref":30.6,"alpha_sc":0.0032409999999999995,"beta_oc":-0.13447,"a_ref":1.7649,"I_L_ref":8.346,"I_o_ref":1.32e-10,"R_s":0.47,"R_sh_ref":108.05,"Adjust":10.82,"PTC":230.1,"pdc0":260.0,"gamma_pdc":-0.00423,"gamma_r":-0.423}