{"Date":"9/18/2014","Version":"NRELv1","Technology":"Mono-c-Si","BIPV":"N","A_c":1.624,"N_s":60.0,"T_NOCT":46.7,"I_sc_ref":8.98,"V_oc_ref":38.2,"I_mp_ref":8.55,"V_mp_ref":31.0,"alpha_sc":0.004535,"beta_oc":-0.1516,"a_ref":1.7527,"I_L_ref":9.347999999999999,"I_o_ref":3.78e-09,"R_s":0.23800000000000002,"R_sh_ref":732.64,"Adjust":10.09,"PTC":237.2,"pdc0":265.0,"gamma_pdc":-0.0055000000000000005,"gamma_r":-0.55}