{"Vac":240.0,"Paco":960.0,"Pdco":994.0939999999999,"Vdco":29.0,"Pso":5.86134,"C0":-1.41916e-06,"C1":0.000950683,"C2":-0.0110181,"C3":-0.16058,"Pnt":0.1,"Vdcmax":31.0,"Mppt_low":28.0,"Mppt_high":31.0}