{"Vac":240.0,"Paco":210.0,"Pdco":223.783,"Vdco":27.0,"Pso":3.63332,"C0":-0.00016481400000000002,"C1":0.00040090300000000003,"C2":0.00714687,"C3":-0.00361191,"Pnt":0.03,"Vdcmax":40.0,"Mppt_low":22.0,"Mppt_high":40.0}