{"Date":"9/18/2014","Version":"NRELv1","Technology":"Multi-c-Si","BIPV":"N","A_c":1.6269999999999998,"N_s":60.0,"T_NOCT":48.3,"I_sc_ref":8.57,"V_oc_ref":37.7,"I_mp_ref":7.96,"V_mp_ref":30.8,"alpha_sc":0.003428,"beta_oc":-0.11687,"a_ref":1.5199,"I_L_ref":8.586,"I_o_ref":1.41e-10,"R_s":0.294,"R_sh_ref":157.38,"Adjust":9.957,"PTC":219.8,"pdc0":245.0,"gamma_pdc":-0.0042,"gamma_r":-0.42}