{"Date":"9/18/2014","Version":"NRELv1","Technology":"Multi-c-Si","BIPV":"N","A_c":1.94,"N_s":72.0,"T_NOCT":47.2,"I_sc_ref":8.68,"V_oc_ref":45.6,"I_mp_ref":7.98,"V_mp_ref":37.6,"alpha_sc":0.00434,"beta_oc":-0.14135999999999999,"a_ref":1.8581,"I_L_ref":8.7,"I_o_ref":1.8300000000000001e-10,"R_s":0.299,"R_sh_ref":127.39,"Adjust":12.11,"PTC":271.5,"pdc0":300.0,"gamma_pdc":-0.0040999999999999995,"gamma_r":-0.41}