{"Date":"9/18/2014","Version":"NRELv1","Technology":"Multi-c-Si","BIPV":"N","A_c":1.94,"N_s":72.0,"T_NOCT":47.2,"I_sc_ref":8.34,"V_oc_ref":44.8,"I_mp_ref":7.78,"V_mp_ref":36.0,"alpha_sc":0.00417,"beta_oc":-0.13888,"a_ref":1.784,"I_L_ref":8.355,"I_o_ref":1.0200000000000001e-10,"R_s":0.45,"R_sh_ref":255.57,"Adjust":7.184,"PTC":253.0,"pdc0":280.0,"gamma_pdc":-0.0040999999999999995,"gamma_r":-0.41}