{"Date":"2/16/2010","Version":"MM107","Technology":"Mono-c-Si","BIPV":"N","A_c":1.3,"N_s":72.0,"T_NOCT":49.9,"I_sc_ref":5.31,"V_oc_ref":44.06,"I_mp_ref":4.9,"V_mp_ref":36.72,"alpha_sc":0.002204,"beta_oc":-0.15932000000000002,"a_ref":1.9893,"I_L_ref":5.316,"I_o_ref":1.24e-09,"R_s":0.3,"R_sh_ref":259.26,"Adjust":16.5,"PTC":155.7,"pdc0":180.0,"gamma_pdc":-0.00507,"gamma_r":-0.507}