{"Date":"08.06.2010","Version":"MM107","Technology":"Multi-c-Si","BIPV":"N","A_c":1.186,"N_s":48.0,"T_NOCT":45.9,"I_sc_ref":8.65,"V_oc_ref":29.52,"I_mp_ref":7.76,"V_mp_ref":24.48,"alpha_sc":0.002336,"beta_oc":-0.09564,"a_ref":1.2502,"I_L_ref":8.679,"I_o_ref":4.49e-10,"R_s":0.162,"R_sh_ref":48.89,"Adjust":15.5,"PTC":171.6,"pdc0":190.0,"gamma_pdc":-0.00448,"gamma_r":-0.44799999999999995}