{"Date":"11.10.2009","Version":"MM106","Technology":"Mono-c-Si","BIPV":"N","A_c":1.2770000000000001,"N_s":72.0,"T_NOCT":46.4,"I_sc_ref":5.4,"V_oc_ref":44.4,"I_mp_ref":5.05,"V_mp_ref":35.6,"alpha_sc":0.002376,"beta_oc":-0.14297,"a_ref":1.8028,"I_L_ref":5.407,"I_o_ref":1.0699999999999999e-10,"R_s":0.691,"R_sh_ref":504.96,"Adjust":7.2,"PTC":162.1,"pdc0":180.0,"gamma_pdc":-0.00435,"gamma_r":-0.435}