{"Date":"08.01.2012","Version":"NRELv1","Technology":"Multi-c-Si","BIPV":"N","A_c":1.926,"N_s":72.0,"T_NOCT":44.1,"I_sc_ref":8.52,"V_oc_ref":45.1,"I_mp_ref":8.0,"V_mp_ref":37.5,"alpha_sc":0.006019,"beta_oc":-0.12800999999999998,"a_ref":1.7532,"I_L_ref":8.527999999999999,"I_o_ref":5.6299999999999996e-11,"R_s":0.27899999999999997,"R_sh_ref":291.03,"Adjust":11.25,"PTC":278.6,"pdc0":300.0,"gamma_pdc":-0.00358,"gamma_r":-0.358}