{"Date":"08.01.2012","Version":"NRELv1","Technology":"Mono-c-Si","BIPV":"N","A_c":1.2770000000000001,"N_s":72.0,"T_NOCT":43.7,"I_sc_ref":5.47,"V_oc_ref":45.6,"I_mp_ref":5.1,"V_mp_ref":38.1,"alpha_sc":0.0027329999999999998,"beta_oc":-0.13664,"a_ref":1.8138,"I_L_ref":5.477,"I_o_ref":6.44e-11,"R_s":0.382,"R_sh_ref":316.77,"Adjust":10.63,"PTC":180.1,"pdc0":195.0,"gamma_pdc":-0.0039000000000000003,"gamma_r":-0.39}