{"Date":"07.12.2010","Version":"MM107","Technology":"Multi-c-Si","BIPV":"N","A_c":1.47,"N_s":54.0,"T_NOCT":46.5,"I_sc_ref":8.21,"V_oc_ref":33.1,"I_mp_ref":7.79,"V_mp_ref":27.0,"alpha_sc":0.005419,"beta_oc":-0.10062,"a_ref":1.3005,"I_L_ref":8.211,"I_o_ref":7.250000000000001e-11,"R_s":0.282,"R_sh_ref":2220.03,"Adjust":6.1,"PTC":191.6,"pdc0":210.0,"gamma_pdc":-0.0038299999999999996,"gamma_r":-0.38299999999999995}