{"Date":"08.01.2012","Version":"NRELv1","Technology":"Mono-c-Si","BIPV":"N","A_c":1.2770000000000001,"N_s":72.0,"T_NOCT":43.7,"I_sc_ref":5.5,"V_oc_ref":45.9,"I_mp_ref":5.2,"V_mp_ref":38.3,"alpha_sc":0.002748,"beta_oc":-0.13754,"a_ref":1.8102,"I_L_ref":5.502000000000001,"I_o_ref":5.3e-11,"R_s":0.39899999999999997,"R_sh_ref":906.13,"Adjust":8.816,"PTC":184.8,"pdc0":200.0,"gamma_pdc":-0.0039000000000000003,"gamma_r":-0.39}