{"Date":"07.12.2010","Version":"MM107","Technology":"Mono-c-Si","BIPV":"N","A_c":1.2770000000000001,"N_s":72.0,"T_NOCT":45.5,"I_sc_ref":5.54,"V_oc_ref":46.3,"I_mp_ref":5.23,"V_mp_ref":39.2,"alpha_sc":0.00277,"beta_oc":-0.14075,"a_ref":1.8355,"I_L_ref":5.542000000000001,"I_o_ref":6.07e-11,"R_s":0.27699999999999997,"R_sh_ref":668.89,"Adjust":8.2,"PTC":188.3,"pdc0":205.0,"gamma_pdc":-0.00385,"gamma_r":-0.385}