{"Date":"07.12.2010","Version":"MM107","Technology":"Mono-c-Si","BIPV":"N","A_c":1.2770000000000001,"N_s":72.0,"T_NOCT":45.7,"I_sc_ref":5.58,"V_oc_ref":46.6,"I_mp_ref":5.3,"V_mp_ref":39.7,"alpha_sc":0.002734,"beta_oc":-0.14586,"a_ref":1.874,"I_L_ref":5.581,"I_o_ref":8.81e-11,"R_s":0.215,"R_sh_ref":1682.91,"Adjust":8.2,"PTC":192.2,"pdc0":210.0,"gamma_pdc":-0.00398,"gamma_r":-0.39799999999999996}