{"Date":"08.01.2012","Version":"NRELv1","Technology":"Multi-c-Si","BIPV":"N","A_c":1.926,"N_s":72.0,"T_NOCT":44.1,"I_sc_ref":8.57,"V_oc_ref":45.3,"I_mp_ref":8.03,"V_mp_ref":38.0,"alpha_sc":0.0060539999999999995,"beta_oc":-0.12858,"a_ref":1.7712,"I_L_ref":8.578,"I_o_ref":6.56e-11,"R_s":0.23,"R_sh_ref":246.29,"Adjust":12.58,"PTC":283.3,"pdc0":305.0,"gamma_pdc":-0.00358,"gamma_r":-0.358}