{"Date":"08.01.2012","Version":"NRELv1","Technology":"Multi-c-Si","BIPV":"N","A_c":1.926,"N_s":72.0,"T_NOCT":44.1,"I_sc_ref":8.21,"V_oc_ref":44.5,"I_mp_ref":7.85,"V_mp_ref":36.3,"alpha_sc":0.0058,"beta_oc":-0.12630999999999998,"a_ref":1.7039,"I_L_ref":8.296,"I_o_ref":3.75e-11,"R_s":0.38799999999999996,"R_sh_ref":863.12,"Adjust":7.845,"PTC":264.4,"pdc0":285.0,"gamma_pdc":-0.00358,"gamma_r":-0.358}