{"Date":"07.12.2010","Version":"MM107","Technology":"Multi-c-Si","BIPV":"N","A_c":1.94,"N_s":72.0,"T_NOCT":46.5,"I_sc_ref":8.67,"V_oc_ref":45.5,"I_mp_ref":8.06,"V_mp_ref":38.5,"alpha_sc":0.005722,"beta_oc":-0.13832,"a_ref":1.8447,"I_L_ref":8.677999999999999,"I_o_ref":1.6299999999999998e-10,"R_s":0.165,"R_sh_ref":174.08,"Adjust":12.9,"PTC":283.6,"pdc0":310.0,"gamma_pdc":-0.0038299999999999996,"gamma_r":-0.38299999999999995}