{"Date":"07.07.2011","Version":"MM107","Technology":"Multi-c-Si","BIPV":"N","A_c":1.65,"N_s":60.0,"T_NOCT":45.3,"I_sc_ref":8.27,"V_oc_ref":36.2,"I_mp_ref":7.74,"V_mp_ref":29.8,"alpha_sc":0.005227000000000001,"beta_oc":-0.12232,"a_ref":1.5273,"I_L_ref":8.277999999999999,"I_o_ref":4.14e-10,"R_s":0.24100000000000002,"R_sh_ref":263.36,"Adjust":9.8,"PTC":208.1,"pdc0":230.0,"gamma_pdc":-0.004379999999999999,"gamma_r":-0.43799999999999994}