{"Date":"01.12.2010","Version":"MM106","Technology":"Mono-c-Si","BIPV":"N","A_c":1.2770000000000001,"N_s":72.0,"T_NOCT":45.6,"I_sc_ref":5.43,"V_oc_ref":45.4,"I_mp_ref":5.03,"V_mp_ref":37.9,"alpha_sc":0.0025,"beta_oc":-0.1421,"a_ref":1.8436,"I_L_ref":5.438,"I_o_ref":1.06e-10,"R_s":0.375,"R_sh_ref":251.95,"Adjust":10.2,"PTC":173.2,"pdc0":190.0,"gamma_pdc":-0.004070000000000001,"gamma_r":-0.40700000000000003}