{"Date":"07.12.2010","Version":"MM107","Technology":"Mono-c-Si","BIPV":"N","A_c":1.2770000000000001,"N_s":72.0,"T_NOCT":45.5,"I_sc_ref":5.58,"V_oc_ref":46.6,"I_mp_ref":5.3,"V_mp_ref":39.7,"alpha_sc":0.00279,"beta_oc":-0.14165999999999998,"a_ref":1.8471,"I_L_ref":5.581,"I_o_ref":6.13e-11,"R_s":0.226,"R_sh_ref":1467.32,"Adjust":8.2,"PTC":193.0,"pdc0":210.0,"gamma_pdc":-0.00385,"gamma_r":-0.385}