{"Date":"07.12.2010","Version":"MM107","Technology":"Multi-c-Si","BIPV":"N","A_c":1.94,"N_s":72.0,"T_NOCT":46.5,"I_sc_ref":8.4,"V_oc_ref":44.9,"I_mp_ref":7.97,"V_mp_ref":37.0,"alpha_sc":0.0055439999999999994,"beta_oc":-0.1365,"a_ref":1.7739,"I_L_ref":8.402000000000001,"I_o_ref":8.52e-11,"R_s":0.319,"R_sh_ref":1784.46,"Adjust":7.3,"PTC":269.5,"pdc0":295.0,"gamma_pdc":-0.0038299999999999996,"gamma_r":-0.38299999999999995}