{"Date":"07.12.2010","Version":"MM107","Technology":"Multi-c-Si","BIPV":"N","A_c":1.94,"N_s":72.0,"T_NOCT":46.5,"I_sc_ref":8.21,"V_oc_ref":44.5,"I_mp_ref":7.85,"V_mp_ref":36.3,"alpha_sc":0.005419,"beta_oc":-0.13527999999999998,"a_ref":1.7459,"I_L_ref":8.261000000000001,"I_o_ref":7.04e-11,"R_s":0.377,"R_sh_ref":100000.0,"Adjust":5.8,"PTC":260.2,"pdc0":285.0,"gamma_pdc":-0.0038299999999999996,"gamma_r":-0.38299999999999995}