{"Date":"07.07.2011","Version":"MM107","Technology":"Multi-c-Si","BIPV":"N","A_c":1.65,"N_s":60.0,"T_NOCT":45.3,"I_sc_ref":8.46,"V_oc_ref":36.9,"I_mp_ref":7.93,"V_mp_ref":30.3,"alpha_sc":0.005347,"beta_oc":-0.12469000000000001,"a_ref":1.5537,"I_L_ref":8.467,"I_o_ref":4.05e-10,"R_s":0.251,"R_sh_ref":302.03,"Adjust":9.4,"PTC":217.4,"pdc0":240.0,"gamma_pdc":-0.004379999999999999,"gamma_r":-0.43799999999999994}