{"Date":"07.12.2010","Version":"MM107","Technology":"Multi-c-Si","BIPV":"N","A_c":1.47,"N_s":54.0,"T_NOCT":46.5,"I_sc_ref":8.59,"V_oc_ref":33.9,"I_mp_ref":8.05,"V_mp_ref":28.6,"alpha_sc":0.0056689999999999996,"beta_oc":-0.10305999999999998,"a_ref":1.3655,"I_L_ref":8.596,"I_o_ref":1.3899999999999999e-10,"R_s":0.138,"R_sh_ref":193.92,"Adjust":11.5,"PTC":210.3,"pdc0":230.0,"gamma_pdc":-0.0038299999999999996,"gamma_r":-0.38299999999999995}