{"Date":"01.12.2010","Version":"MM106","Technology":"Mono-c-Si","BIPV":"N","A_c":1.2770000000000001,"N_s":72.0,"T_NOCT":45.6,"I_sc_ref":5.47,"V_oc_ref":45.6,"I_mp_ref":5.1,"V_mp_ref":38.1,"alpha_sc":0.002516,"beta_oc":-0.14273,"a_ref":1.8454,"I_L_ref":5.476,"I_o_ref":9.900000000000001e-11,"R_s":0.369,"R_sh_ref":327.92,"Adjust":9.5,"PTC":177.9,"pdc0":195.0,"gamma_pdc":-0.004070000000000001,"gamma_r":-0.40700000000000003}