{"Date":"08.01.2012","Version":"NRELv1","Technology":"Multi-c-Si","BIPV":"N","A_c":1.926,"N_s":72.0,"T_NOCT":44.1,"I_sc_ref":8.15,"V_oc_ref":44.3,"I_mp_ref":7.78,"V_mp_ref":36.0,"alpha_sc":0.005757,"beta_oc":-0.12574000000000002,"a_ref":1.6942,"I_L_ref":8.236,"I_o_ref":3.6e-11,"R_s":0.409,"R_sh_ref":684.95,"Adjust":7.57,"PTC":259.7,"pdc0":280.0,"gamma_pdc":-0.00358,"gamma_r":-0.358}