{"Date":"07.12.2010","Version":"MM107","Technology":"Multi-c-Si","BIPV":"N","A_c":1.94,"N_s":72.0,"T_NOCT":46.5,"I_sc_ref":8.52,"V_oc_ref":45.1,"I_mp_ref":8.0,"V_mp_ref":37.5,"alpha_sc":0.0056229999999999995,"beta_oc":-0.1371,"a_ref":1.8003,"I_L_ref":8.527000000000001,"I_o_ref":1.11e-10,"R_s":0.266,"R_sh_ref":315.19,"Adjust":9.5,"PTC":274.2,"pdc0":300.0,"gamma_pdc":-0.0038299999999999996,"gamma_r":-0.38299999999999995}