{"Date":"08.01.2012","Version":"NRELv1","Technology":"Mono-c-Si","BIPV":"N","A_c":1.2770000000000001,"N_s":72.0,"T_NOCT":43.7,"I_sc_ref":5.58,"V_oc_ref":46.6,"I_mp_ref":5.3,"V_mp_ref":39.7,"alpha_sc":0.002788,"beta_oc":-0.13964000000000001,"a_ref":1.8537,"I_L_ref":5.581,"I_o_ref":6.709999999999999e-11,"R_s":0.223,"R_sh_ref":1515.31,"Adjust":10.76,"PTC":194.3,"pdc0":210.0,"gamma_pdc":-0.0039000000000000003,"gamma_r":-0.39}