{"Date":"07.09.2009","Version":"MM106","Technology":"Multi-c-Si","BIPV":"N","A_c":1.94,"N_s":36.0,"T_NOCT":48.3,"I_sc_ref":8.04,"V_oc_ref":22.2,"I_mp_ref":7.43,"V_mp_ref":17.5,"alpha_sc":0.003674,"beta_oc":-0.07106,"a_ref":0.9147,"I_L_ref":8.062999999999999,"I_o_ref":2.26e-10,"R_s":0.275,"R_sh_ref":96.44,"Adjust":10.9,"PTC":113.7,"pdc0":130.0,"gamma_pdc":-0.00452,"gamma_r":-0.452}