{"Date":"10/20/2009","Version":"MM106","Technology":"Mono-c-Si","BIPV":"N","A_c":1.2770000000000001,"N_s":72.0,"T_NOCT":45.3,"I_sc_ref":5.4,"V_oc_ref":44.4,"I_mp_ref":5.05,"V_mp_ref":35.6,"alpha_sc":0.002268,"beta_oc":-0.16295,"a_ref":1.9283,"I_L_ref":5.405,"I_o_ref":5.34e-10,"R_s":0.6409999999999999,"R_sh_ref":681.03,"Adjust":7.0,"PTC":160.5,"pdc0":180.0,"gamma_pdc":-0.00499,"gamma_r":-0.499}