{"Date":"10/23/2009","Version":"MM106","Technology":"Multi-c-Si","BIPV":"N","A_c":1.4680000000000002,"N_s":54.0,"T_NOCT":45.9,"I_sc_ref":7.89,"V_oc_ref":33.0,"I_mp_ref":7.31,"V_mp_ref":26.0,"alpha_sc":0.003393,"beta_oc":-0.10296,"a_ref":1.3063,"I_L_ref":7.912999999999999,"I_o_ref":8.21e-11,"R_s":0.433,"R_sh_ref":151.09,"Adjust":5.1,"PTC":172.0,"pdc0":190.0,"gamma_pdc":-0.00417,"gamma_r":-0.41700000000000004}