{"Date":"07.09.2009","Version":"MM106","Technology":"Multi-c-Si","BIPV":"N","A_c":1.94,"N_s":36.0,"T_NOCT":48.3,"I_sc_ref":8.14,"V_oc_ref":22.4,"I_mp_ref":7.71,"V_mp_ref":17.5,"alpha_sc":0.00372,"beta_oc":-0.0717,"a_ref":0.9078,"I_L_ref":8.17,"I_o_ref":1.5699999999999997e-10,"R_s":0.297,"R_sh_ref":100000.0,"Adjust":7.5,"PTC":118.2,"pdc0":135.0,"gamma_pdc":-0.00452,"gamma_r":-0.452}