{"Date":"07.12.2010","Version":"MM107","Technology":"Mono-c-Si","BIPV":"N","A_c":1.2770000000000001,"N_s":72.0,"T_NOCT":46.1,"I_sc_ref":5.69,"V_oc_ref":45.4,"I_mp_ref":5.33,"V_mp_ref":36.6,"alpha_sc":0.001935,"beta_oc":-0.14800000000000002,"a_ref":1.8346,"I_L_ref":5.697,"I_o_ref":1e-10,"R_s":0.632,"R_sh_ref":525.39,"Adjust":5.0,"PTC":176.2,"pdc0":195.0,"gamma_pdc":-0.004370000000000001,"gamma_r":-0.43700000000000006}