{"Date":"1/23/2009","Version":"MM106","Technology":"Mono-c-Si","BIPV":"N","A_c":1.2770000000000001,"N_s":72.0,"T_NOCT":49.9,"I_sc_ref":5.0,"V_oc_ref":43.2,"I_mp_ref":4.65,"V_mp_ref":34.4,"alpha_sc":0.00283,"beta_oc":-0.15466,"a_ref":1.8945,"I_L_ref":5.007,"I_o_ref":6.149999999999999e-10,"R_s":0.725,"R_sh_ref":487.97,"Adjust":11.5,"PTC":138.4,"pdc0":160.0,"gamma_pdc":-0.00498,"gamma_r":-0.498}