{"Date":"07.12.2010","Version":"MM107","Technology":"Mono-c-Si","BIPV":"N","A_c":1.2770000000000001,"N_s":72.0,"T_NOCT":46.1,"I_sc_ref":5.62,"V_oc_ref":45.2,"I_mp_ref":5.2,"V_mp_ref":36.6,"alpha_sc":0.001911,"beta_oc":-0.14735,"a_ref":1.8439,"I_L_ref":5.632999999999999,"I_o_ref":1.23e-10,"R_s":0.6,"R_sh_ref":258.2,"Adjust":6.9,"PTC":171.5,"pdc0":190.0,"gamma_pdc":-0.004370000000000001,"gamma_r":-0.43700000000000006}