{"Date":"07.09.2009","Version":"MM106","Technology":"Multi-c-Si","BIPV":"N","A_c":1.94,"N_s":36.0,"T_NOCT":48.3,"I_sc_ref":7.52,"V_oc_ref":22.2,"I_mp_ref":6.94,"V_mp_ref":17.3,"alpha_sc":0.0067079999999999996,"beta_oc":-0.06882,"a_ref":0.8899,"I_L_ref":7.546,"I_o_ref":1.0699999999999999e-10,"R_s":0.33399999999999996,"R_sh_ref":96.68,"Adjust":7.9,"PTC":106.9,"pdc0":120.0,"gamma_pdc":-0.00392,"gamma_r":-0.392}