{"Date":"08.01.2012","Version":"NRELv1","Technology":"Multi-c-Si","BIPV":"N","A_c":1.65,"N_s":60.0,"T_NOCT":45.9,"I_sc_ref":8.05,"V_oc_ref":36.6,"I_mp_ref":7.46,"V_mp_ref":29.5,"alpha_sc":0.003462,"beta_oc":-0.11419000000000001,"a_ref":1.4664,"I_L_ref":8.068999999999999,"I_o_ref":1.13e-10,"R_s":0.36700000000000005,"R_sh_ref":153.45,"Adjust":7.855,"PTC":199.3,"pdc0":220.0,"gamma_pdc":-0.00417,"gamma_r":-0.41700000000000004}