{"Date":"08.01.2012","Version":"NRELv1","Technology":"Multi-c-Si","BIPV":"N","A_c":1.65,"N_s":60.0,"T_NOCT":43.7,"I_sc_ref":8.35,"V_oc_ref":37.0,"I_mp_ref":7.79,"V_mp_ref":30.2,"alpha_sc":0.004718,"beta_oc":-0.12579,"a_ref":1.5654,"I_L_ref":8.36,"I_o_ref":4.46e-10,"R_s":0.28,"R_sh_ref":228.2,"Adjust":9.945,"PTC":213.9,"pdc0":235.0,"gamma_pdc":-0.0045000000000000005,"gamma_r":-0.45}