{"Date":"5/22/2012","Version":"NRELv1","Technology":"Multi-c-Si","BIPV":"N","A_c":1.6269999999999998,"N_s":60.0,"T_NOCT":43.7,"I_sc_ref":8.73,"V_oc_ref":37.5,"I_mp_ref":8.26,"V_mp_ref":30.9,"alpha_sc":0.004932,"beta_oc":-0.12749000000000002,"a_ref":1.5819,"I_L_ref":8.731,"I_o_ref":4.4100000000000003e-10,"R_s":0.23199999999999998,"R_sh_ref":1519.11,"Adjust":9.419,"PTC":232.7,"pdc0":255.0,"gamma_pdc":-0.0045000000000000005,"gamma_r":-0.45}