{"Date":"1/14/2013","Version":"NRELv1","Technology":"Multi-c-Si","BIPV":"N","A_c":1.6269999999999998,"N_s":60.0,"T_NOCT":43.3,"I_sc_ref":8.43,"V_oc_ref":37.2,"I_mp_ref":7.95,"V_mp_ref":30.2,"alpha_sc":0.005901,"beta_oc":-0.13243,"a_ref":1.5539,"I_L_ref":8.433,"I_o_ref":3.36e-10,"R_s":0.306,"R_sh_ref":810.69,"Adjust":2.327,"PTC":220.0,"pdc0":240.0,"gamma_pdc":-0.0043,"gamma_r":-0.43}