{"Date":"5/22/2012","Version":"NRELv1","Technology":"Multi-c-Si","BIPV":"N","A_c":1.6269999999999998,"N_s":60.0,"T_NOCT":43.7,"I_sc_ref":8.52,"V_oc_ref":37.3,"I_mp_ref":8.04,"V_mp_ref":30.5,"alpha_sc":0.004814,"beta_oc":-0.12680999999999998,"a_ref":1.569,"I_L_ref":8.523,"I_o_ref":4.0099999999999996e-10,"R_s":0.27,"R_sh_ref":829.31,"Adjust":8.8,"PTC":223.3,"pdc0":245.0,"gamma_pdc":-0.0045000000000000005,"gamma_r":-0.45}