{"Date":"10.01.2013","Version":"NRELv1","Technology":"Multi-c-Si","BIPV":"N","A_c":1.94,"N_s":72.0,"T_NOCT":46.1,"I_sc_ref":8.4,"V_oc_ref":44.8,"I_mp_ref":7.95,"V_mp_ref":36.5,"alpha_sc":0.004536,"beta_oc":-0.14022,"a_ref":1.8005,"I_L_ref":8.402000000000001,"I_o_ref":1.31e-10,"R_s":0.369,"R_sh_ref":1466.51,"Adjust":8.177999999999999,"PTC":263.3,"pdc0":290.0,"gamma_pdc":-0.00415,"gamma_r":-0.415}