{"Date":"5/22/2012","Version":"NRELv1","Technology":"Multi-c-Si","BIPV":"N","A_c":1.65,"N_s":60.0,"T_NOCT":45.9,"I_sc_ref":8.26,"V_oc_ref":36.9,"I_mp_ref":7.73,"V_mp_ref":29.8,"alpha_sc":0.0035520000000000005,"beta_oc":-0.11513,"a_ref":1.472,"I_L_ref":8.271,"I_o_ref":1.0500000000000001e-10,"R_s":0.35200000000000004,"R_sh_ref":256.2,"Adjust":6.97,"PTC":208.6,"pdc0":230.0,"gamma_pdc":-0.00417,"gamma_r":-0.41700000000000004}