{"Date":"1/14/2013","Version":"NRELv1","Technology":"Multi-c-Si","BIPV":"N","A_c":1.6269999999999998,"N_s":60.0,"T_NOCT":43.3,"I_sc_ref":8.83,"V_oc_ref":37.6,"I_mp_ref":8.37,"V_mp_ref":31.1,"alpha_sc":0.006181,"beta_oc":-0.13385999999999998,"a_ref":1.5831,"I_L_ref":8.831,"I_o_ref":4.27e-10,"R_s":0.215,"R_sh_ref":3750.67,"Adjust":3.923,"PTC":238.8,"pdc0":260.0,"gamma_pdc":-0.0043,"gamma_r":-0.43}