{"Date":"22.06.2018","Version":NaN,"Technology":"Multi-c-Si","BIPV":"N","A_c":1.6269999999999998,"N_s":60.0,"T_NOCT":45.0,"I_sc_ref":8.89,"V_oc_ref":37.7,"I_mp_ref":8.42,"V_mp_ref":30.9,"alpha_sc":0.05,"beta_oc":-0.34,"a_ref":1.57514,"I_L_ref":8.89069,"I_o_ref":3.58e-10,"R_s":0.25409499999999996,"R_sh_ref":3296.63,"Adjust":7.342689999999999,"PTC":232.7,"pdc0":255.0,"gamma_pdc":-0.0045,"gamma_r":-0.45}