{"Date":"08.01.2012","Version":"NRELv1","Technology":"Multi-c-Si","BIPV":"N","A_c":1.65,"N_s":60.0,"T_NOCT":45.9,"I_sc_ref":8.15,"V_oc_ref":36.7,"I_mp_ref":7.61,"V_mp_ref":29.6,"alpha_sc":0.003505,"beta_oc":-0.1145,"a_ref":1.4647,"I_L_ref":8.163,"I_o_ref":1.0500000000000001e-10,"R_s":0.36,"R_sh_ref":223.59,"Adjust":7.068,"PTC":203.9,"pdc0":225.0,"gamma_pdc":-0.00417,"gamma_r":-0.41700000000000004}