{"Date":"12/27/2012","Version":"NRELv1","Technology":"Multi-c-Si","BIPV":"N","A_c":1.94,"N_s":72.0,"T_NOCT":45.7,"I_sc_ref":8.53,"V_oc_ref":44.9,"I_mp_ref":8.02,"V_mp_ref":36.8,"alpha_sc":0.007396,"beta_oc":-0.19213,"a_ref":1.9548,"I_L_ref":8.533999999999999,"I_o_ref":8.96e-10,"R_s":0.29600000000000004,"R_sh_ref":635.47,"Adjust":-8.232000000000001,"PTC":267.2,"pdc0":295.0,"gamma_pdc":-0.00434,"gamma_r":-0.434}