{"Date":"08.01.2012","Version":"NRELv1","Technology":"Multi-c-Si","BIPV":"N","A_c":1.94,"N_s":72.0,"T_NOCT":46.1,"I_sc_ref":8.26,"V_oc_ref":44.7,"I_mp_ref":7.84,"V_mp_ref":35.1,"alpha_sc":0.00446,"beta_oc":-0.13990999999999998,"a_ref":1.7658,"I_L_ref":8.35,"I_o_ref":8.4e-11,"R_s":0.568,"R_sh_ref":649.5,"Adjust":4.454,"PTC":249.3,"pdc0":275.0,"gamma_pdc":-0.00415,"gamma_r":-0.415}