{"Date":"08.01.2012","Version":"NRELv1","Technology":"Multi-c-Si","BIPV":"N","A_c":1.65,"N_s":60.0,"T_NOCT":45.9,"I_sc_ref":7.95,"V_oc_ref":36.5,"I_mp_ref":7.37,"V_mp_ref":29.2,"alpha_sc":0.0034189999999999997,"beta_oc":-0.11388,"a_ref":1.4559,"I_L_ref":7.97,"I_o_ref":1e-10,"R_s":0.405,"R_sh_ref":161.19,"Adjust":6.899,"PTC":194.7,"pdc0":215.0,"gamma_pdc":-0.00417,"gamma_r":-0.41700000000000004}