{"Technology":"Mono-c-Si","BIPV":"N","A_c":1.6269999999999998,"N_s":60.0,"T_NOCT":44.4,"PTC":261.2,"pdc0":285.0,"gamma_pdc":-0.004267}