{"Date":"8/13/2010","Version":"MM107","Technology":"Multi-c-Si","BIPV":"N","A_c":1.47,"N_s":54.0,"T_NOCT":45.9,"I_sc_ref":8.45,"V_oc_ref":34.0,"I_mp_ref":7.95,"V_mp_ref":27.7,"alpha_sc":0.0036340000000000005,"beta_oc":-0.10608,"a_ref":1.3598,"I_L_ref":8.457,"I_o_ref":1.1599999999999999e-10,"R_s":0.281,"R_sh_ref":347.13,"Adjust":7.4,"PTC":199.8,"pdc0":220.0,"gamma_pdc":-0.00417,"gamma_r":-0.41700000000000004}