{"Date":"08.01.2012","Version":"NRELv1","Technology":"Mono-c-Si","BIPV":"N","A_c":1.6269999999999998,"N_s":60.0,"T_NOCT":46.1,"I_sc_ref":8.63,"V_oc_ref":37.4,"I_mp_ref":8.15,"V_mp_ref":30.7,"alpha_sc":0.006145,"beta_oc":-0.15012,"a_ref":1.5859,"I_L_ref":8.632,"I_o_ref":4.92e-10,"R_s":0.248,"R_sh_ref":987.61,"Adjust":-6.686,"PTC":226.3,"pdc0":250.0,"gamma_pdc":-0.0043,"gamma_r":-0.43}