{"Date":"07.09.2009","Version":"MM106","Technology":"Multi-c-Si","BIPV":"N","A_c":1.94,"N_s":72.0,"T_NOCT":49.9,"I_sc_ref":7.78,"V_oc_ref":44.3,"I_mp_ref":7.18,"V_mp_ref":34.8,"alpha_sc":0.006909,"beta_oc":-0.15758,"a_ref":1.9036,"I_L_ref":7.801,"I_o_ref":5.93e-10,"R_s":0.565,"R_sh_ref":209.52,"Adjust":7.6,"PTC":219.6,"pdc0":250.0,"gamma_pdc":-0.0045000000000000005,"gamma_r":-0.45}