{"Date":"03.10.2010","Version":"MM107","Technology":"Multi-c-Si","BIPV":"N","A_c":1.94,"N_s":72.0,"T_NOCT":46.1,"I_sc_ref":8.33,"V_oc_ref":44.8,"I_mp_ref":7.95,"V_mp_ref":35.2,"alpha_sc":0.004497999999999999,"beta_oc":-0.14022,"a_ref":1.7653,"I_L_ref":8.407,"I_o_ref":8.000000000000001e-11,"R_s":0.561,"R_sh_ref":100000.0,"Adjust":3.8,"PTC":254.0,"pdc0":280.0,"gamma_pdc":-0.00415,"gamma_r":-0.415}