{"Date":"03.10.2010","Version":"MM107","Technology":"Multi-c-Si","BIPV":"N","A_c":1.4680000000000002,"N_s":54.0,"T_NOCT":45.9,"I_sc_ref":8.23,"V_oc_ref":33.5,"I_mp_ref":7.8,"V_mp_ref":26.3,"alpha_sc":0.003539,"beta_oc":-0.10452,"a_ref":1.3085,"I_L_ref":8.246,"I_o_ref":6.27e-11,"R_s":0.433,"R_sh_ref":100000.0,"Adjust":2.4,"PTC":185.9,"pdc0":205.0,"gamma_pdc":-0.00417,"gamma_r":-0.41700000000000004}