{"Date":"08.01.2012","Version":"NRELv1","Technology":"Mono-c-Si","BIPV":"N","A_c":1.6269999999999998,"N_s":60.0,"T_NOCT":43.7,"I_sc_ref":8.73,"V_oc_ref":37.5,"I_mp_ref":8.26,"V_mp_ref":30.9,"alpha_sc":0.004932,"beta_oc":-0.12749000000000002,"a_ref":1.5822,"I_L_ref":8.731,"I_o_ref":4.4299999999999997e-10,"R_s":0.231,"R_sh_ref":1525.01,"Adjust":9.458,"PTC":232.7,"pdc0":255.0,"gamma_pdc":-0.0045000000000000005,"gamma_r":-0.45}