{"Date":"08.01.2012","Version":"NRELv1","Technology":"Multi-c-Si","BIPV":"N","A_c":1.94,"N_s":72.0,"T_NOCT":46.1,"I_sc_ref":8.2,"V_oc_ref":44.5,"I_mp_ref":7.71,"V_mp_ref":35.0,"alpha_sc":0.0044280000000000005,"beta_oc":-0.13929,"a_ref":1.7599,"I_L_ref":8.207,"I_o_ref":8.5e-11,"R_s":0.5660000000000001,"R_sh_ref":700.3,"Adjust":4.694,"PTC":244.7,"pdc0":270.0,"gamma_pdc":-0.00415,"gamma_r":-0.415}