{"Date":"08.01.2012","Version":"NRELv1","Technology":"Mono-c-Si","BIPV":"N","A_c":1.6269999999999998,"N_s":60.0,"T_NOCT":46.1,"I_sc_ref":8.25,"V_oc_ref":36.8,"I_mp_ref":7.72,"V_mp_ref":29.8,"alpha_sc":0.005874,"beta_oc":-0.14772000000000002,"a_ref":1.5562,"I_L_ref":8.258,"I_o_ref":4.3700000000000004e-10,"R_s":0.316,"R_sh_ref":308.79,"Adjust":-7.218,"PTC":207.7,"pdc0":230.0,"gamma_pdc":-0.0043,"gamma_r":-0.43}