{"Date":"1/14/2013","Version":"NRELv1","Technology":"Multi-c-Si","BIPV":"N","A_c":1.6269999999999998,"N_s":60.0,"T_NOCT":43.3,"I_sc_ref":8.73,"V_oc_ref":37.5,"I_mp_ref":8.26,"V_mp_ref":30.9,"alpha_sc":0.006111,"beta_oc":-0.1335,"a_ref":1.5771,"I_L_ref":8.731,"I_o_ref":4.1000000000000003e-10,"R_s":0.233,"R_sh_ref":1428.1,"Adjust":3.688,"PTC":234.1,"pdc0":255.0,"gamma_pdc":-0.0043,"gamma_r":-0.43}