{"Date":"07.09.2009","Version":"MM106","Technology":"Multi-c-Si","BIPV":"N","A_c":1.94,"N_s":72.0,"T_NOCT":49.9,"I_sc_ref":8.04,"V_oc_ref":44.3,"I_mp_ref":7.43,"V_mp_ref":35.0,"alpha_sc":-0.000699,"beta_oc":-0.15244000000000002,"a_ref":1.7973,"I_L_ref":8.064,"I_o_ref":1.54e-10,"R_s":0.545,"R_sh_ref":184.12,"Adjust":0.7,"PTC":226.1,"pdc0":260.0,"gamma_pdc":-0.00486,"gamma_r":-0.486}