{"Date":"10.01.2013","Version":"NRELv1","Technology":"Multi-c-Si","BIPV":"N","A_c":1.94,"N_s":72.0,"T_NOCT":46.1,"I_sc_ref":8.37,"V_oc_ref":44.8,"I_mp_ref":7.95,"V_mp_ref":35.8,"alpha_sc":0.004520000000000001,"beta_oc":-0.14022,"a_ref":1.7865,"I_L_ref":8.461,"I_o_ref":1.08e-10,"R_s":0.47,"R_sh_ref":555.74,"Adjust":6.466,"PTC":258.6,"pdc0":285.0,"gamma_pdc":-0.00415,"gamma_r":-0.415}