{"Date":"8/13/2010","Version":"MM107","Technology":"Multi-c-Si","BIPV":"N","A_c":1.65,"N_s":60.0,"T_NOCT":45.9,"I_sc_ref":8.15,"V_oc_ref":36.7,"I_mp_ref":7.61,"V_mp_ref":29.6,"alpha_sc":0.003505,"beta_oc":-0.1145,"a_ref":1.4654,"I_L_ref":8.163,"I_o_ref":1.06e-10,"R_s":0.36,"R_sh_ref":223.87,"Adjust":7.0,"PTC":203.9,"pdc0":225.0,"gamma_pdc":-0.00417,"gamma_r":-0.41700000000000004}