{"Date":"08.01.2012","Version":"NRELv1","Technology":"Multi-c-Si","BIPV":"N","A_c":1.6269999999999998,"N_s":60.0,"T_NOCT":43.7,"I_sc_ref":8.63,"V_oc_ref":37.4,"I_mp_ref":8.15,"V_mp_ref":30.7,"alpha_sc":0.004876,"beta_oc":-0.12715,"a_ref":1.5763,"I_L_ref":8.632,"I_o_ref":4.26e-10,"R_s":0.25,"R_sh_ref":912.75,"Adjust":9.216000000000001,"PTC":228.0,"pdc0":250.0,"gamma_pdc":-0.0045000000000000005,"gamma_r":-0.45}