{"Date":"5/22/2012","Version":"NRELv1","Technology":"Multi-c-Si","BIPV":"N","A_c":1.6269999999999998,"N_s":60.0,"T_NOCT":43.7,"I_sc_ref":8.93,"V_oc_ref":37.7,"I_mp_ref":8.47,"V_mp_ref":31.3,"alpha_sc":0.005045,"beta_oc":-0.12817,"a_ref":1.595,"I_L_ref":8.93,"I_o_ref":4.85e-10,"R_s":0.195,"R_sh_ref":6896.4,"Adjust":10.04,"PTC":242.0,"pdc0":265.0,"gamma_pdc":-0.0045000000000000005,"gamma_r":-0.45}