{"Date":"08.01.2012","Version":"NRELv1","Technology":"Multi-c-Si","BIPV":"N","A_c":1.65,"N_s":60.0,"T_NOCT":43.7,"I_sc_ref":8.43,"V_oc_ref":37.2,"I_mp_ref":7.95,"V_mp_ref":30.2,"alpha_sc":0.004763,"beta_oc":-0.12647,"a_ref":1.5591,"I_L_ref":8.433,"I_o_ref":3.6400000000000004e-10,"R_s":0.304,"R_sh_ref":842.26,"Adjust":8.048,"PTC":218.6,"pdc0":240.0,"gamma_pdc":-0.0045000000000000005,"gamma_r":-0.45}