{"Date":"8/13/2010","Version":"MM107","Technology":"Multi-c-Si","BIPV":"N","A_c":1.47,"N_s":54.0,"T_NOCT":45.9,"I_sc_ref":8.4,"V_oc_ref":33.8,"I_mp_ref":7.95,"V_mp_ref":27.1,"alpha_sc":0.0036119999999999998,"beta_oc":-0.10545999999999998,"a_ref":1.3353,"I_L_ref":8.402000000000001,"I_o_ref":8.51e-11,"R_s":0.34600000000000003,"R_sh_ref":1822.76,"Adjust":4.8,"PTC":195.2,"pdc0":215.0,"gamma_pdc":-0.00417,"gamma_r":-0.41700000000000004}