{"Date":"12/27/2012","Version":"NRELv1","Technology":"Multi-c-Si","BIPV":"N","A_c":1.94,"N_s":72.0,"T_NOCT":45.7,"I_sc_ref":9.07,"V_oc_ref":45.6,"I_mp_ref":8.72,"V_mp_ref":36.7,"alpha_sc":0.007864,"beta_oc":-0.19512000000000002,"a_ref":1.9563,"I_L_ref":9.255,"I_o_ref":6.950000000000001e-10,"R_s":0.37,"R_sh_ref":1526.1,"Adjust":-10.7,"PTC":290.5,"pdc0":320.0,"gamma_pdc":-0.00434,"gamma_r":-0.434}