{"Date":"08.01.2012","Version":"NRELv1","Technology":"Multi-c-Si","BIPV":"N","A_c":1.94,"N_s":72.0,"T_NOCT":45.7,"I_sc_ref":8.67,"V_oc_ref":45.0,"I_mp_ref":8.14,"V_mp_ref":36.9,"alpha_sc":0.007517,"beta_oc":-0.19255999999999998,"a_ref":1.9616,"I_L_ref":8.675,"I_o_ref":9.35e-10,"R_s":0.289,"R_sh_ref":512.82,"Adjust":-8.032,"PTC":271.9,"pdc0":300.0,"gamma_pdc":-0.00434,"gamma_r":-0.434}