{"Date":"08.01.2012","Version":"NRELv1","Technology":"Multi-c-Si","BIPV":"N","A_c":1.94,"N_s":72.0,"T_NOCT":45.7,"I_sc_ref":8.79,"V_oc_ref":45.1,"I_mp_ref":8.25,"V_mp_ref":37.0,"alpha_sc":0.007620999999999999,"beta_oc":-0.19297999999999998,"a_ref":1.9669,"I_L_ref":8.795,"I_o_ref":9.58e-10,"R_s":0.28300000000000003,"R_sh_ref":485.14,"Adjust":-7.947,"PTC":276.5,"pdc0":305.0,"gamma_pdc":-0.00434,"gamma_r":-0.434}