{"Date":"10.01.2013","Version":"NRELv1","Technology":"Multi-c-Si","BIPV":"N","A_c":1.94,"N_s":72.0,"T_NOCT":45.7,"I_sc_ref":8.96,"V_oc_ref":45.5,"I_mp_ref":8.61,"V_mp_ref":36.6,"alpha_sc":0.007768000000000001,"beta_oc":-0.19469,"a_ref":1.9519,"I_L_ref":9.142999999999999,"I_o_ref":6.85e-10,"R_s":0.377,"R_sh_ref":1311.94,"Adjust":-10.71,"PTC":285.8,"pdc0":315.0,"gamma_pdc":-0.00434,"gamma_r":-0.434}