{"Date":"12/27/2012","Version":"NRELv1","Technology":"Multi-c-Si","BIPV":"N","A_c":1.48,"N_s":54.0,"T_NOCT":46.1,"I_sc_ref":8.39,"V_oc_ref":33.64,"I_mp_ref":7.87,"V_mp_ref":27.97,"alpha_sc":0.002911,"beta_oc":-0.12315999999999999,"a_ref":1.4751,"I_L_ref":8.394,"I_o_ref":1.0300000000000002e-09,"R_s":0.166,"R_sh_ref":312.25,"Adjust":9.43,"PTC":195.8,"pdc0":220.0,"gamma_pdc":-0.00496,"gamma_r":-0.496}