{"Date":"04.02.2013","Version":"NRELv1","Technology":"Mono-c-Si","BIPV":"N","A_c":1.663,"N_s":60.0,"T_NOCT":46.2,"I_sc_ref":9.14,"V_oc_ref":37.86,"I_mp_ref":8.69,"V_mp_ref":30.5,"alpha_sc":0.005758,"beta_oc":-0.12229000000000001,"a_ref":1.5646,"I_L_ref":9.237,"I_o_ref":2.84e-10,"R_s":0.319,"R_sh_ref":562.66,"Adjust":10.62,"PTC":239.6,"pdc0":265.0,"gamma_pdc":-0.004370000000000001,"gamma_r":-0.43700000000000006}