{"Date":"04.02.2013","Version":"NRELv1","Technology":"Multi-c-Si","BIPV":"N","A_c":1.642,"N_s":60.0,"T_NOCT":44.9,"I_sc_ref":8.3,"V_oc_ref":38.86,"I_mp_ref":7.72,"V_mp_ref":29.81,"alpha_sc":0.00498,"beta_oc":-0.14378,"a_ref":1.6454,"I_L_ref":8.314,"I_o_ref":4.5400000000000003e-10,"R_s":0.574,"R_sh_ref":350.34,"Adjust":1.107,"PTC":206.6,"pdc0":230.0,"gamma_pdc":-0.0048,"gamma_r":-0.48}