{"Date":"04.02.2013","Version":"NRELv1","Technology":"Mono-c-Si","BIPV":"N","A_c":1.663,"N_s":60.0,"T_NOCT":46.2,"I_sc_ref":9.34,"V_oc_ref":38.25,"I_mp_ref":8.88,"V_mp_ref":30.98,"alpha_sc":0.005884,"beta_oc":-0.12355,"a_ref":1.5855,"I_L_ref":9.439,"I_o_ref":3.12e-10,"R_s":0.293,"R_sh_ref":510.53,"Adjust":11.28,"PTC":248.9,"pdc0":275.0,"gamma_pdc":-0.004370000000000001,"gamma_r":-0.43700000000000006}