{"Date":"04.02.2013","Version":"NRELv1","Technology":"Mono-c-Si","BIPV":"N","A_c":1.663,"N_s":60.0,"T_NOCT":46.2,"I_sc_ref":9.44,"V_oc_ref":38.45,"I_mp_ref":8.93,"V_mp_ref":31.37,"alpha_sc":0.005947,"beta_oc":-0.12419000000000001,"a_ref":1.5969,"I_L_ref":9.442,"I_o_ref":3.29e-10,"R_s":0.264,"R_sh_ref":1609.65,"Adjust":11.72,"PTC":253.5,"pdc0":280.0,"gamma_pdc":-0.004370000000000001,"gamma_r":-0.43700000000000006}