{"Date":"06.02.2014","Version":"NRELv1","Technology":"Multi-c-Si","BIPV":"N","A_c":1.663,"N_s":60.0,"T_NOCT":43.0,"I_sc_ref":8.41,"V_oc_ref":37.12,"I_mp_ref":7.96,"V_mp_ref":30.2,"alpha_sc":0.001164,"beta_oc":-0.12357,"a_ref":1.6704,"I_L_ref":8.961,"I_o_ref":1.6600000000000003e-11,"R_s":0.405,"R_sh_ref":326.74,"Adjust":4.747,"PTC":220.2,"pdc0":240.0,"gamma_pdc":-0.0038299999999999996,"gamma_r":-0.38299999999999995}