{"Date":"06.02.2014","Version":"NRELv1","Technology":"Multi-c-Si","BIPV":"N","A_c":1.663,"N_s":60.0,"T_NOCT":43.0,"I_sc_ref":8.67,"V_oc_ref":37.92,"I_mp_ref":8.33,"V_mp_ref":31.3,"alpha_sc":0.001173,"beta_oc":-0.12412000000000001,"a_ref":1.672,"I_L_ref":9.026,"I_o_ref":1.53e-11,"R_s":0.41200000000000003,"R_sh_ref":578.01,"Adjust":3.985,"PTC":239.0,"pdc0":260.0,"gamma_pdc":-0.0038299999999999996,"gamma_r":-0.38299999999999995}