{"Technology":"Mono-c-Si","BIPV":"N","A_c":1.2770000000000001,"N_s":72.0,"T_NOCT":47.8,"PTC":157.5,"pdc0":180.0,"gamma_pdc":-0.00513088}