{"Date":"03.09.2011","Version":"MM107","Technology":"Multi-c-Si","BIPV":"N","A_c":1.61,"N_s":60.0,"T_NOCT":50.2,"I_sc_ref":8.32,"V_oc_ref":36.84,"I_mp_ref":7.83,"V_mp_ref":30.72,"alpha_sc":0.0045590000000000006,"beta_oc":-0.13351,"a_ref":1.6811,"I_L_ref":8.322000000000001,"I_o_ref":2.51e-09,"R_s":0.154,"R_sh_ref":657.34,"Adjust":18.5,"PTC":207.0,"pdc0":240.0,"gamma_pdc":-0.0052,"gamma_r":-0.52}