{"Date":"03.09.2011","Version":"MM107","Technology":"Multi-c-Si","BIPV":"N","A_c":1.61,"N_s":60.0,"T_NOCT":50.2,"I_sc_ref":8.23,"V_oc_ref":36.72,"I_mp_ref":7.68,"V_mp_ref":30.6,"alpha_sc":0.00451,"beta_oc":-0.13307,"a_ref":1.6841,"I_L_ref":8.235,"I_o_ref":2.7500000000000002e-09,"R_s":0.155,"R_sh_ref":261.54,"Adjust":19.5,"PTC":202.5,"pdc0":235.0,"gamma_pdc":-0.0052,"gamma_r":-0.52}