{"Date":"10/20/2011","Version":"NRELv1","Technology":"Multi-c-Si","BIPV":"Y","A_c":0.528,"N_s":14.0,"T_NOCT":56.1,"I_sc_ref":8.01,"V_oc_ref":8.7,"I_mp_ref":7.46,"V_mp_ref":6.7,"alpha_sc":0.004005,"beta_oc":-0.03132,"a_ref":0.3892,"I_L_ref":8.017999999999999,"I_o_ref":1.56e-09,"R_s":0.124,"R_sh_ref":131.74,"Adjust":15.31,"PTC":40.3,"pdc0":50.0,"gamma_pdc":-0.0055000000000000005,"gamma_r":-0.55}