{"Date":"10/20/2011","Version":"NRELv1","Technology":"Multi-c-Si","BIPV":"Y","A_c":0.39,"N_s":14.0,"T_NOCT":56.9,"I_sc_ref":8.22,"V_oc_ref":8.87,"I_mp_ref":7.8,"V_mp_ref":6.92,"alpha_sc":0.004932,"beta_oc":-0.03193,"a_ref":0.3959,"I_L_ref":8.396,"I_o_ref":1.55e-09,"R_s":0.10800000000000001,"R_sh_ref":83.68,"Adjust":14.72,"PTC":44.3,"pdc0":54.0,"gamma_pdc":-0.0053,"gamma_r":-0.53}