{"Date":"10/20/2011","Version":"NRELv1","Technology":"Multi-c-Si","BIPV":"Y","A_c":0.39,"N_s":14.0,"T_NOCT":58.4,"I_sc_ref":8.01,"V_oc_ref":8.66,"I_mp_ref":7.46,"V_mp_ref":6.66,"alpha_sc":0.004005,"beta_oc":-0.031180000000000003,"a_ref":0.3871,"I_L_ref":8.017000000000001,"I_o_ref":1.5299999999999999e-09,"R_s":0.125,"R_sh_ref":134.77,"Adjust":15.13,"PTC":40.0,"pdc0":50.0,"gamma_pdc":-0.0055000000000000005,"gamma_r":-0.55}