{"Date":"06.02.2011","Version":"MM107","Technology":"Multi-c-Si","BIPV":"Y","A_c":0.528,"N_s":14.0,"T_NOCT":58.5,"I_sc_ref":8.22,"V_oc_ref":8.87,"I_mp_ref":7.8,"V_mp_ref":6.92,"alpha_sc":0.004932,"beta_oc":-0.03193,"a_ref":0.3942,"I_L_ref":8.306000000000001,"I_o_ref":1.4000000000000001e-09,"R_s":0.109,"R_sh_ref":100000.0,"Adjust":13.7,"PTC":43.2,"pdc0":54.0,"gamma_pdc":-0.0053,"gamma_r":-0.53}