{"Date":"06.02.2011","Version":"MM107","Technology":"Multi-c-Si","BIPV":"Y","A_c":0.528,"N_s":14.0,"T_NOCT":56.9,"I_sc_ref":8.07,"V_oc_ref":8.7,"I_mp_ref":7.65,"V_mp_ref":6.79,"alpha_sc":0.004842,"beta_oc":-0.03132,"a_ref":0.3866,"I_L_ref":8.146,"I_o_ref":1.3800000000000002e-09,"R_s":0.10800000000000001,"R_sh_ref":100000.0,"Adjust":13.7,"PTC":42.1,"pdc0":52.0,"gamma_pdc":-0.0053,"gamma_r":-0.53}