{"Date":"03.11.2011","Version":"MM107","Technology":"Multi-c-Si","BIPV":"N","A_c":1.607,"N_s":60.0,"T_NOCT":43.0,"I_sc_ref":7.9,"V_oc_ref":37.03,"I_mp_ref":7.51,"V_mp_ref":29.95,"alpha_sc":0.00395,"beta_oc":-0.15182,"a_ref":1.7236,"I_L_ref":7.977,"I_o_ref":3.73e-09,"R_s":0.29100000000000004,"R_sh_ref":100000.0,"Adjust":8.5,"PTC":200.7,"pdc0":225.0,"gamma_pdc":-0.005600000000000001,"gamma_r":-0.56}