{"Date":"03.11.2011","Version":"MM107","Technology":"Multi-c-Si","BIPV":"N","A_c":1.607,"N_s":60.0,"T_NOCT":43.0,"I_sc_ref":7.73,"V_oc_ref":36.0,"I_mp_ref":7.49,"V_mp_ref":28.7,"alpha_sc":0.003865,"beta_oc":-0.1476,"a_ref":1.6606,"I_L_ref":7.9670000000000005,"I_o_ref":3.07e-09,"R_s":0.35,"R_sh_ref":100000.0,"Adjust":6.8,"PTC":191.5,"pdc0":215.0,"gamma_pdc":-0.005600000000000001,"gamma_r":-0.56}