{"Date":"03.11.2011","Version":"MM107","Technology":"Multi-c-Si","BIPV":"N","A_c":1.607,"N_s":60.0,"T_NOCT":43.0,"I_sc_ref":8.13,"V_oc_ref":37.3,"I_mp_ref":7.52,"V_mp_ref":30.6,"alpha_sc":0.004065,"beta_oc":-0.15292999999999998,"a_ref":1.7729,"I_L_ref":8.139,"I_o_ref":5.789999999999999e-09,"R_s":0.214,"R_sh_ref":191.22,"Adjust":12.4,"PTC":205.3,"pdc0":230.0,"gamma_pdc":-0.005600000000000001,"gamma_r":-0.56}