{"Date":"10.01.2012","Version":"NRELv1","Technology":"Mono-c-Si","BIPV":"N","A_c":1.597,"N_s":60.0,"T_NOCT":46.4,"I_sc_ref":8.51,"V_oc_ref":37.2,"I_mp_ref":7.88,"V_mp_ref":29.8,"alpha_sc":0.0035909999999999996,"beta_oc":-0.12949000000000002,"a_ref":1.5832,"I_L_ref":8.527999999999999,"I_o_ref":5.19e-10,"R_s":0.354,"R_sh_ref":166.57,"Adjust":8.704,"PTC":209.8,"pdc0":235.0,"gamma_pdc":-0.00475,"gamma_r":-0.475}