{"Date":"2/14/2011","Version":"MM107","Technology":"Mono-c-Si","BIPV":"N","A_c":1.2770000000000001,"N_s":72.0,"T_NOCT":46.8,"I_sc_ref":5.39,"V_oc_ref":44.5,"I_mp_ref":5.0,"V_mp_ref":37.0,"alpha_sc":0.003326,"beta_oc":-0.15005,"a_ref":1.9469,"I_L_ref":5.396,"I_o_ref":6.22e-10,"R_s":0.344,"R_sh_ref":306.09,"Adjust":17.8,"PTC":165.1,"pdc0":185.0,"gamma_pdc":-0.0046500000000000005,"gamma_r":-0.465}