{"Date":"2/14/2011","Version":"MM107","Technology":"Mono-c-Si","BIPV":"N","A_c":1.2770000000000001,"N_s":72.0,"T_NOCT":46.8,"I_sc_ref":5.48,"V_oc_ref":44.7,"I_mp_ref":5.09,"V_mp_ref":37.3,"alpha_sc":0.0033810000000000003,"beta_oc":-0.15073,"a_ref":1.9583,"I_L_ref":5.485,"I_o_ref":6.53e-10,"R_s":0.309,"R_sh_ref":317.33,"Adjust":18.1,"PTC":169.7,"pdc0":190.0,"gamma_pdc":-0.0046500000000000005,"gamma_r":-0.465}