{"Date":"2/14/2011","Version":"MM107","Technology":"Multi-c-Si","BIPV":"N","A_c":1.6369999999999998,"N_s":60.0,"T_NOCT":46.3,"I_sc_ref":8.49,"V_oc_ref":36.3,"I_mp_ref":7.65,"V_mp_ref":29.4,"alpha_sc":0.004975,"beta_oc":-0.11840999999999999,"a_ref":1.5775,"I_L_ref":8.526,"I_o_ref":8.13e-10,"R_s":0.295,"R_sh_ref":69.74,"Adjust":20.1,"PTC":201.3,"pdc0":225.0,"gamma_pdc":-0.00461,"gamma_r":-0.461}