{"Date":"2/14/2011","Version":"MM107","Technology":"Multi-c-Si","BIPV":"N","A_c":1.6369999999999998,"N_s":60.0,"T_NOCT":46.3,"I_sc_ref":8.38,"V_oc_ref":36.2,"I_mp_ref":7.54,"V_mp_ref":29.2,"alpha_sc":0.004911,"beta_oc":-0.11807999999999999,"a_ref":1.5704,"I_L_ref":8.419,"I_o_ref":7.7e-10,"R_s":0.317,"R_sh_ref":68.69,"Adjust":19.7,"PTC":196.7,"pdc0":220.0,"gamma_pdc":-0.00461,"gamma_r":-0.461}