{"Date":"2/14/2011","Version":"MM107","Technology":"Multi-c-Si","BIPV":"N","A_c":1.94,"N_s":72.0,"T_NOCT":46.3,"I_sc_ref":8.34,"V_oc_ref":43.65,"I_mp_ref":7.32,"V_mp_ref":34.8,"alpha_sc":0.004887,"beta_oc":-0.14239000000000002,"a_ref":1.9107,"I_L_ref":8.406,"I_o_ref":9.139999999999999e-10,"R_s":0.446,"R_sh_ref":56.26,"Adjust":21.5,"PTC":227.9,"pdc0":255.0,"gamma_pdc":-0.00461,"gamma_r":-0.461}