{"Date":"2/14/2011","Version":"MM107","Technology":"Mono-c-Si","BIPV":"N","A_c":1.94,"N_s":72.0,"T_NOCT":46.2,"I_sc_ref":8.35,"V_oc_ref":43.8,"I_mp_ref":7.43,"V_mp_ref":35.0,"alpha_sc":0.0031309999999999997,"beta_oc":-0.15093,"a_ref":1.8846,"I_L_ref":8.404,"I_o_ref":6.26e-10,"R_s":0.441,"R_sh_ref":68.34,"Adjust":11.7,"PTC":232.2,"pdc0":260.0,"gamma_pdc":-0.0046700000000000005,"gamma_r":-0.467}