{"Date":"2/14/2011","Version":"MM107","Technology":"Mono-c-Si","BIPV":"N","A_c":1.94,"N_s":72.0,"T_NOCT":46.2,"I_sc_ref":8.42,"V_oc_ref":43.9,"I_mp_ref":7.63,"V_mp_ref":35.4,"alpha_sc":0.0031579999999999998,"beta_oc":-0.15128,"a_ref":1.8778,"I_L_ref":8.454,"I_o_ref":5.62e-10,"R_s":0.39,"R_sh_ref":95.42,"Adjust":10.6,"PTC":241.4,"pdc0":270.0,"gamma_pdc":-0.0046700000000000005,"gamma_r":-0.467}