{"Date":"2/14/2011","Version":"MM107","Technology":"Mono-c-Si","BIPV":"N","A_c":1.94,"N_s":72.0,"T_NOCT":46.2,"I_sc_ref":8.7,"V_oc_ref":44.1,"I_mp_ref":8.02,"V_mp_ref":36.2,"alpha_sc":0.0032630000000000003,"beta_oc":-0.15197,"a_ref":1.8863,"I_L_ref":8.717,"I_o_ref":5.91e-10,"R_s":0.287,"R_sh_ref":146.0,"Adjust":10.7,"PTC":259.8,"pdc0":290.0,"gamma_pdc":-0.0046700000000000005,"gamma_r":-0.467}