{"Date":"9/23/2011","Version":"MM107","Technology":"CIGS","BIPV":"Y","A_c":0.127,"N_s":5.0,"T_NOCT":62.2,"I_sc_ref":6.3,"V_oc_ref":3.0,"I_mp_ref":5.2,"V_mp_ref":2.0,"alpha_sc":9.499999999999999e-05,"beta_oc":-0.011170000000000001,"a_ref":0.126,"I_L_ref":6.5889999999999995,"I_o_ref":2.52e-10,"R_s":0.132,"R_sh_ref":2.87,"Adjust":-1.3,"PTC":8.4,"pdc0":11.0,"gamma_pdc":-0.0055000000000000005,"gamma_r":-0.55}