{"Date":"9/23/2011","Version":"MM107","Technology":"CIGS","BIPV":"Y","A_c":0.127,"N_s":5.0,"T_NOCT":62.2,"I_sc_ref":6.3,"V_oc_ref":2.8,"I_mp_ref":4.9,"V_mp_ref":1.8,"alpha_sc":9.499999999999999e-05,"beta_oc":-0.01042,"a_ref":0.1188,"I_L_ref":6.837000000000001,"I_o_ref":3.02e-10,"R_s":0.146,"R_sh_ref":1.71,"Adjust":0.1,"PTC":6.8,"pdc0":9.0,"gamma_pdc":-0.0055000000000000005,"gamma_r":-0.55}