{"Date":"9/23/2011","Version":"MM107","Technology":"CIGS","BIPV":"Y","A_c":0.127,"N_s":5.0,"T_NOCT":62.2,"I_sc_ref":6.3,"V_oc_ref":3.0,"I_mp_ref":5.1,"V_mp_ref":1.9,"alpha_sc":9.499999999999999e-05,"beta_oc":-0.011170000000000001,"a_ref":0.1226,"I_L_ref":6.695,"I_o_ref":1.31e-10,"R_s":0.159,"R_sh_ref":2.54,"Adjust":-6.4,"PTC":7.6,"pdc0":10.0,"gamma_pdc":-0.0055000000000000005,"gamma_r":-0.55}