{"Date":"10/19/2009","Version":"MM106","Technology":"Mono-c-Si","BIPV":"N","A_c":1.301,"N_s":72.0,"T_NOCT":46.0,"I_sc_ref":5.45,"V_oc_ref":45.0,"I_mp_ref":4.87,"V_mp_ref":36.0,"alpha_sc":0.002124,"beta_oc":-0.1642,"a_ref":2.0069999999999997,"I_L_ref":5.48,"I_o_ref":9.33e-10,"R_s":0.653,"R_sh_ref":119.12,"Adjust":12.7,"PTC":155.2,"pdc0":175.0,"gamma_pdc":-0.00501,"gamma_r":-0.501}