{"Date":"04.01.2010","Version":"MM107","Technology":"Mono-c-Si","BIPV":"N","A_c":0.655,"N_s":36.0,"T_NOCT":46.6,"I_sc_ref":5.6,"V_oc_ref":22.0,"I_mp_ref":5.0,"V_mp_ref":18.0,"alpha_sc":0.0021,"beta_oc":-0.09283999999999999,"a_ref":1.0499,"I_L_ref":5.619,"I_o_ref":4.15e-09,"R_s":0.192,"R_sh_ref":57.67,"Adjust":9.8,"PTC":78.5,"pdc0":90.0,"gamma_pdc":-0.0055000000000000005,"gamma_r":-0.55}