{"Date":"08.03.2011","Version":"MM107","Technology":"Mono-c-Si","BIPV":"N","A_c":0.664,"N_s":36.0,"T_NOCT":46.1,"I_sc_ref":5.49,"V_oc_ref":22.39,"I_mp_ref":5.16,"V_mp_ref":18.4,"alpha_sc":0.002031,"beta_oc":-0.09323,"a_ref":1.0425,"I_L_ref":5.4910000000000005,"I_o_ref":2.57e-09,"R_s":0.192,"R_sh_ref":823.65,"Adjust":7.0,"PTC":83.1,"pdc0":95.0,"gamma_pdc":-0.005600000000000001,"gamma_r":-0.56}