{"Date":"08.03.2011","Version":"MM107","Technology":"Mono-c-Si","BIPV":"N","A_c":0.664,"N_s":36.0,"T_NOCT":46.1,"I_sc_ref":5.08,"V_oc_ref":22.0,"I_mp_ref":4.81,"V_mp_ref":17.66,"alpha_sc":0.0018800000000000002,"beta_oc":-0.09161,"a_ref":1.0084,"I_L_ref":5.11,"I_o_ref":1.71e-09,"R_s":0.308,"R_sh_ref":100000.0,"Adjust":4.1,"PTC":74.1,"pdc0":85.0,"gamma_pdc":-0.005600000000000001,"gamma_r":-0.56}