{"Date":"04.02.2013","Version":"NRELv1","Technology":"Mono-c-Si","BIPV":"N","A_c":1.663,"N_s":60.0,"T_NOCT":45.1,"I_sc_ref":8.9,"V_oc_ref":37.9,"I_mp_ref":8.45,"V_mp_ref":30.8,"alpha_sc":0.001727,"beta_oc":-0.13682,"a_ref":1.6225,"I_L_ref":8.994,"I_o_ref":6.400000000000001e-10,"R_s":0.27899999999999997,"R_sh_ref":509.18,"Adjust":6.331,"PTC":232.6,"pdc0":260.0,"gamma_pdc":-0.00502,"gamma_r":-0.502}