{"Date":"04.02.2013","Version":"NRELv1","Technology":"Mono-c-Si","BIPV":"N","A_c":1.663,"N_s":60.0,"T_NOCT":45.1,"I_sc_ref":8.83,"V_oc_ref":37.7,"I_mp_ref":8.31,"V_mp_ref":30.1,"alpha_sc":0.001713,"beta_oc":-0.1361,"a_ref":1.5964,"I_L_ref":8.833,"I_o_ref":4.880000000000001e-10,"R_s":0.359,"R_sh_ref":919.92,"Adjust":4.175,"PTC":223.4,"pdc0":250.0,"gamma_pdc":-0.00502,"gamma_r":-0.502}