{"Date":"9/18/2013","Version":"NRELv1","Technology":"Multi-c-Si","BIPV":"N","A_c":1.663,"N_s":60.0,"T_NOCT":44.1,"I_sc_ref":8.35,"V_oc_ref":37.0,"I_mp_ref":7.84,"V_mp_ref":30.1,"alpha_sc":0.002029,"beta_oc":-0.1369,"a_ref":1.6278,"I_L_ref":8.354,"I_o_ref":1.11e-09,"R_s":0.27699999999999997,"R_sh_ref":534.24,"Adjust":9.07,"PTC":209.9,"pdc0":235.0,"gamma_pdc":-0.00523,"gamma_r":-0.523}