{"Date":"04.02.2013","Version":"NRELv1","Technology":"Mono-c-Si","BIPV":"N","A_c":1.663,"N_s":60.0,"T_NOCT":45.1,"I_sc_ref":8.79,"V_oc_ref":37.6,"I_mp_ref":8.24,"V_mp_ref":29.8,"alpha_sc":0.0017050000000000001,"beta_oc":-0.13574,"a_ref":1.5889,"I_L_ref":8.797,"I_o_ref":4.6e-10,"R_s":0.391,"R_sh_ref":487.97,"Adjust":3.742,"PTC":218.8,"pdc0":245.0,"gamma_pdc":-0.00502,"gamma_r":-0.502}