{"Date":"9/19/2013","Version":"NRELv1","Technology":"Multi-c-Si","BIPV":"N","A_c":1.663,"N_s":60.0,"T_NOCT":44.1,"I_sc_ref":8.44,"V_oc_ref":37.2,"I_mp_ref":7.93,"V_mp_ref":30.3,"alpha_sc":0.0020510000000000003,"beta_oc":-0.13764,"a_ref":1.6372,"I_L_ref":8.443999999999999,"I_o_ref":1.14e-09,"R_s":0.27,"R_sh_ref":582.91,"Adjust":9.138,"PTC":214.5,"pdc0":240.0,"gamma_pdc":-0.00523,"gamma_r":-0.523}