{"Date":"5/22/2012","Version":"NRELv1","Technology":"Multi-c-Si","BIPV":"N","A_c":1.6769999999999998,"N_s":60.0,"T_NOCT":47.4,"I_sc_ref":8.09,"V_oc_ref":36.5,"I_mp_ref":7.55,"V_mp_ref":29.2,"alpha_sc":0.0031550000000000003,"beta_oc":-0.11644000000000002,"a_ref":1.4841,"I_L_ref":8.103,"I_o_ref":1.66e-10,"R_s":0.389,"R_sh_ref":242.65,"Adjust":8.722000000000001,"PTC":196.4,"pdc0":220.0,"gamma_pdc":-0.00442,"gamma_r":-0.442}