{"Date":"11.10.2009","Version":"MM106","Technology":"Mono-c-Si","BIPV":"N","A_c":1.278,"N_s":72.0,"T_NOCT":42.4,"I_sc_ref":5.4,"V_oc_ref":44.5,"I_mp_ref":4.99,"V_mp_ref":36.1,"alpha_sc":0.004806,"beta_oc":-0.16643,"a_ref":2.0031,"I_L_ref":5.409,"I_o_ref":1.18e-09,"R_s":0.522,"R_sh_ref":303.7,"Adjust":11.5,"PTC":164.0,"pdc0":180.0,"gamma_pdc":-0.00476,"gamma_r":-0.47600000000000003}