{"Date":"10/20/2011","Version":"NRELv1","Technology":"Mono-c-Si","BIPV":"N","A_c":1.2770000000000001,"N_s":72.0,"T_NOCT":47.8,"I_sc_ref":5.76,"V_oc_ref":43.2,"I_mp_ref":5.14,"V_mp_ref":36.0,"alpha_sc":0.00288,"beta_oc":-0.15984,"a_ref":2.0181,"I_L_ref":5.773,"I_o_ref":2.7100000000000004e-09,"R_s":0.24,"R_sh_ref":105.2,"Adjust":20.76,"PTC":162.2,"pdc0":185.0,"gamma_pdc":-0.0051,"gamma_r":-0.51}