{"Date":"10/20/2011","Version":"NRELv1","Technology":"Mono-c-Si","BIPV":"N","A_c":1.2770000000000001,"N_s":72.0,"T_NOCT":47.8,"I_sc_ref":5.6,"V_oc_ref":43.2,"I_mp_ref":5.0,"V_mp_ref":36.0,"alpha_sc":0.0028,"beta_oc":-0.15984,"a_ref":2.0173,"I_L_ref":5.6129999999999995,"I_o_ref":2.6100000000000003e-09,"R_s":0.248,"R_sh_ref":109.2,"Adjust":20.68,"PTC":157.7,"pdc0":180.0,"gamma_pdc":-0.0051,"gamma_r":-0.51}