{"Date":"10/20/2011","Version":"NRELv1","Technology":"Multi-c-Si","BIPV":"N","A_c":1.6369999999999998,"N_s":60.0,"T_NOCT":48.1,"I_sc_ref":8.59,"V_oc_ref":36.0,"I_mp_ref":7.67,"V_mp_ref":30.0,"alpha_sc":0.004295,"beta_oc":-0.1296,"a_ref":1.6938,"I_L_ref":8.609,"I_o_ref":4.7100000000000005e-09,"R_s":0.131,"R_sh_ref":59.72,"Adjust":25.72,"PTC":200.5,"pdc0":230.0,"gamma_pdc":-0.0052,"gamma_r":-0.52}