{"Date":"10/20/2011","Version":"NRELv1","Technology":"Multi-c-Si","BIPV":"N","A_c":1.9409999999999998,"N_s":72.0,"T_NOCT":47.8,"I_sc_ref":8.41,"V_oc_ref":43.2,"I_mp_ref":7.78,"V_mp_ref":36.0,"alpha_sc":0.0033640000000000002,"beta_oc":-0.16416,"a_ref":2.0289,"I_L_ref":8.417,"I_o_ref":4.64e-09,"R_s":0.165,"R_sh_ref":193.22,"Adjust":19.08,"PTC":242.8,"pdc0":280.0,"gamma_pdc":-0.0055000000000000005,"gamma_r":-0.55}