{"Date":"07.07.2011","Version":"MM107","Technology":"Mono-c-Si","BIPV":"N","A_c":1.942,"N_s":72.0,"T_NOCT":46.6,"I_sc_ref":8.32,"V_oc_ref":44.6,"I_mp_ref":7.78,"V_mp_ref":36.0,"alpha_sc":0.0041600000000000005,"beta_oc":-0.15164,"a_ref":1.9159,"I_L_ref":8.328,"I_o_ref":6.38e-10,"R_s":0.389,"R_sh_ref":384.99,"Adjust":13.1,"PTC":249.2,"pdc0":280.0,"gamma_pdc":-0.0048,"gamma_r":-0.48}