{"Date":"3/15/2011","Version":"MM107","Technology":"Mono-c-Si","BIPV":"N","A_c":1.2770000000000001,"N_s":72.0,"T_NOCT":47.2,"I_sc_ref":4.93,"V_oc_ref":43.6,"I_mp_ref":4.38,"V_mp_ref":35.4,"alpha_sc":0.0026920000000000004,"beta_oc":-0.14693,"a_ref":1.9433,"I_L_ref":4.955,"I_o_ref":8.24e-10,"R_s":0.5670000000000001,"R_sh_ref":113.74,"Adjust":21.7,"PTC":137.7,"pdc0":155.0,"gamma_pdc":-0.00457,"gamma_r":-0.457}