{"Date":"07.07.2011","Version":"MM107","Technology":"Mono-c-Si","BIPV":"N","A_c":1.2770000000000001,"N_s":72.0,"T_NOCT":45.7,"I_sc_ref":5.42,"V_oc_ref":45.0,"I_mp_ref":5.2,"V_mp_ref":36.6,"alpha_sc":0.002168,"beta_oc":-0.14400000000000002,"a_ref":1.8485,"I_L_ref":5.486000000000001,"I_o_ref":1.4699999999999998e-10,"R_s":0.565,"R_sh_ref":100000.0,"Adjust":10.5,"PTC":171.3,"pdc0":190.0,"gamma_pdc":-0.0045000000000000005,"gamma_r":-0.45}