{"Date":"07.07.2011","Version":"MM107","Technology":"Mono-c-Si","BIPV":"N","A_c":1.002,"N_s":36.0,"T_NOCT":46.6,"I_sc_ref":7.96,"V_oc_ref":22.1,"I_mp_ref":7.31,"V_mp_ref":17.8,"alpha_sc":0.00398,"beta_oc":-0.07514,"a_ref":0.9589,"I_L_ref":7.982,"I_o_ref":7.530000000000001e-10,"R_s":0.20600000000000002,"R_sh_ref":76.01,"Adjust":15.1,"PTC":115.4,"pdc0":130.0,"gamma_pdc":-0.0048,"gamma_r":-0.48}