{"Date":"3/15/2011","Version":"MM107","Technology":"Mono-c-Si","BIPV":"N","A_c":1.2770000000000001,"N_s":72.0,"T_NOCT":47.2,"I_sc_ref":5.07,"V_oc_ref":44.0,"I_mp_ref":4.61,"V_mp_ref":35.8,"alpha_sc":0.002768,"beta_oc":-0.14828,"a_ref":1.8969,"I_L_ref":5.087,"I_o_ref":4.07e-10,"R_s":0.564,"R_sh_ref":171.12,"Adjust":14.6,"PTC":146.8,"pdc0":165.0,"gamma_pdc":-0.00457,"gamma_r":-0.457}