{"Date":"07.07.2011","Version":"MM107","Technology":"Mono-c-Si","BIPV":"N","A_c":1.002,"N_s":36.0,"T_NOCT":46.6,"I_sc_ref":8.14,"V_oc_ref":22.2,"I_mp_ref":7.55,"V_mp_ref":17.9,"alpha_sc":0.004070000000000001,"beta_oc":-0.07547999999999999,"a_ref":0.958,"I_L_ref":8.154,"I_o_ref":6.859999999999999e-10,"R_s":0.2,"R_sh_ref":113.15,"Adjust":14.0,"PTC":119.9,"pdc0":135.0,"gamma_pdc":-0.0048,"gamma_r":-0.48}