{"Date":"3/15/2011","Version":"MM107","Technology":"Mono-c-Si","BIPV":"N","A_c":1.2770000000000001,"N_s":72.0,"T_NOCT":47.2,"I_sc_ref":4.86,"V_oc_ref":43.4,"I_mp_ref":4.26,"V_mp_ref":35.2,"alpha_sc":0.002654,"beta_oc":-0.14626,"a_ref":1.9136,"I_L_ref":4.891,"I_o_ref":6.26e-10,"R_s":0.595,"R_sh_ref":93.96,"Adjust":19.2,"PTC":133.2,"pdc0":150.0,"gamma_pdc":-0.00457,"gamma_r":-0.457}