{"Date":"07.07.2011","Version":"MM107","Technology":"Mono-c-Si","BIPV":"N","A_c":1.2770000000000001,"N_s":72.0,"T_NOCT":45.7,"I_sc_ref":5.35,"V_oc_ref":44.8,"I_mp_ref":5.09,"V_mp_ref":36.4,"alpha_sc":0.00214,"beta_oc":-0.14336,"a_ref":1.8394,"I_L_ref":5.37,"I_o_ref":1.42e-10,"R_s":0.583,"R_sh_ref":100000.0,"Adjust":10.4,"PTC":166.7,"pdc0":185.0,"gamma_pdc":-0.0045000000000000005,"gamma_r":-0.45}