{"Date":"07.07.2011","Version":"MM107","Technology":"Mono-c-Si","BIPV":"N","A_c":1.002,"N_s":36.0,"T_NOCT":46.6,"I_sc_ref":8.32,"V_oc_ref":22.3,"I_mp_ref":7.78,"V_mp_ref":18.0,"alpha_sc":0.0041600000000000005,"beta_oc":-0.07582,"a_ref":0.958,"I_L_ref":8.328,"I_o_ref":6.38e-10,"R_s":0.19399999999999998,"R_sh_ref":192.5,"Adjust":13.1,"PTC":124.5,"pdc0":140.0,"gamma_pdc":-0.0048,"gamma_r":-0.48}