{"Date":"07.07.2011","Version":"MM107","Technology":"Mono-c-Si","BIPV":"N","A_c":0.657,"N_s":36.0,"T_NOCT":45.7,"I_sc_ref":5.28,"V_oc_ref":22.3,"I_mp_ref":4.98,"V_mp_ref":18.1,"alpha_sc":0.002112,"beta_oc":-0.07136,"a_ref":0.9179,"I_L_ref":5.282,"I_o_ref":1.48e-10,"R_s":0.299,"R_sh_ref":688.61,"Adjust":10.9,"PTC":81.0,"pdc0":90.0,"gamma_pdc":-0.0045000000000000005,"gamma_r":-0.45}