{"Date":"07.07.2011","Version":"MM107","Technology":"Mono-c-Si","BIPV":"N","A_c":1.002,"N_s":36.0,"T_NOCT":46.6,"I_sc_ref":8.5,"V_oc_ref":22.4,"I_mp_ref":8.01,"V_mp_ref":18.1,"alpha_sc":0.00425,"beta_oc":-0.07616,"a_ref":0.9589,"I_L_ref":8.503,"I_o_ref":6.06e-10,"R_s":0.18899999999999997,"R_sh_ref":630.49,"Adjust":12.4,"PTC":129.1,"pdc0":145.0,"gamma_pdc":-0.0048,"gamma_r":-0.48}