{"Date":"07.07.2011","Version":"MM107","Technology":"Multi-c-Si","BIPV":"N","A_c":1.002,"N_s":36.0,"T_NOCT":46.4,"I_sc_ref":7.89,"V_oc_ref":21.7,"I_mp_ref":7.27,"V_mp_ref":17.2,"alpha_sc":0.003945000000000001,"beta_oc":-0.06727000000000001,"a_ref":0.899,"I_L_ref":7.914,"I_o_ref":2.52e-10,"R_s":0.259,"R_sh_ref":83.49,"Adjust":15.7,"PTC":111.8,"pdc0":125.0,"gamma_pdc":-0.0045000000000000005,"gamma_r":-0.45}