{"Date":"07.07.2011","Version":"MM107","Technology":"Multi-c-Si","BIPV":"N","A_c":1.002,"N_s":36.0,"T_NOCT":46.4,"I_sc_ref":8.43,"V_oc_ref":22.0,"I_mp_ref":8.0,"V_mp_ref":17.5,"alpha_sc":0.004215,"beta_oc":-0.0682,"a_ref":0.9002,"I_L_ref":8.461,"I_o_ref":2.06e-10,"R_s":0.235,"R_sh_ref":100000.0,"Adjust":13.1,"PTC":125.6,"pdc0":140.0,"gamma_pdc":-0.0045000000000000005,"gamma_r":-0.45}