{"Date":"3/16/2011","Version":"MM107","Technology":"Multi-c-Si","BIPV":"N","A_c":1.942,"N_s":72.0,"T_NOCT":46.3,"I_sc_ref":8.43,"V_oc_ref":44.0,"I_mp_ref":8.0,"V_mp_ref":35.0,"alpha_sc":0.005901,"beta_oc":-0.1496,"a_ref":1.8605,"I_L_ref":8.475,"I_o_ref":4.5400000000000003e-10,"R_s":0.455,"R_sh_ref":100000.0,"Adjust":9.6,"PTC":250.9,"pdc0":280.0,"gamma_pdc":-0.0046,"gamma_r":-0.46}