{"Date":"07.07.2011","Version":"MM107","Technology":"Multi-c-Si","BIPV":"N","A_c":0.657,"N_s":36.0,"T_NOCT":45.5,"I_sc_ref":5.24,"V_oc_ref":21.9,"I_mp_ref":4.83,"V_mp_ref":17.6,"alpha_sc":0.00262,"beta_oc":-0.0657,"a_ref":0.9125,"I_L_ref":5.254,"I_o_ref":1.9199999999999998e-10,"R_s":0.335,"R_sh_ref":123.28,"Adjust":20.9,"PTC":76.5,"pdc0":85.0,"gamma_pdc":-0.0045000000000000005,"gamma_r":-0.45}