{"Date":"3/16/2011","Version":"MM107","Technology":"Multi-c-Si","BIPV":"N","A_c":1.942,"N_s":72.0,"T_NOCT":46.3,"I_sc_ref":7.89,"V_oc_ref":43.4,"I_mp_ref":7.27,"V_mp_ref":34.4,"alpha_sc":0.005522999999999999,"beta_oc":-0.14756,"a_ref":1.8577,"I_L_ref":7.912000000000001,"I_o_ref":5.48e-10,"R_s":0.501,"R_sh_ref":178.16,"Adjust":12.0,"PTC":223.3,"pdc0":250.0,"gamma_pdc":-0.0046,"gamma_r":-0.46}