{"Date":"07.07.2011","Version":"MM107","Technology":"Multi-c-Si","BIPV":"N","A_c":1.629,"N_s":60.0,"T_NOCT":46.4,"I_sc_ref":8.47,"V_oc_ref":36.7,"I_mp_ref":8.05,"V_mp_ref":29.2,"alpha_sc":0.004235,"beta_oc":-0.11377000000000001,"a_ref":1.5017,"I_L_ref":8.514,"I_o_ref":2.07e-10,"R_s":0.389,"R_sh_ref":100000.0,"Adjust":13.1,"PTC":211.0,"pdc0":235.0,"gamma_pdc":-0.0045000000000000005,"gamma_r":-0.45}