{"Date":"3/15/2011","Version":"MM107","Technology":"Multi-c-Si","BIPV":"N","A_c":1.629,"N_s":60.0,"T_NOCT":46.3,"I_sc_ref":7.92,"V_oc_ref":36.2,"I_mp_ref":7.32,"V_mp_ref":28.7,"alpha_sc":0.0055439999999999994,"beta_oc":-0.12308,"a_ref":1.5471,"I_L_ref":7.939,"I_o_ref":5.32e-10,"R_s":0.415,"R_sh_ref":169.56,"Adjust":11.7,"PTC":187.6,"pdc0":210.0,"gamma_pdc":-0.0046,"gamma_r":-0.46}