{"Date":"07.07.2011","Version":"MM107","Technology":"Multi-c-Si","BIPV":"N","A_c":1.002,"N_s":36.0,"T_NOCT":46.4,"I_sc_ref":8.59,"V_oc_ref":22.1,"I_mp_ref":8.24,"V_mp_ref":17.6,"alpha_sc":0.004295,"beta_oc":-0.06851,"a_ref":0.9043,"I_L_ref":8.714,"I_o_ref":2.12e-10,"R_s":0.22699999999999998,"R_sh_ref":100000.0,"Adjust":13.1,"PTC":130.2,"pdc0":145.0,"gamma_pdc":-0.0045000000000000005,"gamma_r":-0.45}