{"Date":"3/16/2011","Version":"MM107","Technology":"Multi-c-Si","BIPV":"N","A_c":1.942,"N_s":72.0,"T_NOCT":46.3,"I_sc_ref":7.5,"V_oc_ref":43.0,"I_mp_ref":6.77,"V_mp_ref":34.0,"alpha_sc":0.00525,"beta_oc":-0.1462,"a_ref":1.861,"I_L_ref":7.54,"I_o_ref":6.569999999999999e-10,"R_s":0.536,"R_sh_ref":100.73,"Adjust":14.2,"PTC":205.1,"pdc0":230.0,"gamma_pdc":-0.0046,"gamma_r":-0.46}