{"Date":"07.07.2011","Version":"MM107","Technology":"Multi-c-Si","BIPV":"N","A_c":1.2770000000000001,"N_s":72.0,"T_NOCT":45.5,"I_sc_ref":5.52,"V_oc_ref":44.6,"I_mp_ref":5.28,"V_mp_ref":36.0,"alpha_sc":0.0027600000000000003,"beta_oc":-0.1338,"a_ref":1.8345,"I_L_ref":5.5760000000000005,"I_o_ref":1.54e-10,"R_s":0.608,"R_sh_ref":100000.0,"Adjust":18.1,"PTC":171.5,"pdc0":190.0,"gamma_pdc":-0.0045000000000000005,"gamma_r":-0.45}