{"Date":"07.07.2011","Version":"MM107","Technology":"Multi-c-Si","BIPV":"N","A_c":1.47,"N_s":54.0,"T_NOCT":46.4,"I_sc_ref":8.42,"V_oc_ref":33.0,"I_mp_ref":7.99,"V_mp_ref":26.3,"alpha_sc":0.00421,"beta_oc":-0.1023,"a_ref":1.3515,"I_L_ref":8.449,"I_o_ref":2.1000000000000002e-10,"R_s":0.34600000000000003,"R_sh_ref":100000.0,"Adjust":13.3,"PTC":188.5,"pdc0":210.0,"gamma_pdc":-0.0045000000000000005,"gamma_r":-0.45}