{"Date":"07.07.2011","Version":"MM107","Technology":"Multi-c-Si","BIPV":"N","A_c":1.47,"N_s":54.0,"T_NOCT":46.4,"I_sc_ref":8.31,"V_oc_ref":32.9,"I_mp_ref":7.83,"V_mp_ref":26.2,"alpha_sc":0.004155,"beta_oc":-0.10199,"a_ref":1.35,"I_L_ref":8.312999999999999,"I_o_ref":2.16e-10,"R_s":0.353,"R_sh_ref":854.25,"Adjust":13.7,"PTC":183.9,"pdc0":205.0,"gamma_pdc":-0.0045000000000000005,"gamma_r":-0.45}