{"Date":"07.07.2011","Version":"MM107","Technology":"Multi-c-Si","BIPV":"N","A_c":1.47,"N_s":54.0,"T_NOCT":46.4,"I_sc_ref":8.66,"V_oc_ref":33.2,"I_mp_ref":8.3,"V_mp_ref":26.5,"alpha_sc":0.00433,"beta_oc":-0.10292000000000001,"a_ref":1.3603,"I_L_ref":8.775,"I_o_ref":2.21e-10,"R_s":0.32899999999999996,"R_sh_ref":100000.0,"Adjust":13.4,"PTC":197.7,"pdc0":220.0,"gamma_pdc":-0.0045000000000000005,"gamma_r":-0.45}