{"Date":"3/16/2011","Version":"MM107","Technology":"Multi-c-Si","BIPV":"N","A_c":1.942,"N_s":72.0,"T_NOCT":46.3,"I_sc_ref":7.98,"V_oc_ref":43.5,"I_mp_ref":7.39,"V_mp_ref":34.5,"alpha_sc":0.005586,"beta_oc":-0.1479,"a_ref":1.8572,"I_L_ref":7.997999999999999,"I_o_ref":5.249999999999999e-10,"R_s":0.493,"R_sh_ref":222.83,"Adjust":11.5,"PTC":227.9,"pdc0":255.0,"gamma_pdc":-0.0046,"gamma_r":-0.46}