{"Date":"07.07.2011","Version":"MM107","Technology":"Multi-c-Si","BIPV":"N","A_c":1.629,"N_s":60.0,"T_NOCT":46.4,"I_sc_ref":8.68,"V_oc_ref":36.9,"I_mp_ref":8.34,"V_mp_ref":29.4,"alpha_sc":0.00434,"beta_oc":-0.11439,"a_ref":1.5105,"I_L_ref":8.818999999999999,"I_o_ref":2.17e-10,"R_s":0.37200000000000005,"R_sh_ref":100000.0,"Adjust":13.2,"PTC":220.2,"pdc0":245.0,"gamma_pdc":-0.0045000000000000005,"gamma_r":-0.45}