{"Date":"3/16/2011","Version":"MM107","Technology":"Multi-c-Si","BIPV":"N","A_c":1.942,"N_s":72.0,"T_NOCT":46.3,"I_sc_ref":7.7,"V_oc_ref":43.2,"I_mp_ref":7.02,"V_mp_ref":34.2,"alpha_sc":0.00539,"beta_oc":-0.14687999999999998,"a_ref":1.8594,"I_L_ref":7.732,"I_o_ref":6.01e-10,"R_s":0.518,"R_sh_ref":126.46,"Adjust":13.1,"PTC":214.2,"pdc0":240.0,"gamma_pdc":-0.0046,"gamma_r":-0.46}