{"Date":"3/15/2011","Version":"MM107","Technology":"Multi-c-Si","BIPV":"N","A_c":1.629,"N_s":60.0,"T_NOCT":46.3,"I_sc_ref":8.26,"V_oc_ref":36.5,"I_mp_ref":7.76,"V_mp_ref":29.0,"alpha_sc":0.005782,"beta_oc":-0.1241,"a_ref":1.5466,"I_L_ref":8.264,"I_o_ref":4.6199999999999996e-10,"R_s":0.392,"R_sh_ref":724.01,"Adjust":10.0,"PTC":201.4,"pdc0":225.0,"gamma_pdc":-0.0046,"gamma_r":-0.46}