{"Date":"07.07.2011","Version":"MM107","Technology":"Multi-c-Si","BIPV":"N","A_c":1.002,"N_s":36.0,"T_NOCT":46.4,"I_sc_ref":8.07,"V_oc_ref":21.8,"I_mp_ref":7.52,"V_mp_ref":17.3,"alpha_sc":0.004035,"beta_oc":-0.06758,"a_ref":0.898,"I_L_ref":8.084,"I_o_ref":2.2800000000000001e-10,"R_s":0.251,"R_sh_ref":145.38,"Adjust":14.5,"PTC":116.4,"pdc0":130.0,"gamma_pdc":-0.0045000000000000005,"gamma_r":-0.45}