{"Date":"3/16/2011","Version":"MM107","Technology":"Multi-c-Si","BIPV":"N","A_c":1.942,"N_s":72.0,"T_NOCT":46.3,"I_sc_ref":8.26,"V_oc_ref":43.8,"I_mp_ref":7.76,"V_mp_ref":34.8,"alpha_sc":0.005782,"beta_oc":-0.14892,"a_ref":1.8559,"I_L_ref":8.264,"I_o_ref":4.6199999999999996e-10,"R_s":0.47100000000000003,"R_sh_ref":868.81,"Adjust":10.0,"PTC":241.7,"pdc0":270.0,"gamma_pdc":-0.0046,"gamma_r":-0.46}