{"Date":"3/16/2011","Version":"MM107","Technology":"Multi-c-Si","BIPV":"N","A_c":1.629,"N_s":60.0,"T_NOCT":46.3,"I_sc_ref":8.73,"V_oc_ref":36.6,"I_mp_ref":7.91,"V_mp_ref":29.1,"alpha_sc":0.006111,"beta_oc":-0.12444000000000001,"a_ref":1.5853,"I_L_ref":8.77,"I_o_ref":7.820000000000001e-10,"R_s":0.368,"R_sh_ref":79.75,"Adjust":14.4,"PTC":206.0,"pdc0":230.0,"gamma_pdc":-0.0046,"gamma_r":-0.46}