{"Date":"07.07.2011","Version":"MM107","Technology":"Multi-c-Si","BIPV":"N","A_c":1.002,"N_s":36.0,"T_NOCT":46.4,"I_sc_ref":8.25,"V_oc_ref":21.9,"I_mp_ref":7.76,"V_mp_ref":17.4,"alpha_sc":0.004125,"beta_oc":-0.06788999999999999,"a_ref":0.8983,"I_L_ref":8.255,"I_o_ref":2.12e-10,"R_s":0.243,"R_sh_ref":402.83,"Adjust":13.6,"PTC":121.0,"pdc0":135.0,"gamma_pdc":-0.0045000000000000005,"gamma_r":-0.45}