{"Date":"3/15/2011","Version":"MM107","Technology":"Multi-c-Si","BIPV":"N","A_c":1.7,"N_s":96.0,"T_NOCT":47.3,"I_sc_ref":4.86,"V_oc_ref":57.9,"I_mp_ref":4.26,"V_mp_ref":47.0,"alpha_sc":0.001973,"beta_oc":-0.20775,"a_ref":2.6227,"I_L_ref":4.888999999999999,"I_o_ref":1.15e-09,"R_s":0.7490000000000001,"R_sh_ref":127.34,"Adjust":17.7,"PTC":175.7,"pdc0":200.0,"gamma_pdc":-0.00493,"gamma_r":-0.493}