{"Date":"07.07.2011","Version":"MM107","Technology":"Multi-c-Si","BIPV":"N","A_c":0.657,"N_s":36.0,"T_NOCT":45.5,"I_sc_ref":5.38,"V_oc_ref":22.1,"I_mp_ref":5.06,"V_mp_ref":17.8,"alpha_sc":0.0026899999999999997,"beta_oc":-0.0663,"a_ref":0.9116,"I_L_ref":5.3839999999999995,"I_o_ref":1.5800000000000002e-10,"R_s":0.321,"R_sh_ref":481.48,"Adjust":18.7,"PTC":81.1,"pdc0":90.0,"gamma_pdc":-0.0045000000000000005,"gamma_r":-0.45}