{"Vac":208.0,"Paco":2060.0,"Pdco":2148.01,"Vdco":325.0,"Pso":20.7873,"C0":-8.85508e-06,"C1":-2.64254e-05,"C2":-0.000253231,"C3":0.00022215400000000001,"Pnt":0.29,"Vdcmax":360.0,"Mppt_low":100.0,"Mppt_high":360.0}