{"Date":"04.02.2013","Version":"NRELv1","Technology":"Mono-c-Si","BIPV":"N","A_c":1.6269999999999998,"N_s":60.0,"T_NOCT":46.5,"I_sc_ref":8.78,"V_oc_ref":37.8,"I_mp_ref":8.26,"V_mp_ref":30.3,"alpha_sc":0.0064269999999999996,"beta_oc":-0.14776,"a_ref":1.6026,"I_L_ref":8.783999999999999,"I_o_ref":4.99e-10,"R_s":0.345,"R_sh_ref":755.76,"Adjust":-4.213,"PTC":225.1,"pdc0":250.0,"gamma_pdc":-0.00443,"gamma_r":-0.44299999999999995}