{"Date":"04.02.2013","Version":"NRELv1","Technology":"Multi-c-Si","BIPV":"N","A_c":1.6269999999999998,"N_s":60.0,"T_NOCT":46.5,"I_sc_ref":9.1,"V_oc_ref":38.0,"I_mp_ref":8.63,"V_mp_ref":30.7,"alpha_sc":0.007134000000000001,"beta_oc":-0.15979000000000002,"a_ref":1.6608,"I_L_ref":9.196,"I_o_ref":1.06e-09,"R_s":0.289,"R_sh_ref":546.33,"Adjust":-5.816,"PTC":238.1,"pdc0":265.0,"gamma_pdc":-0.0045899999999999995,"gamma_r":-0.45899999999999996}