{"Date":"04.02.2013","Version":"NRELv1","Technology":"Multi-c-Si","BIPV":"N","A_c":1.94,"N_s":72.0,"T_NOCT":46.6,"I_sc_ref":8.49,"V_oc_ref":44.4,"I_mp_ref":7.99,"V_mp_ref":35.7,"alpha_sc":0.008167,"beta_oc":-0.1891,"a_ref":1.9516,"I_L_ref":8.492,"I_o_ref":1.11e-09,"R_s":0.386,"R_sh_ref":1533.79,"Adjust":-6.224,"PTC":255.8,"pdc0":285.0,"gamma_pdc":-0.00448,"gamma_r":-0.44799999999999995}