{"Date":"04.02.2013","Version":"NRELv1","Technology":"Mono-c-Si","BIPV":"N","A_c":1.6269999999999998,"N_s":60.0,"T_NOCT":46.7,"I_sc_ref":8.99,"V_oc_ref":37.6,"I_mp_ref":8.44,"V_mp_ref":30.2,"alpha_sc":0.005933,"beta_oc":-0.14751,"a_ref":1.5785,"I_L_ref":8.997,"I_o_ref":4.03e-10,"R_s":0.331,"R_sh_ref":445.52,"Adjust":-6.285,"PTC":229.9,"pdc0":255.0,"gamma_pdc":-0.004370000000000001,"gamma_r":-0.43700000000000006}