{"Date":"04.02.2013","Version":"NRELv1","Technology":"Multi-c-Si","BIPV":"N","A_c":1.94,"N_s":72.0,"T_NOCT":46.6,"I_sc_ref":8.75,"V_oc_ref":44.9,"I_mp_ref":8.23,"V_mp_ref":37.1,"alpha_sc":0.008418,"beta_oc":-0.19122999999999998,"a_ref":2.0087,"I_L_ref":8.753,"I_o_ref":1.7000000000000001e-09,"R_s":0.23399999999999999,"R_sh_ref":699.67,"Adjust":-3.1439999999999997,"PTC":274.3,"pdc0":305.0,"gamma_pdc":-0.00448,"gamma_r":-0.44799999999999995}