{"Date":"04.02.2013","Version":"NRELv1","Technology":"Multi-c-Si","BIPV":"N","A_c":1.94,"N_s":72.0,"T_NOCT":46.6,"I_sc_ref":8.8,"V_oc_ref":45.3,"I_mp_ref":8.47,"V_mp_ref":37.2,"alpha_sc":0.008466,"beta_oc":-0.19293,"a_ref":2.0109,"I_L_ref":8.978,"I_o_ref":1.4699999999999999e-09,"R_s":0.265,"R_sh_ref":1782.75,"Adjust":-4.47,"PTC":283.6,"pdc0":315.0,"gamma_pdc":-0.00448,"gamma_r":-0.44799999999999995}