{"Date":"04.02.2013","Version":"NRELv1","Technology":"Mono-c-Si","BIPV":"N","A_c":1.476,"N_s":54.0,"T_NOCT":46.0,"I_sc_ref":8.21,"V_oc_ref":33.64,"I_mp_ref":7.59,"V_mp_ref":27.65,"alpha_sc":0.004411,"beta_oc":-0.11989000000000001,"a_ref":1.479,"I_L_ref":8.222999999999999,"I_o_ref":1.06e-09,"R_s":0.21600000000000003,"R_sh_ref":138.18,"Adjust":12.66,"PTC":187.5,"pdc0":210.0,"gamma_pdc":-0.0048,"gamma_r":-0.48}