{"Date":"04.02.2013","Version":"NRELv1","Technology":"Mono-c-Si","BIPV":"N","A_c":1.794,"N_s":66.0,"T_NOCT":46.0,"I_sc_ref":8.21,"V_oc_ref":41.12,"I_mp_ref":7.69,"V_mp_ref":33.79,"alpha_sc":0.004411,"beta_oc":-0.14655,"a_ref":1.7931,"I_L_ref":8.216000000000001,"I_o_ref":8.89e-10,"R_s":0.268,"R_sh_ref":373.09,"Adjust":11.04,"PTC":232.2,"pdc0":260.0,"gamma_pdc":-0.0048,"gamma_r":-0.48}