{"Date":"04.02.2013","Version":"NRELv1","Technology":"Multi-c-Si","BIPV":"N","A_c":1.6380000000000001,"N_s":60.0,"T_NOCT":47.6,"I_sc_ref":7.6,"V_oc_ref":35.94,"I_mp_ref":7.09,"V_mp_ref":29.64,"alpha_sc":0.004376,"beta_oc":-0.12011,"a_ref":1.5295,"I_L_ref":7.608,"I_o_ref":4.65e-10,"R_s":0.248,"R_sh_ref":231.12,"Adjust":13.1,"PTC":186.8,"pdc0":210.0,"gamma_pdc":-0.0045000000000000005,"gamma_r":-0.45}