{"Date":"04.02.2013","Version":"NRELv1","Technology":"Mono-c-Si","BIPV":"N","A_c":1.794,"N_s":66.0,"T_NOCT":47.9,"I_sc_ref":8.59,"V_oc_ref":41.38,"I_mp_ref":8.17,"V_mp_ref":33.66,"alpha_sc":0.00458,"beta_oc":-0.13424,"a_ref":1.7242,"I_L_ref":8.68,"I_o_ref":3.25e-10,"R_s":0.32299999999999995,"R_sh_ref":612.7,"Adjust":12.03,"PTC":245.5,"pdc0":275.0,"gamma_pdc":-0.00449,"gamma_r":-0.449}