{"Date":"04.02.2013","Version":"NRELv1","Technology":"Multi-c-Si","BIPV":"N","A_c":1.794,"N_s":66.0,"T_NOCT":47.6,"I_sc_ref":8.42,"V_oc_ref":40.39,"I_mp_ref":7.9,"V_mp_ref":33.59,"alpha_sc":0.004848,"beta_oc":-0.13498,"a_ref":1.7214,"I_L_ref":8.425,"I_o_ref":5.36e-10,"R_s":0.21100000000000002,"R_sh_ref":337.79,"Adjust":13.44,"PTC":236.6,"pdc0":265.0,"gamma_pdc":-0.0045000000000000005,"gamma_r":-0.45}