{"Date":"04.02.2013","Version":"NRELv1","Technology":"Multi-c-Si","BIPV":"N","A_c":1.794,"N_s":66.0,"T_NOCT":47.6,"I_sc_ref":8.38,"V_oc_ref":40.19,"I_mp_ref":7.83,"V_mp_ref":33.46,"alpha_sc":0.004825,"beta_oc":-0.13432,"a_ref":1.7182,"I_L_ref":8.387,"I_o_ref":5.71e-10,"R_s":0.204,"R_sh_ref":247.62,"Adjust":14.08,"PTC":232.0,"pdc0":260.0,"gamma_pdc":-0.0045000000000000005,"gamma_r":-0.45}