{"Date":"04.02.2013","Version":"NRELv1","Technology":"Multi-c-Si","BIPV":"N","A_c":1.6380000000000001,"N_s":60.0,"T_NOCT":47.6,"I_sc_ref":8.1,"V_oc_ref":36.42,"I_mp_ref":7.41,"V_mp_ref":30.36,"alpha_sc":0.004664,"beta_oc":-0.12172000000000001,"a_ref":1.5788,"I_L_ref":8.115,"I_o_ref":7.43e-10,"R_s":0.179,"R_sh_ref":99.85,"Adjust":16.95,"PTC":200.5,"pdc0":225.0,"gamma_pdc":-0.0045000000000000005,"gamma_r":-0.45}