{"Date":"04.02.2013","Version":"NRELv1","Technology":"Mono-c-Si","BIPV":"N","A_c":1.3090000000000002,"N_s":48.0,"T_NOCT":46.0,"I_sc_ref":8.26,"V_oc_ref":30.0,"I_mp_ref":7.67,"V_mp_ref":24.77,"alpha_sc":0.004438,"beta_oc":-0.10692,"a_ref":1.319,"I_L_ref":8.27,"I_o_ref":1.07e-09,"R_s":0.175,"R_sh_ref":147.58,"Adjust":12.69,"PTC":169.7,"pdc0":190.0,"gamma_pdc":-0.0048,"gamma_r":-0.48}