{"Date":"04.02.2013","Version":"NRELv1","Technology":"Mono-c-Si","BIPV":"N","A_c":1.9509999999999998,"N_s":72.0,"T_NOCT":47.9,"I_sc_ref":8.39,"V_oc_ref":44.21,"I_mp_ref":7.77,"V_mp_ref":36.72,"alpha_sc":0.0044740000000000005,"beta_oc":-0.14342,"a_ref":1.8837,"I_L_ref":8.402000000000001,"I_o_ref":5.23e-10,"R_s":0.239,"R_sh_ref":173.27,"Adjust":16.8,"PTC":254.0,"pdc0":285.0,"gamma_pdc":-0.00449,"gamma_r":-0.449}