{"Date":"10/20/2011","Version":"NRELv1","Technology":"Multi-c-Si","BIPV":"N","A_c":1.614,"N_s":60.0,"T_NOCT":45.5,"I_sc_ref":7.99,"V_oc_ref":36.1,"I_mp_ref":7.42,"V_mp_ref":28.3,"alpha_sc":0.010865999999999999,"beta_oc":-0.13429000000000002,"a_ref":1.5994,"I_L_ref":8.003,"I_o_ref":1.24e-09,"R_s":0.44299999999999995,"R_sh_ref":276.82,"Adjust":8.581,"PTC":189.3,"pdc0":210.0,"gamma_pdc":-0.00443,"gamma_r":-0.44299999999999995}