{"Date":"10.01.2012","Version":"NRELv1","Technology":"Mono-c-Si","BIPV":"N","A_c":1.805,"N_s":72.0,"T_NOCT":48.8,"I_sc_ref":8.74,"V_oc_ref":44.77,"I_mp_ref":8.36,"V_mp_ref":36.0,"alpha_sc":0.0036880000000000003,"beta_oc":-0.17845,"a_ref":2.0336,"I_L_ref":8.92,"I_o_ref":2.44e-09,"R_s":0.35600000000000004,"R_sh_ref":824.97,"Adjust":7.081,"PTC":260.3,"pdc0":300.0,"gamma_pdc":-0.00544,"gamma_r":-0.544}