{"Date":"12.01.2013","Version":"NRELv1","Technology":"Multi-c-Si","BIPV":"N","A_c":1.6269999999999998,"N_s":60.0,"T_NOCT":44.2,"I_sc_ref":8.41,"V_oc_ref":37.35,"I_mp_ref":8.02,"V_mp_ref":29.3,"alpha_sc":0.007561,"beta_oc":-0.21939,"a_ref":1.6413,"I_L_ref":8.586,"I_o_ref":1.11e-09,"R_s":0.426,"R_sh_ref":542.68,"Adjust":-32.17,"PTC":213.6,"pdc0":235.0,"gamma_pdc":-0.00447,"gamma_r":-0.447}