{"Date":"09.01.2013","Version":"NRELv1","Technology":"Mono-c-Si","BIPV":"N","A_c":1.6269999999999998,"N_s":60.0,"T_NOCT":46.5,"I_sc_ref":8.56,"V_oc_ref":37.2,"I_mp_ref":7.98,"V_mp_ref":29.5,"alpha_sc":0.006266,"beta_oc":-0.14542,"a_ref":1.5753,"I_L_ref":8.573,"I_o_ref":4.68e-10,"R_s":0.395,"R_sh_ref":269.38,"Adjust":-4.482,"PTC":211.3,"pdc0":235.0,"gamma_pdc":-0.00443,"gamma_r":-0.44299999999999995}