{"Date":"12.01.2013","Version":"NRELv1","Technology":"Multi-c-Si","BIPV":"N","A_c":1.6269999999999998,"N_s":60.0,"T_NOCT":44.8,"I_sc_ref":8.64,"V_oc_ref":37.2,"I_mp_ref":8.08,"V_mp_ref":29.7,"alpha_sc":0.008139,"beta_oc":-0.15483,"a_ref":1.5968,"I_L_ref":8.649,"I_o_ref":6.519999999999999e-10,"R_s":0.358,"R_sh_ref":354.46,"Adjust":-8.214,"PTC":218.6,"pdc0":240.0,"gamma_pdc":-0.00427,"gamma_r":-0.42700000000000005}