{"Date":"12.01.2013","Version":"NRELv1","Technology":"Multi-c-Si","BIPV":"N","A_c":1.6269999999999998,"N_s":60.0,"T_NOCT":44.3,"I_sc_ref":8.73,"V_oc_ref":37.3,"I_mp_ref":8.19,"V_mp_ref":29.9,"alpha_sc":0.007595,"beta_oc":-0.15211,"a_ref":1.5771,"I_L_ref":8.737,"I_o_ref":4.63e-10,"R_s":0.344,"R_sh_ref":446.1,"Adjust":-8.873,"PTC":224.1,"pdc0":245.0,"gamma_pdc":-0.00419,"gamma_r":-0.419}