{"Date":"09.01.2013","Version":"NRELv1","Technology":"Mono-c-Si","BIPV":"N","A_c":1.6269999999999998,"N_s":60.0,"T_NOCT":44.2,"I_sc_ref":8.79,"V_oc_ref":37.4,"I_mp_ref":8.19,"V_mp_ref":30.0,"alpha_sc":0.006469,"beta_oc":-0.15042,"a_ref":1.5834,"I_L_ref":8.802999999999999,"I_o_ref":4.77e-10,"R_s":0.341,"R_sh_ref":228.58,"Adjust":-7.247000000000001,"PTC":223.6,"pdc0":245.0,"gamma_pdc":-0.004320000000000001,"gamma_r":-0.43200000000000005}