{"Date":"12.01.2013","Version":"NRELv1","Technology":"Multi-c-Si","BIPV":"N","A_c":1.6269999999999998,"N_s":60.0,"T_NOCT":44.8,"I_sc_ref":8.83,"V_oc_ref":37.4,"I_mp_ref":8.31,"V_mp_ref":30.1,"alpha_sc":0.008318,"beta_oc":-0.15566,"a_ref":1.6073,"I_L_ref":8.833,"I_o_ref":6.89e-10,"R_s":0.318,"R_sh_ref":844.04,"Adjust":-7.973,"PTC":227.9,"pdc0":250.0,"gamma_pdc":-0.00427,"gamma_r":-0.42700000000000005}