{"Date":"12.01.2013","Version":"NRELv1","Technology":"Mono-c-Si","BIPV":"N","A_c":1.6269999999999998,"N_s":60.0,"T_NOCT":43.8,"I_sc_ref":8.87,"V_oc_ref":37.5,"I_mp_ref":8.32,"V_mp_ref":30.1,"alpha_sc":0.007744,"beta_oc":-0.15442999999999998,"a_ref":1.6003,"I_L_ref":8.877,"I_o_ref":5.85e-10,"R_s":0.331,"R_sh_ref":449.17,"Adjust":-8.157,"PTC":229.0,"pdc0":250.0,"gamma_pdc":-0.00427,"gamma_r":-0.42700000000000005}