{"Date":"09.01.2013","Version":"NRELv1","Technology":"Mono-c-Si","BIPV":"N","A_c":1.6269999999999998,"N_s":60.0,"T_NOCT":44.2,"I_sc_ref":8.99,"V_oc_ref":37.6,"I_mp_ref":8.44,"V_mp_ref":30.2,"alpha_sc":0.0066170000000000005,"beta_oc":-0.15123,"a_ref":1.5859,"I_L_ref":8.996,"I_o_ref":4.5e-10,"R_s":0.33,"R_sh_ref":459.93,"Adjust":-7.869,"PTC":233.0,"pdc0":255.0,"gamma_pdc":-0.004320000000000001,"gamma_r":-0.43200000000000005}