{"Date":"09.01.2013","Version":"NRELv1","Technology":"Mono-c-Si","BIPV":"N","A_c":1.94,"N_s":72.0,"T_NOCT":49.4,"I_sc_ref":8.08,"V_oc_ref":44.5,"I_mp_ref":7.55,"V_mp_ref":35.1,"alpha_sc":0.004129,"beta_oc":-0.14920999999999998,"a_ref":1.8231,"I_L_ref":8.091000000000001,"I_o_ref":2e-10,"R_s":0.545,"R_sh_ref":384.66,"Adjust":4.8389999999999995,"PTC":234.2,"pdc0":265.0,"gamma_pdc":-0.00445,"gamma_r":-0.445}