{"Date":"12.01.2013","Version":"NRELv1","Technology":"Multi-c-Si","BIPV":"N","A_c":1.6269999999999998,"N_s":60.0,"T_NOCT":44.8,"I_sc_ref":8.95,"V_oc_ref":37.6,"I_mp_ref":8.53,"V_mp_ref":30.5,"alpha_sc":0.008431000000000001,"beta_oc":-0.15649000000000002,"a_ref":1.6197,"I_L_ref":9.041,"I_o_ref":7.47e-10,"R_s":0.27899999999999997,"R_sh_ref":1586.37,"Adjust":-7.542000000000001,"PTC":237.3,"pdc0":260.0,"gamma_pdc":-0.00427,"gamma_r":-0.42700000000000005}