{"Date":"09.01.2013","Version":"NRELv1","Technology":"Mono-c-Si","BIPV":"N","A_c":1.94,"N_s":72.0,"T_NOCT":49.4,"I_sc_ref":8.23,"V_oc_ref":44.7,"I_mp_ref":7.79,"V_mp_ref":35.3,"alpha_sc":0.0042060000000000005,"beta_oc":-0.14987999999999999,"a_ref":1.8287,"I_L_ref":8.321,"I_o_ref":2e-10,"R_s":0.526,"R_sh_ref":504.84,"Adjust":4.572,"PTC":243.3,"pdc0":275.0,"gamma_pdc":-0.00445,"gamma_r":-0.445}