{"Date":"12.01.2013","Version":"NRELv1","Technology":"Multi-c-Si","BIPV":"N","A_c":1.94,"N_s":72.0,"T_NOCT":47.8,"I_sc_ref":8.27,"V_oc_ref":44.6,"I_mp_ref":7.83,"V_mp_ref":35.1,"alpha_sc":0.007815,"beta_oc":-0.18674000000000002,"a_ref":1.9236,"I_L_ref":8.357999999999999,"I_o_ref":7.08e-10,"R_s":0.514,"R_sh_ref":865.86,"Adjust":-7.909,"PTC":245.3,"pdc0":275.0,"gamma_pdc":-0.00444,"gamma_r":-0.444}