{"Date":"12.01.2013","Version":"NRELv1","Technology":"Multi-c-Si","BIPV":"N","A_c":1.94,"N_s":72.0,"T_NOCT":44.8,"I_sc_ref":8.48,"V_oc_ref":44.5,"I_mp_ref":8.0,"V_mp_ref":35.7,"alpha_sc":0.007988,"beta_oc":-0.18520999999999999,"a_ref":1.9058,"I_L_ref":8.481,"I_o_ref":6.12e-10,"R_s":0.41100000000000003,"R_sh_ref":3501.42,"Adjust":-8.562000000000001,"PTC":259.5,"pdc0":285.0,"gamma_pdc":-0.00427,"gamma_r":-0.42700000000000005}