{"Date":"09.01.2013","Version":"NRELv1","Technology":"Mono-c-Si","BIPV":"N","A_c":1.94,"N_s":72.0,"T_NOCT":45.9,"I_sc_ref":8.37,"V_oc_ref":45.0,"I_mp_ref":8.03,"V_mp_ref":35.5,"alpha_sc":0.006612000000000001,"beta_oc":-0.18729,"a_ref":1.9096,"I_L_ref":8.541,"I_o_ref":4.959999999999999e-10,"R_s":0.502,"R_sh_ref":1592.14,"Adjust":-9.967,"PTC":257.0,"pdc0":285.0,"gamma_pdc":-0.00445,"gamma_r":-0.445}