{"Date":"12.01.2013","Version":"NRELv1","Technology":"Multi-c-Si","BIPV":"N","A_c":1.94,"N_s":72.0,"T_NOCT":44.8,"I_sc_ref":8.62,"V_oc_ref":44.7,"I_mp_ref":8.13,"V_mp_ref":36.3,"alpha_sc":0.00812,"beta_oc":-0.18604,"a_ref":1.9293,"I_L_ref":8.622,"I_o_ref":7.45e-10,"R_s":0.342,"R_sh_ref":1549.88,"Adjust":-7.2139999999999995,"PTC":268.9,"pdc0":295.0,"gamma_pdc":-0.00427,"gamma_r":-0.42700000000000005}