{"Date":"12.01.2013","Version":"NRELv1","Technology":"Multi-c-Si","BIPV":"N","A_c":1.94,"N_s":72.0,"T_NOCT":44.8,"I_sc_ref":8.56,"V_oc_ref":44.6,"I_mp_ref":8.08,"V_mp_ref":35.9,"alpha_sc":0.008064,"beta_oc":-0.18563,"a_ref":1.9134,"I_L_ref":8.561,"I_o_ref":6.439999999999999e-10,"R_s":0.391,"R_sh_ref":4311.23,"Adjust":-8.255,"PTC":264.2,"pdc0":290.0,"gamma_pdc":-0.00427,"gamma_r":-0.42700000000000005}