{"Date":"12.01.2013","Version":"NRELv1","Technology":"Mono-c-Si","BIPV":"N","A_c":1.94,"N_s":72.0,"T_NOCT":43.8,"I_sc_ref":8.64,"V_oc_ref":45.6,"I_mp_ref":8.5,"V_mp_ref":35.9,"alpha_sc":0.007543000000000001,"beta_oc":-0.18778,"a_ref":1.9165,"I_L_ref":9.09,"I_o_ref":4.1799999999999995e-10,"R_s":0.494,"R_sh_ref":504.05,"Adjust":-10.76,"PTC":279.5,"pdc0":305.0,"gamma_pdc":-0.00427,"gamma_r":-0.42700000000000005}