{"Date":"12.01.2013","Version":"NRELv1","Technology":"Multi-c-Si","BIPV":"N","A_c":1.94,"N_s":72.0,"T_NOCT":44.8,"I_sc_ref":8.73,"V_oc_ref":44.9,"I_mp_ref":8.33,"V_mp_ref":36.6,"alpha_sc":0.008223999999999999,"beta_oc":-0.18687,"a_ref":1.9386,"I_L_ref":8.818,"I_o_ref":7.689999999999999e-10,"R_s":0.317,"R_sh_ref":2929.24,"Adjust":-7.13,"PTC":278.2,"pdc0":305.0,"gamma_pdc":-0.00427,"gamma_r":-0.42700000000000005}