{"Date":"09.01.2013","Version":"NRELv1","Technology":"Mono-c-Si","BIPV":"N","A_c":1.94,"N_s":72.0,"T_NOCT":45.9,"I_sc_ref":8.67,"V_oc_ref":45.5,"I_mp_ref":8.38,"V_mp_ref":35.8,"alpha_sc":0.006848999999999999,"beta_oc":-0.18937,"a_ref":1.929,"I_L_ref":8.937999999999999,"I_o_ref":5.06e-10,"R_s":0.499,"R_sh_ref":810.9,"Adjust":-10.14,"PTC":270.9,"pdc0":300.0,"gamma_pdc":-0.00445,"gamma_r":-0.445}