{"Date":"12.01.2013","Version":"NRELv1","Technology":"Mono-c-Si","BIPV":"N","A_c":1.94,"N_s":72.0,"T_NOCT":43.8,"I_sc_ref":9.02,"V_oc_ref":46.1,"I_mp_ref":8.77,"V_mp_ref":36.5,"alpha_sc":0.007873999999999999,"beta_oc":-0.18984,"a_ref":1.9483,"I_L_ref":9.398,"I_o_ref":4.91e-10,"R_s":0.455,"R_sh_ref":377.79,"Adjust":-9.829,"PTC":293.6,"pdc0":320.0,"gamma_pdc":-0.00427,"gamma_r":-0.42700000000000005}