{"Vac":240.0,"Paco":250.0,"Pdco":262.812,"Vdco":30.0,"Pso":0.609921,"C0":-6.36007e-05,"C1":-0.000862958,"C2":-0.06703300000000001,"C3":-0.139104,"Pnt":0.12,"Vdcmax":31.0,"Mppt_low":28.7,"Mppt_high":31.0}