{"Date":"11.04.2010","Version":"MM107","Technology":"Mono-c-Si","BIPV":"Y","A_c":0.239,"N_s":12.0,"T_NOCT":56.3,"I_sc_ref":5.33,"V_oc_ref":7.45,"I_mp_ref":4.81,"V_mp_ref":5.97,"alpha_sc":0.0029739999999999996,"beta_oc":-0.02493,"a_ref":0.3209,"I_L_ref":5.355,"I_o_ref":4.1799999999999995e-10,"R_s":0.113,"R_sh_ref":23.73,"Adjust":15.2,"PTC":23.6,"pdc0":28.0,"gamma_pdc":-0.00461,"gamma_r":-0.461}