{"Date":"09.02.2010","Version":"MM107","Technology":"Mono-c-Si","BIPV":"Y","A_c":2.903,"N_s":160.0,"T_NOCT":60.2,"I_sc_ref":5.33,"V_oc_ref":98.9,"I_mp_ref":4.88,"V_mp_ref":82.0,"alpha_sc":0.001066,"beta_oc":-0.34121,"a_ref":4.2885,"I_L_ref":5.341,"I_o_ref":4.93e-10,"R_s":0.841,"R_sh_ref":426.48,"Adjust":13.6,"PTC":326.9,"pdc0":400.0,"gamma_pdc":-0.00487,"gamma_r":-0.48700000000000004}