{"Vac":277.0,"Paco":1620.0,"Pdco":1675.54,"Vdco":330.0,"Pso":16.9492,"C0":-9.4409e-06,"C1":-2.6909e-05,"C2":-0.000176035,"C3":-0.000935455,"Pnt":0.13,"Vdcmax":360.0,"Mppt_low":100.0,"Mppt_high":360.0}