{"Vac":240.0,"Paco":1620.0,"Pdco":1677.1,"Vdco":330.0,"Pso":14.5846,"C0":-1.25096e-05,"C1":-2.793e-05,"C2":-0.000851098,"C3":-0.00111732,"Pnt":0.11,"Vdcmax":360.0,"Mppt_low":100.0,"Mppt_high":360.0}