{"Vac":240.0,"Paco":11700.0,"Pdco":12073.5,"Vdco":380.0,"Pso":32.9331,"C0":-1.0609100000000001e-06,"C1":4.1361899999999994e-05,"C2":0.00738796,"C3":0.00391519,"Pnt":0.075,"Vdcmax":480.0,"Mppt_low":356.0,"Mppt_high":480.0}