{"Vac":240.0,"Paco":10090.0,"Pdco":10414.9,"Vdco":380.0,"Pso":34.8055,"C0":-1.14279e-06,"C1":9.41831e-06,"C2":0.00109411,"C3":0.00017784400000000003,"Pnt":0.075,"Vdcmax":480.0,"Mppt_low":100.0,"Mppt_high":480.0}