{"Vac":240.0,"Paco":2010.0,"Pdco":2076.82,"Vdco":360.0,"Pso":13.2624,"C0":-8.295700000000001e-06,"C1":-2.6299e-05,"C2":-0.00088232,"C3":-0.0006135369999999999,"Pnt":0.1,"Vdcmax":400.0,"Mppt_low":100.0,"Mppt_high":400.0}