{"Vac":208.0,"Paco":1810.0,"Pdco":1879.54,"Vdco":360.0,"Pso":10.4705,"C0":-9.87517e-06,"C1":-1.1863e-05,"C2":-0.000423164,"C3":-0.00043001800000000006,"Pnt":0.09,"Vdcmax":400.0,"Mppt_low":100.0,"Mppt_high":400.0}