{"Vac":277.0,"Paco":3610.0,"Pdco":3699.57,"Vdco":375.0,"Pso":20.871,"C0":-2.25334e-06,"C1":-3.57435e-05,"C2":-0.00146978,"C3":0.00219329,"Pnt":0.4,"Vdcmax":450.0,"Mppt_low":100.0,"Mppt_high":450.0}