{"Vac":240.0,"Paco":2800.0,"Pdco":2888.43,"Vdco":360.0,"Pso":18.2894,"C0":-7.28192e-06,"C1":-3.28796e-05,"C2":-0.0014809,"C3":-0.000282067,"Pnt":0.15,"Vdcmax":400.0,"Mppt_low":100.0,"Mppt_high":400.0}