{"Vac":277.0,"Paco":4210.0,"Pdco":4324.36,"Vdco":375.0,"Pso":20.5523,"C0":-2.81685e-06,"C1":-2.2880500000000002e-05,"C2":-0.00118174,"C3":0.00160219,"Pnt":0.33,"Vdcmax":450.0,"Mppt_low":100.0,"Mppt_high":450.0}