{"Vac":208.0,"Paco":4600.0,"Pdco":4769.6,"Vdco":375.0,"Pso":21.0712,"C0":-5.04894e-06,"C1":-1.64602e-05,"C2":0.00040006300000000004,"C3":-0.000230641,"Pnt":0.26,"Vdcmax":450.0,"Mppt_low":100.0,"Mppt_high":450.0}