{"Vac":208.0,"Paco":8070.0,"Pdco":8356.61,"Vdco":345.0,"Pso":35.9376,"C0":-1.49565e-06,"C1":1.72036e-05,"C2":0.00189097,"C3":0.000636098,"Pnt":0.053,"Vdcmax":480.0,"Mppt_low":100.0,"Mppt_high":480.0}