{"Date":"12.01.2011","Version":"NRELv1","Technology":"Multi-c-Si","BIPV":"N","A_c":1.972,"N_s":72.0,"T_NOCT":48.9,"I_sc_ref":8.2,"V_oc_ref":44.0,"I_mp_ref":7.5,"V_mp_ref":36.0,"alpha_sc":0.00656,"beta_oc":-0.1628,"a_ref":1.9935,"I_L_ref":8.218,"I_o_ref":2.0499999999999997e-09,"R_s":0.292,"R_sh_ref":131.11,"Adjust":14.23,"PTC":236.7,"pdc0":270.0,"gamma_pdc":-0.0048,"gamma_r":-0.48}