{"Date":"12.01.2011","Version":"NRELv1","Technology":"Multi-c-Si","BIPV":"N","A_c":1.6569999999999998,"N_s":60.0,"T_NOCT":48.9,"I_sc_ref":8.54,"V_oc_ref":37.0,"I_mp_ref":7.95,"V_mp_ref":30.2,"alpha_sc":0.0068319999999999995,"beta_oc":-0.1369,"a_ref":1.6551,"I_L_ref":8.549,"I_o_ref":1.6399999999999997e-09,"R_s":0.251,"R_sh_ref":229.88,"Adjust":11.75,"PTC":210.8,"pdc0":240.0,"gamma_pdc":-0.0048,"gamma_r":-0.48}