{"Date":"02.11.2010","Version":"MM107","Technology":"Multi-c-Si","BIPV":"N","A_c":1.421,"N_s":54.0,"T_NOCT":45.7,"I_sc_ref":8.33,"V_oc_ref":33.1,"I_mp_ref":7.85,"V_mp_ref":26.1,"alpha_sc":0.008246999999999999,"beta_oc":-0.12545,"a_ref":1.4398,"I_L_ref":8.338,"I_o_ref":8.64e-10,"R_s":0.371,"R_sh_ref":100000.0,"Adjust":3.3,"PTC":184.3,"pdc0":205.0,"gamma_pdc":-0.0045899999999999995,"gamma_r":-0.45899999999999996}