{"Date":"02.11.2010","Version":"MM107","Technology":"Multi-c-Si","BIPV":"N","A_c":1.421,"N_s":54.0,"T_NOCT":45.7,"I_sc_ref":8.22,"V_oc_ref":33.0,"I_mp_ref":7.71,"V_mp_ref":25.9,"alpha_sc":0.008138,"beta_oc":-0.12507000000000001,"a_ref":1.4349,"I_L_ref":8.222999999999999,"I_o_ref":8.41e-10,"R_s":0.39399999999999996,"R_sh_ref":928.41,"Adjust":3.2,"PTC":179.7,"pdc0":200.0,"gamma_pdc":-0.0045899999999999995,"gamma_r":-0.45899999999999996}