{"Date":"03.01.2011","Version":"MM107","Technology":"Multi-c-Si","BIPV":"N","A_c":1.6159999999999999,"N_s":60.0,"T_NOCT":51.2,"I_sc_ref":7.8,"V_oc_ref":36.48,"I_mp_ref":7.3,"V_mp_ref":29.52,"alpha_sc":0.006645999999999999,"beta_oc":-0.12516,"a_ref":1.5718,"I_L_ref":7.807,"I_o_ref":6.410000000000001e-10,"R_s":0.326,"R_sh_ref":359.85,"Adjust":12.3,"PTC":187.7,"pdc0":215.0,"gamma_pdc":-0.00449,"gamma_r":-0.449}