{"Date":"03.10.2011","Version":"MM107","Technology":"Multi-c-Si","BIPV":"N","A_c":1.6159999999999999,"N_s":60.0,"T_NOCT":49.3,"I_sc_ref":8.2,"V_oc_ref":38.92,"I_mp_ref":7.75,"V_mp_ref":30.99,"alpha_sc":0.007708,"beta_oc":-0.13739,"a_ref":1.6956,"I_L_ref":8.221,"I_o_ref":8.84e-10,"R_s":0.397,"R_sh_ref":100000.0,"Adjust":11.4,"PTC":211.3,"pdc0":240.0,"gamma_pdc":-0.0046700000000000005,"gamma_r":-0.467}