{"Date":"03.01.2011","Version":"MM107","Technology":"Multi-c-Si","BIPV":"N","A_c":1.6159999999999999,"N_s":60.0,"T_NOCT":51.2,"I_sc_ref":8.04,"V_oc_ref":37.08,"I_mp_ref":7.48,"V_mp_ref":30.78,"alpha_sc":0.00685,"beta_oc":-0.12722,"a_ref":1.6282,"I_L_ref":8.048,"I_o_ref":1.01e-09,"R_s":0.198,"R_sh_ref":201.23,"Adjust":16.3,"PTC":201.2,"pdc0":230.0,"gamma_pdc":-0.00449,"gamma_r":-0.449}