{"Vac":200.0,"Paco":100000.0,"Pdco":102597.6421,"Vdco":487.43766669999997,"Pso":389.516518,"C0":-2.41e-07,"C1":-2.65e-05,"C2":0.0021100000000000003,"C3":0.00073,"Pnt":59.63,"Vdcmax":700.0,"Mppt_low":325.0,"Mppt_high":680.0}