{"Date":"08.01.2012","Version":"NRELv1","Technology":"Multi-c-Si","BIPV":"N","A_c":1.3419999999999999,"N_s":48.0,"T_NOCT":46.0,"I_sc_ref":8.63,"V_oc_ref":29.74,"I_mp_ref":8.06,"V_mp_ref":23.59,"alpha_sc":0.006077,"beta_oc":-0.10094,"a_ref":1.2428,"I_L_ref":8.642000000000001,"I_o_ref":3.4500000000000005e-10,"R_s":0.317,"R_sh_ref":236.15,"Adjust":7.407,"PTC":171.2,"pdc0":190.0,"gamma_pdc":-0.00443,"gamma_r":-0.44299999999999995}