{"Date":"08.01.2012","Version":"NRELv1","Technology":"Multi-c-Si","BIPV":"N","A_c":1.975,"N_s":72.0,"T_NOCT":47.2,"I_sc_ref":8.58,"V_oc_ref":44.21,"I_mp_ref":8.01,"V_mp_ref":34.96,"alpha_sc":0.006233,"beta_oc":-0.15624000000000002,"a_ref":1.8874,"I_L_ref":8.591000000000001,"I_o_ref":5.69e-10,"R_s":0.479,"R_sh_ref":389.11,"Adjust":7.414,"PTC":249.4,"pdc0":280.0,"gamma_pdc":-0.00462,"gamma_r":-0.462}