{"Date":"08.01.2012","Version":"NRELv1","Technology":"Multi-c-Si","BIPV":"N","A_c":1.975,"N_s":72.0,"T_NOCT":46.0,"I_sc_ref":8.58,"V_oc_ref":44.21,"I_mp_ref":8.01,"V_mp_ref":34.96,"alpha_sc":0.0060420000000000005,"beta_oc":-0.15005,"a_ref":1.8445,"I_L_ref":8.592,"I_o_ref":3.3e-10,"R_s":0.489,"R_sh_ref":349.31,"Adjust":7.077999999999999,"PTC":252.3,"pdc0":280.0,"gamma_pdc":-0.00443,"gamma_r":-0.44299999999999995}