{"Date":"08.01.2012","Version":"NRELv1","Technology":"Multi-c-Si","BIPV":"N","A_c":1.5,"N_s":54.0,"T_NOCT":46.0,"I_sc_ref":8.62,"V_oc_ref":33.45,"I_mp_ref":7.93,"V_mp_ref":26.48,"alpha_sc":0.00607,"beta_oc":-0.11352999999999999,"a_ref":1.4084,"I_L_ref":8.647,"I_o_ref":4.05e-10,"R_s":0.364,"R_sh_ref":114.62,"Adjust":8.877,"PTC":189.1,"pdc0":210.0,"gamma_pdc":-0.00443,"gamma_r":-0.44299999999999995}