{"Date":"08.01.2012","Version":"NRELv1","Technology":"Multi-c-Si","BIPV":"N","A_c":1.5,"N_s":54.0,"T_NOCT":46.0,"I_sc_ref":8.76,"V_oc_ref":33.6,"I_mp_ref":8.18,"V_mp_ref":26.91,"alpha_sc":0.006169,"beta_oc":-0.11404,"a_ref":1.4122,"I_L_ref":8.771,"I_o_ref":4.0099999999999996e-10,"R_s":0.315,"R_sh_ref":240.49,"Adjust":8.606,"PTC":198.4,"pdc0":220.0,"gamma_pdc":-0.00443,"gamma_r":-0.44299999999999995}