{"Date":"08.01.2012","Version":"NRELv1","Technology":"Multi-c-Si","BIPV":"N","A_c":1.6580000000000001,"N_s":60.0,"T_NOCT":46.0,"I_sc_ref":8.86,"V_oc_ref":37.1,"I_mp_ref":8.29,"V_mp_ref":30.15,"alpha_sc":0.006239,"beta_oc":-0.12592,"a_ref":1.5709,"I_L_ref":8.869,"I_o_ref":4.84e-10,"R_s":0.282,"R_sh_ref":279.1,"Adjust":10.16,"PTC":225.6,"pdc0":250.0,"gamma_pdc":-0.00443,"gamma_r":-0.44299999999999995}