{"Date":"08.01.2012","Version":"NRELv1","Technology":"Multi-c-Si","BIPV":"N","A_c":1.6580000000000001,"N_s":60.0,"T_NOCT":46.0,"I_sc_ref":8.4,"V_oc_ref":37.34,"I_mp_ref":7.96,"V_mp_ref":29.52,"alpha_sc":0.005915,"beta_oc":-0.12673,"a_ref":1.5524,"I_L_ref":8.491,"I_o_ref":3.01e-10,"R_s":0.419,"R_sh_ref":533.01,"Adjust":6.381,"PTC":211.7,"pdc0":235.0,"gamma_pdc":-0.00443,"gamma_r":-0.44299999999999995}