{"Date":"08.01.2012","Version":"NRELv1","Technology":"Multi-c-Si","BIPV":"N","A_c":1.975,"N_s":72.0,"T_NOCT":47.2,"I_sc_ref":8.41,"V_oc_ref":44.18,"I_mp_ref":7.87,"V_mp_ref":34.94,"alpha_sc":0.006109000000000001,"beta_oc":-0.15613,"a_ref":1.8836,"I_L_ref":8.418,"I_o_ref":5.43e-10,"R_s":0.48700000000000004,"R_sh_ref":517.26,"Adjust":7.162999999999999,"PTC":244.8,"pdc0":275.0,"gamma_pdc":-0.00462,"gamma_r":-0.462}