{"Date":"08.01.2012","Version":"NRELv1","Technology":"Multi-c-Si","BIPV":"N","A_c":1.6580000000000001,"N_s":60.0,"T_NOCT":46.0,"I_sc_ref":8.61,"V_oc_ref":37.05,"I_mp_ref":8.21,"V_mp_ref":29.24,"alpha_sc":0.006063000000000001,"beta_oc":-0.12575,"a_ref":1.541,"I_L_ref":8.794,"I_o_ref":3.1399999999999995e-10,"R_s":0.41,"R_sh_ref":326.33,"Adjust":6.46,"PTC":216.3,"pdc0":240.0,"gamma_pdc":-0.00443,"gamma_r":-0.44299999999999995}