{"Date":"08.01.2012","Version":"NRELv1","Technology":"Multi-c-Si","BIPV":"N","A_c":1.975,"N_s":72.0,"T_NOCT":47.2,"I_sc_ref":8.72,"V_oc_ref":44.72,"I_mp_ref":8.25,"V_mp_ref":35.76,"alpha_sc":0.006334,"beta_oc":-0.15804,"a_ref":1.9169999999999998,"I_L_ref":8.815,"I_o_ref":6.45e-10,"R_s":0.415,"R_sh_ref":493.18,"Adjust":8.276,"PTC":263.1,"pdc0":295.0,"gamma_pdc":-0.00462,"gamma_r":-0.462}