{"Date":"08.01.2012","Version":"NRELv1","Technology":"Multi-c-Si","BIPV":"N","A_c":1.975,"N_s":72.0,"T_NOCT":46.0,"I_sc_ref":8.66,"V_oc_ref":44.42,"I_mp_ref":8.09,"V_mp_ref":35.24,"alpha_sc":0.006097999999999999,"beta_oc":-0.15075999999999998,"a_ref":1.8562,"I_L_ref":8.671,"I_o_ref":3.46e-10,"R_s":0.47,"R_sh_ref":358.81,"Adjust":7.399,"PTC":256.9,"pdc0":285.0,"gamma_pdc":-0.00443,"gamma_r":-0.44299999999999995}