{"Date":"08.01.2012","Version":"NRELv1","Technology":"Multi-c-Si","BIPV":"N","A_c":1.975,"N_s":72.0,"T_NOCT":46.0,"I_sc_ref":8.72,"V_oc_ref":44.72,"I_mp_ref":8.25,"V_mp_ref":35.76,"alpha_sc":0.006141,"beta_oc":-0.15178,"a_ref":1.8734,"I_L_ref":8.816,"I_o_ref":3.7400000000000005e-10,"R_s":0.425,"R_sh_ref":431.53,"Adjust":7.94,"PTC":266.1,"pdc0":295.0,"gamma_pdc":-0.00443,"gamma_r":-0.44299999999999995}