{"Date":"08.01.2012","Version":"NRELv1","Technology":"Multi-c-Si","BIPV":"N","A_c":1.5,"N_s":54.0,"T_NOCT":46.0,"I_sc_ref":8.63,"V_oc_ref":33.5,"I_mp_ref":8.07,"V_mp_ref":26.64,"alpha_sc":0.006077,"beta_oc":-0.1137,"a_ref":1.401,"I_L_ref":8.64,"I_o_ref":3.52e-10,"R_s":0.34700000000000003,"R_sh_ref":291.94,"Adjust":7.577999999999999,"PTC":193.8,"pdc0":215.0,"gamma_pdc":-0.00443,"gamma_r":-0.44299999999999995}