{"Vac":240.0,"Paco":230.0,"Pdco":241.43200000000002,"Vdco":31.5,"Pso":3.3330699999999998,"C0":-8.40767e-05,"C1":-0.00111251,"C2":0.014473500000000002,"C3":-0.042763499999999996,"Pnt":0.02,"Vdcmax":35.0,"Mppt_low":21.0,"Mppt_high":35.0}