{"Vac":240.0,"Paco":250.0,"Pdco":262.522,"Vdco":53.5,"Pso":1.2559799999999999,"C0":-8.16312e-05,"C1":-6.4822e-05,"C2":0.014798500000000001,"C3":0.0169595,"Pnt":0.28,"Vdcmax":57.0,"Mppt_low":46.0,"Mppt_high":57.0}