{"Vac":240.0,"Paco":260.0,"Pdco":272.895,"Vdco":64.5,"Pso":0.364196,"C0":-8.34041e-05,"C1":0.000527761,"C2":0.030323900000000004,"C3":0.0577361,"Pnt":0.41,"Vdcmax":68.0,"Mppt_low":58.5,"Mppt_high":68.0}