{"Technology":"Multi-c-Si","BIPV":"N","A_c":2.3080000000000003,"N_s":108.0,"T_NOCT":45.0,"PTC":239.7,"pdc0":270.0,"gamma_pdc":-0.005057000000000001}