{"Technology":"Multi-c-Si","BIPV":"N","A_c":1.5230000000000001,"N_s":60.0,"T_NOCT":47.9,"PTC":177.6,"pdc0":202.0,"gamma_pdc":-0.004888}