{"Date":"12.01.2011","Version":"NRELv1","Technology":"Multi-c-Si","BIPV":"N","A_c":1.011,"N_s":36.0,"T_NOCT":46.7,"I_sc_ref":8.48,"V_oc_ref":21.9,"I_mp_ref":7.98,"V_mp_ref":16.92,"alpha_sc":0.0050880000000000005,"beta_oc":-0.07884,"a_ref":0.9457,"I_L_ref":8.576,"I_o_ref":7.43e-10,"R_s":0.292,"R_sh_ref":233.52,"Adjust":7.8839999999999995,"PTC":119.2,"pdc0":135.0,"gamma_pdc":-0.005,"gamma_r":-0.5}