{"Date":"03.03.2014","Version":"NRELv1","Technology":"Multi-c-Si","BIPV":"N","A_c":1.944,"N_s":72.0,"T_NOCT":46.5,"I_sc_ref":8.82,"V_oc_ref":45.8,"I_mp_ref":8.54,"V_mp_ref":38.62,"alpha_sc":0.006529000000000001,"beta_oc":-0.15525999999999998,"a_ref":1.9654,"I_L_ref":8.998,"I_o_ref":6.809999999999999e-10,"R_s":0.151,"R_sh_ref":4785.09,"Adjust":13.19,"PTC":298.2,"pdc0":330.0,"gamma_pdc":-0.00441,"gamma_r":-0.441}