{"Date":"10.01.2013","Version":"NRELv1","Technology":"Mono-c-Si","BIPV":"N","A_c":1.944,"N_s":72.0,"T_NOCT":45.6,"I_sc_ref":8.6,"V_oc_ref":44.4,"I_mp_ref":8.0,"V_mp_ref":36.3,"alpha_sc":0.006449,"beta_oc":-0.14386,"a_ref":1.8748,"I_L_ref":8.612,"I_o_ref":4.36e-10,"R_s":0.319,"R_sh_ref":220.01,"Adjust":14.73,"PTC":262.8,"pdc0":290.0,"gamma_pdc":-0.004320000000000001,"gamma_r":-0.43200000000000005}