{"Date":"10.01.2013","Version":"NRELv1","Technology":"Mono-c-Si","BIPV":"N","A_c":1.944,"N_s":72.0,"T_NOCT":45.6,"I_sc_ref":8.9,"V_oc_ref":46.3,"I_mp_ref":8.3,"V_mp_ref":38.6,"alpha_sc":0.006673999999999999,"beta_oc":-0.15001,"a_ref":1.9741,"I_L_ref":8.908,"I_o_ref":5.68e-10,"R_s":0.21600000000000003,"R_sh_ref":235.68,"Adjust":16.89,"PTC":290.8,"pdc0":320.0,"gamma_pdc":-0.004320000000000001,"gamma_r":-0.43200000000000005}