{"Date":"5/22/2012","Version":"NRELv1","Technology":"Multi-c-Si","BIPV":"N","A_c":1.64,"N_s":60.0,"T_NOCT":45.9,"I_sc_ref":8.5,"V_oc_ref":36.68,"I_mp_ref":8.0,"V_mp_ref":28.75,"alpha_sc":0.004335,"beta_oc":-0.12140999999999999,"a_ref":1.501,"I_L_ref":8.503,"I_o_ref":2.07e-10,"R_s":0.451,"R_sh_ref":1208.24,"Adjust":6.021,"PTC":206.8,"pdc0":230.0,"gamma_pdc":-0.00452,"gamma_r":-0.452}