{"Date":"10.01.2013","Version":"NRELv1","Technology":"Mono-c-Si","BIPV":"N","A_c":1.64,"N_s":60.0,"T_NOCT":45.6,"I_sc_ref":8.7,"V_oc_ref":37.1,"I_mp_ref":8.1,"V_mp_ref":30.3,"alpha_sc":0.006523999999999999,"beta_oc":-0.1202,"a_ref":1.5648,"I_L_ref":8.712,"I_o_ref":4.2999999999999996e-10,"R_s":0.268,"R_sh_ref":191.27,"Adjust":14.49,"PTC":222.0,"pdc0":245.0,"gamma_pdc":-0.004320000000000001,"gamma_r":-0.43200000000000005}