{"Date":"10.01.2013","Version":"NRELv1","Technology":"Multi-c-Si","BIPV":"N","A_c":1.944,"N_s":72.0,"T_NOCT":46.5,"I_sc_ref":8.62,"V_oc_ref":44.75,"I_mp_ref":8.23,"V_mp_ref":36.45,"alpha_sc":0.006381,"beta_oc":-0.1517,"a_ref":1.8882,"I_L_ref":8.707,"I_o_ref":4.4299999999999997e-10,"R_s":0.33399999999999996,"R_sh_ref":2289.58,"Adjust":9.599,"PTC":270.3,"pdc0":300.0,"gamma_pdc":-0.00441,"gamma_r":-0.441}