{"Date":"10.01.2013","Version":"NRELv1","Technology":"Mono-c-Si","BIPV":"N","A_c":1.64,"N_s":60.0,"T_NOCT":45.6,"I_sc_ref":8.9,"V_oc_ref":38.5,"I_mp_ref":8.3,"V_mp_ref":32.0,"alpha_sc":0.006673999999999999,"beta_oc":-0.12474,"a_ref":1.6387,"I_L_ref":8.908999999999999,"I_o_ref":5.46e-10,"R_s":0.193,"R_sh_ref":198.29,"Adjust":16.51,"PTC":240.7,"pdc0":265.0,"gamma_pdc":-0.004320000000000001,"gamma_r":-0.43200000000000005}