{"Date":"10.01.2013","Version":"NRELv1","Technology":"Mono-c-Si","BIPV":"N","A_c":1.64,"N_s":60.0,"T_NOCT":45.6,"I_sc_ref":8.6,"V_oc_ref":36.8,"I_mp_ref":8.1,"V_mp_ref":29.7,"alpha_sc":0.006449,"beta_oc":-0.11922999999999999,"a_ref":1.5314,"I_L_ref":8.604,"I_o_ref":3.13e-10,"R_s":0.322,"R_sh_ref":665.26,"Adjust":11.65,"PTC":217.4,"pdc0":240.0,"gamma_pdc":-0.004320000000000001,"gamma_r":-0.43200000000000005}