{"Date":"10.01.2013","Version":"NRELv1","Technology":"Mono-c-Si","BIPV":"N","A_c":1.944,"N_s":72.0,"T_NOCT":45.6,"I_sc_ref":8.7,"V_oc_ref":45.0,"I_mp_ref":8.1,"V_mp_ref":37.1,"alpha_sc":0.006523999999999999,"beta_oc":-0.1458,"a_ref":1.9083,"I_L_ref":8.711,"I_o_ref":4.89e-10,"R_s":0.275,"R_sh_ref":223.4,"Adjust":15.69,"PTC":272.1,"pdc0":300.0,"gamma_pdc":-0.004320000000000001,"gamma_r":-0.43200000000000005}