{"Date":"10.01.2013","Version":"NRELv1","Technology":"Multi-c-Si","BIPV":"N","A_c":1.64,"N_s":60.0,"T_NOCT":46.5,"I_sc_ref":8.35,"V_oc_ref":37.5,"I_mp_ref":7.87,"V_mp_ref":29.87,"alpha_sc":0.006182,"beta_oc":-0.12713,"a_ref":1.5656,"I_L_ref":8.352,"I_o_ref":3.3e-10,"R_s":0.39299999999999996,"R_sh_ref":1415.67,"Adjust":7.359,"PTC":211.3,"pdc0":235.0,"gamma_pdc":-0.00441,"gamma_r":-0.441}