{"Date":"10.01.2013","Version":"NRELv1","Technology":"Multi-c-Si","BIPV":"N","A_c":1.64,"N_s":60.0,"T_NOCT":46.5,"I_sc_ref":8.8,"V_oc_ref":38.6,"I_mp_ref":8.32,"V_mp_ref":32.46,"alpha_sc":0.006515000000000001,"beta_oc":-0.13085,"a_ref":1.6598,"I_L_ref":8.802,"I_o_ref":6.950000000000001e-10,"R_s":0.141,"R_sh_ref":796.04,"Adjust":13.59,"PTC":243.7,"pdc0":270.0,"gamma_pdc":-0.00441,"gamma_r":-0.441}