{"Date":"12.01.2011","Version":"NRELv1","Technology":"Multi-c-Si","BIPV":"N","A_c":1.011,"N_s":36.0,"T_NOCT":46.7,"I_sc_ref":8.63,"V_oc_ref":22.51,"I_mp_ref":8.13,"V_mp_ref":18.45,"alpha_sc":0.005178,"beta_oc":-0.08104,"a_ref":1.0014,"I_L_ref":8.632,"I_o_ref":1.4800000000000003e-09,"R_s":0.141,"R_sh_ref":589.29,"Adjust":14.03,"PTC":132.8,"pdc0":150.0,"gamma_pdc":-0.005,"gamma_r":-0.5}