{"Date":"10.01.2013","Version":"NRELv1","Technology":"Multi-c-Si","BIPV":"N","A_c":1.944,"N_s":72.0,"T_NOCT":46.5,"I_sc_ref":8.52,"V_oc_ref":44.46,"I_mp_ref":8.02,"V_mp_ref":36.16,"alpha_sc":0.006307,"beta_oc":-0.15072,"a_ref":1.8802,"I_L_ref":8.524,"I_o_ref":4.55e-10,"R_s":0.34700000000000003,"R_sh_ref":706.56,"Adjust":10.03,"PTC":261.0,"pdc0":290.0,"gamma_pdc":-0.00441,"gamma_r":-0.441}