{"Date":"02.11.2010","Version":"MM107","Technology":"Mono-c-Si","BIPV":"N","A_c":1.6159999999999999,"N_s":60.0,"T_NOCT":44.5,"I_sc_ref":7.97,"V_oc_ref":36.9,"I_mp_ref":7.43,"V_mp_ref":30.3,"alpha_sc":0.004411,"beta_oc":-0.1304,"a_ref":1.6579,"I_L_ref":7.977,"I_o_ref":1.6899999999999997e-09,"R_s":0.23800000000000002,"R_sh_ref":263.4,"Adjust":18.1,"PTC":201.1,"pdc0":225.0,"gamma_pdc":-0.00508,"gamma_r":-0.508}