{"Date":"04.05.2011","Version":"MM107","Technology":"Multi-c-Si","BIPV":"N","A_c":1.64,"N_s":60.0,"T_NOCT":45.9,"I_sc_ref":8.35,"V_oc_ref":37.5,"I_mp_ref":7.87,"V_mp_ref":29.87,"alpha_sc":0.004259000000000001,"beta_oc":-0.12412999999999999,"a_ref":1.5481,"I_L_ref":8.353,"I_o_ref":2.51e-10,"R_s":0.39799999999999996,"R_sh_ref":1152.89,"Adjust":7.7,"PTC":211.4,"pdc0":235.0,"gamma_pdc":-0.00452,"gamma_r":-0.452}