{"Date":"04.05.2011","Version":"MM107","Technology":"Multi-c-Si","BIPV":"N","A_c":1.64,"N_s":60.0,"T_NOCT":45.9,"I_sc_ref":8.17,"V_oc_ref":36.8,"I_mp_ref":7.69,"V_mp_ref":29.26,"alpha_sc":0.0041670000000000006,"beta_oc":-0.12180999999999999,"a_ref":1.5192,"I_L_ref":8.174,"I_o_ref":2.46e-10,"R_s":0.40700000000000003,"R_sh_ref":836.24,"Adjust":7.7,"PTC":202.2,"pdc0":225.0,"gamma_pdc":-0.00452,"gamma_r":-0.452}