{"Technology":"Multi-c-Si","BIPV":"N","A_c":1.6269999999999998,"N_s":60.0,"T_NOCT":46.9,"PTC":200.6,"pdc0":225.0,"gamma_pdc":-0.00462}