{"Technology":"Mono-c-Si","BIPV":"N","A_c":1.5490000000000002,"N_s":60.0,"T_NOCT":48.6,"PTC":131.1,"pdc0":150.0,"gamma_pdc":-0.004678}