{"Technology":"Multi-c-Si","BIPV":"N","A_c":0.9890000000000001,"N_s":36.0,"T_NOCT":44.1,"PTC":127.0,"pdc0":140.0,"gamma_pdc":-0.0045379999999999995}