{"Technology":"Mono-c-Si","BIPV":"N","A_c":1.5490000000000002,"N_s":60.0,"T_NOCT":44.3,"PTC":232.7,"pdc0":255.0,"gamma_pdc":-0.00442}