{"Technology":"Multi-c-Si","BIPV":"N","A_c":1.5490000000000002,"N_s":60.0,"T_NOCT":43.6,"PTC":224.9,"pdc0":245.0,"gamma_pdc":-0.00424}