{"Technology":"Mono-c-Si","BIPV":"N","A_c":1.5490000000000002,"N_s":60.0,"T_NOCT":46.0,"PTC":193.9,"pdc0":215.0,"gamma_pdc":-0.00436}