{"Technology":"Mono-c-Si","BIPV":"N","A_c":1.5490000000000002,"N_s":60.0,"T_NOCT":44.3,"PTC":228.0,"pdc0":250.0,"gamma_pdc":-0.00442}