{"Technology":"Multi-c-Si","BIPV":"N","A_c":1.5930000000000002,"N_s":60.0,"T_NOCT":45.8,"PTC":251.8,"pdc0":275.0,"gamma_pdc":-0.004002}