{"Technology":"Mono-c-Si","BIPV":"N","A_c":1.5490000000000002,"N_s":60.0,"T_NOCT":46.0,"PTC":189.3,"pdc0":210.0,"gamma_pdc":-0.00436}