{"Technology":"Multi-c-Si","BIPV":"N","A_c":1.5490000000000002,"N_s":60.0,"T_NOCT":44.1,"PTC":213.6,"pdc0":235.0,"gamma_pdc":-0.0045379999999999995}