{"Technology":"Mono-c-Si","BIPV":"N","A_c":1.5490000000000002,"N_s":60.0,"T_NOCT":46.0,"PTC":240.4,"pdc0":265.0,"gamma_pdc":-0.00436}