{"Technology":"Mono-c-Si","BIPV":"N","A_c":1.9269999999999998,"N_s":72.0,"T_NOCT":44.2,"PTC":313.3,"pdc0":340.0,"gamma_pdc":-0.004070000000000001}