{"Technology":"Mono-c-Si","BIPV":"N","A_c":1.9269999999999998,"N_s":72.0,"T_NOCT":44.5,"PTC":321.2,"pdc0":350.0,"gamma_pdc":-0.00423}