{"Technology":"Mono-c-Si","BIPV":"N","A_c":1.9269999999999998,"N_s":72.0,"T_NOCT":44.2,"PTC":294.4,"pdc0":320.0,"gamma_pdc":-0.004070000000000001}