{"Technology":"Multi-c-Si","BIPV":"N","A_c":1.9269999999999998,"N_s":72.0,"T_NOCT":43.9,"PTC":289.9,"pdc0":315.0,"gamma_pdc":-0.004096}