{"Technology":"Multi-c-Si","BIPV":"N","A_c":1.8519999999999999,"N_s":72.0,"T_NOCT":43.6,"PTC":266.2,"pdc0":290.0,"gamma_pdc":-0.00424}