{"Technology":"Mono-c-Si","BIPV":"N","A_c":1.8519999999999999,"N_s":72.0,"T_NOCT":46.9,"PTC":231.4,"pdc0":260.0,"gamma_pdc":-0.004697}