{"Technology":"Mono-c-Si","BIPV":"N","A_c":1.8519999999999999,"N_s":72.0,"T_NOCT":44.3,"PTC":268.9,"pdc0":295.0,"gamma_pdc":-0.00442}