{"Vac":240.0,"Paco":3810.0,"Pdco":3940.77,"Vdco":370.0,"Pso":19.3692,"C0":-4.69509e-06,"C1":-2.48769e-05,"C2":0.000883859,"C3":-0.00145986,"Pnt":0.9,"Vdcmax":500.0,"Mppt_low":100.0,"Mppt_high":500.0}