{"Vac":240.0,"Paco":4400.0,"Pdco":4560.44,"Vdco":370.0,"Pso":19.1166,"C0":-4.47685e-06,"C1":-3.0403000000000004e-05,"C2":0.0005573980000000001,"C3":-0.00195873,"Pnt":0.97,"Vdcmax":500.0,"Mppt_low":100.0,"Mppt_high":500.0}