{"Vac":208.0,"Paco":2010.0,"Pdco":2080.98,"Vdco":365.0,"Pso":15.2392,"C0":-6.167390000000001e-06,"C1":-8.918450000000001e-06,"C2":8.88684e-05,"C3":-0.00175571,"Pnt":0.9,"Vdcmax":490.0,"Mppt_low":100.0,"Mppt_high":490.0}