{"Vac":240.0,"Paco":2900.0,"Pdco":2996.63,"Vdco":375.0,"Pso":18.2389,"C0":-5.35785e-06,"C1":-2.35734e-05,"C2":0.000382665,"C3":-0.00179744,"Pnt":0.98,"Vdcmax":490.0,"Mppt_low":100.0,"Mppt_high":490.0}