{"Vac":208.0,"Paco":2910.0,"Pdco":3026.31,"Vdco":365.0,"Pso":17.4307,"C0":-6.82914e-06,"C1":-1.901e-05,"C2":0.00041593099999999997,"C3":-0.00146143,"Pnt":0.92,"Vdcmax":490.0,"Mppt_low":100.0,"Mppt_high":490.0}