{"Vac":208.0,"Paco":4400.0,"Pdco":4584.16,"Vdco":360.0,"Pso":18.3704,"C0":-5.02029e-06,"C1":-3.08638e-05,"C2":0.000799578,"C3":-0.00158114,"Pnt":0.8,"Vdcmax":500.0,"Mppt_low":100.0,"Mppt_high":500.0}