{"Date":"12.01.2011","Version":"NRELv1","Technology":"Multi-c-Si","BIPV":"N","A_c":1.023,"N_s":36.0,"T_NOCT":49.1,"I_sc_ref":7.86,"V_oc_ref":22.07,"I_mp_ref":7.43,"V_mp_ref":17.38,"alpha_sc":0.009668000000000001,"beta_oc":-0.06533,"a_ref":0.9293,"I_L_ref":7.946000000000001,"I_o_ref":3.8199999999999997e-10,"R_s":0.272,"R_sh_ref":276.67,"Adjust":24.61,"PTC":115.4,"pdc0":130.0,"gamma_pdc":-0.0042899999999999995,"gamma_r":-0.429}