{"Date":"12.01.2011","Version":"NRELv1","Technology":"Multi-c-Si","BIPV":"N","A_c":1.341,"N_s":48.0,"T_NOCT":49.1,"I_sc_ref":7.9,"V_oc_ref":29.52,"I_mp_ref":7.48,"V_mp_ref":23.31,"alpha_sc":0.009717,"beta_oc":-0.08738,"a_ref":1.2438,"I_L_ref":7.985,"I_o_ref":3.9e-10,"R_s":0.35200000000000004,"R_sh_ref":446.86,"Adjust":24.78,"PTC":155.4,"pdc0":175.0,"gamma_pdc":-0.0042899999999999995,"gamma_r":-0.429}