{"Date":"12.01.2011","Version":"NRELv1","Technology":"Mono-c-Si","BIPV":"N","A_c":1.341,"N_s":48.0,"T_NOCT":47.8,"I_sc_ref":8.59,"V_oc_ref":29.92,"I_mp_ref":7.91,"V_mp_ref":23.9,"alpha_sc":0.007387,"beta_oc":-0.08617000000000001,"a_ref":1.2431,"I_L_ref":8.616,"I_o_ref":2.93e-10,"R_s":0.301,"R_sh_ref":100.63,"Adjust":25.06,"PTC":170.4,"pdc0":190.0,"gamma_pdc":-0.00425,"gamma_r":-0.425}