{"Date":"12.01.2011","Version":"NRELv1","Technology":"Mono-c-Si","BIPV":"N","A_c":1.341,"N_s":48.0,"T_NOCT":47.8,"I_sc_ref":8.34,"V_oc_ref":29.59,"I_mp_ref":7.69,"V_mp_ref":23.45,"alpha_sc":0.0071719999999999996,"beta_oc":-0.08522,"a_ref":1.2229999999999999,"I_L_ref":8.365,"I_o_ref":2.52e-10,"R_s":0.335,"R_sh_ref":110.37,"Adjust":23.81,"PTC":161.2,"pdc0":180.0,"gamma_pdc":-0.00425,"gamma_r":-0.425}