{"Date":"12.01.2011","Version":"NRELv1","Technology":"Mono-c-Si","BIPV":"N","A_c":1.659,"N_s":60.0,"T_NOCT":47.8,"I_sc_ref":8.28,"V_oc_ref":36.63,"I_mp_ref":7.62,"V_mp_ref":29.08,"alpha_sc":0.007121,"beta_oc":-0.10549000000000001,"a_ref":1.5171,"I_L_ref":8.307,"I_o_ref":2.62e-10,"R_s":0.41,"R_sh_ref":127.16,"Adjust":24.29,"PTC":197.0,"pdc0":220.0,"gamma_pdc":-0.00425,"gamma_r":-0.425}