{"Date":"12.01.2011","Version":"NRELv1","Technology":"Mono-c-Si","BIPV":"N","A_c":1.5,"N_s":54.0,"T_NOCT":47.8,"I_sc_ref":8.59,"V_oc_ref":33.66,"I_mp_ref":7.91,"V_mp_ref":26.89,"alpha_sc":0.007387,"beta_oc":-0.09694,"a_ref":1.3985,"I_L_ref":8.616,"I_o_ref":2.93e-10,"R_s":0.33799999999999997,"R_sh_ref":113.18,"Adjust":25.07,"PTC":192.9,"pdc0":215.0,"gamma_pdc":-0.00425,"gamma_r":-0.425}