{"Date":"12.01.2011","Version":"NRELv1","Technology":"Multi-c-Si","BIPV":"N","A_c":1.659,"N_s":60.0,"T_NOCT":46.5,"I_sc_ref":8.44,"V_oc_ref":37.38,"I_mp_ref":7.92,"V_mp_ref":30.96,"alpha_sc":0.0051990000000000005,"beta_oc":-0.12608,"a_ref":1.6192,"I_L_ref":8.445,"I_o_ref":7.860000000000001e-10,"R_s":0.20600000000000002,"R_sh_ref":353.15,"Adjust":15.85,"PTC":209.9,"pdc0":235.0,"gamma_pdc":-0.0046500000000000005,"gamma_r":-0.465}