{"Date":"12.01.2011","Version":"NRELv1","Technology":"Mono-c-Si","BIPV":"N","A_c":1.659,"N_s":60.0,"T_NOCT":47.8,"I_sc_ref":8.34,"V_oc_ref":36.99,"I_mp_ref":7.69,"V_mp_ref":29.31,"alpha_sc":0.0071719999999999996,"beta_oc":-0.10653,"a_ref":1.5288,"I_L_ref":8.365,"I_o_ref":2.51e-10,"R_s":0.42,"R_sh_ref":138.03,"Adjust":23.79,"PTC":201.6,"pdc0":225.0,"gamma_pdc":-0.00425,"gamma_r":-0.425}