{"Date":"12.01.2011","Version":"NRELv1","Technology":"Mono-c-Si","BIPV":"N","A_c":1.659,"N_s":60.0,"T_NOCT":47.8,"I_sc_ref":8.55,"V_oc_ref":37.34,"I_mp_ref":7.86,"V_mp_ref":29.76,"alpha_sc":0.007353,"beta_oc":-0.10754000000000001,"a_ref":1.5509,"I_L_ref":8.578,"I_o_ref":2.89e-10,"R_s":0.387,"R_sh_ref":119.54,"Adjust":24.96,"PTC":210.7,"pdc0":235.0,"gamma_pdc":-0.00425,"gamma_r":-0.425}