{"Date":"12.01.2011","Version":"NRELv1","Technology":"Multi-c-Si","BIPV":"N","A_c":1.659,"N_s":60.0,"T_NOCT":46.5,"I_sc_ref":8.14,"V_oc_ref":36.54,"I_mp_ref":7.63,"V_mp_ref":30.18,"alpha_sc":0.005014,"beta_oc":-0.12325,"a_ref":1.5813,"I_L_ref":8.145,"I_o_ref":7.399999999999999e-10,"R_s":0.221,"R_sh_ref":329.18,"Adjust":15.64,"PTC":196.2,"pdc0":220.0,"gamma_pdc":-0.0046500000000000005,"gamma_r":-0.465}