{"Date":"12.01.2011","Version":"NRELv1","Technology":"Mono-c-Si","BIPV":"N","A_c":1.659,"N_s":60.0,"T_NOCT":47.8,"I_sc_ref":8.63,"V_oc_ref":37.52,"I_mp_ref":7.95,"V_mp_ref":30.05,"alpha_sc":0.007422,"beta_oc":-0.10805999999999999,"a_ref":1.5608,"I_L_ref":8.655,"I_o_ref":3.03e-10,"R_s":0.364,"R_sh_ref":126.57,"Adjust":25.36,"PTC":215.4,"pdc0":240.0,"gamma_pdc":-0.00425,"gamma_r":-0.425}