{"Technology":"Mono-c-Si","BIPV":"N","A_c":1.6269999999999998,"N_s":60.0,"T_NOCT":45.5,"PTC":268.9,"pdc0":295.0,"gamma_pdc":-0.0043230000000000005}