{"Date":"12.01.2011","Version":"NRELv1","Technology":"Mono-c-Si","BIPV":"N","A_c":1.95,"N_s":72.0,"T_NOCT":46.2,"I_sc_ref":8.5,"V_oc_ref":44.93,"I_mp_ref":7.91,"V_mp_ref":36.79,"alpha_sc":0.004640999999999999,"beta_oc":-0.1546,"a_ref":1.9174,"I_L_ref":8.511000000000001,"I_o_ref":5.539999999999999e-10,"R_s":0.313,"R_sh_ref":234.37,"Adjust":10.42,"PTC":255.8,"pdc0":285.0,"gamma_pdc":-0.00457,"gamma_r":-0.457}