{"Date":"12.01.2011","Version":"NRELv1","Technology":"Multi-c-Si","BIPV":"N","A_c":1.95,"N_s":72.0,"T_NOCT":46.5,"I_sc_ref":8.57,"V_oc_ref":44.78,"I_mp_ref":8.04,"V_mp_ref":37.08,"alpha_sc":0.005279,"beta_oc":-0.15106,"a_ref":1.9398,"I_L_ref":8.575,"I_o_ref":7.979999999999999e-10,"R_s":0.244,"R_sh_ref":407.51,"Adjust":15.84,"PTC":254.8,"pdc0":285.0,"gamma_pdc":-0.0046500000000000005,"gamma_r":-0.465}