{"Date":"12.01.2011","Version":"NRELv1","Technology":"Multi-c-Si","BIPV":"N","A_c":1.95,"N_s":72.0,"T_NOCT":46.5,"I_sc_ref":8.55,"V_oc_ref":45.07,"I_mp_ref":8.03,"V_mp_ref":37.58,"alpha_sc":0.005267,"beta_oc":-0.15203,"a_ref":1.959,"I_L_ref":8.554,"I_o_ref":8.609999999999999e-10,"R_s":0.20800000000000002,"R_sh_ref":433.49,"Adjust":16.59,"PTC":259.4,"pdc0":290.0,"gamma_pdc":-0.0046500000000000005,"gamma_r":-0.465}