{"Date":"12.01.2011","Version":"NRELv1","Technology":"Multi-c-Si","BIPV":"N","A_c":1.95,"N_s":72.0,"T_NOCT":46.5,"I_sc_ref":8.35,"V_oc_ref":43.99,"I_mp_ref":7.82,"V_mp_ref":36.14,"alpha_sc":0.005144,"beta_oc":-0.14839000000000002,"a_ref":1.8988,"I_L_ref":8.356,"I_o_ref":7.149999999999999e-10,"R_s":0.289,"R_sh_ref":371.44,"Adjust":15.07,"PTC":241.1,"pdc0":270.0,"gamma_pdc":-0.0046500000000000005,"gamma_r":-0.465}