{"Date":"12.01.2011","Version":"NRELv1","Technology":"Mono-c-Si","BIPV":"N","A_c":1.95,"N_s":72.0,"T_NOCT":46.2,"I_sc_ref":8.54,"V_oc_ref":45.22,"I_mp_ref":7.99,"V_mp_ref":37.58,"alpha_sc":0.0046630000000000005,"beta_oc":-0.15559,"a_ref":1.9403,"I_L_ref":8.547,"I_o_ref":6.35e-10,"R_s":0.233,"R_sh_ref":306.29,"Adjust":11.6,"PTC":260.4,"pdc0":290.0,"gamma_pdc":-0.00457,"gamma_r":-0.457}