{"Date":"05.01.2013","Version":"NRELv1","Technology":"Multi-c-Si","BIPV":"N","A_c":0.998,"N_s":36.0,"T_NOCT":48.8,"I_sc_ref":8.71,"V_oc_ref":22.3,"I_mp_ref":8.22,"V_mp_ref":17.64,"alpha_sc":0.005559000000000001,"beta_oc":-0.07359,"a_ref":0.9143,"I_L_ref":8.711,"I_o_ref":2.22e-10,"R_s":0.245,"R_sh_ref":1822.47,"Adjust":6.602,"PTC":129.0,"pdc0":145.0,"gamma_pdc":-0.004379999999999999,"gamma_r":-0.43799999999999994}