{"Date":"05.01.2013","Version":"NRELv1","Technology":"Multi-c-Si","BIPV":"N","A_c":1.65,"N_s":60.0,"T_NOCT":48.8,"I_sc_ref":8.78,"V_oc_ref":36.5,"I_mp_ref":8.1,"V_mp_ref":29.5,"alpha_sc":0.005602,"beta_oc":-0.12045,"a_ref":1.535,"I_L_ref":8.801,"I_o_ref":4.0099999999999996e-10,"R_s":0.306,"R_sh_ref":126.26,"Adjust":11.83,"PTC":213.5,"pdc0":240.0,"gamma_pdc":-0.004379999999999999,"gamma_r":-0.43799999999999994}