{"Date":"05.01.2013","Version":"NRELv1","Technology":"Multi-c-Si","BIPV":"N","A_c":1.65,"N_s":60.0,"T_NOCT":48.8,"I_sc_ref":8.95,"V_oc_ref":36.9,"I_mp_ref":8.4,"V_mp_ref":30.2,"alpha_sc":0.00571,"beta_oc":-0.12177,"a_ref":1.5475,"I_L_ref":8.957,"I_o_ref":3.9e-10,"R_s":0.252,"R_sh_ref":327.43,"Adjust":11.35,"PTC":227.2,"pdc0":255.0,"gamma_pdc":-0.004379999999999999,"gamma_r":-0.43799999999999994}