{"Date":"05.01.2013","Version":"NRELv1","Technology":"Multi-c-Si","BIPV":"N","A_c":1.966,"N_s":72.0,"T_NOCT":48.8,"I_sc_ref":8.19,"V_oc_ref":43.9,"I_mp_ref":7.62,"V_mp_ref":36.1,"alpha_sc":0.005225,"beta_oc":-0.14487,"a_ref":1.8556,"I_L_ref":8.201,"I_o_ref":4.26e-10,"R_s":0.3,"R_sh_ref":224.4,"Adjust":12.98,"PTC":244.3,"pdc0":275.0,"gamma_pdc":-0.004379999999999999,"gamma_r":-0.43799999999999994}