{"Date":"05.01.2013","Version":"NRELv1","Technology":"Multi-c-Si","BIPV":"N","A_c":1.966,"N_s":72.0,"T_NOCT":48.8,"I_sc_ref":8.28,"V_oc_ref":44.0,"I_mp_ref":7.73,"V_mp_ref":36.2,"alpha_sc":0.0052829999999999995,"beta_oc":-0.1452,"a_ref":1.8566,"I_L_ref":8.289,"I_o_ref":4.15e-10,"R_s":0.295,"R_sh_ref":269.45,"Adjust":12.63,"PTC":248.9,"pdc0":280.0,"gamma_pdc":-0.004379999999999999,"gamma_r":-0.43799999999999994}