{"Date":"05.01.2013","Version":"NRELv1","Technology":"Multi-c-Si","BIPV":"N","A_c":1.966,"N_s":72.0,"T_NOCT":48.8,"I_sc_ref":8.37,"V_oc_ref":44.1,"I_mp_ref":7.85,"V_mp_ref":36.3,"alpha_sc":0.005337,"beta_oc":-0.14553,"a_ref":1.8563,"I_L_ref":8.377,"I_o_ref":3.98e-10,"R_s":0.29100000000000004,"R_sh_ref":374.39,"Adjust":12.13,"PTC":253.5,"pdc0":285.0,"gamma_pdc":-0.004379999999999999,"gamma_r":-0.43799999999999994}