{"Date":"05.01.2013","Version":"NRELv1","Technology":"Multi-c-Si","BIPV":"N","A_c":1.966,"N_s":72.0,"T_NOCT":48.8,"I_sc_ref":8.45,"V_oc_ref":44.2,"I_mp_ref":7.97,"V_mp_ref":36.4,"alpha_sc":0.005391,"beta_oc":-0.14586,"a_ref":1.855,"I_L_ref":8.453,"I_o_ref":3.76e-10,"R_s":0.28800000000000003,"R_sh_ref":739.18,"Adjust":11.53,"PTC":258.1,"pdc0":290.0,"gamma_pdc":-0.004379999999999999,"gamma_r":-0.43799999999999994}