{"Date":"05.01.2013","Version":"NRELv1","Technology":"Multi-c-Si","BIPV":"N","A_c":1.966,"N_s":72.0,"T_NOCT":48.8,"I_sc_ref":8.57,"V_oc_ref":44.3,"I_mp_ref":8.09,"V_mp_ref":36.5,"alpha_sc":0.005468,"beta_oc":-0.14619000000000001,"a_ref":1.8588,"I_L_ref":8.573,"I_o_ref":3.8e-10,"R_s":0.282,"R_sh_ref":850.64,"Adjust":11.49,"PTC":262.6,"pdc0":295.0,"gamma_pdc":-0.004379999999999999,"gamma_r":-0.43799999999999994}