{"Date":"05.01.2013","Version":"NRELv1","Technology":"Multi-c-Si","BIPV":"N","A_c":1.966,"N_s":72.0,"T_NOCT":48.8,"I_sc_ref":8.78,"V_oc_ref":44.5,"I_mp_ref":8.32,"V_mp_ref":36.7,"alpha_sc":0.005602,"beta_oc":-0.14685,"a_ref":1.8641,"I_L_ref":8.781,"I_o_ref":3.76e-10,"R_s":0.272,"R_sh_ref":3606.64,"Adjust":11.16,"PTC":271.8,"pdc0":305.0,"gamma_pdc":-0.004379999999999999,"gamma_r":-0.43799999999999994}