{"Date":"05.01.2013","Version":"NRELv1","Technology":"Multi-c-Si","BIPV":"N","A_c":1.966,"N_s":72.0,"T_NOCT":48.8,"I_sc_ref":8.69,"V_oc_ref":44.4,"I_mp_ref":8.2,"V_mp_ref":36.6,"alpha_sc":0.0055439999999999994,"beta_oc":-0.14652,"a_ref":1.8639,"I_L_ref":8.693,"I_o_ref":3.9e-10,"R_s":0.276,"R_sh_ref":770.93,"Adjust":11.6,"PTC":267.2,"pdc0":300.0,"gamma_pdc":-0.004379999999999999,"gamma_r":-0.43799999999999994}