{"Date":"08.06.2009","Version":"MM106","Technology":"Mono-c-Si","BIPV":"N","A_c":1.642,"N_s":60.0,"T_NOCT":47.0,"I_sc_ref":8.0,"V_oc_ref":36.4,"I_mp_ref":7.2,"V_mp_ref":29.8,"alpha_sc":0.004688,"beta_oc":-0.1409,"a_ref":1.6961,"I_L_ref":8.024,"I_o_ref":3.6099999999999997e-09,"R_s":0.23199999999999998,"R_sh_ref":76.3,"Adjust":14.7,"PTC":188.6,"pdc0":215.0,"gamma_pdc":-0.0051400000000000005,"gamma_r":-0.514}