{"Date":"2/14/2011","Version":"MM107","Technology":"Mono-c-Si","BIPV":"N","A_c":1.2770000000000001,"N_s":72.0,"T_NOCT":47.4,"I_sc_ref":5.2,"V_oc_ref":44.2,"I_mp_ref":4.96,"V_mp_ref":35.3,"alpha_sc":0.005101,"beta_oc":-0.22921999999999998,"a_ref":1.9855,"I_L_ref":5.268,"I_o_ref":1.13e-09,"R_s":0.657,"R_sh_ref":100000.0,"Adjust":-20.1,"PTC":155.6,"pdc0":175.0,"gamma_pdc":-0.0046,"gamma_r":-0.46}