{"Date":"2/14/2011","Version":"MM107","Technology":"Mono-c-Si","BIPV":"N","A_c":1.2770000000000001,"N_s":72.0,"T_NOCT":47.4,"I_sc_ref":5.5,"V_oc_ref":45.0,"I_mp_ref":5.1,"V_mp_ref":36.27,"alpha_sc":0.005396,"beta_oc":-0.23337,"a_ref":2.0577,"I_L_ref":5.507999999999999,"I_o_ref":1.7199999999999999e-09,"R_s":0.5579999999999999,"R_sh_ref":395.03,"Adjust":-17.6,"PTC":164.8,"pdc0":185.0,"gamma_pdc":-0.0046,"gamma_r":-0.46}