{"Date":"10/20/2011","Version":"NRELv1","Technology":"Mono-c-Si","BIPV":"N","A_c":1.642,"N_s":60.0,"T_NOCT":46.0,"I_sc_ref":8.55,"V_oc_ref":36.6,"I_mp_ref":7.64,"V_mp_ref":30.8,"alpha_sc":0.006036,"beta_oc":-0.13967000000000002,"a_ref":1.6480000000000001,"I_L_ref":8.566,"I_o_ref":1.8e-09,"R_s":0.11,"R_sh_ref":59.32,"Adjust":9.394,"PTC":211.7,"pdc0":235.0,"gamma_pdc":-0.00443,"gamma_r":-0.44299999999999995}