{"Date":"10/20/2011","Version":"NRELv1","Technology":"Mono-c-Si","BIPV":"N","A_c":1.642,"N_s":60.0,"T_NOCT":46.0,"I_sc_ref":8.75,"V_oc_ref":37.3,"I_mp_ref":7.81,"V_mp_ref":31.4,"alpha_sc":0.006178,"beta_oc":-0.14234000000000002,"a_ref":1.6813,"I_L_ref":8.766,"I_o_ref":1.88e-09,"R_s":0.10800000000000001,"R_sh_ref":58.04,"Adjust":9.59,"PTC":221.0,"pdc0":245.0,"gamma_pdc":-0.00443,"gamma_r":-0.44299999999999995}