{"Date":"2/14/2011","Version":"MM107","Technology":"Multi-c-Si","BIPV":"N","A_c":1.642,"N_s":60.0,"T_NOCT":48.9,"I_sc_ref":8.55,"V_oc_ref":37.2,"I_mp_ref":7.8,"V_mp_ref":30.8,"alpha_sc":0.007054,"beta_oc":-0.15062,"a_ref":1.6633,"I_L_ref":8.567,"I_o_ref":1.58e-09,"R_s":0.19,"R_sh_ref":94.29,"Adjust":1.6,"PTC":213.1,"pdc0":240.0,"gamma_pdc":-0.00443,"gamma_r":-0.44299999999999995}