{"Date":"8/30/2010","Version":"MM107","Technology":"Multi-c-Si","BIPV":"N","A_c":1.642,"N_s":60.0,"T_NOCT":46.7,"I_sc_ref":8.55,"V_oc_ref":37.2,"I_mp_ref":7.8,"V_mp_ref":30.8,"alpha_sc":0.00627,"beta_oc":-0.11313,"a_ref":1.6224,"I_L_ref":8.568999999999999,"I_o_ref":8.989999999999999e-10,"R_s":0.201,"R_sh_ref":91.54,"Adjust":29.7,"PTC":215.0,"pdc0":240.0,"gamma_pdc":-0.004529999999999999,"gamma_r":-0.45299999999999996}