{"Technology":"Multi-c-Si","BIPV":"N","A_c":1.6269999999999998,"N_s":60.0,"T_NOCT":47.7,"PTC":228.1,"pdc0":255.0,"gamma_pdc":-0.004467}