{"Date":"10/20/2011","Version":"NRELv1","Technology":"Mono-c-Si","BIPV":"N","A_c":1.94,"N_s":72.0,"T_NOCT":48.5,"I_sc_ref":9.0,"V_oc_ref":39.5,"I_mp_ref":8.14,"V_mp_ref":33.2,"alpha_sc":0.006776999999999999,"beta_oc":-0.15212,"a_ref":1.7643,"I_L_ref":9.015,"I_o_ref":1.61e-09,"R_s":0.124,"R_sh_ref":75.69,"Adjust":6.851,"PTC":240.2,"pdc0":270.0,"gamma_pdc":-0.00439,"gamma_r":-0.439}