{"Date":"10/20/2011","Version":"NRELv1","Technology":"Mono-c-Si","BIPV":"N","A_c":1.94,"N_s":72.0,"T_NOCT":48.5,"I_sc_ref":9.15,"V_oc_ref":40.4,"I_mp_ref":8.36,"V_mp_ref":34.1,"alpha_sc":0.00689,"beta_oc":-0.15558,"a_ref":1.7968,"I_L_ref":9.16,"I_o_ref":1.5e-09,"R_s":0.10800000000000001,"R_sh_ref":95.46,"Adjust":6.087000000000001,"PTC":254.0,"pdc0":285.0,"gamma_pdc":-0.00439,"gamma_r":-0.439}