{"Date":"10/20/2011","Version":"NRELv1","Technology":"Multi-c-Si","BIPV":"N","A_c":1.94,"N_s":72.0,"T_NOCT":46.1,"I_sc_ref":8.26,"V_oc_ref":44.2,"I_mp_ref":7.66,"V_mp_ref":36.6,"alpha_sc":0.006889,"beta_oc":-0.18705,"a_ref":2.0011,"I_L_ref":8.269,"I_o_ref":2.0600000000000003e-09,"R_s":0.22699999999999998,"R_sh_ref":214.94,"Adjust":-0.3343,"PTC":250.9,"pdc0":280.0,"gamma_pdc":-0.0046500000000000005,"gamma_r":-0.465}