{"Date":"10/26/2011","Version":"NRELv1","Technology":"Mono-c-Si","BIPV":"N","A_c":1.94,"N_s":72.0,"T_NOCT":46.0,"I_sc_ref":9.1,"V_oc_ref":40.1,"I_mp_ref":8.29,"V_mp_ref":33.8,"alpha_sc":0.0056689999999999996,"beta_oc":-0.14969000000000002,"a_ref":1.7577,"I_L_ref":9.113,"I_o_ref":1.07e-09,"R_s":0.121,"R_sh_ref":87.34,"Adjust":6.704,"PTC":252.6,"pdc0":280.0,"gamma_pdc":-0.00439,"gamma_r":-0.439}