{"Date":"10/26/2011","Version":"NRELv1","Technology":"Mono-c-Si","BIPV":"N","A_c":1.94,"N_s":72.0,"T_NOCT":46.0,"I_sc_ref":9.15,"V_oc_ref":40.4,"I_mp_ref":8.36,"V_mp_ref":34.1,"alpha_sc":0.0057,"beta_oc":-0.15081,"a_ref":1.7689,"I_L_ref":9.161,"I_o_ref":1.0499999999999999e-09,"R_s":0.115,"R_sh_ref":93.8,"Adjust":6.504,"PTC":257.2,"pdc0":285.0,"gamma_pdc":-0.00439,"gamma_r":-0.439}