{"Date":"10/26/2011","Version":"NRELv1","Technology":"Mono-c-Si","BIPV":"N","A_c":1.94,"N_s":72.0,"T_NOCT":46.0,"I_sc_ref":9.2,"V_oc_ref":40.7,"I_mp_ref":8.44,"V_mp_ref":34.4,"alpha_sc":0.005732,"beta_oc":-0.15192999999999998,"a_ref":1.7787,"I_L_ref":9.21,"I_o_ref":1.02e-09,"R_s":0.111,"R_sh_ref":104.48,"Adjust":6.1610000000000005,"PTC":261.9,"pdc0":290.0,"gamma_pdc":-0.00439,"gamma_r":-0.439}