{"Date":"10/20/2011","Version":"NRELv1","Technology":"Mono-c-Si","BIPV":"N","A_c":1.94,"N_s":72.0,"T_NOCT":48.5,"I_sc_ref":9.2,"V_oc_ref":40.7,"I_mp_ref":8.44,"V_mp_ref":34.4,"alpha_sc":0.006928,"beta_oc":-0.15674000000000002,"a_ref":1.8067,"I_L_ref":9.209,"I_o_ref":1.45e-09,"R_s":0.10300000000000001,"R_sh_ref":106.54,"Adjust":5.746,"PTC":258.6,"pdc0":290.0,"gamma_pdc":-0.00439,"gamma_r":-0.439}