{"Date":"10.04.2010","Version":"MM107","Technology":"Mono-c-Si","BIPV":"N","A_c":1.632,"N_s":60.0,"T_NOCT":49.2,"I_sc_ref":8.56,"V_oc_ref":37.5,"I_mp_ref":8.0,"V_mp_ref":30.0,"alpha_sc":0.003861,"beta_oc":-0.12611,"a_ref":1.6243,"I_L_ref":8.568999999999999,"I_o_ref":7.96e-10,"R_s":0.35200000000000004,"R_sh_ref":343.74,"Adjust":16.2,"PTC":209.4,"pdc0":240.0,"gamma_pdc":-0.00499,"gamma_r":-0.499}