{"Vac":208.0,"Paco":1500.0,"Pdco":1555.25,"Vdco":330.0,"Pso":11.6816,"C0":-1.3410899999999999e-05,"C1":-2.1624e-05,"C2":-0.000141105,"C3":-0.000526036,"Pnt":0.07,"Vdcmax":360.0,"Mppt_low":100.0,"Mppt_high":360.0}