{"Vac":277.0,"Paco":4200.0,"Pdco":4317.21,"Vdco":375.0,"Pso":31.8949,"C0":-3.8054900000000004e-06,"C1":-2.63912e-05,"C2":-0.0007533339999999999,"C3":-0.00047267699999999996,"Pnt":0.4,"Vdcmax":450.0,"Mppt_low":100.0,"Mppt_high":450.0}