{"Vac":240.0,"Paco":1650.0,"Pdco":1708.22,"Vdco":330.0,"Pso":15.5607,"C0":-1.28763e-05,"C1":-2.79373e-05,"C2":-0.000847685,"C3":-0.00110106,"Pnt":0.11,"Vdcmax":360.0,"Mppt_low":100.0,"Mppt_high":360.0}