{"Vac":240.0,"Paco":2000.0,"Pdco":2066.48,"Vdco":360.0,"Pso":13.2967,"C0":-8.37449e-06,"C1":-2.62817e-05,"C2":-0.0008795089999999999,"C3":-0.000606358,"Pnt":0.1,"Vdcmax":400.0,"Mppt_low":100.0,"Mppt_high":400.0}