{"Vac":277.0,"Paco":10100.0,"Pdco":10482.7,"Vdco":420.0,"Pso":100.027,"C0":-8.77481e-07,"C1":-8.33708e-05,"C2":0.00042316699999999996,"C3":-0.00219856,"Pnt":0.01,"Vdcmax":480.0,"Mppt_low":250.0,"Mppt_high":480.0}