{"Vac":208.0,"Paco":1800.0,"Pdco":1869.16,"Vdco":360.0,"Pso":10.5188,"C0":-1.0000800000000001e-05,"C1":-1.18458e-05,"C2":-0.000420101,"C3":-0.00042486199999999997,"Pnt":0.09,"Vdcmax":400.0,"Mppt_low":100.0,"Mppt_high":400.0}