{"Vac":277.0,"Paco":18310.0,"Pdco":18972.7,"Vdco":420.0,"Pso":112.037,"C0":-8.25615e-07,"C1":-6.68215e-05,"C2":0.00206401,"C3":0.00285141,"Pnt":0.01,"Vdcmax":480.0,"Mppt_low":250.0,"Mppt_high":480.0}