{"Vac":277.0,"Paco":1650.0,"Pdco":1706.61,"Vdco":330.0,"Pso":18.1012,"C0":-9.815280000000001e-06,"C1":-2.68752e-05,"C2":-0.000167259,"C3":-0.0008746860000000001,"Pnt":0.13,"Vdcmax":360.0,"Mppt_low":100.0,"Mppt_high":360.0}