{"Vac":208.0,"Paco":3600.0,"Pdco":3710.22,"Vdco":375.0,"Pso":21.701,"C0":-4.53295e-06,"C1":-2.5584e-05,"C2":-0.0008069419999999999,"C3":0.000389729,"Pnt":0.23,"Vdcmax":450.0,"Mppt_low":100.0,"Mppt_high":450.0}