{"Vac":240.0,"Paco":9080.0,"Pdco":9357.77,"Vdco":380.0,"Pso":55.5296,"C0":-8.401309999999999e-07,"C1":1.70628e-05,"C2":-0.00643294,"C3":0.00189038,"Pnt":0.08,"Vdcmax":480.0,"Mppt_low":100.0,"Mppt_high":480.0}