{"Vac":240.0,"Paco":4600.0,"Pdco":4741.21,"Vdco":375.0,"Pso":16.3527,"C0":-3.36034e-06,"C1":-2.27852e-05,"C2":-0.00307043,"C3":-0.00039344699999999995,"Pnt":0.36,"Vdcmax":450.0,"Mppt_low":100.0,"Mppt_high":450.0}