{"Vac":208.0,"Paco":4200.0,"Pdco":4333.92,"Vdco":375.0,"Pso":25.8482,"C0":-4.2347e-06,"C1":-8.8154e-06,"C2":-0.00120044,"C3":0.00107314,"Pnt":0.25,"Vdcmax":450.0,"Mppt_low":100.0,"Mppt_high":450.0}