{"Vac":277.0,"Paco":3600.0,"Pdco":3689.31,"Vdco":375.0,"Pso":20.8663,"C0":-2.2575e-06,"C1":-3.5728e-05,"C2":-0.00146125,"C3":0.00222579,"Pnt":0.4,"Vdcmax":450.0,"Mppt_low":100.0,"Mppt_high":450.0}