{"Vac":277.0,"Paco":10100.0,"Pdco":10471.2,"Vdco":420.0,"Pso":90.73899999999999,"C0":-8.56455e-07,"C1":-4.86634e-05,"C2":0.000248662,"C3":-0.00120583,"Pnt":0.01,"Vdcmax":480.0,"Mppt_low":100.0,"Mppt_high":480.0}