{"Vac":240.0,"Paco":4200.0,"Pdco":4314.08,"Vdco":375.0,"Pso":20.5734,"C0":-2.8273900000000004e-06,"C1":-2.28861e-05,"C2":-0.00117739,"C3":0.00161131,"Pnt":0.33,"Vdcmax":450.0,"Mppt_low":100.0,"Mppt_high":450.0}