{"Vac":240.0,"Paco":8080.0,"Pdco":8327.9,"Vdco":380.0,"Pso":28.9971,"C0":-6.3268e-07,"C1":8.63763e-06,"C2":0.000154937,"C3":-0.00416305,"Pnt":0.08,"Vdcmax":480.0,"Mppt_low":100.0,"Mppt_high":480.0}