{"Vac":240.0,"Paco":11700.0,"Pdco":12073.5,"Vdco":380.0,"Pso":32.9375,"C0":-1.0612700000000001e-06,"C1":4.1362399999999996e-05,"C2":0.00739356,"C3":0.00391464,"Pnt":0.08,"Vdcmax":480.0,"Mppt_low":356.0,"Mppt_high":480.0}