{"Vac":240.0,"Paco":220.0,"Pdco":232.35,"Vdco":28.5,"Pso":1.73745,"C0":-0.000120065,"C1":-0.00062047,"C2":0.020902900000000002,"C3":-0.0696018,"Pnt":0.17,"Vdcmax":44.0,"Mppt_low":22.0,"Mppt_high":44.0}