{"Vac":208.0,"Paco":10090.0,"Pdco":10475.2,"Vdco":345.0,"Pso":41.8618,"C0":-1.69393e-06,"C1":1.5160799999999999e-05,"C2":0.00147877,"C3":9.832709999999999e-05,"Pnt":0.05,"Vdcmax":480.0,"Mppt_low":100.0,"Mppt_high":480.0}