{"Vac":277.0,"Paco":4600.0,"Pdco":4719.76,"Vdco":375.0,"Pso":20.9179,"C0":-2.38414e-06,"C1":-2.49028e-05,"C2":-0.00184234,"C3":0.00116256,"Pnt":0.43,"Vdcmax":450.0,"Mppt_low":100.0,"Mppt_high":450.0}