{"Vac":240.0,"Paco":250.95,"Pdco":261.0597599,"Vdco":29.05272222,"Pso":1.005385236,"C0":2.59e-05,"C1":-0.000319,"C2":-0.0645,"C3":0.28000304800000003,"Pnt":0.08,"Vdcmax":60.0,"Mppt_low":22.0,"Mppt_high":55.0}