{"Date":"5/22/2012","Version":"NRELv1","Technology":"Multi-c-Si","BIPV":"N","A_c":1.6369999999999998,"N_s":60.0,"T_NOCT":46.3,"I_sc_ref":8.7,"V_oc_ref":36.6,"I_mp_ref":7.96,"V_mp_ref":30.1,"alpha_sc":0.005098,"beta_oc":-0.11939000000000001,"a_ref":1.5888,"I_L_ref":8.72,"I_o_ref":8.25e-10,"R_s":0.225,"R_sh_ref":96.65,"Adjust":20.14,"PTC":215.1,"pdc0":240.0,"gamma_pdc":-0.00461,"gamma_r":-0.461}