{"Date":"5/22/2012","Version":"NRELv1","Technology":"Multi-c-Si","BIPV":"N","A_c":1.6369999999999998,"N_s":60.0,"T_NOCT":46.3,"I_sc_ref":8.58,"V_oc_ref":36.4,"I_mp_ref":7.78,"V_mp_ref":29.6,"alpha_sc":0.005028,"beta_oc":-0.11874000000000001,"a_ref":1.5783,"I_L_ref":8.61,"I_o_ref":7.860000000000001e-10,"R_s":0.276,"R_sh_ref":78.82,"Adjust":19.83,"PTC":205.9,"pdc0":230.0,"gamma_pdc":-0.00461,"gamma_r":-0.461}