{"Date":"5/22/2012","Version":"NRELv1","Technology":"Mono-c-Si","BIPV":"N","A_c":1.94,"N_s":72.0,"T_NOCT":46.2,"I_sc_ref":8.56,"V_oc_ref":44.0,"I_mp_ref":7.83,"V_mp_ref":35.8,"alpha_sc":0.00321,"beta_oc":-0.15162,"a_ref":1.8799,"I_L_ref":8.585,"I_o_ref":5.62e-10,"R_s":0.33799999999999997,"R_sh_ref":117.73,"Adjust":10.58,"PTC":250.6,"pdc0":280.0,"gamma_pdc":-0.0046700000000000005,"gamma_r":-0.467}