{"Date":"5/22/2012","Version":"NRELv1","Technology":"Multi-c-Si","BIPV":"N","A_c":1.002,"N_s":36.0,"T_NOCT":46.2,"I_sc_ref":8.97,"V_oc_ref":22.57,"I_mp_ref":8.01,"V_mp_ref":17.48,"alpha_sc":0.005427,"beta_oc":-0.07658,"a_ref":0.9872,"I_L_ref":9.039,"I_o_ref":9.91e-10,"R_s":0.28600000000000003,"R_sh_ref":36.9,"Adjust":16.93,"PTC":124.5,"pdc0":140.0,"gamma_pdc":-0.00488,"gamma_r":-0.488}