{"Date":"03.10.2011","Version":"MM107","Technology":"Multi-c-Si","BIPV":"N","A_c":1.646,"N_s":60.0,"T_NOCT":46.9,"I_sc_ref":8.34,"V_oc_ref":37.69,"I_mp_ref":7.8,"V_mp_ref":30.8,"alpha_sc":0.007089,"beta_oc":-0.13719,"a_ref":1.7214,"I_L_ref":8.345,"I_o_ref":2.5600000000000003e-09,"R_s":0.247,"R_sh_ref":385.78,"Adjust":17.8,"PTC":212.0,"pdc0":240.0,"gamma_pdc":-0.00503,"gamma_r":-0.503}