{"Date":"03.10.2011","Version":"MM107","Technology":"Multi-c-Si","BIPV":"N","A_c":1.646,"N_s":60.0,"T_NOCT":46.9,"I_sc_ref":8.24,"V_oc_ref":37.34,"I_mp_ref":7.68,"V_mp_ref":30.59,"alpha_sc":0.007004000000000001,"beta_oc":-0.13592,"a_ref":1.7113,"I_L_ref":8.247,"I_o_ref":2.7100000000000004e-09,"R_s":0.235,"R_sh_ref":277.86,"Adjust":18.5,"PTC":207.5,"pdc0":235.0,"gamma_pdc":-0.00503,"gamma_r":-0.503}