{"Date":"08.12.2010","Version":"MM107","Technology":"Multi-c-Si","BIPV":"N","A_c":1.5090000000000001,"N_s":60.0,"T_NOCT":48.7,"I_sc_ref":7.93,"V_oc_ref":36.21,"I_mp_ref":7.36,"V_mp_ref":29.1,"alpha_sc":0.008723,"beta_oc":-0.12455999999999999,"a_ref":1.5737,"I_L_ref":7.943,"I_o_ref":7.9e-10,"R_s":0.34700000000000003,"R_sh_ref":204.35,"Adjust":13.5,"PTC":191.4,"pdc0":215.0,"gamma_pdc":-0.00435,"gamma_r":-0.435}