{"Date":"03.10.2011","Version":"MM107","Technology":"Multi-c-Si","BIPV":"N","A_c":1.646,"N_s":60.0,"T_NOCT":46.9,"I_sc_ref":8.37,"V_oc_ref":37.77,"I_mp_ref":7.97,"V_mp_ref":30.85,"alpha_sc":0.007115000000000001,"beta_oc":-0.13748,"a_ref":1.7138,"I_L_ref":8.443,"I_o_ref":2.27e-09,"R_s":0.249,"R_sh_ref":100000.0,"Adjust":16.5,"PTC":216.6,"pdc0":245.0,"gamma_pdc":-0.00503,"gamma_r":-0.503}