{"Date":"04.02.2013","Version":"NRELv1","Technology":"Multi-c-Si","BIPV":"N","A_c":1.6,"N_s":60.0,"T_NOCT":46.8,"I_sc_ref":8.51,"V_oc_ref":36.81,"I_mp_ref":7.81,"V_mp_ref":29.45,"alpha_sc":0.003889,"beta_oc":-0.13016,"a_ref":1.55,"I_L_ref":8.537,"I_o_ref":3.9899999999999997e-10,"R_s":0.36200000000000004,"R_sh_ref":112.71,"Adjust":4.747,"PTC":205.7,"pdc0":230.0,"gamma_pdc":-0.00456,"gamma_r":-0.456}