{"Date":"04.02.2013","Version":"NRELv1","Technology":"Mono-c-Si","BIPV":"N","A_c":1.6,"N_s":60.0,"T_NOCT":44.5,"I_sc_ref":8.66,"V_oc_ref":37.58,"I_mp_ref":8.03,"V_mp_ref":30.55,"alpha_sc":0.002979,"beta_oc":-0.12672,"a_ref":1.5663,"I_L_ref":8.676,"I_o_ref":3.21e-10,"R_s":0.298,"R_sh_ref":157.07,"Adjust":7.922999999999999,"PTC":222.2,"pdc0":245.0,"gamma_pdc":-0.00456,"gamma_r":-0.456}