{"Date":"04.02.2013","Version":"NRELv1","Technology":"Mono-c-Si","BIPV":"N","A_c":1.6,"N_s":60.0,"T_NOCT":44.5,"I_sc_ref":8.61,"V_oc_ref":37.41,"I_mp_ref":7.9,"V_mp_ref":30.43,"alpha_sc":0.0029620000000000002,"beta_oc":-0.12615,"a_ref":1.5697,"I_L_ref":8.634,"I_o_ref":3.6999999999999996e-10,"R_s":0.294,"R_sh_ref":106.59,"Adjust":9.256,"PTC":217.5,"pdc0":240.0,"gamma_pdc":-0.00456,"gamma_r":-0.456}