{"Date":"04.02.2013","Version":"NRELv1","Technology":"Multi-c-Si","BIPV":"N","A_c":1.6,"N_s":60.0,"T_NOCT":46.8,"I_sc_ref":8.57,"V_oc_ref":37.04,"I_mp_ref":7.92,"V_mp_ref":29.7,"alpha_sc":0.003915999999999999,"beta_oc":-0.13097,"a_ref":1.5552,"I_L_ref":8.591000000000001,"I_o_ref":3.78e-10,"R_s":0.35200000000000004,"R_sh_ref":145.18,"Adjust":4.221,"PTC":210.3,"pdc0":235.0,"gamma_pdc":-0.00456,"gamma_r":-0.456}