{"Date":"04.02.2013","Version":"NRELv1","Technology":"Mono-c-Si","BIPV":"N","A_c":1.6,"N_s":60.0,"T_NOCT":44.5,"I_sc_ref":8.76,"V_oc_ref":37.92,"I_mp_ref":8.29,"V_mp_ref":30.79,"alpha_sc":0.003013,"beta_oc":-0.12787,"a_ref":1.5609,"I_L_ref":8.761000000000001,"I_o_ref":2.46e-10,"R_s":0.304,"R_sh_ref":2378.2,"Adjust":5.471,"PTC":231.5,"pdc0":255.0,"gamma_pdc":-0.00456,"gamma_r":-0.456}