{"Date":"12.01.2011","Version":"NRELv1","Technology":"Multi-c-Si","BIPV":"N","A_c":1.6569999999999998,"N_s":60.0,"T_NOCT":48.9,"I_sc_ref":8.85,"V_oc_ref":37.4,"I_mp_ref":8.35,"V_mp_ref":30.5,"alpha_sc":0.0070799999999999995,"beta_oc":-0.13838,"a_ref":1.6584,"I_L_ref":8.851,"I_o_ref":1.4199999999999999e-09,"R_s":0.251,"R_sh_ref":2292.6,"Adjust":10.07,"PTC":224.4,"pdc0":255.0,"gamma_pdc":-0.0048,"gamma_r":-0.48}