{"Date":"08.05.2009","Version":"MM106","Technology":"Mono-c-Si","BIPV":"N","A_c":1.114,"N_s":72.0,"T_NOCT":44.4,"I_sc_ref":5.3,"V_oc_ref":44.2,"I_mp_ref":4.71,"V_mp_ref":36.1,"alpha_sc":0.003101,"beta_oc":-0.17817,"a_ref":2.1421,"I_L_ref":5.319,"I_o_ref":5.390000000000001e-09,"R_s":0.409,"R_sh_ref":114.39,"Adjust":17.8,"PTC":151.1,"pdc0":170.0,"gamma_pdc":-0.0054600000000000004,"gamma_r":-0.546}