{"Date":"06.09.2010","Version":"MM107","Technology":"Mono-c-Si","BIPV":"N","A_c":1.2770000000000001,"N_s":72.0,"T_NOCT":48.4,"I_sc_ref":5.5,"V_oc_ref":44.25,"I_mp_ref":4.83,"V_mp_ref":36.24,"alpha_sc":0.005995,"beta_oc":-0.1593,"a_ref":2.059,"I_L_ref":5.525,"I_o_ref":2.33e-09,"R_s":0.40700000000000003,"R_sh_ref":89.27,"Adjust":22.3,"PTC":155.1,"pdc0":175.0,"gamma_pdc":-0.00454,"gamma_r":-0.45399999999999996}