{"Date":"08.05.2009","Version":"MM106","Technology":"Multi-c-Si","BIPV":"N","A_c":1.739,"N_s":72.0,"T_NOCT":45.3,"I_sc_ref":7.9,"V_oc_ref":43.6,"I_mp_ref":7.28,"V_mp_ref":36.4,"alpha_sc":0.004866,"beta_oc":-0.1625,"a_ref":2.0314,"I_L_ref":7.9079999999999995,"I_o_ref":3.65e-09,"R_s":0.172,"R_sh_ref":171.92,"Adjust":19.3,"PTC":235.8,"pdc0":265.0,"gamma_pdc":-0.00519,"gamma_r":-0.519}