{"Date":"08.05.2009","Version":"MM106","Technology":"Multi-c-Si","BIPV":"N","A_c":1.739,"N_s":72.0,"T_NOCT":45.3,"I_sc_ref":7.79,"V_oc_ref":43.5,"I_mp_ref":7.23,"V_mp_ref":36.0,"alpha_sc":0.004799,"beta_oc":-0.16212000000000001,"a_ref":2.0059,"I_L_ref":7.797000000000001,"I_o_ref":2.9100000000000005e-09,"R_s":0.22899999999999998,"R_sh_ref":245.95,"Adjust":17.2,"PTC":231.2,"pdc0":260.0,"gamma_pdc":-0.00519,"gamma_r":-0.519}