{"Date":"3/16/2011","Version":"MM107","Technology":"Mono-c-Si","BIPV":"N","A_c":1.2770000000000001,"N_s":72.0,"T_NOCT":48.3,"I_sc_ref":5.9,"V_oc_ref":44.6,"I_mp_ref":5.23,"V_mp_ref":36.3,"alpha_sc":0.00295,"beta_oc":-0.15164,"a_ref":1.9351,"I_L_ref":5.931,"I_o_ref":5.32e-10,"R_s":0.48700000000000004,"R_sh_ref":91.96,"Adjust":14.8,"PTC":169.0,"pdc0":190.0,"gamma_pdc":-0.0045000000000000005,"gamma_r":-0.45}