{"Date":"3/16/2011","Version":"MM107","Technology":"Mono-c-Si","BIPV":"N","A_c":1.2770000000000001,"N_s":72.0,"T_NOCT":48.3,"I_sc_ref":5.3,"V_oc_ref":44.16,"I_mp_ref":4.71,"V_mp_ref":36.13,"alpha_sc":0.00265,"beta_oc":-0.15014,"a_ref":1.9185,"I_L_ref":5.325,"I_o_ref":4.94e-10,"R_s":0.491,"R_sh_ref":105.08,"Adjust":15.1,"PTC":150.8,"pdc0":170.0,"gamma_pdc":-0.0045000000000000005,"gamma_r":-0.45}