{"Date":"3/16/2011","Version":"MM107","Technology":"Mono-c-Si","BIPV":"N","A_c":1.2770000000000001,"N_s":72.0,"T_NOCT":48.3,"I_sc_ref":5.61,"V_oc_ref":44.6,"I_mp_ref":4.95,"V_mp_ref":36.3,"alpha_sc":0.002805,"beta_oc":-0.15164,"a_ref":1.9408,"I_L_ref":5.642,"I_o_ref":5.39e-10,"R_s":0.511,"R_sh_ref":90.6,"Adjust":15.4,"PTC":159.9,"pdc0":180.0,"gamma_pdc":-0.0045000000000000005,"gamma_r":-0.45}