{"Date":"3/17/2011","Version":"MM107","Technology":"Multi-c-Si","BIPV":"N","A_c":1.94,"N_s":72.0,"T_NOCT":48.5,"I_sc_ref":7.81,"V_oc_ref":43.88,"I_mp_ref":7.12,"V_mp_ref":35.2,"alpha_sc":0.0039049999999999996,"beta_oc":-0.14919000000000002,"a_ref":1.8521,"I_L_ref":7.84,"I_o_ref":3.8399999999999997e-10,"R_s":0.456,"R_sh_ref":119.12,"Adjust":9.2,"PTC":220.9,"pdc0":250.0,"gamma_pdc":-0.0045000000000000005,"gamma_r":-0.45}