{"Date":"6/14/2010","Version":"MM107","Technology":"3-a-Si","BIPV":"Y","A_c":0.312,"N_s":3.0,"T_NOCT":46.2,"I_sc_ref":4.6,"V_oc_ref":6.3,"I_mp_ref":3.5,"V_mp_ref":4.5,"alpha_sc":0.003846,"beta_oc":-0.02582,"a_ref":0.22899999999999998,"I_L_ref":4.926,"I_o_ref":4.01e-12,"R_s":0.322,"R_sh_ref":4.54,"Adjust":-35.0,"PTC":15.1,"pdc0":16.0,"gamma_pdc":-0.00221,"gamma_r":-0.221}