{"Date":"1/14/2013","Version":"NRELv1","Technology":"Mono-c-Si","BIPV":"N","A_c":1.2790000000000001,"N_s":72.0,"T_NOCT":45.8,"I_sc_ref":5.2,"V_oc_ref":43.2,"I_mp_ref":4.65,"V_mp_ref":35.6,"alpha_sc":0.00364,"beta_oc":-0.15379,"a_ref":2.0252,"I_L_ref":5.215,"I_o_ref":2.65e-09,"R_s":0.361,"R_sh_ref":122.53,"Adjust":26.14,"PTC":146.0,"pdc0":165.0,"gamma_pdc":-0.00509,"gamma_r":-0.509}