{"Date":"1/14/2013","Version":"NRELv1","Technology":"Mono-c-Si","BIPV":"N","A_c":1.2790000000000001,"N_s":72.0,"T_NOCT":45.8,"I_sc_ref":5.25,"V_oc_ref":43.6,"I_mp_ref":4.75,"V_mp_ref":35.8,"alpha_sc":0.003675,"beta_oc":-0.15522,"a_ref":2.023,"I_L_ref":5.263999999999999,"I_o_ref":2.17e-09,"R_s":0.401,"R_sh_ref":155.09,"Adjust":23.97,"PTC":150.5,"pdc0":170.0,"gamma_pdc":-0.00509,"gamma_r":-0.509}