{"Date":"1/14/2013","Version":"NRELv1","Technology":"Mono-c-Si","BIPV":"N","A_c":1.2790000000000001,"N_s":72.0,"T_NOCT":45.8,"I_sc_ref":5.3,"V_oc_ref":43.9,"I_mp_ref":4.85,"V_mp_ref":36.2,"alpha_sc":0.00371,"beta_oc":-0.15628,"a_ref":2.0269,"I_L_ref":5.309,"I_o_ref":2e-09,"R_s":0.369,"R_sh_ref":206.95,"Adjust":22.99,"PTC":155.1,"pdc0":175.0,"gamma_pdc":-0.00509,"gamma_r":-0.509}