{"Date":"1/14/2013","Version":"NRELv1","Technology":"Mono-c-Si","BIPV":"N","A_c":1.2790000000000001,"N_s":72.0,"T_NOCT":45.8,"I_sc_ref":5.05,"V_oc_ref":41.8,"I_mp_ref":4.35,"V_mp_ref":34.5,"alpha_sc":0.003535,"beta_oc":-0.14881,"a_ref":2.0161,"I_L_ref":5.071000000000001,"I_o_ref":4.4700000000000005e-09,"R_s":0.314,"R_sh_ref":74.12,"Adjust":32.17,"PTC":132.4,"pdc0":150.0,"gamma_pdc":-0.00509,"gamma_r":-0.509}