{"Date":"1/14/2013","Version":"NRELv1","Technology":"Multi-c-Si","BIPV":"N","A_c":1.621,"N_s":60.0,"T_NOCT":46.0,"I_sc_ref":7.86,"V_oc_ref":36.4,"I_mp_ref":7.19,"V_mp_ref":29.2,"alpha_sc":0.005502,"beta_oc":-0.12958,"a_ref":1.5463,"I_L_ref":7.8870000000000005,"I_o_ref":4.52e-10,"R_s":0.37200000000000005,"R_sh_ref":109.25,"Adjust":5.4910000000000005,"PTC":189.1,"pdc0":210.0,"gamma_pdc":-0.00436,"gamma_r":-0.436}