{"Date":"1/14/2013","Version":"NRELv1","Technology":"Multi-c-Si","BIPV":"N","A_c":1.621,"N_s":60.0,"T_NOCT":46.0,"I_sc_ref":8.0,"V_oc_ref":36.8,"I_mp_ref":7.39,"V_mp_ref":29.8,"alpha_sc":0.0056,"beta_oc":-0.13101,"a_ref":1.5629,"I_L_ref":8.017999999999999,"I_o_ref":4.6199999999999996e-10,"R_s":0.326,"R_sh_ref":148.84,"Adjust":5.501,"PTC":198.3,"pdc0":220.0,"gamma_pdc":-0.00436,"gamma_r":-0.436}