{"Date":"1/14/2013","Version":"NRELv1","Technology":"Multi-c-Si","BIPV":"N","A_c":1.621,"N_s":60.0,"T_NOCT":46.0,"I_sc_ref":8.18,"V_oc_ref":37.0,"I_mp_ref":7.66,"V_mp_ref":30.0,"alpha_sc":0.005726,"beta_oc":-0.13172,"a_ref":1.5598,"I_L_ref":8.187999999999999,"I_o_ref":4.03e-10,"R_s":0.316,"R_sh_ref":325.78,"Adjust":4.107,"PTC":207.5,"pdc0":230.0,"gamma_pdc":-0.00436,"gamma_r":-0.436}