{"Date":"09.01.2013","Version":"NRELv1","Technology":"Mono-c-Si","BIPV":"N","A_c":1.2770000000000001,"N_s":72.0,"T_NOCT":46.4,"I_sc_ref":5.61,"V_oc_ref":45.0,"I_mp_ref":5.32,"V_mp_ref":36.7,"alpha_sc":0.003624,"beta_oc":-0.16974,"a_ref":1.8956,"I_L_ref":5.67,"I_o_ref":2.75e-10,"R_s":0.51,"R_sh_ref":701.17,"Adjust":-1.844,"PTC":180.6,"pdc0":200.0,"gamma_pdc":-0.00436,"gamma_r":-0.436}