{"Date":"12.01.2013","Version":"NRELv1","Technology":"Multi-c-Si","BIPV":"N","A_c":1.6269999999999998,"N_s":60.0,"T_NOCT":44.8,"I_sc_ref":8.86,"V_oc_ref":37.5,"I_mp_ref":8.39,"V_mp_ref":30.4,"alpha_sc":0.008346,"beta_oc":-0.15608,"a_ref":1.6212,"I_L_ref":8.955,"I_o_ref":7.979999999999999e-10,"R_s":0.28300000000000003,"R_sh_ref":390.96,"Adjust":-6.952999999999999,"PTC":232.6,"pdc0":255.0,"gamma_pdc":-0.00427,"gamma_r":-0.42700000000000005}