{"Date":"12.01.2013","Version":"NRELv1","Technology":"Multi-c-Si","BIPV":"N","A_c":1.6269999999999998,"N_s":60.0,"T_NOCT":44.3,"I_sc_ref":8.86,"V_oc_ref":37.5,"I_mp_ref":8.39,"V_mp_ref":30.4,"alpha_sc":0.007708,"beta_oc":-0.15292999999999998,"a_ref":1.5958,"I_L_ref":8.956,"I_o_ref":5.52e-10,"R_s":0.29,"R_sh_ref":358.43,"Adjust":-7.7379999999999995,"PTC":233.5,"pdc0":255.0,"gamma_pdc":-0.00419,"gamma_r":-0.419}