{"Date":"12.01.2013","Version":"NRELv1","Technology":"Multi-c-Si","BIPV":"N","A_c":1.6269999999999998,"N_s":60.0,"T_NOCT":44.3,"I_sc_ref":8.95,"V_oc_ref":37.6,"I_mp_ref":8.53,"V_mp_ref":30.5,"alpha_sc":0.0077870000000000005,"beta_oc":-0.15333,"a_ref":1.5944,"I_L_ref":9.042,"I_o_ref":5.170000000000001e-10,"R_s":0.28600000000000003,"R_sh_ref":1155.63,"Adjust":-8.323,"PTC":238.2,"pdc0":260.0,"gamma_pdc":-0.00419,"gamma_r":-0.419}