{"Date":"09.01.2013","Version":"NRELv1","Technology":"Mono-c-Si","BIPV":"N","A_c":1.94,"N_s":72.0,"T_NOCT":49.4,"I_sc_ref":8.14,"V_oc_ref":44.6,"I_mp_ref":7.67,"V_mp_ref":35.2,"alpha_sc":0.0041600000000000005,"beta_oc":-0.14954,"a_ref":1.8194,"I_L_ref":8.142999999999999,"I_o_ref":1.8300000000000001e-10,"R_s":0.5379999999999999,"R_sh_ref":1588.67,"Adjust":4.016,"PTC":238.7,"pdc0":270.0,"gamma_pdc":-0.00445,"gamma_r":-0.445}