{"Date":"09.01.2013","Version":"NRELv1","Technology":"Mono-c-Si","BIPV":"N","A_c":1.94,"N_s":72.0,"T_NOCT":45.9,"I_sc_ref":8.45,"V_oc_ref":45.2,"I_mp_ref":8.15,"V_mp_ref":35.6,"alpha_sc":0.0066760000000000005,"beta_oc":-0.18812,"a_ref":1.9199,"I_L_ref":8.714,"I_o_ref":5.15e-10,"R_s":0.504,"R_sh_ref":563.89,"Adjust":-9.822000000000001,"PTC":261.6,"pdc0":290.0,"gamma_pdc":-0.00445,"gamma_r":-0.445}