{"Date":"12.01.2013","Version":"NRELv1","Technology":"Mono-c-Si","BIPV":"N","A_c":1.94,"N_s":72.0,"T_NOCT":43.8,"I_sc_ref":8.52,"V_oc_ref":45.3,"I_mp_ref":8.27,"V_mp_ref":35.7,"alpha_sc":0.007437999999999999,"beta_oc":-0.18655,"a_ref":1.9011,"I_L_ref":8.779,"I_o_ref":3.9300000000000004e-10,"R_s":0.501,"R_sh_ref":3390.38,"Adjust":-10.99,"PTC":270.1,"pdc0":295.0,"gamma_pdc":-0.00427,"gamma_r":-0.42700000000000005}