{"Date":"12.01.2013","Version":"NRELv1","Technology":"Mono-c-Si","BIPV":"N","A_c":1.94,"N_s":72.0,"T_NOCT":43.8,"I_sc_ref":8.94,"V_oc_ref":46.0,"I_mp_ref":8.68,"V_mp_ref":36.3,"alpha_sc":0.0078049999999999994,"beta_oc":-0.18943,"a_ref":1.9318,"I_L_ref":9.212,"I_o_ref":4.19e-10,"R_s":0.479,"R_sh_ref":3678.41,"Adjust":-10.87,"PTC":288.9,"pdc0":315.0,"gamma_pdc":-0.00427,"gamma_r":-0.42700000000000005}