{"Date":"12.01.2013","Version":"NRELv1","Technology":"Multi-c-Si","BIPV":"N","A_c":1.94,"N_s":72.0,"T_NOCT":44.8,"I_sc_ref":8.88,"V_oc_ref":45.1,"I_mp_ref":8.45,"V_mp_ref":37.3,"alpha_sc":0.008365000000000001,"beta_oc":-0.18771,"a_ref":1.9683,"I_L_ref":8.972000000000001,"I_o_ref":9.97e-10,"R_s":0.237,"R_sh_ref":739.61,"Adjust":-5.267,"PTC":287.6,"pdc0":315.0,"gamma_pdc":-0.00427,"gamma_r":-0.42700000000000005}