{"Date":"12.01.2013","Version":"NRELv1","Technology":"Multi-c-Si","BIPV":"N","A_c":1.94,"N_s":72.0,"T_NOCT":44.8,"I_sc_ref":8.8,"V_oc_ref":45.0,"I_mp_ref":8.38,"V_mp_ref":37.0,"alpha_sc":0.00829,"beta_oc":-0.18729,"a_ref":1.9559,"I_L_ref":8.89,"I_o_ref":9.01e-10,"R_s":0.27,"R_sh_ref":963.85,"Adjust":-5.984,"PTC":282.9,"pdc0":310.0,"gamma_pdc":-0.00427,"gamma_r":-0.42700000000000005}