{"Date":"12.01.2013","Version":"NRELv1","Technology":"Multi-c-Si","BIPV":"N","A_c":1.94,"N_s":72.0,"T_NOCT":44.3,"I_sc_ref":8.88,"V_oc_ref":45.1,"I_mp_ref":8.45,"V_mp_ref":37.3,"alpha_sc":0.007726,"beta_oc":-0.18392,"a_ref":1.9373,"I_L_ref":8.972000000000001,"I_o_ref":6.91e-10,"R_s":0.245,"R_sh_ref":650.36,"Adjust":-6.065,"PTC":288.7,"pdc0":315.0,"gamma_pdc":-0.00419,"gamma_r":-0.419}