{"Date":"12.01.2013","Version":"NRELv1","Technology":"Mono-c-Si","BIPV":"N","A_c":1.94,"N_s":72.0,"T_NOCT":43.8,"I_sc_ref":8.87,"V_oc_ref":45.8,"I_mp_ref":8.59,"V_mp_ref":36.1,"alpha_sc":0.007744,"beta_oc":-0.1886,"a_ref":1.9249,"I_L_ref":9.142999999999999,"I_o_ref":4.22e-10,"R_s":0.486,"R_sh_ref":1100.13,"Adjust":-10.75,"PTC":284.2,"pdc0":310.0,"gamma_pdc":-0.00427,"gamma_r":-0.42700000000000005}