{"Date":"12.01.2011","Version":"NRELv1","Technology":"Mono-c-Si","BIPV":"N","A_c":1.2790000000000001,"N_s":72.0,"T_NOCT":45.8,"I_sc_ref":5.35,"V_oc_ref":44.2,"I_mp_ref":4.9,"V_mp_ref":36.8,"alpha_sc":0.005136,"beta_oc":-0.1852,"a_ref":2.1271,"I_L_ref":5.356,"I_o_ref":4.870000000000001e-09,"R_s":0.251,"R_sh_ref":220.14,"Adjust":11.93,"PTC":159.7,"pdc0":180.0,"gamma_pdc":-0.00509,"gamma_r":-0.509}