{"Date":"12.01.2011","Version":"NRELv1","Technology":"Mono-c-Si","BIPV":"N","A_c":1.2790000000000001,"N_s":72.0,"T_NOCT":45.8,"I_sc_ref":5.3,"V_oc_ref":43.9,"I_mp_ref":4.85,"V_mp_ref":36.2,"alpha_sc":0.0050880000000000005,"beta_oc":-0.18394000000000002,"a_ref":2.1007,"I_L_ref":5.308,"I_o_ref":4.29e-09,"R_s":0.33799999999999997,"R_sh_ref":218.73,"Adjust":10.84,"PTC":155.1,"pdc0":175.0,"gamma_pdc":-0.00509,"gamma_r":-0.509}