{"Date":"12.01.2011","Version":"NRELv1","Technology":"Multi-c-Si","BIPV":"N","A_c":1.621,"N_s":60.0,"T_NOCT":46.0,"I_sc_ref":8.0,"V_oc_ref":36.8,"I_mp_ref":7.39,"V_mp_ref":29.8,"alpha_sc":0.006,"beta_oc":-0.13435999999999998,"a_ref":1.5733,"I_L_ref":8.017000000000001,"I_o_ref":5.4e-10,"R_s":0.32299999999999995,"R_sh_ref":150.78,"Adjust":4.104,"PTC":198.3,"pdc0":220.0,"gamma_pdc":-0.00436,"gamma_r":-0.436}