{"Date":"3/29/2010","Version":"MM107","Technology":"Multi-c-Si","BIPV":"N","A_c":1.341,"N_s":48.0,"T_NOCT":49.1,"I_sc_ref":7.97,"V_oc_ref":29.72,"I_mp_ref":7.59,"V_mp_ref":23.58,"alpha_sc":0.009803000000000001,"beta_oc":-0.08797,"a_ref":1.2521,"I_L_ref":8.042,"I_o_ref":3.95e-10,"R_s":0.33399999999999996,"R_sh_ref":100000.0,"Adjust":24.6,"PTC":160.0,"pdc0":180.0,"gamma_pdc":-0.0042899999999999995,"gamma_r":-0.429}