{"Date":"3/29/2010","Version":"MM107","Technology":"Multi-c-Si","BIPV":"N","A_c":1.659,"N_s":60.0,"T_NOCT":49.1,"I_sc_ref":7.97,"V_oc_ref":37.14,"I_mp_ref":7.59,"V_mp_ref":29.48,"alpha_sc":0.009803000000000001,"beta_oc":-0.10997,"a_ref":1.565,"I_L_ref":8.041,"I_o_ref":3.9699999999999997e-10,"R_s":0.415,"R_sh_ref":100000.0,"Adjust":24.6,"PTC":200.0,"pdc0":225.0,"gamma_pdc":-0.0042899999999999995,"gamma_r":-0.429}