{"Date":"3/29/2010","Version":"MM107","Technology":"Multi-c-Si","BIPV":"N","A_c":1.659,"N_s":60.0,"T_NOCT":49.1,"I_sc_ref":8.05,"V_oc_ref":37.32,"I_mp_ref":7.69,"V_mp_ref":29.88,"alpha_sc":0.009902,"beta_oc":-0.11047,"a_ref":1.5788,"I_L_ref":8.14,"I_o_ref":4.4100000000000003e-10,"R_s":0.373,"R_sh_ref":100000.0,"Adjust":25.6,"PTC":204.6,"pdc0":230.0,"gamma_pdc":-0.0042899999999999995,"gamma_r":-0.429}