{"Date":"3/29/2010","Version":"MM107","Technology":"Mono-c-Si","BIPV":"N","A_c":1.023,"N_s":36.0,"T_NOCT":47.8,"I_sc_ref":8.34,"V_oc_ref":22.19,"I_mp_ref":7.69,"V_mp_ref":17.59,"alpha_sc":0.0071719999999999996,"beta_oc":-0.06391000000000001,"a_ref":0.9179,"I_L_ref":8.365,"I_o_ref":2.56e-10,"R_s":0.25,"R_sh_ref":82.79,"Adjust":23.8,"PTC":120.9,"pdc0":135.0,"gamma_pdc":-0.00425,"gamma_r":-0.425}