{"Date":"3/29/2010","Version":"MM107","Technology":"Mono-c-Si","BIPV":"N","A_c":1.023,"N_s":36.0,"T_NOCT":47.8,"I_sc_ref":8.51,"V_oc_ref":22.33,"I_mp_ref":7.84,"V_mp_ref":17.76,"alpha_sc":0.007319,"beta_oc":-0.06431,"a_ref":0.9259999999999999,"I_L_ref":8.536,"I_o_ref":2.7799999999999997e-10,"R_s":0.23800000000000002,"R_sh_ref":78.19,"Adjust":24.4,"PTC":125.4,"pdc0":140.0,"gamma_pdc":-0.00425,"gamma_r":-0.425}