{"Date":"3/29/2010","Version":"MM107","Technology":"Mono-c-Si","BIPV":"N","A_c":1.659,"N_s":60.0,"T_NOCT":47.8,"I_sc_ref":8.28,"V_oc_ref":36.63,"I_mp_ref":7.62,"V_mp_ref":29.08,"alpha_sc":0.007118000000000001,"beta_oc":-0.10545999999999998,"a_ref":1.5181,"I_L_ref":8.307,"I_o_ref":2.66e-10,"R_s":0.41,"R_sh_ref":127.31,"Adjust":24.3,"PTC":197.0,"pdc0":220.0,"gamma_pdc":-0.00425,"gamma_r":-0.425}