{"Vac":240.0,"Paco":3500.0,"Pdco":3641.83,"Vdco":263.0,"Pso":64.7681,"C0":-9.077539999999998e-06,"C1":3.46256e-05,"C2":0.00141689,"C3":0.00121783,"Pnt":3.86,"Vdcmax":400.0,"Mppt_low":100.0,"Mppt_high":400.0}