{"Date":"10/20/2011","Version":"NRELv1","Technology":"Mono-c-Si","BIPV":"N","A_c":1.2770000000000001,"N_s":72.0,"T_NOCT":47.3,"I_sc_ref":5.36,"V_oc_ref":44.9,"I_mp_ref":4.99,"V_mp_ref":37.1,"alpha_sc":0.00268,"beta_oc":-0.1796,"a_ref":2.0739,"I_L_ref":5.364,"I_o_ref":2.0800000000000003e-09,"R_s":0.35600000000000004,"R_sh_ref":452.97,"Adjust":9.767999999999999,"PTC":161.8,"pdc0":185.0,"gamma_pdc":-0.0053,"gamma_r":-0.53}