{"Date":"10/20/2011","Version":"NRELv1","Technology":"Mono-c-Si","BIPV":"N","A_c":1.2770000000000001,"N_s":72.0,"T_NOCT":47.3,"I_sc_ref":5.55,"V_oc_ref":45.0,"I_mp_ref":5.13,"V_mp_ref":37.1,"alpha_sc":0.002775,"beta_oc":-0.18,"a_ref":2.0854,"I_L_ref":5.557,"I_o_ref":2.3e-09,"R_s":0.36,"R_sh_ref":299.15,"Adjust":10.37,"PTC":166.4,"pdc0":190.0,"gamma_pdc":-0.0053,"gamma_r":-0.53}