{"Date":"01.04.2010","Version":"MM106","Technology":"Mono-c-Si","BIPV":"N","A_c":1.2770000000000001,"N_s":72.0,"T_NOCT":49.9,"I_sc_ref":5.3,"V_oc_ref":44.2,"I_mp_ref":5.0,"V_mp_ref":36.1,"alpha_sc":0.001691,"beta_oc":-0.1589,"a_ref":1.9601,"I_L_ref":5.301,"I_o_ref":8.51e-10,"R_s":0.48200000000000004,"R_sh_ref":3741.56,"Adjust":13.7,"PTC":155.0,"pdc0":180.0,"gamma_pdc":-0.00525,"gamma_r":-0.525}