{"Date":"02.01.2012","Version":"NRELv1","Technology":"Mono-c-Si","BIPV":"N","A_c":1.2770000000000001,"N_s":72.0,"T_NOCT":45.8,"I_sc_ref":5.65,"V_oc_ref":45.87,"I_mp_ref":5.35,"V_mp_ref":37.39,"alpha_sc":0.00465,"beta_oc":-0.18486,"a_ref":2.0343,"I_L_ref":5.71,"I_o_ref":9.11e-10,"R_s":0.48100000000000004,"R_sh_ref":801.38,"Adjust":0.9408,"PTC":179.8,"pdc0":200.0,"gamma_pdc":-0.0046700000000000005,"gamma_r":-0.467}