{"Date":"02.01.2012","Version":"NRELv1","Technology":"Mono-c-Si","BIPV":"N","A_c":1.6230000000000002,"N_s":60.0,"T_NOCT":45.7,"I_sc_ref":8.39,"V_oc_ref":37.06,"I_mp_ref":7.8,"V_mp_ref":29.49,"alpha_sc":0.005772,"beta_oc":-0.13405,"a_ref":1.556,"I_L_ref":8.406,"I_o_ref":3.73e-10,"R_s":0.392,"R_sh_ref":211.61,"Adjust":1.632,"PTC":207.7,"pdc0":230.0,"gamma_pdc":-0.0044,"gamma_r":-0.44}