{"Date":"02.01.2012","Version":"NRELv1","Technology":"Multi-c-Si","BIPV":"N","A_c":1.6230000000000002,"N_s":60.0,"T_NOCT":45.9,"I_sc_ref":8.57,"V_oc_ref":37.25,"I_mp_ref":7.96,"V_mp_ref":30.15,"alpha_sc":0.00599,"beta_oc":-0.13444,"a_ref":1.5701,"I_L_ref":8.585,"I_o_ref":4.1599999999999996e-10,"R_s":0.312,"R_sh_ref":179.39,"Adjust":2.5989999999999998,"PTC":217.2,"pdc0":240.0,"gamma_pdc":-0.00431,"gamma_r":-0.431}