{"Date":"02.01.2012","Version":"NRELv1","Technology":"Mono-c-Si","BIPV":"N","A_c":1.6230000000000002,"N_s":60.0,"T_NOCT":45.7,"I_sc_ref":8.67,"V_oc_ref":37.88,"I_mp_ref":8.08,"V_mp_ref":30.94,"alpha_sc":0.005965,"beta_oc":-0.13701,"a_ref":1.6132,"I_L_ref":8.681000000000001,"I_o_ref":5.39e-10,"R_s":0.27,"R_sh_ref":213.33,"Adjust":4.445,"PTC":226.2,"pdc0":250.0,"gamma_pdc":-0.0044,"gamma_r":-0.44}