{"Date":"02.01.2012","Version":"NRELv1","Technology":"Multi-c-Si","BIPV":"N","A_c":1.94,"N_s":72.0,"T_NOCT":45.7,"I_sc_ref":8.68,"V_oc_ref":44.89,"I_mp_ref":8.13,"V_mp_ref":35.06,"alpha_sc":0.007378,"beta_oc":-0.16582,"a_ref":1.8854,"I_L_ref":8.687000000000001,"I_o_ref":3.94e-10,"R_s":0.5479999999999999,"R_sh_ref":668.44,"Adjust":-0.5595,"PTC":257.6,"pdc0":285.0,"gamma_pdc":-0.00439,"gamma_r":-0.439}