{"Date":"02.01.2012","Version":"NRELv1","Technology":"Multi-c-Si","BIPV":"N","A_c":1.94,"N_s":72.0,"T_NOCT":45.7,"I_sc_ref":8.77,"V_oc_ref":45.17,"I_mp_ref":8.22,"V_mp_ref":35.28,"alpha_sc":0.007455,"beta_oc":-0.16685999999999998,"a_ref":1.8964,"I_L_ref":8.776,"I_o_ref":3.95e-10,"R_s":0.545,"R_sh_ref":754.88,"Adjust":-0.6253,"PTC":262.3,"pdc0":290.0,"gamma_pdc":-0.00439,"gamma_r":-0.439}