{"Vac":480.0,"Paco":50083.0,"Pdco":50885.0,"Vdco":650.0,"Pso":70.468,"C0":-1.45825e-07,"C1":-6.678660000000001e-06,"C2":-6.98666e-05,"C3":0.00139164,"Pnt":1.0,"Vdcmax":720.0,"Mppt_low":580.0,"Mppt_high":720.0}