{"Vac":480.0,"Paco":60086.0,"Pdco":61103.7,"Vdco":650.0,"Pso":93.0412,"C0":-1.3890599999999999e-07,"C1":-2.15004e-05,"C2":-0.0023197,"C3":-0.00352326,"Pnt":1.0,"Vdcmax":720.0,"Mppt_low":580.0,"Mppt_high":720.0}