{"Vac":480.0,"Paco":66070.0,"Pdco":67153.2,"Vdco":650.0,"Pso":97.3981,"C0":-1.21152e-07,"C1":-1.4470799999999999e-05,"C2":-0.000513868,"C3":-6.507859999999999e-05,"Pnt":1.0,"Vdcmax":720.0,"Mppt_low":580.0,"Mppt_high":720.0}