{"Vac":480.0,"Paco":50084.0,"Pdco":50863.5,"Vdco":650.0,"Pso":42.722,"C0":-8.06212e-08,"C1":-2.3451e-06,"C2":0.004490399999999999,"C3":0.0118958,"Pnt":1.0,"Vdcmax":720.0,"Mppt_low":580.0,"Mppt_high":720.0}