{"Technology":"Multi-c-Si","BIPV":"N","A_c":1.7730000000000001,"N_s":66.0,"T_NOCT":50.0,"PTC":237.5,"pdc0":270.0,"gamma_pdc":-0.004607}