{"Technology":"Mono-c-Si","BIPV":"N","A_c":1.4069999999999998,"N_s":54.0,"T_NOCT":44.2,"PTC":188.2,"pdc0":210.0,"gamma_pdc":-0.0051400000000000005}