{"Technology":"Mono-c-Si","BIPV":"N","A_c":1.7730000000000001,"N_s":66.0,"T_NOCT":51.4,"PTC":218.4,"pdc0":250.0,"gamma_pdc":-0.004502}