{"Date":"03.08.2010","Version":"MM107","Technology":"Mono-c-Si","BIPV":"N","A_c":1.528,"N_s":88.0,"T_NOCT":46.5,"I_sc_ref":5.32,"V_oc_ref":54.3,"I_mp_ref":4.9,"V_mp_ref":43.9,"alpha_sc":0.000479,"beta_oc":-0.17213,"a_ref":2.1236,"I_L_ref":5.337000000000001,"I_o_ref":4.03e-11,"R_s":0.818,"R_sh_ref":260.32,"Adjust":1.3,"PTC":194.1,"pdc0":215.0,"gamma_pdc":-0.00423,"gamma_r":-0.423}