{"Date":"11.09.2009","Version":"MM106","Technology":"Mono-c-Si","BIPV":"N","A_c":1.301,"N_s":72.0,"T_NOCT":48.7,"I_sc_ref":5.31,"V_oc_ref":44.06,"I_mp_ref":4.9,"V_mp_ref":36.72,"alpha_sc":0.0053100000000000005,"beta_oc":-0.16302,"a_ref":2.0338,"I_L_ref":5.316,"I_o_ref":2.0100000000000003e-09,"R_s":0.281,"R_sh_ref":269.99,"Adjust":17.8,"PTC":158.3,"pdc0":180.0,"gamma_pdc":-0.00476,"gamma_r":-0.47600000000000003}