{"Date":"02.03.2011","Version":"MM107","Technology":"Multi-c-Si","BIPV":"N","A_c":1.476,"N_s":54.0,"T_NOCT":46.3,"I_sc_ref":8.1,"V_oc_ref":32.78,"I_mp_ref":7.5,"V_mp_ref":27.32,"alpha_sc":0.003775,"beta_oc":-0.1281,"a_ref":1.5695,"I_L_ref":8.106,"I_o_ref":6.73e-09,"R_s":0.122,"R_sh_ref":166.48,"Adjust":19.5,"PTC":178.6,"pdc0":205.0,"gamma_pdc":-0.005639999999999999,"gamma_r":-0.564}