{"Date":"11.09.2009","Version":"MM106","Technology":"Mono-c-Si","BIPV":"N","A_c":1.301,"N_s":72.0,"T_NOCT":48.7,"I_sc_ref":5.06,"V_oc_ref":43.92,"I_mp_ref":4.67,"V_mp_ref":36.43,"alpha_sc":0.00506,"beta_oc":-0.1625,"a_ref":2.0215,"I_L_ref":5.066,"I_o_ref":1.8e-09,"R_s":0.33799999999999997,"R_sh_ref":287.74,"Adjust":17.2,"PTC":149.2,"pdc0":170.0,"gamma_pdc":-0.00476,"gamma_r":-0.47600000000000003}