{"Date":"02.03.2011","Version":"MM107","Technology":"Multi-c-Si","BIPV":"N","A_c":1.9509999999999998,"N_s":72.0,"T_NOCT":47.0,"I_sc_ref":8.23,"V_oc_ref":44.06,"I_mp_ref":7.62,"V_mp_ref":36.72,"alpha_sc":0.003922,"beta_oc":-0.18805,"a_ref":2.2283,"I_L_ref":8.234,"I_o_ref":2.09e-08,"R_s":0.13,"R_sh_ref":255.34,"Adjust":20.0,"PTC":239.4,"pdc0":280.0,"gamma_pdc":-0.0062,"gamma_r":-0.62}