{"Date":"02.03.2011","Version":"MM107","Technology":"Multi-c-Si","BIPV":"N","A_c":1.9509999999999998,"N_s":72.0,"T_NOCT":47.0,"I_sc_ref":7.95,"V_oc_ref":43.27,"I_mp_ref":7.33,"V_mp_ref":36.14,"alpha_sc":0.003788,"beta_oc":-0.18467999999999998,"a_ref":2.1976,"I_L_ref":7.954,"I_o_ref":2.18e-08,"R_s":0.11699999999999999,"R_sh_ref":207.2,"Adjust":20.8,"PTC":226.1,"pdc0":265.0,"gamma_pdc":-0.0062,"gamma_r":-0.62}