{"Date":"02.03.2011","Version":"MM107","Technology":"Multi-c-Si","BIPV":"N","A_c":1.6380000000000001,"N_s":60.0,"T_NOCT":46.3,"I_sc_ref":8.23,"V_oc_ref":36.72,"I_mp_ref":7.68,"V_mp_ref":30.6,"alpha_sc":0.0032840000000000005,"beta_oc":-0.15231,"a_ref":1.7936,"I_L_ref":8.232999999999999,"I_o_ref":1.04e-08,"R_s":0.126,"R_sh_ref":337.53,"Adjust":16.6,"PTC":203.4,"pdc0":235.0,"gamma_pdc":-0.0059499999999999996,"gamma_r":-0.595}