{"Date":"02.03.2011","Version":"MM107","Technology":"Multi-c-Si","BIPV":"N","A_c":1.9509999999999998,"N_s":72.0,"T_NOCT":47.0,"I_sc_ref":8.17,"V_oc_ref":43.92,"I_mp_ref":7.52,"V_mp_ref":36.58,"alpha_sc":0.0038929999999999998,"beta_oc":-0.18745,"a_ref":2.2296,"I_L_ref":8.176,"I_o_ref":2.21e-08,"R_s":0.131,"R_sh_ref":191.46,"Adjust":20.7,"PTC":235.0,"pdc0":275.0,"gamma_pdc":-0.0062,"gamma_r":-0.62}