{"Date":"11.09.2009","Version":"MM106","Technology":"Mono-c-Si","BIPV":"N","A_c":1.301,"N_s":72.0,"T_NOCT":48.7,"I_sc_ref":5.17,"V_oc_ref":43.99,"I_mp_ref":4.77,"V_mp_ref":36.72,"alpha_sc":0.00494,"beta_oc":-0.16202,"a_ref":2.0248,"I_L_ref":5.175,"I_o_ref":1.84e-09,"R_s":0.27699999999999997,"R_sh_ref":271.96,"Adjust":17.8,"PTC":153.7,"pdc0":175.0,"gamma_pdc":-0.00476,"gamma_r":-0.47600000000000003}