{"Date":"02.03.2011","Version":"MM107","Technology":"Multi-c-Si","BIPV":"N","A_c":1.6380000000000001,"N_s":60.0,"T_NOCT":47.4,"I_sc_ref":7.83,"V_oc_ref":36.0,"I_mp_ref":7.18,"V_mp_ref":29.94,"alpha_sc":0.00365,"beta_oc":-0.14069,"a_ref":1.7336,"I_L_ref":7.8389999999999995,"I_o_ref":7.240000000000001e-09,"R_s":0.145,"R_sh_ref":128.17,"Adjust":20.6,"PTC":185.6,"pdc0":215.0,"gamma_pdc":-0.005639999999999999,"gamma_r":-0.564}