{"Date":"11.09.2009","Version":"MM106","Technology":"Multi-c-Si","BIPV":"N","A_c":1.311,"N_s":48.0,"T_NOCT":49.2,"I_sc_ref":8.1,"V_oc_ref":29.14,"I_mp_ref":7.41,"V_mp_ref":24.29,"alpha_sc":0.008990999999999999,"beta_oc":-0.10782,"a_ref":1.4201,"I_L_ref":8.109,"I_o_ref":9.56e-09,"R_s":0.1,"R_sh_ref":93.77,"Adjust":29.4,"PTC":155.4,"pdc0":180.0,"gamma_pdc":-0.00526,"gamma_r":-0.526}