{"Date":"10.01.2014","Version":"NRELv1","Technology":"Mono-c-Si","BIPV":"N","A_c":1.6380000000000001,"N_s":60.0,"T_NOCT":46.0,"I_sc_ref":8.67,"V_oc_ref":37.68,"I_mp_ref":8.35,"V_mp_ref":30.6,"alpha_sc":0.004658,"beta_oc":-0.13429000000000002,"a_ref":1.6223,"I_L_ref":8.846,"I_o_ref":7.23e-10,"R_s":0.282,"R_sh_ref":1959.7,"Adjust":8.513,"PTC":228.2,"pdc0":255.0,"gamma_pdc":-0.0048,"gamma_r":-0.48}