{"Date":"10.01.2014","Version":"NRELv1","Technology":"Mono-c-Si","BIPV":"N","A_c":1.6380000000000001,"N_s":60.0,"T_NOCT":46.0,"I_sc_ref":8.26,"V_oc_ref":37.5,"I_mp_ref":7.59,"V_mp_ref":30.96,"alpha_sc":0.004438,"beta_oc":-0.13365,"a_ref":1.6597,"I_L_ref":8.275,"I_o_ref":1.23e-09,"R_s":0.21600000000000003,"R_sh_ref":121.3,"Adjust":13.99,"PTC":209.8,"pdc0":235.0,"gamma_pdc":-0.0048,"gamma_r":-0.48}