{"Date":"10.01.2014","Version":"NRELv1","Technology":"Multi-c-Si","BIPV":"N","A_c":1.6380000000000001,"N_s":60.0,"T_NOCT":47.6,"I_sc_ref":8.42,"V_oc_ref":36.72,"I_mp_ref":7.9,"V_mp_ref":30.54,"alpha_sc":0.004848,"beta_oc":-0.12272000000000001,"a_ref":1.565,"I_L_ref":8.425,"I_o_ref":5.37e-10,"R_s":0.191,"R_sh_ref":306.95,"Adjust":13.45,"PTC":214.2,"pdc0":240.0,"gamma_pdc":-0.0045000000000000005,"gamma_r":-0.45}