{"Date":"10.01.2014","Version":"NRELv1","Technology":"Mono-c-Si","BIPV":"N","A_c":1.9509999999999998,"N_s":72.0,"T_NOCT":47.9,"I_sc_ref":8.48,"V_oc_ref":44.43,"I_mp_ref":7.9,"V_mp_ref":36.72,"alpha_sc":0.004522,"beta_oc":-0.14413,"a_ref":1.8809,"I_L_ref":8.49,"I_o_ref":4.5699999999999997e-10,"R_s":0.266,"R_sh_ref":230.08,"Adjust":15.41,"PTC":258.6,"pdc0":290.0,"gamma_pdc":-0.00449,"gamma_r":-0.449}