{"Date":"07.06.2011","Version":"MM107","Technology":"Multi-c-Si","BIPV":"N","A_c":1.186,"N_s":48.0,"T_NOCT":45.9,"I_sc_ref":8.3,"V_oc_ref":29.53,"I_mp_ref":7.43,"V_mp_ref":24.24,"alpha_sc":0.002241,"beta_oc":-0.09568,"a_ref":1.245,"I_L_ref":8.335,"I_o_ref":3.87e-10,"R_s":0.20800000000000002,"R_sh_ref":49.34,"Adjust":14.5,"PTC":162.3,"pdc0":180.0,"gamma_pdc":-0.00448,"gamma_r":-0.44799999999999995}