{"Date":"07.06.2011","Version":"MM107","Technology":"Mono-c-Si","BIPV":"N","A_c":1.167,"N_s":72.0,"T_NOCT":45.7,"I_sc_ref":5.6,"V_oc_ref":44.28,"I_mp_ref":5.15,"V_mp_ref":35.9,"alpha_sc":0.000784,"beta_oc":-0.14834,"a_ref":1.814,"I_L_ref":5.6160000000000005,"I_o_ref":1.35e-10,"R_s":0.578,"R_sh_ref":203.5,"Adjust":5.1,"PTC":166.9,"pdc0":185.0,"gamma_pdc":-0.00456,"gamma_r":-0.456}