{"Date":"05.05.2011","Version":"MM107","Technology":"Multi-c-Si","BIPV":"N","A_c":1.794,"N_s":72.0,"T_NOCT":45.9,"I_sc_ref":7.75,"V_oc_ref":43.92,"I_mp_ref":6.94,"V_mp_ref":36.0,"alpha_sc":0.002093,"beta_oc":-0.1423,"a_ref":1.8491,"I_L_ref":7.7829999999999995,"I_o_ref":3.5000000000000003e-10,"R_s":0.341,"R_sh_ref":79.06,"Adjust":14.2,"PTC":224.9,"pdc0":250.0,"gamma_pdc":-0.00448,"gamma_r":-0.44799999999999995}