{"Date":"07.06.2011","Version":"MM107","Technology":"Multi-c-Si","BIPV":"N","A_c":1.794,"N_s":72.0,"T_NOCT":45.9,"I_sc_ref":7.52,"V_oc_ref":43.92,"I_mp_ref":6.73,"V_mp_ref":35.64,"alpha_sc":0.00203,"beta_oc":-0.1423,"a_ref":1.8389,"I_L_ref":7.558,"I_o_ref":2.98e-10,"R_s":0.414,"R_sh_ref":80.99,"Adjust":13.0,"PTC":215.7,"pdc0":240.0,"gamma_pdc":-0.00448,"gamma_r":-0.44799999999999995}