{"Vac":0.0,"Paco":630000.0,"Pdco":650742.0,"Vdco":615.0,"Pso":4087.96,"C0":-4.516459999999999e-08,"C1":1.17846e-05,"C2":0.000927965,"C3":0.000644931,"Pnt":53.0,"Vdcmax":800.0,"Mppt_low":550.0,"Mppt_high":800.0}