{"Date":"03.04.2011","Version":"MM107","Technology":"Multi-c-Si","BIPV":"N","A_c":1.3459999999999999,"N_s":48.0,"T_NOCT":46.8,"I_sc_ref":8.64,"V_oc_ref":29.7,"I_mp_ref":8.05,"V_mp_ref":23.2,"alpha_sc":0.005668,"beta_oc":-0.09742,"a_ref":1.246,"I_L_ref":8.654,"I_o_ref":3.7900000000000004e-10,"R_s":0.365,"R_sh_ref":228.99,"Adjust":11.9,"PTC":169.6,"pdc0":190.0,"gamma_pdc":-0.00462,"gamma_r":-0.462}