{"Date":"03.04.2011","Version":"MM107","Technology":"Multi-c-Si","BIPV":"N","A_c":1.026,"N_s":36.0,"T_NOCT":46.8,"I_sc_ref":8.19,"V_oc_ref":21.9,"I_mp_ref":7.59,"V_mp_ref":16.9,"alpha_sc":0.005372999999999999,"beta_oc":-0.07182999999999999,"a_ref":0.915,"I_L_ref":8.21,"I_o_ref":3.25e-10,"R_s":0.317,"R_sh_ref":130.71,"Adjust":11.0,"PTC":111.2,"pdc0":125.0,"gamma_pdc":-0.00462,"gamma_r":-0.462}