{"Date":"03.04.2011","Version":"MM107","Technology":"Multi-c-Si","BIPV":"N","A_c":1.663,"N_s":60.0,"T_NOCT":46.8,"I_sc_ref":8.64,"V_oc_ref":37.1,"I_mp_ref":8.05,"V_mp_ref":29.0,"alpha_sc":0.005668,"beta_oc":-0.12169,"a_ref":1.5571,"I_L_ref":8.654,"I_o_ref":3.83e-10,"R_s":0.45299999999999996,"R_sh_ref":284.44,"Adjust":12.0,"PTC":209.8,"pdc0":235.0,"gamma_pdc":-0.00462,"gamma_r":-0.462}