{"Date":"03.04.2011","Version":"MM107","Technology":"Multi-c-Si","BIPV":"N","A_c":1.6280000000000001,"N_s":60.0,"T_NOCT":46.8,"I_sc_ref":8.23,"V_oc_ref":36.5,"I_mp_ref":7.66,"V_mp_ref":28.2,"alpha_sc":0.005399,"beta_oc":-0.11972000000000001,"a_ref":1.5227,"I_L_ref":8.244,"I_o_ref":3.1600000000000005e-10,"R_s":0.52,"R_sh_ref":298.5,"Adjust":10.7,"PTC":191.6,"pdc0":215.0,"gamma_pdc":-0.00462,"gamma_r":-0.462}