{"Date":"03.04.2011","Version":"MM107","Technology":"Mono-c-Si","BIPV":"N","A_c":1.6280000000000001,"N_s":60.0,"T_NOCT":47.4,"I_sc_ref":8.28,"V_oc_ref":37.6,"I_mp_ref":7.79,"V_mp_ref":30.7,"alpha_sc":0.004579,"beta_oc":-0.14405,"a_ref":1.6283,"I_L_ref":8.283999999999999,"I_o_ref":7.7e-10,"R_s":0.27399999999999997,"R_sh_ref":630.38,"Adjust":1.8,"PTC":213.2,"pdc0":240.0,"gamma_pdc":-0.00473,"gamma_r":-0.473}