{"Date":"03.04.2011","Version":"MM107","Technology":"Mono-c-Si","BIPV":"N","A_c":1.3459999999999999,"N_s":48.0,"T_NOCT":47.4,"I_sc_ref":8.22,"V_oc_ref":30.0,"I_mp_ref":7.67,"V_mp_ref":24.1,"alpha_sc":0.004546,"beta_oc":-0.11492999999999999,"a_ref":1.2933,"I_L_ref":8.23,"I_o_ref":6.83e-10,"R_s":0.28,"R_sh_ref":231.04,"Adjust":0.9,"PTC":164.0,"pdc0":185.0,"gamma_pdc":-0.00473,"gamma_r":-0.473}