{"Date":"03.04.2011","Version":"MM107","Technology":"Mono-c-Si","BIPV":"N","A_c":1.6280000000000001,"N_s":60.0,"T_NOCT":47.4,"I_sc_ref":8.22,"V_oc_ref":37.4,"I_mp_ref":7.67,"V_mp_ref":30.1,"alpha_sc":0.004546,"beta_oc":-0.14328,"a_ref":1.6141,"I_L_ref":8.23,"I_o_ref":7.000000000000001e-10,"R_s":0.341,"R_sh_ref":284.23,"Adjust":1.1,"PTC":204.0,"pdc0":230.0,"gamma_pdc":-0.00473,"gamma_r":-0.473}