{"Date":"6/24/2010","Version":"MM107","Technology":"a-Si/nc","BIPV":"N","A_c":2.86,"N_s":106.0,"T_NOCT":44.1,"I_sc_ref":2.6,"V_oc_ref":137.6,"I_mp_ref":2.16,"V_mp_ref":106.0,"alpha_sc":0.002699,"beta_oc":-0.55178,"a_ref":5.968999999999999,"I_L_ref":2.653,"I_o_ref":2.17e-10,"R_s":6.605,"R_sh_ref":324.34,"Adjust":-4.0,"PTC":210.1,"pdc0":229.0,"gamma_pdc":-0.00368,"gamma_r":-0.368}