{"Date":"6/24/2010","Version":"MM107","Technology":"a-Si/nc","BIPV":"N","A_c":2.86,"N_s":216.0,"T_NOCT":44.1,"I_sc_ref":1.3,"V_oc_ref":280.0,"I_mp_ref":1.08,"V_mp_ref":216.0,"alpha_sc":0.001349,"beta_oc":-1.1228,"a_ref":12.1596,"I_L_ref":1.3259999999999998,"I_o_ref":1.11e-10,"R_s":26.533,"R_sh_ref":1320.88,"Adjust":-3.8,"PTC":210.1,"pdc0":229.0,"gamma_pdc":-0.00368,"gamma_r":-0.368}