{"Date":"07.08.2010","Version":"MM107","Technology":"a-Si/nc","BIPV":"N","A_c":2.86,"N_s":106.0,"T_NOCT":44.1,"I_sc_ref":1.31,"V_oc_ref":283.0,"I_mp_ref":1.06,"V_mp_ref":218.0,"alpha_sc":0.001362,"beta_oc":-1.13483,"a_ref":12.5452,"I_L_ref":1.3419999999999999,"I_o_ref":1.73e-10,"R_s":26.81,"R_sh_ref":1105.06,"Adjust":-0.3,"PTC":211.0,"pdc0":230.0,"gamma_pdc":-0.00368,"gamma_r":-0.368}