{"Date":"07.08.2010","Version":"MM107","Technology":"a-Si/nc","BIPV":"N","A_c":2.86,"N_s":106.0,"T_NOCT":44.1,"I_sc_ref":1.33,"V_oc_ref":286.0,"I_mp_ref":1.08,"V_mp_ref":222.0,"alpha_sc":0.0013830000000000001,"beta_oc":-1.14686,"a_ref":12.71,"I_L_ref":1.359,"I_o_ref":1.8700000000000003e-10,"R_s":24.776999999999997,"R_sh_ref":1130.24,"Adjust":0.2,"PTC":220.3,"pdc0":240.0,"gamma_pdc":-0.00368,"gamma_r":-0.368}