{"Date":"07.08.2010","Version":"MM107","Technology":"a-Si/nc","BIPV":"N","A_c":2.86,"N_s":106.0,"T_NOCT":44.1,"I_sc_ref":2.67,"V_oc_ref":140.0,"I_mp_ref":2.15,"V_mp_ref":107.0,"alpha_sc":0.002777,"beta_oc":-0.5614,"a_ref":6.1943,"I_L_ref":2.742,"I_o_ref":3.37e-10,"R_s":6.9879999999999995,"R_sh_ref":258.98,"Adjust":-0.7,"PTC":211.0,"pdc0":230.0,"gamma_pdc":-0.00368,"gamma_r":-0.368}