{"Date":"07.08.2010","Version":"MM107","Technology":"a-Si/nc","BIPV":"N","A_c":2.86,"N_s":106.0,"T_NOCT":44.1,"I_sc_ref":2.65,"V_oc_ref":139.0,"I_mp_ref":2.1,"V_mp_ref":105.0,"alpha_sc":0.0027559999999999998,"beta_oc":-0.5573899999999999,"a_ref":6.1792,"I_L_ref":2.737,"I_o_ref":3.65e-10,"R_s":7.7010000000000005,"R_sh_ref":234.17,"Adjust":0.0,"PTC":201.7,"pdc0":220.0,"gamma_pdc":-0.00368,"gamma_r":-0.368}