{"Date":"6/30/2010","Version":"MM107","Technology":"a-Si/nc","BIPV":"N","A_c":5.72,"N_s":216.0,"T_NOCT":44.1,"I_sc_ref":2.6,"V_oc_ref":280.0,"I_mp_ref":2.16,"V_mp_ref":216.0,"alpha_sc":0.002704,"beta_oc":-1.1228,"a_ref":12.1598,"I_L_ref":2.6519999999999997,"I_o_ref":2.23e-10,"R_s":13.265999999999998,"R_sh_ref":660.44,"Adjust":-3.8,"PTC":420.2,"pdc0":458.0,"gamma_pdc":-0.00368,"gamma_r":-0.368}