{"Date":"07.08.2010","Version":"MM107","Technology":"a-Si/nc","BIPV":"N","A_c":1.43,"N_s":106.0,"T_NOCT":44.1,"I_sc_ref":1.32,"V_oc_ref":141.0,"I_mp_ref":1.1,"V_mp_ref":110.0,"alpha_sc":0.001373,"beta_oc":-0.5654100000000001,"a_ref":6.1596,"I_L_ref":1.3430000000000002,"I_o_ref":1.3e-10,"R_s":11.788,"R_sh_ref":674.2,"Adjust":-2.7,"PTC":110.1,"pdc0":120.0,"gamma_pdc":-0.00368,"gamma_r":-0.368}