{"Date":"07.08.2010","Version":"MM107","Technology":"a-Si/nc","BIPV":"N","A_c":2.86,"N_s":106.0,"T_NOCT":44.1,"I_sc_ref":1.29,"V_oc_ref":280.0,"I_mp_ref":1.03,"V_mp_ref":214.0,"alpha_sc":0.001342,"beta_oc":-1.1228,"a_ref":12.4821,"I_L_ref":1.327,"I_o_ref":1.9099999999999999e-10,"R_s":28.86,"R_sh_ref":1019.89,"Adjust":0.6,"PTC":201.7,"pdc0":220.0,"gamma_pdc":-0.00368,"gamma_r":-0.368}