{"Date":"1/14/2013","Version":"NRELv1","Technology":"CIGS","BIPV":"N","A_c":1.0859999999999999,"N_s":133.0,"T_NOCT":46.9,"I_sc_ref":2.51,"V_oc_ref":79.95,"I_mp_ref":2.23,"V_mp_ref":62.78,"alpha_sc":0.001754,"beta_oc":-0.28462,"a_ref":2.9549,"I_L_ref":2.529,"I_o_ref":4.12e-12,"R_s":3.696,"R_sh_ref":381.44,"Adjust":-20.8,"PTC":130.1,"pdc0":140.0,"gamma_pdc":-0.00298,"gamma_r":-0.298}