{"Date":"5/22/2012","Version":"NRELv1","Technology":"CIGS","BIPV":"N","A_c":1.0859999999999999,"N_s":100.0,"T_NOCT":46.5,"I_sc_ref":3.5,"V_oc_ref":57.8,"I_mp_ref":3.15,"V_mp_ref":42.9,"alpha_sc":0.00035,"beta_oc":-0.19074000000000002,"a_ref":2.0035,"I_L_ref":3.5410000000000004,"I_o_ref":9.77e-13,"R_s":2.873,"R_sh_ref":243.89,"Adjust":-25.28,"PTC":123.9,"pdc0":135.0,"gamma_pdc":-0.0034999999999999996,"gamma_r":-0.35}