{"Date":"1/14/2013","Version":"NRELv1","Technology":"CIGS","BIPV":"N","A_c":1.0859999999999999,"N_s":133.0,"T_NOCT":46.9,"I_sc_ref":2.52,"V_oc_ref":82.85,"I_mp_ref":2.33,"V_mp_ref":66.52,"alpha_sc":0.0017640000000000002,"beta_oc":-0.29495,"a_ref":3.0356,"I_L_ref":2.529,"I_o_ref":3.41e-12,"R_s":3.0380000000000003,"R_sh_ref":885.86,"Adjust":-22.12,"PTC":144.2,"pdc0":155.0,"gamma_pdc":-0.00298,"gamma_r":-0.298}