{"Date":"05.01.2013","Version":"NRELv1","Technology":"CIGS","BIPV":"N","A_c":1.0859999999999999,"N_s":100.0,"T_NOCT":47.0,"I_sc_ref":3.47,"V_oc_ref":64.5,"I_mp_ref":3.18,"V_mp_ref":50.3,"alpha_sc":0.000226,"beta_oc":-0.18447,"a_ref":2.1327,"I_L_ref":3.4930000000000003,"I_o_ref":2.4299999999999997e-13,"R_s":2.403,"R_sh_ref":362.32,"Adjust":-23.04,"PTC":148.6,"pdc0":160.0,"gamma_pdc":-0.00306,"gamma_r":-0.306}