{"Date":"02.01.2012","Version":"NRELv1","Technology":"CIGS","BIPV":"N","A_c":1.0859999999999999,"N_s":100.0,"T_NOCT":46.5,"I_sc_ref":3.41,"V_oc_ref":53.9,"I_mp_ref":2.94,"V_mp_ref":40.8,"alpha_sc":0.000341,"beta_oc":-0.17787,"a_ref":1.9306,"I_L_ref":3.478,"I_o_ref":2.29e-12,"R_s":2.496,"R_sh_ref":125.5,"Adjust":-19.62,"PTC":109.9,"pdc0":120.0,"gamma_pdc":-0.0034999999999999996,"gamma_r":-0.35}