{"Date":"08.04.2010","Version":"MM107","Technology":"Mono-c-Si","BIPV":"N","A_c":1.2819999999999998,"N_s":72.0,"T_NOCT":45.8,"I_sc_ref":5.28,"V_oc_ref":43.8,"I_mp_ref":4.83,"V_mp_ref":36.2,"alpha_sc":0.002529,"beta_oc":-0.13447,"a_ref":1.7996,"I_L_ref":5.292999999999999,"I_o_ref":1.36e-10,"R_s":0.447,"R_sh_ref":175.68,"Adjust":14.9,"PTC":158.7,"pdc0":175.0,"gamma_pdc":-0.0041600000000000005,"gamma_r":-0.41600000000000004}