{"Date":"08.04.2010","Version":"MM107","Technology":"Multi-c-Si","BIPV":"N","A_c":1.3130000000000002,"N_s":48.0,"T_NOCT":46.7,"I_sc_ref":8.1,"V_oc_ref":29.4,"I_mp_ref":7.47,"V_mp_ref":24.1,"alpha_sc":0.003321,"beta_oc":-0.08907999999999999,"a_ref":1.2118,"I_L_ref":8.118,"I_o_ref":2.2800000000000001e-10,"R_s":0.22399999999999998,"R_sh_ref":100.47,"Adjust":17.3,"PTC":161.8,"pdc0":180.0,"gamma_pdc":-0.00435,"gamma_r":-0.435}