{"Date":"08.04.2010","Version":"MM107","Technology":"Multi-c-Si","BIPV":"N","A_c":1.94,"N_s":72.0,"T_NOCT":46.7,"I_sc_ref":7.84,"V_oc_ref":43.5,"I_mp_ref":7.16,"V_mp_ref":35.6,"alpha_sc":0.003214,"beta_oc":-0.13180999999999998,"a_ref":1.8014,"I_L_ref":7.864,"I_o_ref":2.4400000000000004e-10,"R_s":0.349,"R_sh_ref":115.6,"Adjust":18.3,"PTC":228.9,"pdc0":255.0,"gamma_pdc":-0.00435,"gamma_r":-0.435}