{"Vac":480.0,"Paco":135000.0,"Pdco":141281.0,"Vdco":415.0,"Pso":1229.31,"C0":-1.3508e-07,"C1":3.88477e-05,"C2":0.000504462,"C3":-0.000845968,"Pnt":98.0,"Vdcmax":470.0,"Mppt_low":330.0,"Mppt_high":470.0}