{"Vac":208.0,"Paco":135000.0,"Pdco":141824.0,"Vdco":415.0,"Pso":1196.2,"C0":-1.7064699999999998e-07,"C1":4.36485e-05,"C2":0.00248172,"C3":-0.0007182860000000001,"Pnt":96.0,"Vdcmax":470.0,"Mppt_low":330.0,"Mppt_high":470.0}