{"Vac":480.0,"Paco":100000.0,"Pdco":105140.0,"Vdco":400.0,"Pso":497.009,"C0":-2.2920000000000001e-07,"C1":3.35322e-05,"C2":-2.2145500000000003e-05,"C3":-0.000574694,"Pnt":97.7,"Vdcmax":480.0,"Mppt_low":330.0,"Mppt_high":480.0}