{"Vac":480.0,"Paco":100000.0,"Pdco":104934.0,"Vdco":410.0,"Pso":1240.41,"C0":-1.80268e-07,"C1":4.6508e-05,"C2":0.00125032,"C3":-9.89193e-05,"Pnt":97.7,"Vdcmax":470.0,"Mppt_low":330.0,"Mppt_high":470.0}