{"Vac":480.0,"Paco":225000.0,"Pdco":237217.0,"Vdco":430.0,"Pso":2286.2,"C0":-9.710029999999999e-08,"C1":5.46571e-05,"C2":0.00158557,"C3":0.00243759,"Pnt":114.0,"Vdcmax":480.0,"Mppt_low":330.0,"Mppt_high":480.0}