{"Vac":240.0,"Paco":30000.0,"Pdco":31422.7,"Vdco":375.0,"Pso":216.542,"C0":1.36803e-09,"C1":4.3199700000000006e-05,"C2":0.00214125,"C3":-0.222543,"Pnt":59.0,"Vdcmax":480.0,"Mppt_low":340.0,"Mppt_high":480.0}