{"Vac":240.0,"Paco":30000.0,"Pdco":32242.5,"Vdco":410.0,"Pso":475.912,"C0":-1.07659e-06,"C1":5.0903400000000005e-05,"C2":0.0006748139999999999,"C3":0.000431044,"Pnt":68.0,"Vdcmax":480.0,"Mppt_low":330.0,"Mppt_high":480.0}