{"Vac":240.0,"Paco":50000.0,"Pdco":53204.3,"Vdco":430.0,"Pso":1003.33,"C0":-4.83421e-07,"C1":5.4550600000000006e-05,"C2":0.00198045,"C3":2.24464e-05,"Pnt":68.0,"Vdcmax":480.0,"Mppt_low":340.0,"Mppt_high":480.0}