{"Vac":208.0,"Paco":75000.0,"Pdco":78465.9,"Vdco":415.0,"Pso":650.4590000000001,"C0":-2.5185600000000003e-07,"C1":3.5248e-05,"C2":0.00104379,"C3":0.000776927,"Pnt":99.0,"Vdcmax":480.0,"Mppt_low":330.0,"Mppt_high":480.0}