{"Vac":0.0,"Paco":500000.0,"Pdco":523175.0,"Vdco":360.0,"Pso":2538.82,"C0":-5.30834e-08,"C1":7.1854e-06,"C2":0.00106601,"C3":-0.000719983,"Pnt":171.5,"Vdcmax":480.0,"Mppt_low":320.0,"Mppt_high":480.0}