{"Vac":240.0,"Paco":250000.0,"Pdco":260392.0,"Vdco":365.0,"Pso":1561.8,"C0":-8.185080000000001e-08,"C1":3.9177e-05,"C2":0.00016503400000000002,"C3":0.00010881799999999999,"Pnt":100.0,"Vdcmax":480.0,"Mppt_low":322.0,"Mppt_high":480.0}