{"Vac":0.0,"Paco":250000.0,"Pdco":262515.0,"Vdco":368.0,"Pso":1393.05,"C0":-1.0232200000000001e-07,"C1":5.11015e-05,"C2":0.00140837,"C3":0.0006893089999999999,"Pnt":151.8,"Vdcmax":480.0,"Mppt_low":330.0,"Mppt_high":480.0}