{"Vac":480.0,"Paco":250000.0,"Pdco":261078.0,"Vdco":365.0,"Pso":1440.51,"C0":-9.45965e-08,"C1":5.19295e-05,"C2":0.00104952,"C3":0.000821687,"Pnt":119.7,"Vdcmax":480.0,"Mppt_low":320.0,"Mppt_high":480.0}