{"Vac":208.0,"Paco":50000.0,"Pdco":52330.6,"Vdco":320.0,"Pso":386.26599999999996,"C0":-5.34361e-07,"C1":3.05977e-05,"C2":0.00127387,"C3":0.00043854,"Pnt":81.0,"Vdcmax":480.0,"Mppt_low":265.0,"Mppt_high":480.0}