{"Vac":480.0,"Paco":50000.0,"Pdco":52165.2,"Vdco":350.0,"Pso":470.286,"C0":-4.86065e-07,"C1":3.8609e-05,"C2":0.00017277299999999998,"C3":-6.80813e-05,"Pnt":76.5,"Vdcmax":480.0,"Mppt_low":305.0,"Mppt_high":480.0}