{"Vac":480.0,"Paco":500000.0,"Pdco":521954.0,"Vdco":365.0,"Pso":3191.59,"C0":-4.5704099999999996e-08,"C1":4.48303e-05,"C2":0.00115023,"C3":0.00154207,"Pnt":131.1,"Vdcmax":480.0,"Mppt_low":315.0,"Mppt_high":480.0}