{"Vac":240.0,"Paco":50000.0,"Pdco":52381.3,"Vdco":320.0,"Pso":392.494,"C0":-5.323190000000001e-07,"C1":2.15231e-05,"C2":0.0022967,"C3":0.00100593,"Pnt":78.0,"Vdcmax":480.0,"Mppt_low":265.0,"Mppt_high":480.0}