{"Vac":240.0,"Paco":75000.0,"Pdco":77966.9,"Vdco":365.0,"Pso":551.251,"C0":-2.59552e-07,"C1":2.10787e-05,"C2":0.000527264,"C3":-0.00167257,"Pnt":71.84,"Vdcmax":480.0,"Mppt_low":315.0,"Mppt_high":480.0}