{"Vac":208.0,"Paco":110000.0,"Pdco":116198.0,"Vdco":320.0,"Pso":790.046,"C0":-3.03193e-07,"C1":3.60251e-05,"C2":0.00196358,"C3":0.000192485,"Pnt":72.5,"Vdcmax":480.0,"Mppt_low":265.0,"Mppt_high":480.0}