{"Vac":208.0,"Paco":100000.0,"Pdco":104082.0,"Vdco":365.0,"Pso":655.5319999999999,"C0":-2.03215e-07,"C1":2.51816e-05,"C2":0.00129024,"C3":0.000133748,"Pnt":62.34,"Vdcmax":480.0,"Mppt_low":315.0,"Mppt_high":480.0}