{"Vac":240.0,"Paco":50000.0,"Pdco":52424.5,"Vdco":365.0,"Pso":443.967,"C0":-5.527429999999999e-07,"C1":3.2918e-05,"C2":0.00114696,"C3":-3.4785e-05,"Pnt":93.97,"Vdcmax":480.0,"Mppt_low":310.0,"Mppt_high":480.0}