{"Vac":0.0,"Paco":1000000.0,"Pdco":1042040.0,"Vdco":486.0,"Pso":6189.51,"C0":-2.54474e-08,"C1":2.6187e-05,"C2":0.00104091,"C3":-0.000153046,"Pnt":396.4,"Vdcmax":670.0,"Mppt_low":420.0,"Mppt_high":670.0}