{"Vac":240.0,"Paco":110000.0,"Pdco":115772.0,"Vdco":320.0,"Pso":690.541,"C0":-2.5807200000000004e-07,"C1":3.4533400000000004e-05,"C2":0.00184653,"C3":2.8936799999999997e-05,"Pnt":70.6,"Vdcmax":480.0,"Mppt_low":265.0,"Mppt_high":480.0}