{"Vac":208.0,"Paco":75000.0,"Pdco":78156.3,"Vdco":365.0,"Pso":636.753,"C0":-3.27344e-07,"C1":2.6457800000000003e-05,"C2":0.00093609,"C3":-8.746479999999999e-05,"Pnt":65.36,"Vdcmax":480.0,"Mppt_low":315.0,"Mppt_high":480.0}