{"Vac":480.0,"Paco":375000.0,"Pdco":392300.0,"Vdco":365.0,"Pso":2323.34,"C0":-5.318969999999999e-08,"C1":4.74757e-05,"C2":0.0007137510000000001,"C3":-0.000474566,"Pnt":123.5,"Vdcmax":480.0,"Mppt_low":320.0,"Mppt_high":480.0}