{"Vac":240.0,"Paco":100000.0,"Pdco":105064.0,"Vdco":430.0,"Pso":1213.08,"C0":-2.53367e-07,"C1":-3.75786e-05,"C2":0.00190349,"C3":0.00037053,"Pnt":61.79,"Vdcmax":480.0,"Mppt_low":300.0,"Mppt_high":480.0}