{"Vac":480.0,"Paco":500000.0,"Pdco":521562.0,"Vdco":430.0,"Pso":4749.6,"C0":-5.06692e-08,"C1":-2.87431e-05,"C2":0.00091081,"C3":0.000331662,"Pnt":101.0,"Vdcmax":480.0,"Mppt_low":300.0,"Mppt_high":480.0}