{"Date":"9/15/2011","Version":"MM107","Technology":"Mono-c-Si","BIPV":"N","A_c":1.2770000000000001,"N_s":72.0,"T_NOCT":46.0,"I_sc_ref":5.2,"V_oc_ref":45.0,"I_mp_ref":5.0,"V_mp_ref":36.0,"alpha_sc":0.003203,"beta_oc":-0.16632,"a_ref":1.8539,"I_L_ref":5.2860000000000005,"I_o_ref":1.52e-10,"R_s":0.7190000000000001,"R_sh_ref":100000.0,"Adjust":-4.1,"PTC":162.5,"pdc0":180.0,"gamma_pdc":-0.00434,"gamma_r":-0.434}