{"Date":"9/16/2011","Version":"MM107","Technology":"Multi-c-Si","BIPV":"N","A_c":1.9680000000000002,"N_s":72.0,"T_NOCT":45.8,"I_sc_ref":8.56,"V_oc_ref":44.6,"I_mp_ref":7.92,"V_mp_ref":36.0,"alpha_sc":0.006951000000000001,"beta_oc":-0.16596,"a_ref":1.9195,"I_L_ref":8.577,"I_o_ref":6.759999999999999e-10,"R_s":0.379,"R_sh_ref":188.66,"Adjust":3.2,"PTC":257.4,"pdc0":285.0,"gamma_pdc":-0.004379999999999999,"gamma_r":-0.43799999999999994}