{"Date":"08.01.2013","Version":"NRELv1","Technology":"Mono-c-Si","BIPV":"N","A_c":1.94,"N_s":72.0,"T_NOCT":45.6,"I_sc_ref":8.77,"V_oc_ref":45.4,"I_mp_ref":8.32,"V_mp_ref":36.1,"alpha_sc":0.007305,"beta_oc":-0.18737,"a_ref":1.9236,"I_L_ref":8.863,"I_o_ref":4.95e-10,"R_s":0.451,"R_sh_ref":790.13,"Adjust":-9.539,"PTC":276.8,"pdc0":305.0,"gamma_pdc":-0.004320000000000001,"gamma_r":-0.43200000000000005}