{"Date":"9/15/2011","Version":"MM107","Technology":"Mono-c-Si","BIPV":"N","A_c":1.2770000000000001,"N_s":72.0,"T_NOCT":46.0,"I_sc_ref":5.32,"V_oc_ref":45.2,"I_mp_ref":5.11,"V_mp_ref":36.2,"alpha_sc":0.0032770000000000004,"beta_oc":-0.16706,"a_ref":1.8641,"I_L_ref":5.402,"I_o_ref":1.5900000000000002e-10,"R_s":0.6970000000000001,"R_sh_ref":100000.0,"Adjust":-3.9,"PTC":167.1,"pdc0":185.0,"gamma_pdc":-0.00434,"gamma_r":-0.434}