{"Date":"06.01.2013","Version":"NRELv1","Technology":"HIT-Si","BIPV":"N","A_c":1.899,"N_s":72.0,"T_NOCT":49.0,"I_sc_ref":7.4,"V_oc_ref":44.8,"I_mp_ref":6.9,"V_mp_ref":35.6,"alpha_sc":0.01036,"beta_oc":-0.1568,"a_ref":1.9356,"I_L_ref":7.41,"I_o_ref":6.479999999999999e-10,"R_s":0.528,"R_sh_ref":406.88,"Adjust":10.17,"PTC":218.8,"pdc0":245.0,"gamma_pdc":-0.0040999999999999995,"gamma_r":-0.41}