{"Date":"10.01.2013","Version":"NRELv1","Technology":"Multi-c-Si","BIPV":"N","A_c":1.624,"N_s":60.0,"T_NOCT":49.1,"I_sc_ref":9.08,"V_oc_ref":38.41,"I_mp_ref":8.52,"V_mp_ref":30.51,"alpha_sc":0.00345,"beta_oc":-0.12714,"a_ref":1.5754,"I_L_ref":9.088,"I_o_ref":2.3199999999999997e-10,"R_s":0.389,"R_sh_ref":432.23,"Adjust":6.629,"PTC":230.4,"pdc0":260.0,"gamma_pdc":-0.00457,"gamma_r":-0.457}