{"Date":"10.01.2013","Version":"NRELv1","Technology":"Multi-c-Si","BIPV":"N","A_c":1.624,"N_s":60.0,"T_NOCT":49.1,"I_sc_ref":8.84,"V_oc_ref":37.91,"I_mp_ref":8.3,"V_mp_ref":30.11,"alpha_sc":0.0033590000000000004,"beta_oc":-0.12548,"a_ref":1.5543,"I_L_ref":8.847000000000001,"I_o_ref":2.24e-10,"R_s":0.395,"R_sh_ref":478.51,"Adjust":6.55,"PTC":221.3,"pdc0":250.0,"gamma_pdc":-0.00457,"gamma_r":-0.457}