{"Date":"01.04.2010","Version":"MM106","Technology":"Mono-c-Si","BIPV":"N","A_c":1.2770000000000001,"N_s":72.0,"T_NOCT":47.1,"I_sc_ref":4.96,"V_oc_ref":42.0,"I_mp_ref":4.43,"V_mp_ref":35.0,"alpha_sc":0.002431,"beta_oc":-0.1874,"a_ref":2.1417,"I_L_ref":4.967,"I_o_ref":1.4099999999999999e-08,"R_s":0.18899999999999997,"R_sh_ref":129.85,"Adjust":16.0,"PTC":132.6,"pdc0":155.0,"gamma_pdc":-0.00594,"gamma_r":-0.594}