{"Date":"01.04.2010","Version":"MM106","Technology":"Mono-c-Si","BIPV":"N","A_c":1.2770000000000001,"N_s":72.0,"T_NOCT":47.1,"I_sc_ref":5.28,"V_oc_ref":42.0,"I_mp_ref":4.71,"V_mp_ref":35.0,"alpha_sc":0.002588,"beta_oc":-0.1874,"a_ref":2.1441,"I_L_ref":5.287999999999999,"I_o_ref":1.53e-08,"R_s":0.17600000000000002,"R_sh_ref":119.34,"Adjust":16.2,"PTC":141.5,"pdc0":165.0,"gamma_pdc":-0.00594,"gamma_r":-0.594}