{"Date":"01.04.2010","Version":"MM106","Technology":"Mono-c-Si","BIPV":"N","A_c":1.2770000000000001,"N_s":72.0,"T_NOCT":46.5,"I_sc_ref":5.36,"V_oc_ref":42.6,"I_mp_ref":4.79,"V_mp_ref":35.5,"alpha_sc":0.002221,"beta_oc":-0.16733,"a_ref":2.0433,"I_L_ref":5.371,"I_o_ref":4.42e-09,"R_s":0.23199999999999998,"R_sh_ref":116.77,"Adjust":19.0,"PTC":148.6,"pdc0":170.0,"gamma_pdc":-0.00542,"gamma_r":-0.542}