{"Date":"02.03.2014","Version":"NRELv1","Technology":"Multi-c-Si","BIPV":"N","A_c":1.6369999999999998,"N_s":60.0,"T_NOCT":47.1,"I_sc_ref":8.85,"V_oc_ref":37.9,"I_mp_ref":8.26,"V_mp_ref":31.5,"alpha_sc":0.004779,"beta_oc":-0.13113,"a_ref":1.6718,"I_L_ref":8.857000000000001,"I_o_ref":1.24e-09,"R_s":0.177,"R_sh_ref":228.07,"Adjust":16.84,"PTC":231.2,"pdc0":260.0,"gamma_pdc":-0.00484,"gamma_r":-0.484}