{"Date":"02.03.2014","Version":"NRELv1","Technology":"Multi-c-Si","BIPV":"N","A_c":1.94,"N_s":72.0,"T_NOCT":47.1,"I_sc_ref":8.8,"V_oc_ref":45.1,"I_mp_ref":8.21,"V_mp_ref":36.5,"alpha_sc":0.004752,"beta_oc":-0.15605,"a_ref":1.9586,"I_L_ref":8.81,"I_o_ref":8.649999999999999e-10,"R_s":0.353,"R_sh_ref":308.16,"Adjust":13.51,"PTC":266.5,"pdc0":300.0,"gamma_pdc":-0.00484,"gamma_r":-0.484}