{"Date":"02.03.2014","Version":"NRELv1","Technology":"Mono-c-Si","BIPV":"N","A_c":1.94,"N_s":72.0,"T_NOCT":47.0,"I_sc_ref":8.85,"V_oc_ref":45.7,"I_mp_ref":8.25,"V_mp_ref":37.0,"alpha_sc":0.004691,"beta_oc":-0.16680999999999999,"a_ref":2.0075,"I_L_ref":8.86,"I_o_ref":1.13e-09,"R_s":0.349,"R_sh_ref":303.35,"Adjust":9.884,"PTC":270.6,"pdc0":305.0,"gamma_pdc":-0.00493,"gamma_r":-0.493}