{"Date":"09.02.2010","Version":"MM107","Technology":"Mono-c-Si","BIPV":"N","A_c":1.608,"N_s":60.0,"T_NOCT":49.7,"I_sc_ref":8.65,"V_oc_ref":37.6,"I_mp_ref":8.08,"V_mp_ref":29.8,"alpha_sc":0.001471,"beta_oc":-0.12408,"a_ref":1.5502,"I_L_ref":8.662,"I_o_ref":2.4899999999999997e-10,"R_s":0.408,"R_sh_ref":287.66,"Adjust":8.1,"PTC":210.1,"pdc0":240.0,"gamma_pdc":-0.0048,"gamma_r":-0.48}