{"Date":"11.01.2010","Version":"MM107","Technology":"Mono-c-Si","BIPV":"N","A_c":1.2770000000000001,"N_s":72.0,"T_NOCT":47.6,"I_sc_ref":5.5,"V_oc_ref":45.0,"I_mp_ref":5.25,"V_mp_ref":36.2,"alpha_sc":0.0033,"beta_oc":-0.1665,"a_ref":1.9811,"I_L_ref":5.565,"I_o_ref":7.6e-10,"R_s":0.5920000000000001,"R_sh_ref":100000.0,"Adjust":8.7,"PTC":167.4,"pdc0":190.0,"gamma_pdc":-0.005,"gamma_r":-0.5}