{"Date":"2/16/2010","Version":"MM107","Technology":"Mono-c-Si","BIPV":"N","A_c":1.624,"N_s":60.0,"T_NOCT":46.2,"I_sc_ref":8.36,"V_oc_ref":36.7,"I_mp_ref":7.68,"V_mp_ref":29.3,"alpha_sc":0.0032600000000000003,"beta_oc":-0.11267,"a_ref":1.4727,"I_L_ref":8.39,"I_o_ref":1.21e-10,"R_s":0.396,"R_sh_ref":110.55,"Adjust":9.8,"PTC":203.4,"pdc0":225.0,"gamma_pdc":-0.00423,"gamma_r":-0.423}