{"Date":"05.05.2011","Version":"MM107","Technology":"Multi-c-Si","BIPV":"N","A_c":1.6369999999999998,"N_s":60.0,"T_NOCT":48.0,"I_sc_ref":8.1,"V_oc_ref":36.6,"I_mp_ref":7.53,"V_mp_ref":29.2,"alpha_sc":0.0048200000000000005,"beta_oc":-0.16141,"a_ref":1.7911,"I_L_ref":8.106,"I_o_ref":1.07e-08,"R_s":0.322,"R_sh_ref":411.05,"Adjust":9.8,"PTC":187.0,"pdc0":220.0,"gamma_pdc":-0.00605,"gamma_r":-0.605}