{"Date":"08.03.2011","Version":"MM107","Technology":"Mono-c-Si","BIPV":"N","A_c":1.6269999999999998,"N_s":60.0,"T_NOCT":45.2,"I_sc_ref":8.33,"V_oc_ref":37.2,"I_mp_ref":7.95,"V_mp_ref":30.2,"alpha_sc":0.003165,"beta_oc":-0.13615,"a_ref":1.5768,"I_L_ref":8.401,"I_o_ref":4.77e-10,"R_s":0.3,"R_sh_ref":100000.0,"Adjust":2.6,"PTC":215.5,"pdc0":240.0,"gamma_pdc":-0.0047799999999999995,"gamma_r":-0.478}