{"Date":"05.05.2011","Version":"MM107","Technology":"Mono-c-Si","BIPV":"N","A_c":1.94,"N_s":72.0,"T_NOCT":46.6,"I_sc_ref":8.37,"V_oc_ref":45.3,"I_mp_ref":7.61,"V_mp_ref":36.1,"alpha_sc":0.00371,"beta_oc":-0.13758,"a_ref":1.8582,"I_L_ref":8.408999999999999,"I_o_ref":2.06e-10,"R_s":0.49,"R_sh_ref":104.79,"Adjust":15.8,"PTC":247.5,"pdc0":275.0,"gamma_pdc":-0.00435,"gamma_r":-0.435}