{"Date":"08.04.2010","Version":"MM107","Technology":"Multi-c-Si","BIPV":"N","A_c":1.936,"N_s":72.0,"T_NOCT":47.4,"I_sc_ref":8.48,"V_oc_ref":43.8,"I_mp_ref":7.82,"V_mp_ref":35.2,"alpha_sc":0.00424,"beta_oc":-0.16205999999999998,"a_ref":1.9567,"I_L_ref":8.498,"I_o_ref":1.57e-09,"R_s":0.379,"R_sh_ref":178.07,"Adjust":11.6,"PTC":241.6,"pdc0":275.0,"gamma_pdc":-0.0051,"gamma_r":-0.51}