{"Date":"6/14/2011","Version":"MM107","Technology":"Mono-c-Si","BIPV":"N","A_c":1.94,"N_s":72.0,"T_NOCT":46.7,"I_sc_ref":8.72,"V_oc_ref":46.8,"I_mp_ref":7.99,"V_mp_ref":38.2,"alpha_sc":0.006374,"beta_oc":-0.16726,"a_ref":2.0191,"I_L_ref":8.742,"I_o_ref":7.190000000000001e-10,"R_s":0.331,"R_sh_ref":130.07,"Adjust":8.0,"PTC":274.8,"pdc0":305.0,"gamma_pdc":-0.00439,"gamma_r":-0.439}