{"Vac":480.0,"Paco":16000.0,"Pdco":16598.2,"Vdco":810.0,"Pso":95.8993,"C0":-9.65361e-07,"C1":2.06594e-05,"C2":0.000670664,"C3":0.000159416,"Pnt":85.0,"Vdcmax":960.0,"Mppt_low":760.0,"Mppt_high":960.0}