{"Technology":"Multi-c-Si","BIPV":"N","A_c":1.7730000000000001,"N_s":72.0,"T_NOCT":45.2,"PTC":225.8,"pdc0":250.0,"gamma_pdc":-0.004479}