{"Technology":"Mono-c-Si","BIPV":"N","A_c":1.2770000000000001,"N_s":72.0,"T_NOCT":47.6,"PTC":169.4,"pdc0":190.0,"gamma_pdc":-0.004567}