{"Technology":"Multi-c-Si","BIPV":"N","A_c":1.6269999999999998,"N_s":60.0,"T_NOCT":46.4,"PTC":244.6,"pdc0":270.0,"gamma_pdc":-0.0042929}