{"Technology":"Mono-c-Si","BIPV":"N","A_c":1.2770000000000001,"N_s":72.0,"T_NOCT":47.6,"PTC":187.8,"pdc0":210.0,"gamma_pdc":-0.004567}