{"Date":"9/16/2011","Version":"MM107","Technology":"Mono-c-Si","BIPV":"N","A_c":1.9680000000000002,"N_s":72.0,"T_NOCT":46.0,"I_sc_ref":7.88,"V_oc_ref":44.5,"I_mp_ref":7.26,"V_mp_ref":35.8,"alpha_sc":0.0051140000000000005,"beta_oc":-0.16981,"a_ref":1.8873,"I_L_ref":7.9,"I_o_ref":4.3900000000000003e-10,"R_s":0.43700000000000006,"R_sh_ref":168.18,"Adjust":-2.0,"PTC":234.2,"pdc0":260.0,"gamma_pdc":-0.004370000000000001,"gamma_r":-0.43700000000000006}