{"Date":"3/29/2010","Version":"MM107","Technology":"Mono-c-Si","BIPV":"N","A_c":1.2790000000000001,"N_s":72.0,"T_NOCT":44.4,"I_sc_ref":5.4,"V_oc_ref":44.2,"I_mp_ref":5.0,"V_mp_ref":36.2,"alpha_sc":0.002549,"beta_oc":-0.16760999999999998,"a_ref":1.9873,"I_L_ref":5.4079999999999995,"I_o_ref":1.15e-09,"R_s":0.442,"R_sh_ref":316.15,"Adjust":10.2,"PTC":161.0,"pdc0":180.0,"gamma_pdc":-0.00509,"gamma_r":-0.509}