{"Date":"9/16/2011","Version":"MM107","Technology":"Multi-c-Si","BIPV":"N","A_c":1.9680000000000002,"N_s":72.0,"T_NOCT":45.8,"I_sc_ref":8.28,"V_oc_ref":44.5,"I_mp_ref":7.68,"V_mp_ref":35.8,"alpha_sc":0.006723000000000001,"beta_oc":-0.16558,"a_ref":1.9081,"I_L_ref":8.295,"I_o_ref":6.02e-10,"R_s":0.409,"R_sh_ref":222.44,"Adjust":2.5,"PTC":248.2,"pdc0":275.0,"gamma_pdc":-0.004379999999999999,"gamma_r":-0.43799999999999994}