{"Date":"9/16/2011","Version":"MM107","Technology":"Multi-c-Si","BIPV":"N","A_c":1.9680000000000002,"N_s":72.0,"T_NOCT":45.8,"I_sc_ref":8.46,"V_oc_ref":44.5,"I_mp_ref":7.82,"V_mp_ref":35.8,"alpha_sc":0.00687,"beta_oc":-0.16558,"a_ref":1.9123,"I_L_ref":8.478,"I_o_ref":6.45e-10,"R_s":0.4,"R_sh_ref":184.5,"Adjust":2.9,"PTC":252.8,"pdc0":280.0,"gamma_pdc":-0.004379999999999999,"gamma_r":-0.43799999999999994}