{"Date":"12.01.2011","Version":"NRELv1","Technology":"Mono-c-Si","BIPV":"N","A_c":1.611,"N_s":60.0,"T_NOCT":45.9,"I_sc_ref":8.97,"V_oc_ref":37.2,"I_mp_ref":8.24,"V_mp_ref":29.8,"alpha_sc":0.00644,"beta_oc":-0.14356,"a_ref":1.5803,"I_L_ref":8.997,"I_o_ref":5.18e-10,"R_s":0.33799999999999997,"R_sh_ref":112.82,"Adjust":-2.74,"PTC":221.8,"pdc0":245.0,"gamma_pdc":-0.004320000000000001,"gamma_r":-0.43200000000000005}