{"Date":"3/29/2010","Version":"MM107","Technology":"Multi-c-Si","BIPV":"N","A_c":1.9369999999999998,"N_s":72.0,"T_NOCT":47.5,"I_sc_ref":8.59,"V_oc_ref":42.26,"I_mp_ref":7.45,"V_mp_ref":34.9,"alpha_sc":0.004536999999999999,"beta_oc":-0.15231,"a_ref":1.9466,"I_L_ref":8.629,"I_o_ref":2.8800000000000004e-09,"R_s":0.21,"R_sh_ref":46.41,"Adjust":20.5,"PTC":229.8,"pdc0":260.0,"gamma_pdc":-0.00479,"gamma_r":-0.479}