{"Date":"9/16/2011","Version":"MM107","Technology":"Mono-c-Si","BIPV":"N","A_c":1.69,"N_s":96.0,"T_NOCT":46.3,"I_sc_ref":5.18,"V_oc_ref":59.1,"I_mp_ref":4.84,"V_mp_ref":47.5,"alpha_sc":0.003129,"beta_oc":-0.22191999999999998,"a_ref":2.4663,"I_L_ref":5.187,"I_o_ref":2e-10,"R_s":0.905,"R_sh_ref":708.08,"Adjust":-3.3,"PTC":207.0,"pdc0":230.0,"gamma_pdc":-0.00436,"gamma_r":-0.436}