{"Date":"12.01.2011","Version":"NRELv1","Technology":"Multi-c-Si","BIPV":"N","A_c":1.611,"N_s":60.0,"T_NOCT":45.8,"I_sc_ref":8.75,"V_oc_ref":37.3,"I_mp_ref":8.06,"V_mp_ref":30.4,"alpha_sc":0.006904,"beta_oc":-0.1464,"a_ref":1.6151,"I_L_ref":8.769,"I_o_ref":7.910000000000001e-10,"R_s":0.267,"R_sh_ref":124.81,"Adjust":-0.9437,"PTC":221.8,"pdc0":245.0,"gamma_pdc":-0.00434,"gamma_r":-0.434}