{"Date":"9/16/2011","Version":"MM107","Technology":"Multi-c-Si","BIPV":"N","A_c":1.9680000000000002,"N_s":72.0,"T_NOCT":45.8,"I_sc_ref":8.76,"V_oc_ref":44.8,"I_mp_ref":8.05,"V_mp_ref":36.0,"alpha_sc":0.0071129999999999995,"beta_oc":-0.1667,"a_ref":1.9305,"I_L_ref":8.783999999999999,"I_o_ref":7.07e-10,"R_s":0.395,"R_sh_ref":142.85,"Adjust":3.4,"PTC":262.1,"pdc0":290.0,"gamma_pdc":-0.004379999999999999,"gamma_r":-0.43799999999999994}