{"Date":"08.01.2013","Version":"NRELv1","Technology":"Mono-c-Si","BIPV":"N","A_c":1.94,"N_s":72.0,"T_NOCT":45.6,"I_sc_ref":8.46,"V_oc_ref":44.8,"I_mp_ref":8.02,"V_mp_ref":35.5,"alpha_sc":0.007047,"beta_oc":-0.18489,"a_ref":1.8949,"I_L_ref":8.55,"I_o_ref":4.58e-10,"R_s":0.48,"R_sh_ref":749.58,"Adjust":-9.839,"PTC":258.2,"pdc0":285.0,"gamma_pdc":-0.004320000000000001,"gamma_r":-0.43200000000000005}