{"Date":"3/29/2010","Version":"MM107","Technology":"Multi-c-Si","BIPV":"N","A_c":1.6340000000000001,"N_s":60.0,"T_NOCT":47.3,"I_sc_ref":8.12,"V_oc_ref":35.4,"I_mp_ref":7.17,"V_mp_ref":29.3,"alpha_sc":0.00434,"beta_oc":-0.12385999999999998,"a_ref":1.6306,"I_L_ref":8.148,"I_o_ref":2.7800000000000003e-09,"R_s":0.177,"R_sh_ref":51.61,"Adjust":24.3,"PTC":184.9,"pdc0":210.0,"gamma_pdc":-0.00493,"gamma_r":-0.493}