{"Date":"9/16/2011","Version":"MM107","Technology":"Multi-c-Si","BIPV":"N","A_c":1.9680000000000002,"N_s":72.0,"T_NOCT":45.8,"I_sc_ref":8.16,"V_oc_ref":44.6,"I_mp_ref":7.54,"V_mp_ref":35.8,"alpha_sc":0.006626000000000001,"beta_oc":-0.16596,"a_ref":1.9146,"I_L_ref":8.177999999999999,"I_o_ref":6.07e-10,"R_s":0.428,"R_sh_ref":190.2,"Adjust":2.7,"PTC":243.6,"pdc0":270.0,"gamma_pdc":-0.004379999999999999,"gamma_r":-0.43799999999999994}