{"Date":"08.01.2013","Version":"NRELv1","Technology":"Mono-c-Si","BIPV":"N","A_c":1.94,"N_s":72.0,"T_NOCT":45.6,"I_sc_ref":8.37,"V_oc_ref":44.7,"I_mp_ref":7.93,"V_mp_ref":35.3,"alpha_sc":0.006972,"beta_oc":-0.18448,"a_ref":1.8873,"I_L_ref":8.46,"I_o_ref":4.34e-10,"R_s":0.502,"R_sh_ref":722.88,"Adjust":-10.15,"PTC":253.5,"pdc0":280.0,"gamma_pdc":-0.004320000000000001,"gamma_r":-0.43200000000000005}