{"Date":"08.01.2013","Version":"NRELv1","Technology":"Mono-c-Si","BIPV":"N","A_c":1.94,"N_s":72.0,"T_NOCT":45.6,"I_sc_ref":8.92,"V_oc_ref":45.6,"I_mp_ref":8.52,"V_mp_ref":36.3,"alpha_sc":0.00743,"beta_oc":-0.18819,"a_ref":1.9355,"I_L_ref":9.107999999999999,"I_o_ref":5.28e-10,"R_s":0.436,"R_sh_ref":465.41,"Adjust":-9.244,"PTC":286.1,"pdc0":315.0,"gamma_pdc":-0.004320000000000001,"gamma_r":-0.43200000000000005}