{"Date":"9/16/2011","Version":"MM107","Technology":"Mono-c-Si","BIPV":"N","A_c":1.496,"N_s":54.0,"T_NOCT":46.2,"I_sc_ref":8.4,"V_oc_ref":33.4,"I_mp_ref":7.65,"V_mp_ref":26.8,"alpha_sc":0.006023,"beta_oc":-0.12565,"a_ref":1.4340000000000002,"I_L_ref":8.432,"I_o_ref":6.16e-10,"R_s":0.315,"R_sh_ref":83.71,"Adjust":1.6,"PTC":184.6,"pdc0":205.0,"gamma_pdc":-0.004379999999999999,"gamma_r":-0.43799999999999994}