{"Date":"08.01.2013","Version":"NRELv1","Technology":"Mono-c-Si","BIPV":"N","A_c":1.94,"N_s":72.0,"T_NOCT":45.6,"I_sc_ref":8.58,"V_oc_ref":45.0,"I_mp_ref":8.11,"V_mp_ref":35.6,"alpha_sc":0.007147,"beta_oc":-0.18572,"a_ref":1.9047,"I_L_ref":8.674,"I_o_ref":4.71e-10,"R_s":0.484,"R_sh_ref":490.38,"Adjust":-9.731,"PTC":262.8,"pdc0":290.0,"gamma_pdc":-0.004320000000000001,"gamma_r":-0.43200000000000005}