{"Date":"12.01.2011","Version":"NRELv1","Technology":"Multi-c-Si","BIPV":"N","A_c":1.611,"N_s":60.0,"T_NOCT":45.8,"I_sc_ref":8.28,"V_oc_ref":37.1,"I_mp_ref":7.84,"V_mp_ref":30.0,"alpha_sc":0.006533,"beta_oc":-0.14562,"a_ref":1.58,"I_L_ref":8.37,"I_o_ref":5.249999999999999e-10,"R_s":0.317,"R_sh_ref":389.2,"Adjust":-3.8810000000000002,"PTC":212.6,"pdc0":235.0,"gamma_pdc":-0.00434,"gamma_r":-0.434}