{"Date":"9/15/2011","Version":"MM107","Technology":"Mono-c-Si","BIPV":"N","A_c":1.2770000000000001,"N_s":72.0,"T_NOCT":46.0,"I_sc_ref":5.12,"V_oc_ref":44.5,"I_mp_ref":4.74,"V_mp_ref":35.9,"alpha_sc":0.003154,"beta_oc":-0.16447,"a_ref":1.868,"I_L_ref":5.131,"I_o_ref":2.25e-10,"R_s":0.6559999999999999,"R_sh_ref":307.2,"Adjust":-0.7,"PTC":153.3,"pdc0":170.0,"gamma_pdc":-0.00434,"gamma_r":-0.434}