{"Date":"9/16/2011","Version":"MM107","Technology":"Mono-c-Si","BIPV":"N","A_c":1.9680000000000002,"N_s":72.0,"T_NOCT":46.0,"I_sc_ref":8.28,"V_oc_ref":44.5,"I_mp_ref":7.68,"V_mp_ref":35.8,"alpha_sc":0.005374,"beta_oc":-0.16981,"a_ref":1.8797,"I_L_ref":8.296,"I_o_ref":4.23e-10,"R_s":0.41700000000000004,"R_sh_ref":214.27,"Adjust":-2.7,"PTC":248.0,"pdc0":275.0,"gamma_pdc":-0.004370000000000001,"gamma_r":-0.43700000000000006}