{"Date":"11/30/2009","Version":"MM106","Technology":"Multi-c-Si","BIPV":"N","A_c":1.6159999999999999,"N_s":60.0,"T_NOCT":44.5,"I_sc_ref":8.0,"V_oc_ref":37.14,"I_mp_ref":7.5,"V_mp_ref":30.72,"alpha_sc":0.0044280000000000005,"beta_oc":-0.13125,"a_ref":1.6699,"I_L_ref":8.004,"I_o_ref":1.7399999999999998e-09,"R_s":0.205,"R_sh_ref":408.66,"Adjust":18.3,"PTC":205.7,"pdc0":230.0,"gamma_pdc":-0.00508,"gamma_r":-0.508}