{"Date":"2/14/2011","Version":"MM107","Technology":"Mono-c-Si","BIPV":"N","A_c":1.6159999999999999,"N_s":60.0,"T_NOCT":48.1,"I_sc_ref":8.0,"V_oc_ref":37.14,"I_mp_ref":7.5,"V_mp_ref":30.72,"alpha_sc":0.0024,"beta_oc":-0.12255999999999999,"a_ref":1.5375,"I_L_ref":8.007,"I_o_ref":2.54e-10,"R_s":0.242,"R_sh_ref":287.45,"Adjust":8.8,"PTC":204.6,"pdc0":230.0,"gamma_pdc":-0.0045000000000000005,"gamma_r":-0.45}