{"Vac":240.0,"Paco":2060.0,"Pdco":2150.22,"Vdco":325.0,"Pso":25.193,"C0":-8.29003e-06,"C1":-2.13568e-05,"C2":-0.000128412,"C3":0.0007042960000000001,"Pnt":0.36,"Vdcmax":360.0,"Mppt_low":100.0,"Mppt_high":360.0}