{"Vac":240.0,"Paco":1550.0,"Pdco":1618.24,"Vdco":325.0,"Pso":24.4646,"C0":-7.0327e-06,"C1":-2.4828699999999998e-05,"C2":-0.00013848200000000002,"C3":-0.000226397,"Pnt":0.32,"Vdcmax":360.0,"Mppt_low":100.0,"Mppt_high":360.0}