{"Date":"05.01.2013","Version":"NRELv1","Technology":"Mono-c-Si","BIPV":"N","A_c":1.68,"N_s":96.0,"T_NOCT":43.9,"I_sc_ref":5.53,"V_oc_ref":59.2,"I_mp_ref":5.11,"V_mp_ref":48.96,"alpha_sc":0.0032020000000000004,"beta_oc":-0.23118000000000002,"a_ref":2.5165,"I_L_ref":5.539,"I_o_ref":3.25e-10,"R_s":0.5329999999999999,"R_sh_ref":325.78,"Adjust":-3.597,"PTC":228.5,"pdc0":250.0,"gamma_pdc":-0.00431,"gamma_r":-0.431}