{"Vac":240.0,"Paco":5200.0,"Pdco":5382.86,"Vdco":280.0,"Pso":62.4867,"C0":-4.63524e-06,"C1":4.40582e-05,"C2":0.00125991,"C3":0.000366885,"Pnt":4.0,"Vdcmax":400.0,"Mppt_low":240.0,"Mppt_high":400.0}