{"Date":"08.06.2010","Version":"MM107","Technology":"Multi-c-Si","BIPV":"N","A_c":1.795,"N_s":72.0,"T_NOCT":45.9,"I_sc_ref":8.56,"V_oc_ref":44.28,"I_mp_ref":7.49,"V_mp_ref":36.72,"alpha_sc":0.002311,"beta_oc":-0.14347000000000001,"a_ref":1.9086,"I_L_ref":8.599,"I_o_ref":6.51e-10,"R_s":0.23600000000000002,"R_sh_ref":52.28,"Adjust":19.2,"PTC":248.1,"pdc0":275.0,"gamma_pdc":-0.00448,"gamma_r":-0.44799999999999995}