{"Date":"08.06.2010","Version":"MM107","Technology":"Multi-c-Si","BIPV":"N","A_c":1.794,"N_s":72.0,"T_NOCT":45.9,"I_sc_ref":8.3,"V_oc_ref":44.28,"I_mp_ref":7.43,"V_mp_ref":36.36,"alpha_sc":0.002241,"beta_oc":-0.14347000000000001,"a_ref":1.8668,"I_L_ref":8.335,"I_o_ref":3.87e-10,"R_s":0.31,"R_sh_ref":73.96,"Adjust":14.5,"PTC":243.4,"pdc0":270.0,"gamma_pdc":-0.00448,"gamma_r":-0.44799999999999995}