{"Date":"08.06.2010","Version":"MM107","Technology":"Multi-c-Si","BIPV":"N","A_c":1.794,"N_s":72.0,"T_NOCT":45.9,"I_sc_ref":7.26,"V_oc_ref":43.92,"I_mp_ref":6.52,"V_mp_ref":35.28,"alpha_sc":0.00196,"beta_oc":-0.1423,"a_ref":1.8234,"I_L_ref":7.3,"I_o_ref":2.36e-10,"R_s":0.496,"R_sh_ref":89.66,"Adjust":11.2,"PTC":206.5,"pdc0":230.0,"gamma_pdc":-0.00448,"gamma_r":-0.44799999999999995}