{"Date":"8/13/2010","Version":"MM107","Technology":"Multi-c-Si","BIPV":"N","A_c":1.794,"N_s":72.0,"T_NOCT":45.9,"I_sc_ref":8.01,"V_oc_ref":44.28,"I_mp_ref":7.01,"V_mp_ref":36.36,"alpha_sc":0.002163,"beta_oc":-0.14347000000000001,"a_ref":1.8957,"I_L_ref":8.055,"I_o_ref":5.21e-10,"R_s":0.314,"R_sh_ref":55.89,"Adjust":17.7,"PTC":229.6,"pdc0":255.0,"gamma_pdc":-0.00448,"gamma_r":-0.44799999999999995}