{"Date":"8/29/2011","Version":"MM107","Technology":"Multi-c-Si","BIPV":"N","A_c":1.94,"N_s":72.0,"T_NOCT":45.9,"I_sc_ref":8.71,"V_oc_ref":44.64,"I_mp_ref":7.69,"V_mp_ref":37.08,"alpha_sc":0.002352,"beta_oc":-0.14463,"a_ref":1.9140000000000001,"I_L_ref":8.744,"I_o_ref":5.92e-10,"R_s":0.228,"R_sh_ref":57.9,"Adjust":18.1,"PTC":256.8,"pdc0":285.0,"gamma_pdc":-0.00448,"gamma_r":-0.44799999999999995}