{"Date":"7/13/2012","Version":"NRELv1","Technology":"Mono-c-Si","BIPV":"N","A_c":1.6269999999999998,"N_s":60.0,"T_NOCT":51.5,"I_sc_ref":9.0,"V_oc_ref":38.53,"I_mp_ref":8.41,"V_mp_ref":30.9,"alpha_sc":0.003447,"beta_oc":-0.12453,"a_ref":1.5584,"I_L_ref":9.013,"I_o_ref":1.6199999999999998e-10,"R_s":0.361,"R_sh_ref":243.41,"Adjust":6.2010000000000005,"PTC":229.0,"pdc0":260.0,"gamma_pdc":-0.00436,"gamma_r":-0.436}