{"Date":"7/13/2012","Version":"NRELv1","Technology":"Mono-c-Si","BIPV":"N","A_c":1.9409999999999998,"N_s":72.0,"T_NOCT":53.1,"I_sc_ref":8.94,"V_oc_ref":45.42,"I_mp_ref":8.42,"V_mp_ref":35.04,"alpha_sc":0.003522,"beta_oc":-0.14634,"a_ref":1.7892,"I_L_ref":8.942,"I_o_ref":8.42e-11,"R_s":0.622,"R_sh_ref":2278.71,"Adjust":1.072,"PTC":257.2,"pdc0":295.0,"gamma_pdc":-0.00435,"gamma_r":-0.435}