{"Date":"7/13/2012","Version":"NRELv1","Technology":"Mono-c-Si","BIPV":"N","A_c":1.6269999999999998,"N_s":60.0,"T_NOCT":51.5,"I_sc_ref":8.94,"V_oc_ref":38.36,"I_mp_ref":8.31,"V_mp_ref":30.7,"alpha_sc":0.0034240000000000004,"beta_oc":-0.12397999999999999,"a_ref":1.5543,"I_L_ref":8.959,"I_o_ref":1.67e-10,"R_s":0.371,"R_sh_ref":178.06,"Adjust":6.544,"PTC":224.4,"pdc0":255.0,"gamma_pdc":-0.00436,"gamma_r":-0.436}