{"Date":"7/13/2012","Version":"NRELv1","Technology":"Mono-c-Si","BIPV":"N","A_c":1.9409999999999998,"N_s":72.0,"T_NOCT":53.1,"I_sc_ref":8.86,"V_oc_ref":45.15,"I_mp_ref":8.34,"V_mp_ref":34.78,"alpha_sc":0.0034909999999999997,"beta_oc":-0.14547000000000002,"a_ref":1.7776,"I_L_ref":8.863,"I_o_ref":8.229999999999999e-11,"R_s":0.632,"R_sh_ref":1851.92,"Adjust":0.9573,"PTC":252.7,"pdc0":290.0,"gamma_pdc":-0.00435,"gamma_r":-0.435}