{"Date":"7/13/2012","Version":"NRELv1","Technology":"Mono-c-Si","BIPV":"N","A_c":1.6269999999999998,"N_s":60.0,"T_NOCT":51.5,"I_sc_ref":8.76,"V_oc_ref":37.85,"I_mp_ref":7.97,"V_mp_ref":30.1,"alpha_sc":0.003355,"beta_oc":-0.12233,"a_ref":1.5471,"I_L_ref":8.801,"I_o_ref":1.9800000000000001e-10,"R_s":0.401,"R_sh_ref":85.12,"Adjust":8.253,"PTC":210.8,"pdc0":240.0,"gamma_pdc":-0.00436,"gamma_r":-0.436}