{"Date":"08.06.2010","Version":"MM107","Technology":"Multi-c-Si","BIPV":"N","A_c":1.61,"N_s":60.0,"T_NOCT":45.6,"I_sc_ref":8.57,"V_oc_ref":37.38,"I_mp_ref":8.06,"V_mp_ref":29.77,"alpha_sc":0.004945000000000001,"beta_oc":-0.13277,"a_ref":1.6153,"I_L_ref":8.573,"I_o_ref":7.610000000000001e-10,"R_s":0.369,"R_sh_ref":1159.11,"Adjust":9.4,"PTC":214.6,"pdc0":240.0,"gamma_pdc":-0.00488,"gamma_r":-0.488}