{"Date":"08.06.2010","Version":"MM107","Technology":"Multi-c-Si","BIPV":"N","A_c":1.61,"N_s":60.0,"T_NOCT":45.6,"I_sc_ref":8.45,"V_oc_ref":37.26,"I_mp_ref":7.93,"V_mp_ref":29.63,"alpha_sc":0.004876,"beta_oc":-0.13235,"a_ref":1.6102,"I_L_ref":8.455,"I_o_ref":7.489999999999999e-10,"R_s":0.38,"R_sh_ref":690.56,"Adjust":9.4,"PTC":210.0,"pdc0":235.0,"gamma_pdc":-0.00488,"gamma_r":-0.488}