{"Date":"5/22/2012","Version":"NRELv1","Technology":"Mono-c-Si","BIPV":"N","A_c":1.601,"N_s":60.0,"T_NOCT":48.8,"I_sc_ref":8.47,"V_oc_ref":37.32,"I_mp_ref":7.9,"V_mp_ref":30.1,"alpha_sc":0.004497999999999999,"beta_oc":-0.12987,"a_ref":1.5803,"I_L_ref":8.481,"I_o_ref":4.6199999999999996e-10,"R_s":0.32899999999999996,"R_sh_ref":244.19,"Adjust":7.6160000000000005,"PTC":210.6,"pdc0":238.0,"gamma_pdc":-0.0046,"gamma_r":-0.46}