{"Date":"5/22/2012","Version":"NRELv1","Technology":"Mono-c-Si","BIPV":"N","A_c":1.601,"N_s":60.0,"T_NOCT":48.8,"I_sc_ref":8.43,"V_oc_ref":37.24,"I_mp_ref":7.84,"V_mp_ref":29.97,"alpha_sc":0.004476,"beta_oc":-0.1296,"a_ref":1.5776,"I_L_ref":8.443999999999999,"I_o_ref":4.63e-10,"R_s":0.34,"R_sh_ref":205.66,"Adjust":7.682,"PTC":207.8,"pdc0":235.0,"gamma_pdc":-0.0046,"gamma_r":-0.46}