{"Date":"5/22/2012","Version":"NRELv1","Technology":"Mono-c-Si","BIPV":"N","A_c":1.631,"N_s":60.0,"T_NOCT":44.8,"I_sc_ref":8.89,"V_oc_ref":38.1,"I_mp_ref":8.35,"V_mp_ref":30.5,"alpha_sc":0.046897,"beta_oc":-0.12802,"a_ref":1.9680000000000002,"I_L_ref":8.982999999999999,"I_o_ref":3.49e-08,"R_s":0.265,"R_sh_ref":591.49,"Adjust":55.07,"PTC":230.2,"pdc0":255.0,"gamma_pdc":-0.004699999999999999,"gamma_r":-0.47}