{"Date":"5/22/2012","Version":"NRELv1","Technology":"Mono-c-Si","BIPV":"N","A_c":1.631,"N_s":60.0,"T_NOCT":44.8,"I_sc_ref":8.78,"V_oc_ref":37.5,"I_mp_ref":8.21,"V_mp_ref":30.1,"alpha_sc":0.046317000000000004,"beta_oc":-0.126,"a_ref":1.9365,"I_L_ref":8.78,"I_o_ref":3.41e-08,"R_s":0.255,"R_sh_ref":12366.3,"Adjust":55.04,"PTC":222.8,"pdc0":247.0,"gamma_pdc":-0.004699999999999999,"gamma_r":-0.47}