{"Date":"03.08.2010","Version":"MM107","Technology":"Mono-c-Si","BIPV":"N","A_c":1.2770000000000001,"N_s":72.0,"T_NOCT":45.8,"I_sc_ref":4.95,"V_oc_ref":43.8,"I_mp_ref":4.45,"V_mp_ref":34.8,"alpha_sc":0.003564,"beta_oc":-0.19447,"a_ref":2.0599,"I_L_ref":4.973,"I_o_ref":2.7300000000000003e-09,"R_s":0.7120000000000001,"R_sh_ref":154.06,"Adjust":1.4,"PTC":136.5,"pdc0":155.0,"gamma_pdc":-0.00522,"gamma_r":-0.522}