{"Date":"03.08.2010","Version":"MM107","Technology":"Mono-c-Si","BIPV":"N","A_c":1.2770000000000001,"N_s":72.0,"T_NOCT":45.8,"I_sc_ref":5.35,"V_oc_ref":44.8,"I_mp_ref":5.0,"V_mp_ref":36.0,"alpha_sc":0.0038520000000000004,"beta_oc":-0.19891,"a_ref":2.0681,"I_L_ref":5.353,"I_o_ref":2.07e-09,"R_s":0.586,"R_sh_ref":903.83,"Adjust":-1.6,"PTC":159.2,"pdc0":180.0,"gamma_pdc":-0.00522,"gamma_r":-0.522}