{"Date":"2/17/2010","Version":"MM107","Technology":"Mono-c-Si","BIPV":"N","A_c":1.2770000000000001,"N_s":72.0,"T_NOCT":46.1,"I_sc_ref":5.34,"V_oc_ref":45.0,"I_mp_ref":5.07,"V_mp_ref":36.5,"alpha_sc":0.00235,"beta_oc":-0.16155,"a_ref":1.9147,"I_L_ref":5.359,"I_o_ref":3.3300000000000004e-10,"R_s":0.574,"R_sh_ref":100000.0,"Adjust":5.3,"PTC":165.3,"pdc0":185.0,"gamma_pdc":-0.00477,"gamma_r":-0.47700000000000004}