{"Date":"03.09.2011","Version":"MM107","Technology":"Multi-c-Si","BIPV":"N","A_c":1.6369999999999998,"N_s":60.0,"T_NOCT":47.8,"I_sc_ref":8.05,"V_oc_ref":34.2,"I_mp_ref":7.19,"V_mp_ref":28.5,"alpha_sc":0.00483,"beta_oc":-0.12312000000000001,"a_ref":1.5628,"I_L_ref":8.07,"I_o_ref":2.35e-09,"R_s":0.146,"R_sh_ref":59.5,"Adjust":19.1,"PTC":180.5,"pdc0":205.0,"gamma_pdc":-0.0048,"gamma_r":-0.48}