{"Date":"03.09.2011","Version":"MM107","Technology":"Multi-c-Si","BIPV":"N","A_c":1.6369999999999998,"N_s":60.0,"T_NOCT":47.8,"I_sc_ref":8.59,"V_oc_ref":36.0,"I_mp_ref":7.67,"V_mp_ref":30.0,"alpha_sc":0.005154,"beta_oc":-0.1296,"a_ref":1.6459,"I_L_ref":8.611,"I_o_ref":2.53e-09,"R_s":0.14400000000000002,"R_sh_ref":58.42,"Adjust":19.2,"PTC":203.1,"pdc0":230.0,"gamma_pdc":-0.0048,"gamma_r":-0.48}