{"Date":"10.04.2010","Version":"MM107","Technology":"Mono-c-Si","BIPV":"N","A_c":1.6369999999999998,"N_s":60.0,"T_NOCT":48.0,"I_sc_ref":8.3,"V_oc_ref":34.8,"I_mp_ref":7.41,"V_mp_ref":29.0,"alpha_sc":0.0033200000000000005,"beta_oc":-0.12528,"a_ref":1.5938,"I_L_ref":8.32,"I_o_ref":2.54e-09,"R_s":0.14300000000000002,"R_sh_ref":58.38,"Adjust":19.8,"PTC":188.2,"pdc0":215.0,"gamma_pdc":-0.005,"gamma_r":-0.5}