{"Date":"03.09.2011","Version":"MM107","Technology":"Multi-c-Si","BIPV":"N","A_c":1.6369999999999998,"N_s":60.0,"T_NOCT":47.8,"I_sc_ref":7.86,"V_oc_ref":34.2,"I_mp_ref":7.02,"V_mp_ref":28.5,"alpha_sc":0.004716,"beta_oc":-0.12312000000000001,"a_ref":1.5628,"I_L_ref":7.879,"I_o_ref":2.2899999999999997e-09,"R_s":0.15,"R_sh_ref":60.89,"Adjust":19.1,"PTC":176.0,"pdc0":200.0,"gamma_pdc":-0.0048,"gamma_r":-0.48}