{"Date":"02.11.2010","Version":"MM107","Technology":"Multi-c-Si","BIPV":"N","A_c":1.6230000000000002,"N_s":60.0,"T_NOCT":45.4,"I_sc_ref":7.8,"V_oc_ref":36.3,"I_mp_ref":7.4,"V_mp_ref":29.1,"alpha_sc":0.003276,"beta_oc":-0.12415,"a_ref":1.4894,"I_L_ref":7.82,"I_o_ref":2.0400000000000002e-10,"R_s":0.384,"R_sh_ref":100000.0,"Adjust":3.1,"PTC":193.6,"pdc0":215.0,"gamma_pdc":-0.00451,"gamma_r":-0.451}