{"Date":"10.04.2010","Version":"MM107","Technology":"Mono-c-Si","BIPV":"N","A_c":1.6369999999999998,"N_s":60.0,"T_NOCT":48.0,"I_sc_ref":8.55,"V_oc_ref":35.4,"I_mp_ref":7.63,"V_mp_ref":29.5,"alpha_sc":0.0034200000000000003,"beta_oc":-0.12744,"a_ref":1.6213,"I_L_ref":8.571,"I_o_ref":2.62e-09,"R_s":0.142,"R_sh_ref":57.25,"Adjust":19.8,"PTC":197.3,"pdc0":225.0,"gamma_pdc":-0.005,"gamma_r":-0.5}