{"Date":"10.04.2010","Version":"MM107","Technology":"Mono-c-Si","BIPV":"N","A_c":1.6369999999999998,"N_s":60.0,"T_NOCT":48.0,"I_sc_ref":8.59,"V_oc_ref":36.0,"I_mp_ref":7.67,"V_mp_ref":30.0,"alpha_sc":0.003436,"beta_oc":-0.1296,"a_ref":1.6480000000000001,"I_L_ref":8.611,"I_o_ref":2.6e-09,"R_s":0.14400000000000002,"R_sh_ref":58.47,"Adjust":19.7,"PTC":201.8,"pdc0":230.0,"gamma_pdc":-0.005,"gamma_r":-0.5}