{"Date":"07.08.2010","Version":"MM107","Technology":"Multi-c-Si","BIPV":"N","A_c":1.6269999999999998,"N_s":72.0,"T_NOCT":46.3,"I_sc_ref":8.1,"V_oc_ref":36.8,"I_mp_ref":7.48,"V_mp_ref":30.1,"alpha_sc":0.0037020000000000004,"beta_oc":-0.11370999999999999,"a_ref":1.5090000000000001,"I_L_ref":8.118,"I_o_ref":2.01e-10,"R_s":0.292,"R_sh_ref":131.72,"Adjust":13.8,"PTC":203.1,"pdc0":225.0,"gamma_pdc":-0.00427,"gamma_r":-0.42700000000000005}