{"Date":"02.11.2010","Version":"MM107","Technology":"Multi-c-Si","BIPV":"N","A_c":1.6230000000000002,"N_s":60.0,"T_NOCT":45.4,"I_sc_ref":7.49,"V_oc_ref":36.3,"I_mp_ref":7.09,"V_mp_ref":28.9,"alpha_sc":0.003146,"beta_oc":-0.12415,"a_ref":1.4843,"I_L_ref":7.497999999999999,"I_o_ref":1.79e-10,"R_s":0.434,"R_sh_ref":100000.0,"Adjust":2.4,"PTC":184.4,"pdc0":205.0,"gamma_pdc":-0.00451,"gamma_r":-0.451}