{"Date":"03.09.2011","Version":"MM107","Technology":"Multi-c-Si","BIPV":"N","A_c":1.6369999999999998,"N_s":60.0,"T_NOCT":47.8,"I_sc_ref":8.36,"V_oc_ref":35.4,"I_mp_ref":7.46,"V_mp_ref":29.5,"alpha_sc":0.005016,"beta_oc":-0.12744,"a_ref":1.6192,"I_L_ref":8.381,"I_o_ref":2.49e-09,"R_s":0.145,"R_sh_ref":58.43,"Adjust":19.3,"PTC":194.1,"pdc0":220.0,"gamma_pdc":-0.0048,"gamma_r":-0.48}