{"Date":"04.01.2010","Version":"MM107","Technology":"Multi-c-Si","BIPV":"N","A_c":1.6680000000000001,"N_s":60.0,"T_NOCT":46.4,"I_sc_ref":7.82,"V_oc_ref":37.02,"I_mp_ref":7.32,"V_mp_ref":30.78,"alpha_sc":0.008602,"beta_oc":-0.13845,"a_ref":1.7533,"I_L_ref":7.8229999999999995,"I_o_ref":5.23e-09,"R_s":0.16,"R_sh_ref":434.97,"Adjust":22.0,"PTC":198.5,"pdc0":225.0,"gamma_pdc":-0.0051,"gamma_r":-0.51}