{"Technology":"Multi-c-Si","BIPV":"N","A_c":1.9509999999999998,"N_s":72.0,"T_NOCT":47.0,"PTC":226.1,"pdc0":265.0,"gamma_pdc":-0.0061973}