{"Technology":"Multi-c-Si","BIPV":"N","A_c":1.6380000000000001,"N_s":60.0,"T_NOCT":46.3,"PTC":203.4,"pdc0":235.0,"gamma_pdc":-0.005948999999999999}