{"Technology":"Multi-c-Si","BIPV":"N","A_c":1.6380000000000001,"N_s":60.0,"T_NOCT":47.4,"PTC":194.5,"pdc0":225.0,"gamma_pdc":-0.0056389}