{"Date":"08.01.2012","Version":"NRELv1","Technology":"Multi-c-Si","BIPV":"N","A_c":1.9509999999999998,"N_s":72.0,"T_NOCT":47.6,"I_sc_ref":7.72,"V_oc_ref":43.2,"I_mp_ref":7.14,"V_mp_ref":35.71,"alpha_sc":0.004445,"beta_oc":-0.14437,"a_ref":1.8507,"I_L_ref":7.732,"I_o_ref":5.45e-10,"R_s":0.27699999999999997,"R_sh_ref":179.0,"Adjust":14.46,"PTC":226.9,"pdc0":255.0,"gamma_pdc":-0.0045000000000000005,"gamma_r":-0.45}