{"Date":"08.01.2012","Version":"NRELv1","Technology":"Multi-c-Si","BIPV":"N","A_c":1.9509999999999998,"N_s":72.0,"T_NOCT":47.6,"I_sc_ref":8.62,"V_oc_ref":45.22,"I_mp_ref":8.16,"V_mp_ref":38.02,"alpha_sc":0.004963,"beta_oc":-0.15113,"a_ref":1.9291,"I_L_ref":8.621,"I_o_ref":5.67e-10,"R_s":0.174,"R_sh_ref":1203.18,"Adjust":13.71,"PTC":277.3,"pdc0":310.0,"gamma_pdc":-0.0045000000000000005,"gamma_r":-0.45}