{"Date":"08.01.2012","Version":"NRELv1","Technology":"Multi-c-Si","BIPV":"N","A_c":1.794,"N_s":66.0,"T_NOCT":47.6,"I_sc_ref":8.49,"V_oc_ref":40.72,"I_mp_ref":8.0,"V_mp_ref":33.92,"alpha_sc":0.004889,"beta_oc":-0.13609000000000002,"a_ref":1.7327,"I_L_ref":8.493,"I_o_ref":5.23e-10,"R_s":0.204,"R_sh_ref":528.47,"Adjust":13.13,"PTC":241.2,"pdc0":270.0,"gamma_pdc":-0.0045000000000000005,"gamma_r":-0.45}