{"Date":"08.01.2012","Version":"NRELv1","Technology":"Multi-c-Si","BIPV":"N","A_c":1.9509999999999998,"N_s":72.0,"T_NOCT":47.6,"I_sc_ref":7.83,"V_oc_ref":43.2,"I_mp_ref":7.24,"V_mp_ref":35.93,"alpha_sc":0.004509,"beta_oc":-0.14437,"a_ref":1.8577,"I_L_ref":7.841,"I_o_ref":6.04e-10,"R_s":0.237,"R_sh_ref":172.36,"Adjust":15.27,"PTC":231.5,"pdc0":260.0,"gamma_pdc":-0.0045000000000000005,"gamma_r":-0.45}