{"Date":"08.01.2012","Version":"NRELv1","Technology":"Multi-c-Si","BIPV":"N","A_c":1.9509999999999998,"N_s":72.0,"T_NOCT":47.6,"I_sc_ref":8.23,"V_oc_ref":44.06,"I_mp_ref":7.63,"V_mp_ref":36.72,"alpha_sc":0.004739,"beta_oc":-0.14725,"a_ref":1.8938,"I_L_ref":8.24,"I_o_ref":6.3e-10,"R_s":0.22,"R_sh_ref":184.87,"Adjust":15.19,"PTC":249.8,"pdc0":280.0,"gamma_pdc":-0.0045000000000000005,"gamma_r":-0.45}