{"Date":"08.01.2012","Version":"NRELv1","Technology":"Multi-c-Si","BIPV":"N","A_c":1.6380000000000001,"N_s":60.0,"T_NOCT":47.6,"I_sc_ref":8.56,"V_oc_ref":37.5,"I_mp_ref":8.08,"V_mp_ref":31.56,"alpha_sc":0.004929,"beta_oc":-0.12533,"a_ref":1.6034,"I_L_ref":8.562000000000001,"I_o_ref":5.92e-10,"R_s":0.14,"R_sh_ref":550.88,"Adjust":14.18,"PTC":228.0,"pdc0":255.0,"gamma_pdc":-0.0045000000000000005,"gamma_r":-0.45}