{"Date":"08.01.2012","Version":"NRELv1","Technology":"Multi-c-Si","BIPV":"N","A_c":1.9509999999999998,"N_s":72.0,"T_NOCT":46.2,"I_sc_ref":8.54,"V_oc_ref":44.86,"I_mp_ref":8.05,"V_mp_ref":37.66,"alpha_sc":0.005125,"beta_oc":-0.14737,"a_ref":1.9005,"I_L_ref":8.543,"I_o_ref":4.74e-10,"R_s":0.185,"R_sh_ref":532.24,"Adjust":14.12,"PTC":270.7,"pdc0":300.0,"gamma_pdc":-0.0044,"gamma_r":-0.44}