{"Date":"08.01.2012","Version":"NRELv1","Technology":"Mono-c-Si","BIPV":"N","A_c":1.9509999999999998,"N_s":72.0,"T_NOCT":47.9,"I_sc_ref":8.21,"V_oc_ref":44.86,"I_mp_ref":7.6,"V_mp_ref":36.86,"alpha_sc":0.004378,"beta_oc":-0.14553,"a_ref":1.8999,"I_L_ref":8.224,"I_o_ref":4.44e-10,"R_s":0.309,"R_sh_ref":181.51,"Adjust":15.47,"PTC":249.5,"pdc0":280.0,"gamma_pdc":-0.00449,"gamma_r":-0.449}