{"Date":"08.01.2012","Version":"NRELv1","Technology":"Mono-c-Si","BIPV":"N","A_c":1.008,"N_s":36.0,"T_NOCT":46.0,"I_sc_ref":7.83,"V_oc_ref":21.6,"I_mp_ref":7.24,"V_mp_ref":17.96,"alpha_sc":0.004207,"beta_oc":-0.07697999999999999,"a_ref":0.9563,"I_L_ref":7.84,"I_o_ref":1.18e-09,"R_s":0.11199999999999999,"R_sh_ref":90.89,"Adjust":14.1,"PTC":115.8,"pdc0":130.0,"gamma_pdc":-0.0048,"gamma_r":-0.48}