{"Date":"08.01.2012","Version":"NRELv1","Technology":"Mono-c-Si","BIPV":"N","A_c":1.794,"N_s":66.0,"T_NOCT":47.9,"I_sc_ref":8.44,"V_oc_ref":41.18,"I_mp_ref":8.03,"V_mp_ref":33.66,"alpha_sc":0.0045,"beta_oc":-0.13359000000000001,"a_ref":1.7203,"I_L_ref":8.529,"I_o_ref":3.4e-10,"R_s":0.303,"R_sh_ref":610.84,"Adjust":12.59,"PTC":240.9,"pdc0":270.0,"gamma_pdc":-0.00449,"gamma_r":-0.449}