{"Date":"08.01.2012","Version":"NRELv1","Technology":"Mono-c-Si","BIPV":"N","A_c":1.3090000000000002,"N_s":48.0,"T_NOCT":46.0,"I_sc_ref":8.05,"V_oc_ref":29.47,"I_mp_ref":7.16,"V_mp_ref":23.76,"alpha_sc":0.004325,"beta_oc":-0.10503,"a_ref":1.3130000000000002,"I_L_ref":8.094,"I_o_ref":1.3400000000000001e-09,"R_s":0.261,"R_sh_ref":48.24,"Adjust":15.15,"PTC":151.4,"pdc0":170.0,"gamma_pdc":-0.0048,"gamma_r":-0.48}