{"Date":"08.01.2012","Version":"NRELv1","Technology":"Mono-c-Si","BIPV":"N","A_c":1.3090000000000002,"N_s":48.0,"T_NOCT":46.0,"I_sc_ref":8.74,"V_oc_ref":30.19,"I_mp_ref":8.38,"V_mp_ref":24.48,"alpha_sc":0.004696,"beta_oc":-0.1076,"a_ref":1.3021,"I_L_ref":8.92,"I_o_ref":7.54e-10,"R_s":0.22899999999999998,"R_sh_ref":442.67,"Adjust":8.835,"PTC":183.5,"pdc0":205.0,"gamma_pdc":-0.0048,"gamma_r":-0.48}