{"Date":"08.01.2012","Version":"NRELv1","Technology":"Mono-c-Si","BIPV":"N","A_c":1.9509999999999998,"N_s":72.0,"T_NOCT":47.9,"I_sc_ref":8.89,"V_oc_ref":45.22,"I_mp_ref":8.58,"V_mp_ref":36.72,"alpha_sc":0.00474,"beta_oc":-0.14669000000000001,"a_ref":1.8765,"I_L_ref":9.07,"I_o_ref":3.1e-10,"R_s":0.34700000000000003,"R_sh_ref":2994.1,"Adjust":11.18,"PTC":281.6,"pdc0":315.0,"gamma_pdc":-0.00449,"gamma_r":-0.449}