{"Date":"08.01.2012","Version":"NRELv1","Technology":"Mono-c-Si","BIPV":"N","A_c":1.008,"N_s":36.0,"T_NOCT":46.0,"I_sc_ref":8.8,"V_oc_ref":22.68,"I_mp_ref":8.49,"V_mp_ref":18.36,"alpha_sc":0.004728,"beta_oc":-0.08083,"a_ref":0.9789,"I_L_ref":9.074,"I_o_ref":7.77e-10,"R_s":0.17300000000000001,"R_sh_ref":204.28,"Adjust":8.972999999999999,"PTC":138.7,"pdc0":155.0,"gamma_pdc":-0.0048,"gamma_r":-0.48}