{"Date":"08.01.2012","Version":"NRELv1","Technology":"Mono-c-Si","BIPV":"N","A_c":1.165,"N_s":42.0,"T_NOCT":46.0,"I_sc_ref":7.92,"V_oc_ref":28.8,"I_mp_ref":6.7,"V_mp_ref":23.14,"alpha_sc":0.004255,"beta_oc":-0.10264000000000001,"a_ref":1.3282,"I_L_ref":7.997999999999999,"I_o_ref":2.65e-09,"R_s":0.262,"R_sh_ref":26.74,"Adjust":22.05,"PTC":138.1,"pdc0":155.0,"gamma_pdc":-0.0048,"gamma_r":-0.48}