{"Date":"08.01.2012","Version":"NRELv1","Technology":"Mono-c-Si","BIPV":"N","A_c":1.3090000000000002,"N_s":48.0,"T_NOCT":46.0,"I_sc_ref":8.85,"V_oc_ref":30.29,"I_mp_ref":8.58,"V_mp_ref":24.48,"alpha_sc":0.004755,"beta_oc":-0.10795,"a_ref":1.3024,"I_L_ref":9.122,"I_o_ref":7.190000000000001e-10,"R_s":0.23600000000000002,"R_sh_ref":568.13,"Adjust":8.218,"PTC":188.1,"pdc0":210.0,"gamma_pdc":-0.0048,"gamma_r":-0.48}