{"Date":"08.01.2012","Version":"NRELv1","Technology":"Mono-c-Si","BIPV":"N","A_c":1.165,"N_s":42.0,"T_NOCT":46.0,"I_sc_ref":8.74,"V_oc_ref":26.42,"I_mp_ref":8.42,"V_mp_ref":21.42,"alpha_sc":0.004696,"beta_oc":-0.09416000000000001,"a_ref":1.1362,"I_L_ref":8.917,"I_o_ref":7.09e-10,"R_s":0.201,"R_sh_ref":1880.01,"Adjust":8.279,"PTC":161.1,"pdc0":180.0,"gamma_pdc":-0.0048,"gamma_r":-0.48}