{"Date":"08.01.2012","Version":"NRELv1","Technology":"Mono-c-Si","BIPV":"N","A_c":1.9509999999999998,"N_s":72.0,"T_NOCT":47.9,"I_sc_ref":8.14,"V_oc_ref":44.64,"I_mp_ref":7.44,"V_mp_ref":36.21,"alpha_sc":0.00434,"beta_oc":-0.14481,"a_ref":1.8908,"I_L_ref":8.165,"I_o_ref":4.36e-10,"R_s":0.382,"R_sh_ref":122.31,"Adjust":15.4,"PTC":240.3,"pdc0":270.0,"gamma_pdc":-0.00449,"gamma_r":-0.449}