{"Date":"08.01.2012","Version":"NRELv1","Technology":"Mono-c-Si","BIPV":"N","A_c":1.3090000000000002,"N_s":48.0,"T_NOCT":46.0,"I_sc_ref":8.14,"V_oc_ref":29.76,"I_mp_ref":7.44,"V_mp_ref":24.19,"alpha_sc":0.004374,"beta_oc":-0.10607,"a_ref":1.3090000000000002,"I_L_ref":8.162,"I_o_ref":1.0499999999999999e-09,"R_s":0.23399999999999999,"R_sh_ref":85.33,"Adjust":12.67,"PTC":160.5,"pdc0":180.0,"gamma_pdc":-0.0048,"gamma_r":-0.48}