{"Date":"08.01.2012","Version":"NRELv1","Technology":"Mono-c-Si","BIPV":"N","A_c":1.165,"N_s":42.0,"T_NOCT":46.0,"I_sc_ref":7.45,"V_oc_ref":28.56,"I_mp_ref":6.51,"V_mp_ref":23.04,"alpha_sc":0.0040030000000000005,"beta_oc":-0.10178999999999999,"a_ref":1.2889,"I_L_ref":7.501,"I_o_ref":1.61e-09,"R_s":0.268,"R_sh_ref":39.37,"Adjust":17.7,"PTC":133.6,"pdc0":150.0,"gamma_pdc":-0.0048,"gamma_r":-0.48}