{"Date":"08.01.2012","Version":"NRELv1","Technology":"Mono-c-Si","BIPV":"N","A_c":1.3090000000000002,"N_s":48.0,"T_NOCT":46.0,"I_sc_ref":8.09,"V_oc_ref":29.57,"I_mp_ref":7.33,"V_mp_ref":23.86,"alpha_sc":0.004347,"beta_oc":-0.10539000000000001,"a_ref":1.3019999999999998,"I_L_ref":8.121,"I_o_ref":1.0499999999999999e-09,"R_s":0.261,"R_sh_ref":68.76,"Adjust":12.83,"PTC":156.0,"pdc0":175.0,"gamma_pdc":-0.0048,"gamma_r":-0.48}