{"Date":"08.01.2012","Version":"NRELv1","Technology":"Mono-c-Si","BIPV":"N","A_c":1.165,"N_s":42.0,"T_NOCT":46.0,"I_sc_ref":8.42,"V_oc_ref":26.21,"I_mp_ref":7.83,"V_mp_ref":21.76,"alpha_sc":0.004524,"beta_oc":-0.09341,"a_ref":1.1551,"I_L_ref":8.427999999999999,"I_o_ref":1.15e-09,"R_s":0.132,"R_sh_ref":133.63,"Adjust":13.19,"PTC":151.9,"pdc0":170.0,"gamma_pdc":-0.0048,"gamma_r":-0.48}