{"Vac":208.0,"Paco":2700.0,"Pdco":2887.66,"Vdco":266.0,"Pso":33.2136,"C0":-1.3009300000000001e-05,"C1":4.2508e-05,"C2":0.00149704,"C3":0.00127693,"Pnt":1.0,"Vdcmax":480.0,"Mppt_low":100.0,"Mppt_high":480.0}