{"Vac":240.0,"Paco":3000.0,"Pdco":3174.15,"Vdco":266.0,"Pso":26.9575,"C0":-7.943480000000001e-06,"C1":8.98075e-06,"C2":0.000555267,"C3":3.4522e-05,"Pnt":1.0,"Vdcmax":480.0,"Mppt_low":100.0,"Mppt_high":480.0}