{"Vac":208.0,"Paco":3100.0,"Pdco":3262.32,"Vdco":250.0,"Pso":24.8854,"C0":-7.45321e-06,"C1":6.990739999999999e-06,"C2":0.00119006,"C3":-5.16521e-06,"Pnt":1.24,"Vdcmax":400.0,"Mppt_low":100.0,"Mppt_high":400.0}