{"Vac":240.0,"Paco":3300.0,"Pdco":3460.82,"Vdco":250.0,"Pso":24.7551,"C0":-6.31977e-06,"C1":1.17207e-05,"C2":0.000921551,"C3":-0.000425407,"Pnt":1.52,"Vdcmax":400.0,"Mppt_low":100.0,"Mppt_high":400.0}