{"Vac":208.0,"Paco":3500.0,"Pdco":3702.52,"Vdco":266.0,"Pso":25.5854,"C0":-8.343480000000001e-06,"C1":1.15078e-05,"C2":0.000810627,"C3":2.1195e-05,"Pnt":1.0,"Vdcmax":480.0,"Mppt_low":100.0,"Mppt_high":480.0}