{"Vac":208.0,"Paco":4500.0,"Pdco":4774.54,"Vdco":300.0,"Pso":30.7811,"C0":-6.91595e-06,"C1":2.24223e-06,"C2":0.000656262,"C3":-0.000367727,"Pnt":1.0,"Vdcmax":480.0,"Mppt_low":100.0,"Mppt_high":480.0}