{"Vac":240.0,"Paco":5000.0,"Pdco":5278.17,"Vdco":300.0,"Pso":27.9673,"C0":-6.24954e-06,"C1":5.44803e-06,"C2":0.000509195,"C3":-0.000234183,"Pnt":1.0,"Vdcmax":480.0,"Mppt_low":100.0,"Mppt_high":480.0}