{"Vac":208.0,"Paco":101000.0,"Pdco":108048.0,"Vdco":368.0,"Pso":1646.11,"C0":-2.82151e-07,"C1":0.000109928,"C2":0.0005739030000000001,"C3":0.000936183,"Pnt":86.6,"Vdcmax":480.0,"Mppt_low":330.0,"Mppt_high":480.0}