{"Vac":208.0,"Paco":101300.0,"Pdco":106579.0,"Vdco":345.0,"Pso":1148.38,"C0":-2.4905e-07,"C1":4.87072e-05,"C2":0.0007779989999999999,"C3":-0.000681912,"Pnt":100.0,"Vdcmax":480.0,"Mppt_low":300.0,"Mppt_high":480.0}