{"Vac":480.0,"Paco":101100.0,"Pdco":106049.0,"Vdco":345.0,"Pso":1098.05,"C0":-1.9805299999999998e-07,"C1":5.71471e-05,"C2":0.0009106510000000001,"C3":-2.81175e-05,"Pnt":96.0,"Vdcmax":480.0,"Mppt_low":300.0,"Mppt_high":480.0}