{"Vac":480.0,"Paco":100300.0,"Pdco":107416.0,"Vdco":368.0,"Pso":1634.67,"C0":-3.2565100000000004e-07,"C1":0.000101048,"C2":0.000698943,"C3":0.000582641,"Pnt":94.6,"Vdcmax":480.0,"Mppt_low":330.0,"Mppt_high":480.0}