{"Vac":208.0,"Paco":15280.0,"Pdco":16471.4,"Vdco":368.0,"Pso":391.64599999999996,"C0":-2.67666e-06,"C1":0.000202046,"C2":0.00258256,"C3":0.00411291,"Pnt":171.6,"Vdcmax":480.0,"Mppt_low":330.0,"Mppt_high":480.0}