{"Vac":208.0,"Paco":15310.0,"Pdco":16458.1,"Vdco":368.0,"Pso":302.942,"C0":-1.69602e-06,"C1":0.000200153,"C2":0.00293207,"C3":0.00503854,"Pnt":165.2,"Vdcmax":480.0,"Mppt_low":330.0,"Mppt_high":480.0}