{"Vac":480.0,"Paco":227300.0,"Pdco":241731.0,"Vdco":368.0,"Pso":2771.06,"C0":-1.24183e-07,"C1":0.00015125,"C2":0.00142583,"C3":-0.00095039,"Pnt":103.8,"Vdcmax":480.0,"Mppt_low":330.0,"Mppt_high":480.0}