{"Vac":208.0,"Paco":29970.0,"Pdco":32201.1,"Vdco":368.0,"Pso":550.1469999999999,"C0":-8.98827e-07,"C1":0.000116557,"C2":0.00166274,"C3":0.00114579,"Pnt":454.8,"Vdcmax":480.0,"Mppt_low":330.0,"Mppt_high":480.0}