{"Vac":208.0,"Paco":45350.0,"Pdco":48524.0,"Vdco":368.0,"Pso":700.545,"C0":-5.46461e-07,"C1":0.00012601799999999999,"C2":0.00104268,"C3":0.00250923,"Pnt":489.0,"Vdcmax":480.0,"Mppt_low":330.0,"Mppt_high":480.0}