{"Vac":208.0,"Paco":45210.0,"Pdco":48815.0,"Vdco":368.0,"Pso":804.0419999999999,"C0":-6.87065e-07,"C1":0.000133464,"C2":0.00146683,"C3":0.00309687,"Pnt":595.6,"Vdcmax":480.0,"Mppt_low":330.0,"Mppt_high":480.0}