{"Vac":120.0,"Paco":3297.0,"Pdco":3970.91,"Vdco":26.8,"Pso":30.0571,"C0":-4.0286e-05,"C1":-0.000125604,"C2":-0.00182728,"C3":-0.000277041,"Pnt":27.7,"Vdcmax":30.0,"Mppt_low":100.0,"Mppt_high":30.0}