{"Vac":120.0,"Paco":3211.0,"Pdco":3779.19,"Vdco":53.2,"Pso":28.7841,"C0":-3.86542e-05,"C1":-0.00011298100000000001,"C2":-0.010874700000000001,"C3":-0.00252386,"Pnt":26.2,"Vdcmax":60.0,"Mppt_low":100.0,"Mppt_high":60.0}