{"Date":"11/30/2009","Version":"MM106","Technology":"Multi-c-Si","BIPV":"N","A_c":1.459,"N_s":54.0,"T_NOCT":45.0,"I_sc_ref":7.95,"V_oc_ref":33.37,"I_mp_ref":7.45,"V_mp_ref":27.54,"alpha_sc":0.010334999999999999,"beta_oc":-0.10678,"a_ref":1.4773,"I_L_ref":7.955,"I_o_ref":1.22e-09,"R_s":0.201,"R_sh_ref":335.5,"Adjust":26.3,"PTC":181.1,"pdc0":200.0,"gamma_pdc":-0.0044,"gamma_r":-0.44}