{"Date":"06.09.2010","Version":"MM107","Technology":"Multi-c-Si","BIPV":"N","A_c":1.614,"N_s":60.0,"T_NOCT":45.0,"I_sc_ref":7.95,"V_oc_ref":36.82,"I_mp_ref":7.45,"V_mp_ref":29.52,"alpha_sc":0.010334999999999999,"beta_oc":-0.11782000000000001,"a_ref":1.6043,"I_L_ref":7.956,"I_o_ref":8.500000000000001e-10,"R_s":0.359,"R_sh_ref":506.79,"Adjust":22.6,"PTC":194.5,"pdc0":215.0,"gamma_pdc":-0.0044,"gamma_r":-0.44}