{"Date":"06.09.2010","Version":"MM107","Technology":"Multi-c-Si","BIPV":"N","A_c":1.925,"N_s":72.0,"T_NOCT":46.2,"I_sc_ref":8.05,"V_oc_ref":44.78,"I_mp_ref":7.54,"V_mp_ref":37.2,"alpha_sc":0.010465,"beta_oc":-0.13434000000000001,"a_ref":1.9716,"I_L_ref":8.055,"I_o_ref":1.09e-09,"R_s":0.233,"R_sh_ref":387.74,"Adjust":33.5,"PTC":247.7,"pdc0":275.0,"gamma_pdc":-0.0044,"gamma_r":-0.44}