{"Date":"06.09.2010","Version":"MM107","Technology":"Multi-c-Si","BIPV":"N","A_c":1.925,"N_s":72.0,"T_NOCT":46.2,"I_sc_ref":8.05,"V_oc_ref":44.81,"I_mp_ref":7.54,"V_mp_ref":37.8,"alpha_sc":0.010465,"beta_oc":-0.13443,"a_ref":1.9888,"I_L_ref":8.052999999999999,"I_o_ref":1.3e-09,"R_s":0.14400000000000002,"R_sh_ref":351.84,"Adjust":35.5,"PTC":252.3,"pdc0":280.0,"gamma_pdc":-0.0044,"gamma_r":-0.44}