{"Date":"7/13/2012","Version":"NRELv1","Technology":"Multi-c-Si","BIPV":"N","A_c":1.561,"N_s":60.0,"T_NOCT":48.1,"I_sc_ref":8.53,"V_oc_ref":36.2,"I_mp_ref":7.93,"V_mp_ref":30.3,"alpha_sc":0.008786,"beta_oc":-0.12598,"a_ref":1.6131,"I_L_ref":8.537,"I_o_ref":1.5e-09,"R_s":0.141,"R_sh_ref":176.91,"Adjust":17.78,"PTC":214.3,"pdc0":240.0,"gamma_pdc":-0.00443,"gamma_r":-0.44299999999999995}