{"Date":"03.03.2014","Version":"NRELv1","Technology":"Multi-c-Si","BIPV":"N","A_c":1.944,"N_s":72.0,"T_NOCT":46.7,"I_sc_ref":8.63,"V_oc_ref":44.82,"I_mp_ref":8.21,"V_mp_ref":36.52,"alpha_sc":0.005178,"beta_oc":-0.16135,"a_ref":1.986,"I_L_ref":8.718,"I_o_ref":1.3699999999999998e-09,"R_s":0.31,"R_sh_ref":1301.24,"Adjust":13.22,"PTC":266.0,"pdc0":300.0,"gamma_pdc":-0.005,"gamma_r":-0.5}