{"Date":"03.03.2014","Version":"NRELv1","Technology":"Mono-c-Si","BIPV":"N","A_c":1.64,"N_s":60.0,"T_NOCT":45.6,"I_sc_ref":8.7,"V_oc_ref":37.4,"I_mp_ref":8.2,"V_mp_ref":30.6,"alpha_sc":0.006523999999999999,"beta_oc":-0.12118,"a_ref":1.5679,"I_L_ref":8.704,"I_o_ref":3.78e-10,"R_s":0.264,"R_sh_ref":604.05,"Adjust":13.25,"PTC":226.7,"pdc0":250.0,"gamma_pdc":-0.004320000000000001,"gamma_r":-0.43200000000000005}