{"Date":"03.03.2014","Version":"NRELv1","Technology":"Mono-c-Si","BIPV":"N","A_c":1.64,"N_s":60.0,"T_NOCT":45.6,"I_sc_ref":8.8,"V_oc_ref":38.2,"I_mp_ref":8.3,"V_mp_ref":31.4,"alpha_sc":0.006599,"beta_oc":-0.12377,"a_ref":1.6051,"I_L_ref":8.802999999999999,"I_o_ref":4.03e-10,"R_s":0.24600000000000002,"R_sh_ref":642.07,"Adjust":13.75,"PTC":236.0,"pdc0":260.0,"gamma_pdc":-0.004320000000000001,"gamma_r":-0.43200000000000005}