{"Date":"03.03.2014","Version":"NRELv1","Technology":"Multi-c-Si","BIPV":"N","A_c":1.325,"N_s":48.0,"T_NOCT":46.7,"I_sc_ref":8.48,"V_oc_ref":29.2,"I_mp_ref":7.98,"V_mp_ref":22.56,"alpha_sc":0.0050880000000000005,"beta_oc":-0.10512,"a_ref":1.2609,"I_L_ref":8.576,"I_o_ref":7.43e-10,"R_s":0.389,"R_sh_ref":311.37,"Adjust":7.8839999999999995,"PTC":159.0,"pdc0":180.0,"gamma_pdc":-0.005,"gamma_r":-0.5}