{"Date":"03.03.2014","Version":"NRELv1","Technology":"Mono-c-Si","BIPV":"N","A_c":1.64,"N_s":60.0,"T_NOCT":45.6,"I_sc_ref":8.9,"V_oc_ref":38.8,"I_mp_ref":8.4,"V_mp_ref":32.2,"alpha_sc":0.006673999999999999,"beta_oc":-0.12571,"a_ref":1.6385,"I_L_ref":8.902999999999999,"I_o_ref":4.6e-10,"R_s":0.204,"R_sh_ref":628.08,"Adjust":14.85,"PTC":245.3,"pdc0":270.0,"gamma_pdc":-0.004320000000000001,"gamma_r":-0.43200000000000005}