{"Date":"03.03.2014","Version":"NRELv1","Technology":"Multi-c-Si","BIPV":"N","A_c":1.011,"N_s":36.0,"T_NOCT":46.7,"I_sc_ref":8.6,"V_oc_ref":22.37,"I_mp_ref":8.1,"V_mp_ref":17.9,"alpha_sc":0.0051600000000000005,"beta_oc":-0.08052999999999999,"a_ref":0.981,"I_L_ref":8.601,"I_o_ref":1.07e-09,"R_s":0.205,"R_sh_ref":1562.97,"Adjust":11.09,"PTC":128.3,"pdc0":145.0,"gamma_pdc":-0.005,"gamma_r":-0.5}