{"Date":"03.03.2014","Version":"NRELv1","Technology":"Multi-c-Si","BIPV":"N","A_c":1.325,"N_s":48.0,"T_NOCT":46.7,"I_sc_ref":8.6,"V_oc_ref":29.92,"I_mp_ref":8.1,"V_mp_ref":24.07,"alpha_sc":0.0051600000000000005,"beta_oc":-0.10770999999999999,"a_ref":1.3164,"I_L_ref":8.602,"I_o_ref":1.15e-09,"R_s":0.255,"R_sh_ref":1462.28,"Adjust":11.75,"PTC":172.7,"pdc0":195.0,"gamma_pdc":-0.005,"gamma_r":-0.5}