{"Date":"03.03.2014","Version":"NRELv1","Technology":"Mono-c-Si","BIPV":"N","A_c":1.944,"N_s":72.0,"T_NOCT":45.6,"I_sc_ref":8.9,"V_oc_ref":46.0,"I_mp_ref":8.3,"V_mp_ref":38.0,"alpha_sc":0.006673999999999999,"beta_oc":-0.14904,"a_ref":1.9511,"I_L_ref":8.91,"I_o_ref":5.03e-10,"R_s":0.264,"R_sh_ref":242.88,"Adjust":15.73,"PTC":286.1,"pdc0":315.0,"gamma_pdc":-0.004320000000000001,"gamma_r":-0.43200000000000005}