{"Date":"03.03.2014","Version":"NRELv1","Technology":"Multi-c-Si","BIPV":"N","A_c":1.64,"N_s":60.0,"T_NOCT":46.5,"I_sc_ref":8.73,"V_oc_ref":38.4,"I_mp_ref":8.23,"V_mp_ref":32.2,"alpha_sc":0.006462999999999999,"beta_oc":-0.13018,"a_ref":1.6513,"I_L_ref":8.732999999999999,"I_o_ref":6.89e-10,"R_s":0.154,"R_sh_ref":502.24,"Adjust":13.59,"PTC":239.1,"pdc0":265.0,"gamma_pdc":-0.00441,"gamma_r":-0.441}