{"Date":"03.03.2014","Version":"NRELv1","Technology":"Mono-c-Si","BIPV":"N","A_c":1.944,"N_s":72.0,"T_NOCT":45.6,"I_sc_ref":8.7,"V_oc_ref":44.7,"I_mp_ref":8.1,"V_mp_ref":36.5,"alpha_sc":0.006523999999999999,"beta_oc":-0.14483,"a_ref":1.8851,"I_L_ref":8.712,"I_o_ref":4.29e-10,"R_s":0.324,"R_sh_ref":230.64,"Adjust":14.47,"PTC":267.5,"pdc0":295.0,"gamma_pdc":-0.004320000000000001,"gamma_r":-0.43200000000000005}