{"Date":"03.03.2014","Version":"NRELv1","Technology":"Mono-c-Si","BIPV":"N","A_c":1.64,"N_s":60.0,"T_NOCT":45.6,"I_sc_ref":9.0,"V_oc_ref":39.1,"I_mp_ref":8.4,"V_mp_ref":32.8,"alpha_sc":0.006749,"beta_oc":-0.12668,"a_ref":1.6722,"I_L_ref":9.007,"I_o_ref":6.169999999999999e-10,"R_s":0.152,"R_sh_ref":201.04,"Adjust":17.58,"PTC":250.0,"pdc0":275.0,"gamma_pdc":-0.004320000000000001,"gamma_r":-0.43200000000000005}