{"Date":"03.03.2014","Version":"NRELv1","Technology":"Multi-c-Si","BIPV":"N","A_c":1.944,"N_s":72.0,"T_NOCT":46.7,"I_sc_ref":8.31,"V_oc_ref":44.15,"I_mp_ref":7.81,"V_mp_ref":35.85,"alpha_sc":0.004986,"beta_oc":-0.15894,"a_ref":1.9558,"I_L_ref":8.312999999999999,"I_o_ref":1.3e-09,"R_s":0.33799999999999997,"R_sh_ref":842.48,"Adjust":13.15,"PTC":247.7,"pdc0":280.0,"gamma_pdc":-0.005,"gamma_r":-0.5}