{"Date":"03.03.2014","Version":"NRELv1","Technology":"Multi-c-Si","BIPV":"N","A_c":1.483,"N_s":54.0,"T_NOCT":46.7,"I_sc_ref":8.42,"V_oc_ref":32.8,"I_mp_ref":7.92,"V_mp_ref":25.25,"alpha_sc":0.005052,"beta_oc":-0.11807999999999999,"a_ref":1.4136,"I_L_ref":8.515,"I_o_ref":7.049999999999999e-10,"R_s":0.45399999999999996,"R_sh_ref":350.6,"Adjust":7.4879999999999995,"PTC":176.6,"pdc0":200.0,"gamma_pdc":-0.005,"gamma_r":-0.5}