{"Date":"03.03.2014","Version":"NRELv1","Technology":"Multi-c-Si","BIPV":"N","A_c":1.64,"N_s":60.0,"T_NOCT":46.5,"I_sc_ref":8.64,"V_oc_ref":38.12,"I_mp_ref":8.14,"V_mp_ref":30.71,"alpha_sc":0.006396,"beta_oc":-0.12922999999999998,"a_ref":1.6024,"I_L_ref":8.642999999999999,"I_o_ref":4.0099999999999996e-10,"R_s":0.336,"R_sh_ref":856.59,"Adjust":8.774,"PTC":225.2,"pdc0":250.0,"gamma_pdc":-0.00441,"gamma_r":-0.441}