{"Date":"03.03.2014","Version":"NRELv1","Technology":"Mono-c-Si","BIPV":"N","A_c":1.64,"N_s":60.0,"T_NOCT":45.6,"I_sc_ref":8.5,"V_oc_ref":36.2,"I_mp_ref":8.0,"V_mp_ref":28.8,"alpha_sc":0.006374,"beta_oc":-0.11729,"a_ref":1.4948,"I_L_ref":8.504,"I_o_ref":2.57e-10,"R_s":0.382,"R_sh_ref":763.88,"Adjust":9.966000000000001,"PTC":208.1,"pdc0":230.0,"gamma_pdc":-0.004320000000000001,"gamma_r":-0.43200000000000005}