{"Vac":277.0,"Paco":3710.0,"Pdco":3799.32,"Vdco":360.0,"Pso":26.1072,"C0":-2.9179400000000003e-06,"C1":-2.52984e-05,"C2":-0.00116822,"C3":-0.00073807,"Pnt":0.14,"Vdcmax":450.0,"Mppt_low":100.0,"Mppt_high":450.0}