{"Vac":240.0,"Paco":3710.0,"Pdco":3806.52,"Vdco":360.0,"Pso":20.9534,"C0":-1.93892e-06,"C1":-2.2794499999999997e-05,"C2":-0.00101317,"C3":-0.0037086,"Pnt":0.06,"Vdcmax":450.0,"Mppt_low":100.0,"Mppt_high":450.0}