{"Vac":208.0,"Paco":3690.0,"Pdco":3792.29,"Vdco":360.0,"Pso":22.2192,"C0":-3.53786e-06,"C1":5.85866e-06,"C2":0.0008158589999999999,"C3":-0.0003517,"Pnt":0.21,"Vdcmax":470.0,"Mppt_low":100.0,"Mppt_high":470.0}