{"Vac":277.0,"Paco":4830.0,"Pdco":4948.04,"Vdco":360.0,"Pso":29.3374,"C0":-1.87399e-06,"C1":-2.88204e-05,"C2":-0.00160103,"C3":-0.000365439,"Pnt":0.09,"Vdcmax":450.0,"Mppt_low":100.0,"Mppt_high":450.0}