{"Vac":240.0,"Paco":4830.0,"Pdco":4958.92,"Vdco":360.0,"Pso":25.5408,"C0":-2.2689400000000003e-06,"C1":-2.42731e-05,"C2":-0.0002448,"C3":-0.001062,"Pnt":0.12,"Vdcmax":450.0,"Mppt_low":100.0,"Mppt_high":450.0}