{"Vac":208.0,"Paco":4470.0,"Pdco":4598.57,"Vdco":360.0,"Pso":26.8134,"C0":-3.15894e-06,"C1":7.45615e-06,"C2":0.0008925560000000001,"C3":-0.000499814,"Pnt":0.07,"Vdcmax":470.0,"Mppt_low":100.0,"Mppt_high":470.0}