{"Vac":208.0,"Paco":5980.0,"Pdco":6172.31,"Vdco":360.0,"Pso":28.5218,"C0":-2.7942900000000002e-06,"C1":3.91512e-06,"C2":0.00154744,"C3":-6.15063e-05,"Pnt":0.11,"Vdcmax":470.0,"Mppt_low":100.0,"Mppt_high":470.0}