{"Vac":277.0,"Paco":6000.0,"Pdco":6158.75,"Vdco":360.0,"Pso":36.1976,"C0":-1.98782e-06,"C1":-2.59517e-05,"C2":-0.0012534,"C3":0.000210279,"Pnt":0.07,"Vdcmax":450.0,"Mppt_low":100.0,"Mppt_high":450.0}