{"Vac":208.0,"Paco":6920.0,"Pdco":7127.77,"Vdco":360.0,"Pso":30.6591,"C0":-1.9450599999999996e-06,"C1":-2.51245e-05,"C2":0.000320714,"C3":-0.000735996,"Pnt":0.17,"Vdcmax":450.0,"Mppt_low":100.0,"Mppt_high":450.0}