{"Vac":240.0,"Paco":6950.0,"Pdco":7205.96,"Vdco":360.0,"Pso":26.9181,"C0":-2.8029900000000002e-06,"C1":2.2062e-06,"C2":0.00152382,"C3":-0.00035746599999999997,"Pnt":0.09,"Vdcmax":470.0,"Mppt_low":100.0,"Mppt_high":470.0}