{"Date":"06.01.2013","Version":"NRELv1","Technology":"Multi-c-Si","BIPV":"N","A_c":1.611,"N_s":60.0,"T_NOCT":45.7,"I_sc_ref":8.68,"V_oc_ref":37.63,"I_mp_ref":8.18,"V_mp_ref":29.87,"alpha_sc":0.005121,"beta_oc":-0.12680999999999998,"a_ref":1.5761,"I_L_ref":8.682,"I_o_ref":3.6999999999999996e-10,"R_s":0.392,"R_sh_ref":1710.78,"Adjust":8.856,"PTC":220.5,"pdc0":245.0,"gamma_pdc":-0.00461,"gamma_r":-0.461}