{"Technology":"Multi-c-Si","BIPV":"N","A_c":1.9509999999999998,"N_s":72.0,"T_NOCT":47.6,"PTC":236.0,"pdc0":265.0,"gamma_pdc":-0.004501}