{"Technology":"Multi-c-Si","BIPV":"N","A_c":1.6380000000000001,"N_s":60.0,"T_NOCT":47.6,"PTC":214.2,"pdc0":240.0,"gamma_pdc":-0.004501}