{"Date":"11.01.2013","Version":"NRELv1","Technology":"Mono-c-Si","BIPV":"N","A_c":1.611,"N_s":60.0,"T_NOCT":47.3,"I_sc_ref":8.84,"V_oc_ref":38.04,"I_mp_ref":8.54,"V_mp_ref":30.96,"alpha_sc":0.005252000000000001,"beta_oc":-0.11465,"a_ref":1.5634,"I_L_ref":9.019,"I_o_ref":2.4400000000000004e-10,"R_s":0.28800000000000003,"R_sh_ref":3154.03,"Adjust":17.43,"PTC":238.5,"pdc0":265.0,"gamma_pdc":-0.004370000000000001,"gamma_r":-0.43700000000000006}