{"Date":"06.01.2013","Version":"NRELv1","Technology":"Multi-c-Si","BIPV":"N","A_c":1.611,"N_s":60.0,"T_NOCT":45.3,"I_sc_ref":8.89,"V_oc_ref":38.23,"I_mp_ref":8.49,"V_mp_ref":30.48,"alpha_sc":0.0064719999999999995,"beta_oc":-0.13793,"a_ref":1.5906,"I_L_ref":9.079,"I_o_ref":3.27e-10,"R_s":0.368,"R_sh_ref":337.18,"Adjust":0.1345,"PTC":236.5,"pdc0":260.0,"gamma_pdc":-0.00431,"gamma_r":-0.431}