{"Technology":"Mono-c-Si","BIPV":"N","A_c":1.6380000000000001,"N_s":60.0,"T_NOCT":46.0,"PTC":228.2,"pdc0":255.0,"gamma_pdc":-0.004796}