{"Date":"07.01.2014","Version":"NRELv1","Technology":"Mono-c-Si","BIPV":"N","A_c":1.611,"N_s":60.0,"T_NOCT":46.5,"I_sc_ref":9.06,"V_oc_ref":38.9,"I_mp_ref":8.57,"V_mp_ref":32.7,"alpha_sc":0.005753,"beta_oc":-0.12744,"a_ref":1.6718,"I_L_ref":9.061,"I_o_ref":7.08e-10,"R_s":0.14,"R_sh_ref":880.22,"Adjust":17.58,"PTC":252.4,"pdc0":280.0,"gamma_pdc":-0.00454,"gamma_r":-0.45399999999999996}