{"Date":"07.01.2014","Version":"NRELv1","Technology":"Mono-c-Si","BIPV":"N","A_c":1.611,"N_s":60.0,"T_NOCT":46.5,"I_sc_ref":9.01,"V_oc_ref":38.5,"I_mp_ref":8.5,"V_mp_ref":31.8,"alpha_sc":0.005721,"beta_oc":-0.12613,"a_ref":1.6407,"I_L_ref":9.013,"I_o_ref":5.77e-10,"R_s":0.21600000000000003,"R_sh_ref":674.93,"Adjust":15.7,"PTC":243.1,"pdc0":270.0,"gamma_pdc":-0.00454,"gamma_r":-0.45399999999999996}