{"Technology":"Mono-c-Si","BIPV":"N","A_c":1.9509999999999998,"N_s":72.0,"T_NOCT":47.9,"PTC":267.8,"pdc0":300.0,"gamma_pdc":-0.004485}