{"Date":"09.03.2012","Version":"NRELv1","Technology":"Mono-c-Si","BIPV":"N","A_c":1.296,"N_s":48.0,"T_NOCT":45.1,"I_sc_ref":8.84,"V_oc_ref":30.41,"I_mp_ref":8.52,"V_mp_ref":24.21,"alpha_sc":0.00692,"beta_oc":-0.09752999999999999,"a_ref":1.2523,"I_L_ref":9.017999999999999,"I_o_ref":2.56e-10,"R_s":0.3,"R_sh_ref":4680.3,"Adjust":10.52,"PTC":186.6,"pdc0":205.0,"gamma_pdc":-0.0043,"gamma_r":-0.43}