{"Date":"09.01.2012","Version":"NRELv1","Technology":"Mono-c-Si","BIPV":"N","A_c":1.296,"N_s":48.0,"T_NOCT":45.1,"I_sc_ref":8.68,"V_oc_ref":30.29,"I_mp_ref":8.26,"V_mp_ref":24.08,"alpha_sc":0.006795000000000001,"beta_oc":-0.09714,"a_ref":1.249,"I_L_ref":8.77,"I_o_ref":2.56e-10,"R_s":0.313,"R_sh_ref":842.79,"Adjust":10.79,"PTC":177.3,"pdc0":195.0,"gamma_pdc":-0.0043,"gamma_r":-0.43}