{"Date":"09.02.2012","Version":"NRELv1","Technology":"Mono-c-Si","BIPV":"N","A_c":1.296,"N_s":48.0,"T_NOCT":45.1,"I_sc_ref":8.76,"V_oc_ref":30.35,"I_mp_ref":8.38,"V_mp_ref":24.14,"alpha_sc":0.006856999999999999,"beta_oc":-0.09733,"a_ref":1.2543,"I_L_ref":8.943999999999999,"I_o_ref":2.74e-10,"R_s":0.306,"R_sh_ref":329.46,"Adjust":11.25,"PTC":181.9,"pdc0":200.0,"gamma_pdc":-0.0043,"gamma_r":-0.43}