{"Date":"02.03.2011","Version":"MM107","Technology":"Multi-c-Si","BIPV":"N","A_c":1.585,"N_s":60.0,"T_NOCT":47.4,"I_sc_ref":7.85,"V_oc_ref":36.9,"I_mp_ref":7.28,"V_mp_ref":30.2,"alpha_sc":0.00095,"beta_oc":-0.11542000000000001,"a_ref":1.5265,"I_L_ref":7.864,"I_o_ref":2.43e-10,"R_s":0.295,"R_sh_ref":163.94,"Adjust":14.8,"PTC":195.3,"pdc0":220.0,"gamma_pdc":-0.0046700000000000005,"gamma_r":-0.467}