{"Date":"10.04.2010","Version":"MM107","Technology":"Multi-c-Si","BIPV":"N","A_c":1.6230000000000002,"N_s":60.0,"T_NOCT":51.4,"I_sc_ref":7.85,"V_oc_ref":36.2,"I_mp_ref":7.4,"V_mp_ref":29.15,"alpha_sc":0.0053219999999999995,"beta_oc":-0.13025,"a_ref":1.5775,"I_L_ref":7.851,"I_o_ref":8.47e-10,"R_s":0.33799999999999997,"R_sh_ref":2283.27,"Adjust":9.6,"PTC":185.5,"pdc0":215.0,"gamma_pdc":-0.0048200000000000005,"gamma_r":-0.48200000000000004}