{"Date":"02.03.2011","Version":"MM107","Technology":"Multi-c-Si","BIPV":"N","A_c":1.585,"N_s":60.0,"T_NOCT":47.4,"I_sc_ref":8.0,"V_oc_ref":37.32,"I_mp_ref":7.48,"V_mp_ref":30.84,"alpha_sc":0.000968,"beta_oc":-0.11674000000000001,"a_ref":1.5449,"I_L_ref":8.008,"I_o_ref":2.53e-10,"R_s":0.247,"R_sh_ref":240.29,"Adjust":15.0,"PTC":204.5,"pdc0":230.0,"gamma_pdc":-0.0046700000000000005,"gamma_r":-0.467}