{"Date":"10.04.2010","Version":"MM107","Technology":"Multi-c-Si","BIPV":"N","A_c":1.6230000000000002,"N_s":60.0,"T_NOCT":51.4,"I_sc_ref":8.34,"V_oc_ref":36.35,"I_mp_ref":7.87,"V_mp_ref":29.35,"alpha_sc":0.005054,"beta_oc":-0.12225,"a_ref":1.5782,"I_L_ref":8.341000000000001,"I_o_ref":8.269999999999999e-10,"R_s":0.309,"R_sh_ref":3215.41,"Adjust":16.6,"PTC":198.5,"pdc0":230.0,"gamma_pdc":-0.00488,"gamma_r":-0.488}