{"Date":"02.03.2011","Version":"MM107","Technology":"Multi-c-Si","BIPV":"N","A_c":1.585,"N_s":60.0,"T_NOCT":47.4,"I_sc_ref":7.89,"V_oc_ref":37.0,"I_mp_ref":7.37,"V_mp_ref":30.5,"alpha_sc":0.0009550000000000001,"beta_oc":-0.11574000000000001,"a_ref":1.5303,"I_L_ref":7.899,"I_o_ref":2.4500000000000003e-10,"R_s":0.26,"R_sh_ref":229.98,"Adjust":14.8,"PTC":199.9,"pdc0":225.0,"gamma_pdc":-0.0046700000000000005,"gamma_r":-0.467}