{"Date":"10.01.2012","Version":"NRELv1","Technology":"Multi-c-Si","BIPV":"N","A_c":1.611,"N_s":60.0,"T_NOCT":45.7,"I_sc_ref":8.55,"V_oc_ref":37.21,"I_mp_ref":8.02,"V_mp_ref":29.44,"alpha_sc":0.005045,"beta_oc":-0.1254,"a_ref":1.5596,"I_L_ref":8.557,"I_o_ref":3.69e-10,"R_s":0.408,"R_sh_ref":532.21,"Adjust":8.972000000000001,"PTC":211.3,"pdc0":235.0,"gamma_pdc":-0.00461,"gamma_r":-0.461}