{"Date":"03.09.2011","Version":"MM107","Technology":"Multi-c-Si","BIPV":"N","A_c":1.6680000000000001,"N_s":60.0,"T_NOCT":45.7,"I_sc_ref":8.0,"V_oc_ref":37.32,"I_mp_ref":7.48,"V_mp_ref":30.84,"alpha_sc":0.00472,"beta_oc":-0.12577,"a_ref":1.6085,"I_L_ref":8.007,"I_o_ref":6.6e-10,"R_s":0.22899999999999998,"R_sh_ref":272.38,"Adjust":14.7,"PTC":206.5,"pdc0":230.0,"gamma_pdc":-0.00461,"gamma_r":-0.461}