{"Date":"10.01.2012","Version":"NRELv1","Technology":"Multi-c-Si","BIPV":"N","A_c":1.611,"N_s":60.0,"T_NOCT":45.3,"I_sc_ref":8.75,"V_oc_ref":37.83,"I_mp_ref":8.26,"V_mp_ref":30.08,"alpha_sc":0.006370000000000001,"beta_oc":-0.13649,"a_ref":1.5662,"I_L_ref":8.751,"I_o_ref":2.83e-10,"R_s":0.38799999999999996,"R_sh_ref":3303.66,"Adjust":-0.7911,"PTC":227.2,"pdc0":250.0,"gamma_pdc":-0.00431,"gamma_r":-0.431}