{"Date":"5/22/2012","Version":"NRELv1","Technology":"Multi-c-Si","BIPV":"N","A_c":1.611,"N_s":60.0,"T_NOCT":45.7,"I_sc_ref":8.46,"V_oc_ref":36.79,"I_mp_ref":7.91,"V_mp_ref":28.91,"alpha_sc":0.004991,"beta_oc":-0.12397999999999999,"a_ref":1.5386,"I_L_ref":8.47,"I_o_ref":3.4500000000000005e-10,"R_s":0.43799999999999994,"R_sh_ref":378.14,"Adjust":8.495,"PTC":202.0,"pdc0":225.0,"gamma_pdc":-0.00461,"gamma_r":-0.461}