{"Date":"04.02.2013","Version":"NRELv1","Technology":"Mono-c-Si","BIPV":"N","A_c":1.6380000000000001,"N_s":60.0,"T_NOCT":47.3,"I_sc_ref":8.66,"V_oc_ref":37.86,"I_mp_ref":8.22,"V_mp_ref":30.82,"alpha_sc":0.005568,"beta_oc":-0.13096,"a_ref":1.6129,"I_L_ref":8.752,"I_o_ref":5.539999999999999e-10,"R_s":0.281,"R_sh_ref":471.87,"Adjust":9.451,"PTC":223.4,"pdc0":250.0,"gamma_pdc":-0.00456,"gamma_r":-0.456}