{"Date":"04.02.2013","Version":"NRELv1","Technology":"Mono-c-Si","BIPV":"N","A_c":1.6380000000000001,"N_s":60.0,"T_NOCT":47.3,"I_sc_ref":8.78,"V_oc_ref":37.98,"I_mp_ref":8.46,"V_mp_ref":30.91,"alpha_sc":0.005646,"beta_oc":-0.13137000000000001,"a_ref":1.6121,"I_L_ref":8.958,"I_o_ref":5.24e-10,"R_s":0.27699999999999997,"R_sh_ref":1532.08,"Adjust":8.735,"PTC":232.6,"pdc0":260.0,"gamma_pdc":-0.00456,"gamma_r":-0.456}