{"Date":"03.09.2011","Version":"MM107","Technology":"Mono-c-Si","BIPV":"N","A_c":1.6380000000000001,"N_s":60.0,"T_NOCT":46.9,"I_sc_ref":8.54,"V_oc_ref":37.74,"I_mp_ref":7.97,"V_mp_ref":30.73,"alpha_sc":0.004646,"beta_oc":-0.13066,"a_ref":1.595,"I_L_ref":8.55,"I_o_ref":4.4499999999999996e-10,"R_s":0.29,"R_sh_ref":236.1,"Adjust":7.6,"PTC":214.9,"pdc0":240.0,"gamma_pdc":-0.00451,"gamma_r":-0.451}