{"Date":"04.02.2013","Version":"NRELv1","Technology":"Mono-c-Si","BIPV":"N","A_c":1.6380000000000001,"N_s":60.0,"T_NOCT":47.3,"I_sc_ref":8.9,"V_oc_ref":38.1,"I_mp_ref":8.7,"V_mp_ref":31.0,"alpha_sc":0.005723,"beta_oc":-0.13179000000000002,"a_ref":1.6204,"I_L_ref":9.267000000000001,"I_o_ref":5.64e-10,"R_s":0.27,"R_sh_ref":421.18,"Adjust":9.115,"PTC":241.9,"pdc0":270.0,"gamma_pdc":-0.00456,"gamma_r":-0.456}