{"Date":"5/22/2012","Version":"NRELv1","Technology":"Multi-c-Si","BIPV":"N","A_c":1.923,"N_s":72.0,"T_NOCT":45.1,"I_sc_ref":8.53,"V_oc_ref":43.92,"I_mp_ref":7.96,"V_mp_ref":36.86,"alpha_sc":0.005340999999999999,"beta_oc":-0.1456,"a_ref":1.8675,"I_L_ref":8.537,"I_o_ref":5.1e-10,"R_s":0.18100000000000002,"R_sh_ref":232.1,"Adjust":13.76,"PTC":258.7,"pdc0":285.0,"gamma_pdc":-0.00435,"gamma_r":-0.435}