{"Date":"5/22/2012","Version":"NRELv1","Technology":"Multi-c-Si","BIPV":"N","A_c":1.923,"N_s":72.0,"T_NOCT":45.1,"I_sc_ref":8.92,"V_oc_ref":45.0,"I_mp_ref":8.36,"V_mp_ref":38.16,"alpha_sc":0.005584,"beta_oc":-0.14918,"a_ref":1.9198,"I_L_ref":8.924,"I_o_ref":5.79e-10,"R_s":0.12300000000000001,"R_sh_ref":283.18,"Adjust":14.51,"PTC":286.7,"pdc0":315.0,"gamma_pdc":-0.00435,"gamma_r":-0.435}