{"Date":"5/22/2012","Version":"NRELv1","Technology":"Multi-c-Si","BIPV":"N","A_c":1.923,"N_s":72.0,"T_NOCT":45.1,"I_sc_ref":8.66,"V_oc_ref":44.28,"I_mp_ref":8.08,"V_mp_ref":37.3,"alpha_sc":0.005422,"beta_oc":-0.14679,"a_ref":1.8869999999999998,"I_L_ref":8.666,"I_o_ref":5.45e-10,"R_s":0.16,"R_sh_ref":225.54,"Adjust":14.25,"PTC":268.0,"pdc0":295.0,"gamma_pdc":-0.00435,"gamma_r":-0.435}