{"Date":"10/19/2009","Version":"MM106","Technology":"Mono-c-Si","BIPV":"N","A_c":1.2770000000000001,"N_s":72.0,"T_NOCT":45.3,"I_sc_ref":5.35,"V_oc_ref":45.0,"I_mp_ref":5.14,"V_mp_ref":37.0,"alpha_sc":0.0033710000000000003,"beta_oc":-0.13545,"a_ref":1.8312,"I_L_ref":5.412999999999999,"I_o_ref":1.15e-10,"R_s":0.49200000000000005,"R_sh_ref":100000.0,"Adjust":15.1,"PTC":173.0,"pdc0":190.0,"gamma_pdc":-0.00419,"gamma_r":-0.419}