{"Date":"10/19/2009","Version":"MM106","Technology":"Mono-c-Si","BIPV":"N","A_c":1.6269999999999998,"N_s":60.0,"T_NOCT":46.2,"I_sc_ref":7.85,"V_oc_ref":36.7,"I_mp_ref":7.3,"V_mp_ref":28.8,"alpha_sc":0.004946,"beta_oc":-0.11047,"a_ref":1.4727,"I_L_ref":7.867999999999999,"I_o_ref":1.1599999999999999e-10,"R_s":0.495,"R_sh_ref":219.79,"Adjust":11.8,"PTC":189.7,"pdc0":210.0,"gamma_pdc":-0.00419,"gamma_r":-0.419}