{"Date":"10/19/2009","Version":"MM106","Technology":"Multi-c-Si","BIPV":"N","A_c":1.6269999999999998,"N_s":60.0,"T_NOCT":46.1,"I_sc_ref":7.9,"V_oc_ref":36.5,"I_mp_ref":7.35,"V_mp_ref":28.6,"alpha_sc":0.006399,"beta_oc":-0.11315,"a_ref":1.4807,"I_L_ref":7.917000000000001,"I_o_ref":1.53e-10,"R_s":0.49200000000000005,"R_sh_ref":234.61,"Adjust":10.7,"PTC":190.1,"pdc0":210.0,"gamma_pdc":-0.00413,"gamma_r":-0.413}