{"Date":"10/19/2009","Version":"MM106","Technology":"Mono-c-Si","BIPV":"N","A_c":1.6269999999999998,"N_s":60.0,"T_NOCT":46.2,"I_sc_ref":8.35,"V_oc_ref":37.5,"I_mp_ref":7.9,"V_mp_ref":29.8,"alpha_sc":0.005261,"beta_oc":-0.11288,"a_ref":1.5021,"I_L_ref":8.35,"I_o_ref":1.2e-10,"R_s":0.418,"R_sh_ref":13262.33,"Adjust":11.5,"PTC":212.8,"pdc0":235.0,"gamma_pdc":-0.00419,"gamma_r":-0.419}