{"Date":"10/19/2009","Version":"MM106","Technology":"Mono-c-Si","BIPV":"N","A_c":1.6269999999999998,"N_s":60.0,"T_NOCT":46.2,"I_sc_ref":8.25,"V_oc_ref":37.3,"I_mp_ref":7.78,"V_mp_ref":29.6,"alpha_sc":0.0051979999999999995,"beta_oc":-0.11227000000000001,"a_ref":1.4949,"I_L_ref":8.253,"I_o_ref":1.2e-10,"R_s":0.428,"R_sh_ref":1021.46,"Adjust":11.6,"PTC":208.2,"pdc0":230.0,"gamma_pdc":-0.00419,"gamma_r":-0.419}