{"Date":"7/13/2012","Version":"NRELv1","Technology":"Multi-c-Si","BIPV":"N","A_c":1.6269999999999998,"N_s":60.0,"T_NOCT":45.4,"I_sc_ref":8.4,"V_oc_ref":37.3,"I_mp_ref":7.94,"V_mp_ref":29.6,"alpha_sc":0.004788000000000001,"beta_oc":-0.13167,"a_ref":1.5584,"I_L_ref":8.493,"I_o_ref":3.3799999999999997e-10,"R_s":0.402,"R_sh_ref":368.54,"Adjust":3.373,"PTC":211.9,"pdc0":235.0,"gamma_pdc":-0.00454,"gamma_r":-0.45399999999999996}