{"Date":"5/22/2012","Version":"NRELv1","Technology":"Multi-c-Si","BIPV":"N","A_c":1.6269999999999998,"N_s":60.0,"T_NOCT":45.4,"I_sc_ref":8.6,"V_oc_ref":37.7,"I_mp_ref":8.18,"V_mp_ref":30.0,"alpha_sc":0.004902,"beta_oc":-0.13044,"a_ref":1.5673,"I_L_ref":8.689,"I_o_ref":3.09e-10,"R_s":0.386,"R_sh_ref":993.1,"Adjust":4.506,"PTC":221.3,"pdc0":245.0,"gamma_pdc":-0.00452,"gamma_r":-0.452}