{"Date":"10/19/2009","Version":"MM106","Technology":"Mono-c-Si","BIPV":"N","A_c":1.6269999999999998,"N_s":60.0,"T_NOCT":46.2,"I_sc_ref":8.45,"V_oc_ref":37.6,"I_mp_ref":8.0,"V_mp_ref":30.0,"alpha_sc":0.005324000000000001,"beta_oc":-0.11317999999999999,"a_ref":1.5087,"I_L_ref":8.45,"I_o_ref":1.27e-10,"R_s":0.397,"R_sh_ref":100000.0,"Adjust":11.9,"PTC":217.5,"pdc0":240.0,"gamma_pdc":-0.00419,"gamma_r":-0.419}