{"Date":"12.01.2011","Version":"NRELv1","Technology":"Mono-c-Si","BIPV":"N","A_c":1.6269999999999998,"N_s":60.0,"T_NOCT":46.2,"I_sc_ref":8.55,"V_oc_ref":37.8,"I_mp_ref":8.13,"V_mp_ref":30.2,"alpha_sc":0.004275,"beta_oc":-0.1323,"a_ref":1.609,"I_L_ref":8.638,"I_o_ref":5.39e-10,"R_s":0.363,"R_sh_ref":1116.72,"Adjust":8.175,"PTC":218.8,"pdc0":245.0,"gamma_pdc":-0.0048,"gamma_r":-0.48}