{"Date":"04.02.2013","Version":"NRELv1","Technology":"Multi-c-Si","BIPV":"N","A_c":1.6269999999999998,"N_s":60.0,"T_NOCT":45.4,"I_sc_ref":8.7,"V_oc_ref":37.8,"I_mp_ref":8.3,"V_mp_ref":30.2,"alpha_sc":0.004959000000000001,"beta_oc":-0.13079000000000002,"a_ref":1.5725,"I_L_ref":8.788,"I_o_ref":3.19e-10,"R_s":0.365,"R_sh_ref":4283.05,"Adjust":4.6530000000000005,"PTC":225.9,"pdc0":250.0,"gamma_pdc":-0.00452,"gamma_r":-0.452}