{"Date":"7/13/2012","Version":"NRELv1","Technology":"Multi-c-Si","BIPV":"N","A_c":1.6269999999999998,"N_s":60.0,"T_NOCT":45.4,"I_sc_ref":8.9,"V_oc_ref":38.0,"I_mp_ref":8.54,"V_mp_ref":30.6,"alpha_sc":0.005072999999999999,"beta_oc":-0.13414,"a_ref":1.5959,"I_L_ref":9.084,"I_o_ref":4.11e-10,"R_s":0.321,"R_sh_ref":580.21,"Adjust":4.4430000000000005,"PTC":235.1,"pdc0":260.0,"gamma_pdc":-0.00454,"gamma_r":-0.45399999999999996}