{"Date":"04.02.2013","Version":"NRELv1","Technology":"Multi-c-Si","BIPV":"N","A_c":1.6269999999999998,"N_s":60.0,"T_NOCT":45.4,"I_sc_ref":8.9,"V_oc_ref":38.0,"I_mp_ref":8.54,"V_mp_ref":30.6,"alpha_sc":0.005072999999999999,"beta_oc":-0.13147999999999999,"a_ref":1.591,"I_L_ref":9.084,"I_o_ref":3.8199999999999997e-10,"R_s":0.322,"R_sh_ref":565.14,"Adjust":5.938,"PTC":235.2,"pdc0":260.0,"gamma_pdc":-0.00452,"gamma_r":-0.452}