{"Date":"5/22/2012","Version":"NRELv1","Technology":"Multi-c-Si","BIPV":"N","A_c":1.94,"N_s":72.0,"T_NOCT":45.4,"I_sc_ref":8.2,"V_oc_ref":44.4,"I_mp_ref":7.61,"V_mp_ref":35.5,"alpha_sc":0.004674,"beta_oc":-0.15362,"a_ref":1.8676,"I_L_ref":8.216000000000001,"I_o_ref":3.8e-10,"R_s":0.45399999999999996,"R_sh_ref":227.85,"Adjust":6.792999999999999,"PTC":243.3,"pdc0":270.0,"gamma_pdc":-0.00452,"gamma_r":-0.452}