{"Date":"7/13/2012","Version":"NRELv1","Technology":"Mono-c-Si","BIPV":"N","A_c":1.94,"N_s":72.0,"T_NOCT":45.3,"I_sc_ref":8.38,"V_oc_ref":45.3,"I_mp_ref":7.86,"V_mp_ref":36.25,"alpha_sc":0.004106,"beta_oc":-0.20068,"a_ref":1.9021,"I_L_ref":8.387,"I_o_ref":3.77e-10,"R_s":0.44799999999999995,"R_sh_ref":539.41,"Adjust":-16.86,"PTC":257.3,"pdc0":285.0,"gamma_pdc":-0.00452,"gamma_r":-0.452}