{"Date":"7/13/2012","Version":"NRELv1","Technology":"Mono-c-Si","BIPV":"N","A_c":1.94,"N_s":72.0,"T_NOCT":45.4,"I_sc_ref":8.38,"V_oc_ref":45.3,"I_mp_ref":7.86,"V_mp_ref":36.25,"alpha_sc":0.003436,"beta_oc":-0.20068,"a_ref":1.8819,"I_L_ref":8.388,"I_o_ref":2.92e-10,"R_s":0.45299999999999996,"R_sh_ref":505.6,"Adjust":-18.46,"PTC":257.3,"pdc0":285.0,"gamma_pdc":-0.00451,"gamma_r":-0.451}