{"Date":"7/13/2012","Version":"NRELv1","Technology":"Mono-c-Si","BIPV":"N","A_c":1.94,"N_s":72.0,"T_NOCT":45.3,"I_sc_ref":8.6,"V_oc_ref":45.9,"I_mp_ref":8.17,"V_mp_ref":36.7,"alpha_sc":0.004214,"beta_oc":-0.20334000000000002,"a_ref":1.9219,"I_L_ref":8.691,"I_o_ref":3.67e-10,"R_s":0.442,"R_sh_ref":834.5,"Adjust":-17.28,"PTC":271.3,"pdc0":300.0,"gamma_pdc":-0.00452,"gamma_r":-0.452}