{"Date":"7/13/2012","Version":"NRELv1","Technology":"Mono-c-Si","BIPV":"N","A_c":1.94,"N_s":72.0,"T_NOCT":45.3,"I_sc_ref":8.68,"V_oc_ref":46.1,"I_mp_ref":8.26,"V_mp_ref":36.9,"alpha_sc":0.004253,"beta_oc":-0.20422,"a_ref":1.9297,"I_L_ref":8.77,"I_o_ref":3.6799999999999997e-10,"R_s":0.435,"R_sh_ref":1227.81,"Adjust":-17.33,"PTC":275.9,"pdc0":305.0,"gamma_pdc":-0.00452,"gamma_r":-0.452}