{"Date":"7/13/2012","Version":"NRELv1","Technology":"Mono-c-Si","BIPV":"N","A_c":1.94,"N_s":72.0,"T_NOCT":45.3,"I_sc_ref":8.83,"V_oc_ref":46.5,"I_mp_ref":8.45,"V_mp_ref":37.25,"alpha_sc":0.004327,"beta_oc":-0.20600000000000002,"a_ref":1.9513,"I_L_ref":9.015,"I_o_ref":3.9899999999999997e-10,"R_s":0.423,"R_sh_ref":516.22,"Adjust":-16.94,"PTC":285.2,"pdc0":315.0,"gamma_pdc":-0.00452,"gamma_r":-0.452}