{"Date":"08.08.2014","Version":"NRELv1","Technology":"Multi-c-Si","BIPV":"N","A_c":1.3130000000000002,"N_s":48.0,"T_NOCT":46.8,"I_sc_ref":8.52,"V_oc_ref":30.1,"I_mp_ref":8.06,"V_mp_ref":23.6,"alpha_sc":0.004873,"beta_oc":-0.09258999999999999,"a_ref":1.1944,"I_L_ref":8.616,"I_o_ref":9.67e-11,"R_s":0.375,"R_sh_ref":287.15,"Adjust":7.225,"PTC":171.7,"pdc0":190.0,"gamma_pdc":-0.00417,"gamma_r":-0.41700000000000004}