{"Date":"08.08.2014","Version":"NRELv1","Technology":"Multi-c-Si","BIPV":"N","A_c":1.3130000000000002,"N_s":48.0,"T_NOCT":46.8,"I_sc_ref":8.76,"V_oc_ref":30.3,"I_mp_ref":8.27,"V_mp_ref":24.2,"alpha_sc":0.005011,"beta_oc":-0.0932,"a_ref":1.2104,"I_L_ref":8.763,"I_o_ref":1.17e-10,"R_s":0.307,"R_sh_ref":819.36,"Adjust":8.71,"PTC":181.0,"pdc0":200.0,"gamma_pdc":-0.00417,"gamma_r":-0.41700000000000004}