{"Date":"08.08.2014","Version":"NRELv1","Technology":"Multi-c-Si","BIPV":"N","A_c":1.931,"N_s":72.0,"T_NOCT":46.4,"I_sc_ref":8.9,"V_oc_ref":46.28,"I_mp_ref":8.46,"V_mp_ref":36.66,"alpha_sc":0.004299,"beta_oc":-0.14805,"a_ref":1.8573,"I_L_ref":8.995,"I_o_ref":1.35e-10,"R_s":0.496,"R_sh_ref":767.45,"Adjust":5.577999999999999,"PTC":280.5,"pdc0":310.0,"gamma_pdc":-0.00431,"gamma_r":-0.431}