{"Date":"04.02.2013","Version":"NRELv1","Technology":"Multi-c-Si","BIPV":"N","A_c":1.6269999999999998,"N_s":60.0,"T_NOCT":46.9,"I_sc_ref":8.74,"V_oc_ref":37.2,"I_mp_ref":8.17,"V_mp_ref":30.0,"alpha_sc":0.0035310000000000003,"beta_oc":-0.12864,"a_ref":1.5504,"I_L_ref":8.751,"I_o_ref":3.27e-10,"R_s":0.324,"R_sh_ref":264.47,"Adjust":5.212000000000001,"PTC":219.2,"pdc0":245.0,"gamma_pdc":-0.00458,"gamma_r":-0.45799999999999996}