{"Date":"04.02.2013","Version":"NRELv1","Technology":"Mono-c-Si","BIPV":"N","A_c":1.6269999999999998,"N_s":60.0,"T_NOCT":44.2,"I_sc_ref":9.04,"V_oc_ref":38.4,"I_mp_ref":8.49,"V_mp_ref":31.2,"alpha_sc":0.002703,"beta_oc":-0.13041,"a_ref":1.5997,"I_L_ref":9.047,"I_o_ref":3.36e-10,"R_s":0.292,"R_sh_ref":382.04,"Adjust":7.199,"PTC":240.6,"pdc0":265.0,"gamma_pdc":-0.0046700000000000005,"gamma_r":-0.467}