{"Date":"04.02.2013","Version":"NRELv1","Technology":"Multi-c-Si","BIPV":"N","A_c":1.94,"N_s":72.0,"T_NOCT":45.1,"I_sc_ref":8.72,"V_oc_ref":45.3,"I_mp_ref":8.08,"V_mp_ref":36.5,"alpha_sc":0.0034270000000000004,"beta_oc":-0.15615,"a_ref":1.9194,"I_L_ref":8.737,"I_o_ref":4.78e-10,"R_s":0.39399999999999996,"R_sh_ref":196.7,"Adjust":8.891,"PTC":265.7,"pdc0":295.0,"gamma_pdc":-0.004710000000000001,"gamma_r":-0.47100000000000003}