{"Date":"04.02.2013","Version":"NRELv1","Technology":"Multi-c-Si","BIPV":"N","A_c":1.94,"N_s":72.0,"T_NOCT":45.1,"I_sc_ref":8.61,"V_oc_ref":44.6,"I_mp_ref":8.05,"V_mp_ref":36.0,"alpha_sc":0.0033840000000000003,"beta_oc":-0.15374000000000002,"a_ref":1.8817,"I_L_ref":8.62,"I_o_ref":4.32e-10,"R_s":0.384,"R_sh_ref":340.1,"Adjust":8.071,"PTC":261.1,"pdc0":290.0,"gamma_pdc":-0.004710000000000001,"gamma_r":-0.47100000000000003}