{"Date":"10.01.2013","Version":"NRELv1","Technology":"Mono-c-Si","BIPV":"N","A_c":1.58,"N_s":60.0,"T_NOCT":51.9,"I_sc_ref":9.26,"V_oc_ref":37.91,"I_mp_ref":8.68,"V_mp_ref":30.55,"alpha_sc":0.003445,"beta_oc":-0.12852,"a_ref":1.6215,"I_L_ref":9.267000000000001,"I_o_ref":6.439999999999999e-10,"R_s":0.305,"R_sh_ref":380.11,"Adjust":12.84,"PTC":229.4,"pdc0":265.0,"gamma_pdc":-0.0049,"gamma_r":-0.49}