{"Date":"10/30/2012","Version":"NRELv1","Technology":"Mono-c-Si","BIPV":"N","A_c":1.58,"N_s":60.0,"T_NOCT":47.8,"I_sc_ref":8.82,"V_oc_ref":37.9,"I_mp_ref":8.25,"V_mp_ref":30.31,"alpha_sc":0.006968000000000001,"beta_oc":-0.13227,"a_ref":1.6384,"I_L_ref":8.828,"I_o_ref":7.84e-10,"R_s":0.34700000000000003,"R_sh_ref":367.46,"Adjust":11.32,"PTC":222.5,"pdc0":250.0,"gamma_pdc":-0.0046500000000000005,"gamma_r":-0.465}