{"Date":"08.03.2011","Version":"MM107","Technology":"Mono-c-Si","BIPV":"N","A_c":1.501,"N_s":60.0,"T_NOCT":46.2,"I_sc_ref":8.7,"V_oc_ref":36.0,"I_mp_ref":7.95,"V_mp_ref":28.3,"alpha_sc":0.006177,"beta_oc":-0.13464,"a_ref":1.5787,"I_L_ref":8.732999999999999,"I_o_ref":1.0499999999999999e-09,"R_s":0.402,"R_sh_ref":105.69,"Adjust":6.4,"PTC":201.0,"pdc0":225.0,"gamma_pdc":-0.0047799999999999995,"gamma_r":-0.478}