{"Date":"08.01.2012","Version":"NRELv1","Technology":"Mono-c-Si","BIPV":"N","A_c":1.58,"N_s":60.0,"T_NOCT":48.7,"I_sc_ref":8.7,"V_oc_ref":37.7,"I_mp_ref":8.2,"V_mp_ref":30.1,"alpha_sc":0.008612999999999999,"beta_oc":-0.13798,"a_ref":1.6923,"I_L_ref":8.795,"I_o_ref":1.84e-09,"R_s":0.33899999999999997,"R_sh_ref":356.64,"Adjust":13.55,"PTC":215.6,"pdc0":245.0,"gamma_pdc":-0.00486,"gamma_r":-0.486}