{"Date":"10/26/2011","Version":"NRELv1","Technology":"Mono-c-Si","BIPV":"N","A_c":1.615,"N_s":60.0,"T_NOCT":43.0,"I_sc_ref":8.18,"V_oc_ref":37.5,"I_mp_ref":7.71,"V_mp_ref":30.6,"alpha_sc":0.002822,"beta_oc":-0.141,"a_ref":1.6333,"I_L_ref":8.182,"I_o_ref":8.699999999999999e-10,"R_s":0.27699999999999997,"R_sh_ref":1045.19,"Adjust":5.254,"PTC":226.4,"pdc0":250.0,"gamma_pdc":-0.00503,"gamma_r":-0.503}