{"Date":"10/30/2012","Version":"NRELv1","Technology":"Mono-c-Si","BIPV":"N","A_c":1.58,"N_s":60.0,"T_NOCT":47.8,"I_sc_ref":8.72,"V_oc_ref":37.8,"I_mp_ref":8.14,"V_mp_ref":30.11,"alpha_sc":0.006889,"beta_oc":-0.13192,"a_ref":1.6321,"I_L_ref":8.73,"I_o_ref":7.530000000000001e-10,"R_s":0.368,"R_sh_ref":313.88,"Adjust":11.06,"PTC":217.9,"pdc0":245.0,"gamma_pdc":-0.0046500000000000005,"gamma_r":-0.465}