{"Date":"08.01.2012","Version":"NRELv1","Technology":"Mono-c-Si","BIPV":"N","A_c":1.58,"N_s":60.0,"T_NOCT":48.7,"I_sc_ref":8.4,"V_oc_ref":37.0,"I_mp_ref":7.9,"V_mp_ref":29.7,"alpha_sc":0.008316,"beta_oc":-0.13542,"a_ref":1.6598,"I_L_ref":8.402000000000001,"I_o_ref":1.7399999999999998e-09,"R_s":0.324,"R_sh_ref":1654.0,"Adjust":13.46,"PTC":202.0,"pdc0":230.0,"gamma_pdc":-0.00486,"gamma_r":-0.486}