{"Date":"10.01.2013","Version":"NRELv1","Technology":"Mono-c-Si","BIPV":"N","A_c":1.58,"N_s":60.0,"T_NOCT":51.9,"I_sc_ref":9.19,"V_oc_ref":37.6,"I_mp_ref":8.6,"V_mp_ref":30.25,"alpha_sc":0.0034189999999999997,"beta_oc":-0.12746,"a_ref":1.6083,"I_L_ref":9.199,"I_o_ref":6.38e-10,"R_s":0.311,"R_sh_ref":321.92,"Adjust":12.83,"PTC":224.9,"pdc0":260.0,"gamma_pdc":-0.0049,"gamma_r":-0.49}