{"Date":"02.01.2012","Version":"NRELv1","Technology":"Multi-c-Si","BIPV":"N","A_c":1.62,"N_s":60.0,"T_NOCT":48.6,"I_sc_ref":8.22,"V_oc_ref":39.41,"I_mp_ref":7.7,"V_mp_ref":31.94,"alpha_sc":0.004932,"beta_oc":-0.13399,"a_ref":1.6615,"I_L_ref":8.228,"I_o_ref":4.06e-10,"R_s":0.337,"R_sh_ref":358.15,"Adjust":9.187999999999999,"PTC":218.6,"pdc0":246.0,"gamma_pdc":-0.0045000000000000005,"gamma_r":-0.45}