{"Date":"02.01.2012","Version":"NRELv1","Technology":"Multi-c-Si","BIPV":"N","A_c":1.62,"N_s":60.0,"T_NOCT":48.6,"I_sc_ref":8.31,"V_oc_ref":39.91,"I_mp_ref":7.8,"V_mp_ref":32.3,"alpha_sc":0.004986,"beta_oc":-0.13569,"a_ref":1.6792,"I_L_ref":8.316,"I_o_ref":3.92e-10,"R_s":0.344,"R_sh_ref":449.76,"Adjust":8.787,"PTC":224.1,"pdc0":252.0,"gamma_pdc":-0.0045000000000000005,"gamma_r":-0.45}