{"Date":"02.01.2012","Version":"NRELv1","Technology":"Multi-c-Si","BIPV":"N","A_c":1.62,"N_s":60.0,"T_NOCT":48.6,"I_sc_ref":8.27,"V_oc_ref":39.64,"I_mp_ref":7.75,"V_mp_ref":32.13,"alpha_sc":0.004961999999999999,"beta_oc":-0.13477999999999998,"a_ref":1.6709,"I_L_ref":8.277000000000001,"I_o_ref":4.07e-10,"R_s":0.336,"R_sh_ref":372.08,"Adjust":9.154,"PTC":221.4,"pdc0":249.0,"gamma_pdc":-0.0045000000000000005,"gamma_r":-0.45}