{"Date":"5/22/2012","Version":"NRELv1","Technology":"Multi-c-Si","BIPV":"N","A_c":2.5639999999999996,"N_s":96.0,"T_NOCT":50.0,"I_sc_ref":8.45,"V_oc_ref":60.46,"I_mp_ref":7.95,"V_mp_ref":48.81,"alpha_sc":0.004445,"beta_oc":-0.18706,"a_ref":2.3961,"I_L_ref":8.457,"I_o_ref":9.21e-11,"R_s":0.568,"R_sh_ref":659.82,"Adjust":6.38,"PTC":346.9,"pdc0":388.0,"gamma_pdc":-0.004050000000000001,"gamma_r":-0.405}