{"Date":"5/22/2012","Version":"NRELv1","Technology":"Multi-c-Si","BIPV":"N","A_c":2.5639999999999996,"N_s":96.0,"T_NOCT":50.0,"I_sc_ref":8.38,"V_oc_ref":60.18,"I_mp_ref":7.88,"V_mp_ref":48.61,"alpha_sc":0.004408,"beta_oc":-0.1862,"a_ref":2.3864,"I_L_ref":8.388,"I_o_ref":9.26e-11,"R_s":0.5670000000000001,"R_sh_ref":620.63,"Adjust":6.502000000000001,"PTC":342.3,"pdc0":383.0,"gamma_pdc":-0.004050000000000001,"gamma_r":-0.405}