{"Date":"01.05.2012","Version":"NRELv1","Technology":"Multi-c-Si","BIPV":"N","A_c":2.5639999999999996,"N_s":96.0,"T_NOCT":48.7,"I_sc_ref":8.22,"V_oc_ref":59.59,"I_mp_ref":7.7,"V_mp_ref":48.29,"alpha_sc":0.002048,"beta_oc":-0.20432,"a_ref":2.3925,"I_L_ref":8.23,"I_o_ref":1.2399999999999999e-10,"R_s":0.542,"R_sh_ref":445.52,"Adjust":-1.207,"PTC":331.3,"pdc0":372.0,"gamma_pdc":-0.00436,"gamma_r":-0.436}