{"Date":"01.05.2012","Version":"NRELv1","Technology":"Multi-c-Si","BIPV":"N","A_c":2.5639999999999996,"N_s":96.0,"T_NOCT":48.7,"I_sc_ref":8.47,"V_oc_ref":60.47,"I_mp_ref":7.97,"V_mp_ref":48.81,"alpha_sc":0.002111,"beta_oc":-0.20733000000000001,"a_ref":2.4164,"I_L_ref":8.477,"I_o_ref":1.1400000000000001e-10,"R_s":0.563,"R_sh_ref":704.06,"Adjust":-2.1109999999999998,"PTC":346.8,"pdc0":389.0,"gamma_pdc":-0.00436,"gamma_r":-0.436}