{"Date":"01.05.2012","Version":"NRELv1","Technology":"Multi-c-Si","BIPV":"N","A_c":2.5639999999999996,"N_s":96.0,"T_NOCT":48.7,"I_sc_ref":8.48,"V_oc_ref":60.56,"I_mp_ref":7.98,"V_mp_ref":48.88,"alpha_sc":0.002113,"beta_oc":-0.20764000000000002,"a_ref":2.4198,"I_L_ref":8.487,"I_o_ref":1.1400000000000001e-10,"R_s":0.564,"R_sh_ref":711.28,"Adjust":-2.126,"PTC":347.8,"pdc0":390.0,"gamma_pdc":-0.00436,"gamma_r":-0.436}