{"Date":"01.05.2012","Version":"NRELv1","Technology":"Multi-c-Si","BIPV":"N","A_c":2.5639999999999996,"N_s":96.0,"T_NOCT":48.7,"I_sc_ref":8.08,"V_oc_ref":58.99,"I_mp_ref":7.58,"V_mp_ref":47.76,"alpha_sc":0.002014,"beta_oc":-0.20226,"a_ref":2.3653,"I_L_ref":8.089,"I_o_ref":1.18e-10,"R_s":0.5529999999999999,"R_sh_ref":509.93,"Adjust":-1.4609999999999999,"PTC":322.1,"pdc0":362.0,"gamma_pdc":-0.00436,"gamma_r":-0.436}