{"Date":"5/22/2012","Version":"NRELv1","Technology":"Multi-c-Si","BIPV":"N","A_c":2.5639999999999996,"N_s":96.0,"T_NOCT":50.0,"I_sc_ref":8.42,"V_oc_ref":60.36,"I_mp_ref":7.92,"V_mp_ref":48.74,"alpha_sc":0.004429,"beta_oc":-0.18675,"a_ref":2.3928,"I_L_ref":8.427,"I_o_ref":9.230000000000001e-11,"R_s":0.568,"R_sh_ref":642.74,"Adjust":6.431,"PTC":345.0,"pdc0":386.0,"gamma_pdc":-0.004050000000000001,"gamma_r":-0.405}