{"Date":"01.05.2012","Version":"NRELv1","Technology":"Multi-c-Si","BIPV":"N","A_c":2.5639999999999996,"N_s":96.0,"T_NOCT":48.7,"I_sc_ref":8.51,"V_oc_ref":60.65,"I_mp_ref":8.01,"V_mp_ref":48.94,"alpha_sc":0.002121,"beta_oc":-0.20795,"a_ref":2.4228,"I_L_ref":8.517000000000001,"I_o_ref":1.13e-10,"R_s":0.564,"R_sh_ref":732.48,"Adjust":-2.176,"PTC":349.6,"pdc0":392.0,"gamma_pdc":-0.00436,"gamma_r":-0.436}