{"Date":"01.05.2012","Version":"NRELv1","Technology":"Multi-c-Si","BIPV":"N","A_c":2.5639999999999996,"N_s":96.0,"T_NOCT":48.7,"I_sc_ref":8.16,"V_oc_ref":59.37,"I_mp_ref":7.67,"V_mp_ref":47.98,"alpha_sc":0.0020329999999999997,"beta_oc":-0.20356,"a_ref":2.3755,"I_L_ref":8.167,"I_o_ref":1.13e-10,"R_s":0.565,"R_sh_ref":624.56,"Adjust":-1.868,"PTC":327.6,"pdc0":368.0,"gamma_pdc":-0.00436,"gamma_r":-0.436}