{"Date":"02.01.2012","Version":"NRELv1","Technology":"Multi-c-Si","BIPV":"N","A_c":1.62,"N_s":60.0,"T_NOCT":48.6,"I_sc_ref":8.08,"V_oc_ref":38.46,"I_mp_ref":7.58,"V_mp_ref":31.14,"alpha_sc":0.004848,"beta_oc":-0.13076,"a_ref":1.6192,"I_L_ref":8.087,"I_o_ref":3.86e-10,"R_s":0.33899999999999997,"R_sh_ref":416.95,"Adjust":8.902000000000001,"PTC":209.5,"pdc0":236.0,"gamma_pdc":-0.0045000000000000005,"gamma_r":-0.45}