{"Date":"5/22/2012","Version":"NRELv1","Technology":"Multi-c-Si","BIPV":"N","A_c":2.5639999999999996,"N_s":96.0,"T_NOCT":50.0,"I_sc_ref":8.52,"V_oc_ref":60.74,"I_mp_ref":8.02,"V_mp_ref":49.01,"alpha_sc":0.004482,"beta_oc":-0.18792999999999999,"a_ref":2.4059,"I_L_ref":8.527000000000001,"I_o_ref":9.16e-11,"R_s":0.57,"R_sh_ref":703.95,"Adjust":6.26,"PTC":351.5,"pdc0":393.0,"gamma_pdc":-0.004050000000000001,"gamma_r":-0.405}