{"Date":"01.05.2012","Version":"NRELv1","Technology":"Multi-c-Si","BIPV":"N","A_c":2.5639999999999996,"N_s":96.0,"T_NOCT":48.7,"I_sc_ref":8.35,"V_oc_ref":60.07,"I_mp_ref":7.85,"V_mp_ref":48.56,"alpha_sc":0.002081,"beta_oc":-0.20596,"a_ref":2.4037,"I_L_ref":8.357000000000001,"I_o_ref":1.1599999999999999e-10,"R_s":0.556,"R_sh_ref":628.13,"Adjust":-1.8530000000000002,"PTC":339.5,"pdc0":381.0,"gamma_pdc":-0.00436,"gamma_r":-0.436}