{"Date":"5/22/2012","Version":"NRELv1","Technology":"Multi-c-Si","BIPV":"N","A_c":2.5639999999999996,"N_s":96.0,"T_NOCT":50.0,"I_sc_ref":8.41,"V_oc_ref":60.28,"I_mp_ref":7.91,"V_mp_ref":48.68,"alpha_sc":0.004424,"beta_oc":-0.18650999999999998,"a_ref":2.3898,"I_L_ref":8.417,"I_o_ref":9.24e-11,"R_s":0.5670000000000001,"R_sh_ref":636.61,"Adjust":6.4510000000000005,"PTC":344.1,"pdc0":385.0,"gamma_pdc":-0.004050000000000001,"gamma_r":-0.405}