{"Date":"01.05.2012","Version":"NRELv1","Technology":"Multi-c-Si","BIPV":"N","A_c":2.5639999999999996,"N_s":96.0,"T_NOCT":48.7,"I_sc_ref":8.15,"V_oc_ref":59.29,"I_mp_ref":7.66,"V_mp_ref":47.95,"alpha_sc":0.002031,"beta_oc":-0.20329,"a_ref":2.3734,"I_L_ref":8.157,"I_o_ref":1.1400000000000001e-10,"R_s":0.5589999999999999,"R_sh_ref":615.09,"Adjust":-1.7790000000000001,"PTC":326.7,"pdc0":367.0,"gamma_pdc":-0.00436,"gamma_r":-0.436}