{"Date":"01.05.2012","Version":"NRELv1","Technology":"Multi-c-Si","BIPV":"N","A_c":2.5639999999999996,"N_s":96.0,"T_NOCT":48.7,"I_sc_ref":8.55,"V_oc_ref":60.83,"I_mp_ref":8.05,"V_mp_ref":49.07,"alpha_sc":0.002131,"beta_oc":-0.20856999999999998,"a_ref":2.4292,"I_L_ref":8.556000000000001,"I_o_ref":1.13e-10,"R_s":0.565,"R_sh_ref":763.15,"Adjust":-2.24,"PTC":352.4,"pdc0":395.0,"gamma_pdc":-0.00436,"gamma_r":-0.436}