{"Date":"01.05.2012","Version":"NRELv1","Technology":"Multi-c-Si","BIPV":"N","A_c":2.5639999999999996,"N_s":96.0,"T_NOCT":48.7,"I_sc_ref":8.07,"V_oc_ref":58.9,"I_mp_ref":7.58,"V_mp_ref":47.63,"alpha_sc":0.0020109999999999998,"beta_oc":-0.20195,"a_ref":2.3584,"I_L_ref":8.078,"I_o_ref":1.1400000000000001e-10,"R_s":0.562,"R_sh_ref":578.27,"Adjust":-1.724,"PTC":321.2,"pdc0":361.0,"gamma_pdc":-0.00436,"gamma_r":-0.436}