{"Date":"01.05.2012","Version":"NRELv1","Technology":"Multi-c-Si","BIPV":"N","A_c":2.5639999999999996,"N_s":96.0,"T_NOCT":48.7,"I_sc_ref":8.42,"V_oc_ref":60.36,"I_mp_ref":7.92,"V_mp_ref":48.74,"alpha_sc":0.002098,"beta_oc":-0.20695999999999998,"a_ref":2.4130000000000003,"I_L_ref":8.427,"I_o_ref":1.1400000000000001e-10,"R_s":0.562,"R_sh_ref":672.63,"Adjust":-2.031,"PTC":344.1,"pdc0":386.0,"gamma_pdc":-0.00436,"gamma_r":-0.436}