{"Date":"5/22/2012","Version":"NRELv1","Technology":"Multi-c-Si","BIPV":"N","A_c":2.5639999999999996,"N_s":96.0,"T_NOCT":50.0,"I_sc_ref":8.54,"V_oc_ref":60.75,"I_mp_ref":8.04,"V_mp_ref":49.01,"alpha_sc":0.004492,"beta_oc":-0.18796,"a_ref":2.4059,"I_L_ref":8.547,"I_o_ref":9.14e-11,"R_s":0.57,"R_sh_ref":716.88,"Adjust":6.224,"PTC":352.4,"pdc0":394.0,"gamma_pdc":-0.004050000000000001,"gamma_r":-0.405}