{"Date":"02.01.2012","Version":"NRELv1","Technology":"Multi-c-Si","BIPV":"N","A_c":1.62,"N_s":60.0,"T_NOCT":48.6,"I_sc_ref":8.0,"V_oc_ref":37.86,"I_mp_ref":7.54,"V_mp_ref":30.51,"alpha_sc":0.0048,"beta_oc":-0.12872,"a_ref":1.5853,"I_L_ref":8.003,"I_o_ref":3.3799999999999997e-10,"R_s":0.36,"R_sh_ref":960.94,"Adjust":7.807,"PTC":204.0,"pdc0":230.0,"gamma_pdc":-0.0045000000000000005,"gamma_r":-0.45}