{"Date":"02.01.2012","Version":"NRELv1","Technology":"Multi-c-Si","BIPV":"N","A_c":1.62,"N_s":60.0,"T_NOCT":48.6,"I_sc_ref":8.18,"V_oc_ref":39.11,"I_mp_ref":7.68,"V_mp_ref":31.64,"alpha_sc":0.004908,"beta_oc":-0.13297,"a_ref":1.645,"I_L_ref":8.186,"I_o_ref":3.83e-10,"R_s":0.345,"R_sh_ref":464.24,"Adjust":8.709,"PTC":215.9,"pdc0":243.0,"gamma_pdc":-0.0045000000000000005,"gamma_r":-0.45}