{"Date":"01.05.2012","Version":"NRELv1","Technology":"Multi-c-Si","BIPV":"N","A_c":2.5639999999999996,"N_s":96.0,"T_NOCT":48.7,"I_sc_ref":8.38,"V_oc_ref":60.18,"I_mp_ref":7.88,"V_mp_ref":48.61,"alpha_sc":0.002088,"beta_oc":-0.20634,"a_ref":2.4066,"I_L_ref":8.387,"I_o_ref":1.15e-10,"R_s":0.561,"R_sh_ref":648.38,"Adjust":-1.966,"PTC":341.3,"pdc0":383.0,"gamma_pdc":-0.00436,"gamma_r":-0.436}