{"Date":"01.05.2012","Version":"NRELv1","Technology":"Multi-c-Si","BIPV":"N","A_c":2.5639999999999996,"N_s":96.0,"T_NOCT":48.7,"I_sc_ref":8.59,"V_oc_ref":61.0,"I_mp_ref":8.09,"V_mp_ref":49.2,"alpha_sc":0.002141,"beta_oc":-0.20915,"a_ref":2.4354,"I_L_ref":8.596,"I_o_ref":1.13e-10,"R_s":0.565,"R_sh_ref":794.54,"Adjust":-2.285,"PTC":355.1,"pdc0":398.0,"gamma_pdc":-0.00436,"gamma_r":-0.436}