{"Date":"02.01.2012","Version":"NRELv1","Technology":"Multi-c-Si","BIPV":"N","A_c":1.62,"N_s":60.0,"T_NOCT":48.6,"I_sc_ref":8.04,"V_oc_ref":38.15,"I_mp_ref":7.57,"V_mp_ref":30.78,"alpha_sc":0.004824,"beta_oc":-0.12971,"a_ref":1.5994,"I_L_ref":8.044,"I_o_ref":3.5000000000000003e-10,"R_s":0.35600000000000004,"R_sh_ref":745.08,"Adjust":8.062000000000001,"PTC":206.7,"pdc0":233.0,"gamma_pdc":-0.0045000000000000005,"gamma_r":-0.45}