{"Date":"02.01.2012","Version":"NRELv1","Technology":"Multi-c-Si","BIPV":"N","A_c":1.62,"N_s":60.0,"T_NOCT":48.6,"I_sc_ref":8.25,"V_oc_ref":39.58,"I_mp_ref":7.73,"V_mp_ref":32.09,"alpha_sc":0.00495,"beta_oc":-0.13457,"a_ref":1.6688,"I_L_ref":8.258,"I_o_ref":4.0800000000000004e-10,"R_s":0.335,"R_sh_ref":365.74,"Adjust":9.206,"PTC":220.5,"pdc0":248.0,"gamma_pdc":-0.0045000000000000005,"gamma_r":-0.45}