{"Date":"01.05.2012","Version":"NRELv1","Technology":"Multi-c-Si","BIPV":"N","A_c":2.5639999999999996,"N_s":96.0,"T_NOCT":48.7,"I_sc_ref":8.54,"V_oc_ref":60.75,"I_mp_ref":8.04,"V_mp_ref":49.01,"alpha_sc":0.002128,"beta_oc":-0.20829,"a_ref":2.4262,"I_L_ref":8.546,"I_o_ref":1.13e-10,"R_s":0.565,"R_sh_ref":754.66,"Adjust":-2.2230000000000003,"PTC":351.4,"pdc0":394.0,"gamma_pdc":-0.00436,"gamma_r":-0.436}