{"Date":"01.05.2012","Version":"NRELv1","Technology":"Multi-c-Si","BIPV":"N","A_c":2.5639999999999996,"N_s":96.0,"T_NOCT":48.7,"I_sc_ref":8.31,"V_oc_ref":59.9,"I_mp_ref":7.8,"V_mp_ref":48.47,"alpha_sc":0.002071,"beta_oc":-0.20538,"a_ref":2.4003,"I_L_ref":8.318999999999999,"I_o_ref":1.19e-10,"R_s":0.55,"R_sh_ref":531.11,"Adjust":-1.58,"PTC":336.8,"pdc0":378.0,"gamma_pdc":-0.00436,"gamma_r":-0.436}