{"Date":"5/22/2012","Version":"NRELv1","Technology":"Multi-c-Si","BIPV":"N","A_c":2.5639999999999996,"N_s":96.0,"T_NOCT":50.0,"I_sc_ref":8.66,"V_oc_ref":61.27,"I_mp_ref":8.16,"V_mp_ref":49.39,"alpha_sc":0.004555,"beta_oc":-0.18957000000000002,"a_ref":2.4242,"I_L_ref":8.666,"I_o_ref":9.07e-11,"R_s":0.573,"R_sh_ref":810.04,"Adjust":6.034,"PTC":360.7,"pdc0":403.0,"gamma_pdc":-0.004050000000000001,"gamma_r":-0.405}