{"Date":"02.01.2012","Version":"NRELv1","Technology":"Multi-c-Si","BIPV":"N","A_c":1.62,"N_s":60.0,"T_NOCT":48.6,"I_sc_ref":8.28,"V_oc_ref":39.75,"I_mp_ref":7.76,"V_mp_ref":32.2,"alpha_sc":0.004968,"beta_oc":-0.13515,"a_ref":1.6749,"I_L_ref":8.287,"I_o_ref":4.03e-10,"R_s":0.34,"R_sh_ref":377.59,"Adjust":9.073,"PTC":222.3,"pdc0":250.0,"gamma_pdc":-0.0045000000000000005,"gamma_r":-0.45}