{"Date":"5/22/2012","Version":"NRELv1","Technology":"Multi-c-Si","BIPV":"N","A_c":2.5639999999999996,"N_s":96.0,"T_NOCT":50.0,"I_sc_ref":8.48,"V_oc_ref":60.56,"I_mp_ref":7.98,"V_mp_ref":48.88,"alpha_sc":0.00446,"beta_oc":-0.18737,"a_ref":2.3995,"I_L_ref":8.487,"I_o_ref":9.19e-11,"R_s":0.569,"R_sh_ref":677.79,"Adjust":6.329,"PTC":348.7,"pdc0":390.0,"gamma_pdc":-0.004050000000000001,"gamma_r":-0.405}