{"Date":"01.05.2012","Version":"NRELv1","Technology":"Multi-c-Si","BIPV":"N","A_c":2.5639999999999996,"N_s":96.0,"T_NOCT":48.7,"I_sc_ref":8.25,"V_oc_ref":59.69,"I_mp_ref":7.73,"V_mp_ref":48.39,"alpha_sc":0.0020559999999999997,"beta_oc":-0.20465999999999998,"a_ref":2.3968,"I_L_ref":8.26,"I_o_ref":1.2399999999999999e-10,"R_s":0.5379999999999999,"R_sh_ref":452.16,"Adjust":-1.187,"PTC":333.1,"pdc0":374.0,"gamma_pdc":-0.00436,"gamma_r":-0.436}