{"Date":"01.05.2012","Version":"NRELv1","Technology":"Multi-c-Si","BIPV":"N","A_c":2.5639999999999996,"N_s":96.0,"T_NOCT":48.7,"I_sc_ref":8.33,"V_oc_ref":59.9,"I_mp_ref":7.81,"V_mp_ref":48.53,"alpha_sc":0.002076,"beta_oc":-0.20538,"a_ref":2.4035,"I_L_ref":8.339,"I_o_ref":1.23e-10,"R_s":0.54,"R_sh_ref":475.53,"Adjust":-1.325,"PTC":337.7,"pdc0":379.0,"gamma_pdc":-0.00436,"gamma_r":-0.436}