{"Date":"5/22/2012","Version":"NRELv1","Technology":"Multi-c-Si","BIPV":"N","A_c":2.5639999999999996,"N_s":96.0,"T_NOCT":50.0,"I_sc_ref":8.86,"V_oc_ref":61.96,"I_mp_ref":8.36,"V_mp_ref":49.88,"alpha_sc":0.00466,"beta_oc":-0.1917,"a_ref":2.4479,"I_L_ref":8.865,"I_o_ref":8.959999999999999e-11,"R_s":0.575,"R_sh_ref":1026.19,"Adjust":5.725,"PTC":373.6,"pdc0":417.0,"gamma_pdc":-0.004050000000000001,"gamma_r":-0.405}