{"Date":"01.05.2012","Version":"NRELv1","Technology":"Multi-c-Si","BIPV":"N","A_c":2.5639999999999996,"N_s":96.0,"T_NOCT":48.7,"I_sc_ref":8.37,"V_oc_ref":60.09,"I_mp_ref":7.87,"V_mp_ref":48.54,"alpha_sc":0.0020859999999999997,"beta_oc":-0.20603000000000002,"a_ref":2.4032,"I_L_ref":8.377,"I_o_ref":1.15e-10,"R_s":0.561,"R_sh_ref":642.27,"Adjust":-1.9509999999999998,"PTC":340.4,"pdc0":382.0,"gamma_pdc":-0.00436,"gamma_r":-0.436}