{"Date":"5/22/2012","Version":"NRELv1","Technology":"Multi-c-Si","BIPV":"N","A_c":2.5639999999999996,"N_s":96.0,"T_NOCT":50.0,"I_sc_ref":8.4,"V_oc_ref":60.19,"I_mp_ref":7.9,"V_mp_ref":48.61,"alpha_sc":0.004418,"beta_oc":-0.18623,"a_ref":2.3864,"I_L_ref":8.408,"I_o_ref":9.249999999999999e-11,"R_s":0.5660000000000001,"R_sh_ref":630.71,"Adjust":6.466,"PTC":343.2,"pdc0":384.0,"gamma_pdc":-0.004050000000000001,"gamma_r":-0.405}