{"Date":"01.05.2012","Version":"NRELv1","Technology":"Multi-c-Si","BIPV":"N","A_c":2.5639999999999996,"N_s":96.0,"T_NOCT":48.7,"I_sc_ref":8.13,"V_oc_ref":59.28,"I_mp_ref":7.65,"V_mp_ref":47.85,"alpha_sc":0.002026,"beta_oc":-0.20325,"a_ref":2.3689,"I_L_ref":8.137,"I_o_ref":1.09e-10,"R_s":0.575,"R_sh_ref":718.13,"Adjust":-2.109,"PTC":325.8,"pdc0":366.0,"gamma_pdc":-0.00436,"gamma_r":-0.436}