{"Date":"02.01.2012","Version":"NRELv1","Technology":"Multi-c-Si","BIPV":"N","A_c":1.62,"N_s":60.0,"T_NOCT":48.6,"I_sc_ref":8.06,"V_oc_ref":38.23,"I_mp_ref":7.57,"V_mp_ref":30.92,"alpha_sc":0.004836,"beta_oc":-0.12997999999999998,"a_ref":1.6074,"I_L_ref":8.066,"I_o_ref":3.7400000000000005e-10,"R_s":0.34299999999999997,"R_sh_ref":482.93,"Adjust":8.637,"PTC":207.7,"pdc0":234.0,"gamma_pdc":-0.0045000000000000005,"gamma_r":-0.45}