{"Date":"5/22/2012","Version":"NRELv1","Technology":"Multi-c-Si","BIPV":"N","A_c":2.5639999999999996,"N_s":96.0,"T_NOCT":50.0,"I_sc_ref":8.49,"V_oc_ref":60.64,"I_mp_ref":7.99,"V_mp_ref":48.94,"alpha_sc":0.0044659999999999995,"beta_oc":-0.18762,"a_ref":2.4025,"I_L_ref":8.497,"I_o_ref":9.179999999999998e-11,"R_s":0.57,"R_sh_ref":684.66,"Adjust":6.31,"PTC":349.6,"pdc0":391.0,"gamma_pdc":-0.004050000000000001,"gamma_r":-0.405}