{"Date":"5/22/2012","Version":"NRELv1","Technology":"Multi-c-Si","BIPV":"N","A_c":2.5639999999999996,"N_s":96.0,"T_NOCT":50.0,"I_sc_ref":8.76,"V_oc_ref":61.62,"I_mp_ref":8.26,"V_mp_ref":49.64,"alpha_sc":0.004608,"beta_oc":-0.19065,"a_ref":2.4363,"I_L_ref":8.766,"I_o_ref":9.02e-11,"R_s":0.574,"R_sh_ref":905.65,"Adjust":5.88,"PTC":367.1,"pdc0":410.0,"gamma_pdc":-0.004050000000000001,"gamma_r":-0.405}