{"Date":"5/22/2012","Version":"NRELv1","Technology":"Multi-c-Si","BIPV":"N","A_c":2.5639999999999996,"N_s":96.0,"T_NOCT":50.0,"I_sc_ref":8.8,"V_oc_ref":61.79,"I_mp_ref":8.3,"V_mp_ref":49.76,"alpha_sc":0.004629,"beta_oc":-0.19118,"a_ref":2.4422,"I_L_ref":8.805,"I_o_ref":8.98e-11,"R_s":0.575,"R_sh_ref":951.95,"Adjust":5.81,"PTC":369.9,"pdc0":413.0,"gamma_pdc":-0.004050000000000001,"gamma_r":-0.405}