{"Date":"5/22/2012","Version":"NRELv1","Technology":"Multi-c-Si","BIPV":"N","A_c":2.5639999999999996,"N_s":96.0,"T_NOCT":50.0,"I_sc_ref":8.91,"V_oc_ref":62.06,"I_mp_ref":8.41,"V_mp_ref":49.94,"alpha_sc":0.004686999999999999,"beta_oc":-0.19201,"a_ref":2.4509,"I_L_ref":8.915,"I_o_ref":8.920000000000001e-11,"R_s":0.5760000000000001,"R_sh_ref":1099.13,"Adjust":5.64,"PTC":376.3,"pdc0":420.0,"gamma_pdc":-0.004050000000000001,"gamma_r":-0.405}