{"Date":"5/22/2012","Version":"NRELv1","Technology":"Multi-c-Si","BIPV":"N","A_c":2.5639999999999996,"N_s":96.0,"T_NOCT":50.0,"I_sc_ref":8.79,"V_oc_ref":61.71,"I_mp_ref":8.29,"V_mp_ref":49.7,"alpha_sc":0.0046240000000000005,"beta_oc":-0.19093,"a_ref":2.4393,"I_L_ref":8.795,"I_o_ref":8.99e-11,"R_s":0.575,"R_sh_ref":939.33,"Adjust":5.827999999999999,"PTC":369.0,"pdc0":412.0,"gamma_pdc":-0.004050000000000001,"gamma_r":-0.405}