{"Date":"01.05.2012","Version":"NRELv1","Technology":"Multi-c-Si","BIPV":"N","A_c":2.5639999999999996,"N_s":96.0,"T_NOCT":48.7,"I_sc_ref":8.21,"V_oc_ref":59.5,"I_mp_ref":7.69,"V_mp_ref":48.25,"alpha_sc":0.002046,"beta_oc":-0.20401,"a_ref":2.39,"I_L_ref":8.22,"I_o_ref":1.25e-10,"R_s":0.537,"R_sh_ref":440.71,"Adjust":-1.121,"PTC":330.3,"pdc0":371.0,"gamma_pdc":-0.00436,"gamma_r":-0.436}