{"Date":"5/22/2012","Version":"NRELv1","Technology":"Multi-c-Si","BIPV":"N","A_c":2.5639999999999996,"N_s":96.0,"T_NOCT":50.0,"I_sc_ref":8.83,"V_oc_ref":61.88,"I_mp_ref":8.33,"V_mp_ref":49.82,"alpha_sc":0.004645000000000001,"beta_oc":-0.19146,"a_ref":2.4452,"I_L_ref":8.835,"I_o_ref":8.959999999999999e-11,"R_s":0.5760000000000001,"R_sh_ref":989.11,"Adjust":5.757999999999999,"PTC":371.7,"pdc0":415.0,"gamma_pdc":-0.004050000000000001,"gamma_r":-0.405}