{"Date":"5/22/2012","Version":"NRELv1","Technology":"Multi-c-Si","BIPV":"N","A_c":2.5639999999999996,"N_s":96.0,"T_NOCT":50.0,"I_sc_ref":8.73,"V_oc_ref":61.54,"I_mp_ref":8.23,"V_mp_ref":49.58,"alpha_sc":0.004592000000000001,"beta_oc":-0.19041,"a_ref":2.4335,"I_L_ref":8.736,"I_o_ref":9.02e-11,"R_s":0.574,"R_sh_ref":876.42,"Adjust":5.914,"PTC":365.3,"pdc0":408.0,"gamma_pdc":-0.004050000000000001,"gamma_r":-0.405}