{"Date":"02.01.2012","Version":"NRELv1","Technology":"Multi-c-Si","BIPV":"N","A_c":1.62,"N_s":60.0,"T_NOCT":48.6,"I_sc_ref":8.3,"V_oc_ref":39.82,"I_mp_ref":7.78,"V_mp_ref":32.27,"alpha_sc":0.00498,"beta_oc":-0.13539,"a_ref":1.6781,"I_L_ref":8.307,"I_o_ref":4.06e-10,"R_s":0.337,"R_sh_ref":382.12,"Adjust":9.104,"PTC":223.2,"pdc0":251.0,"gamma_pdc":-0.0045000000000000005,"gamma_r":-0.45}