{"Date":"02.01.2012","Version":"NRELv1","Technology":"Multi-c-Si","BIPV":"N","A_c":1.62,"N_s":60.0,"T_NOCT":48.6,"I_sc_ref":8.19,"V_oc_ref":39.23,"I_mp_ref":7.68,"V_mp_ref":31.78,"alpha_sc":0.004914,"beta_oc":-0.13338,"a_ref":1.6525,"I_L_ref":8.197000000000001,"I_o_ref":3.9600000000000003e-10,"R_s":0.33899999999999997,"R_sh_ref":399.13,"Adjust":9.012,"PTC":216.8,"pdc0":244.0,"gamma_pdc":-0.0045000000000000005,"gamma_r":-0.45}