{"Date":"5/22/2012","Version":"NRELv1","Technology":"Multi-c-Si","BIPV":"N","A_c":2.5639999999999996,"N_s":96.0,"T_NOCT":50.0,"I_sc_ref":8.58,"V_oc_ref":60.93,"I_mp_ref":8.08,"V_mp_ref":49.14,"alpha_sc":0.0045130000000000005,"beta_oc":-0.18852,"a_ref":2.4122,"I_L_ref":8.587,"I_o_ref":9.11e-11,"R_s":0.5710000000000001,"R_sh_ref":746.05,"Adjust":6.155,"PTC":355.1,"pdc0":397.0,"gamma_pdc":-0.004050000000000001,"gamma_r":-0.405}