{"Date":"01.05.2012","Version":"NRELv1","Technology":"Multi-c-Si","BIPV":"N","A_c":2.5639999999999996,"N_s":96.0,"T_NOCT":48.7,"I_sc_ref":8.49,"V_oc_ref":60.64,"I_mp_ref":7.99,"V_mp_ref":48.94,"alpha_sc":0.002116,"beta_oc":-0.20792,"a_ref":2.4228,"I_L_ref":8.497,"I_o_ref":1.1400000000000001e-10,"R_s":0.564,"R_sh_ref":718.88,"Adjust":-2.142,"PTC":348.7,"pdc0":391.0,"gamma_pdc":-0.00436,"gamma_r":-0.436}