{"Date":"5/22/2012","Version":"NRELv1","Technology":"Multi-c-Si","BIPV":"N","A_c":2.5639999999999996,"N_s":96.0,"T_NOCT":50.0,"I_sc_ref":8.82,"V_oc_ref":61.8,"I_mp_ref":8.32,"V_mp_ref":49.76,"alpha_sc":0.004639,"beta_oc":-0.19121,"a_ref":2.4422,"I_L_ref":8.825,"I_o_ref":8.970000000000001e-11,"R_s":0.575,"R_sh_ref":975.54,"Adjust":5.776,"PTC":370.8,"pdc0":414.0,"gamma_pdc":-0.004050000000000001,"gamma_r":-0.405}