{"Date":"02.01.2012","Version":"NRELv1","Technology":"Multi-c-Si","BIPV":"N","A_c":1.62,"N_s":60.0,"T_NOCT":48.6,"I_sc_ref":8.09,"V_oc_ref":38.57,"I_mp_ref":7.59,"V_mp_ref":31.21,"alpha_sc":0.004854,"beta_oc":-0.13114,"a_ref":1.6231,"I_L_ref":8.097000000000001,"I_o_ref":3.83e-10,"R_s":0.34299999999999997,"R_sh_ref":424.02,"Adjust":8.818,"PTC":210.4,"pdc0":237.0,"gamma_pdc":-0.0045000000000000005,"gamma_r":-0.45}