{"Date":"5/22/2012","Version":"NRELv1","Technology":"Multi-c-Si","BIPV":"N","A_c":2.5639999999999996,"N_s":96.0,"T_NOCT":50.0,"I_sc_ref":8.9,"V_oc_ref":61.99,"I_mp_ref":8.4,"V_mp_ref":49.89,"alpha_sc":0.004681,"beta_oc":-0.1918,"a_ref":2.4484,"I_L_ref":8.905,"I_o_ref":8.93e-11,"R_s":0.575,"R_sh_ref":1081.97,"Adjust":5.662000000000001,"PTC":375.4,"pdc0":419.0,"gamma_pdc":-0.004050000000000001,"gamma_r":-0.405}