{"Date":"01.05.2012","Version":"NRELv1","Technology":"Mono-c-Si","BIPV":"N","A_c":2.5639999999999996,"N_s":96.0,"T_NOCT":48.4,"I_sc_ref":8.38,"V_oc_ref":58.3,"I_mp_ref":7.91,"V_mp_ref":46.91,"alpha_sc":0.0008449999999999999,"beta_oc":-0.21771999999999997,"a_ref":2.4413,"I_L_ref":8.382,"I_o_ref":3.56e-10,"R_s":0.539,"R_sh_ref":2578.08,"Adjust":-1.311,"PTC":325.2,"pdc0":371.0,"gamma_pdc":-0.00498,"gamma_r":-0.498}