{"Date":"03.04.2011","Version":"MM107","Technology":"Mono-c-Si","BIPV":"N","A_c":2.5639999999999996,"N_s":96.0,"T_NOCT":47.7,"I_sc_ref":8.39,"V_oc_ref":59.59,"I_mp_ref":7.89,"V_mp_ref":49.16,"alpha_sc":0.0036969999999999998,"beta_oc":-0.21881,"a_ref":2.7043,"I_L_ref":8.392000000000001,"I_o_ref":2.25e-09,"R_s":0.325,"R_sh_ref":1100.82,"Adjust":15.9,"PTC":339.2,"pdc0":388.0,"gamma_pdc":-0.00529,"gamma_r":-0.529}