{"Date":"09.01.2013","Version":"NRELv1","Technology":"Mono-c-Si","BIPV":"N","A_c":2.5639999999999996,"N_s":96.0,"T_NOCT":43.2,"I_sc_ref":8.53,"V_oc_ref":58.82,"I_mp_ref":8.06,"V_mp_ref":47.28,"alpha_sc":0.004265,"beta_oc":-0.19411,"a_ref":2.4056,"I_L_ref":8.532,"I_o_ref":2.0500000000000002e-10,"R_s":0.556,"R_sh_ref":2626.87,"Adjust":6.242999999999999,"PTC":348.8,"pdc0":381.0,"gamma_pdc":-0.0044,"gamma_r":-0.44}