{"Date":"01.05.2012","Version":"NRELv1","Technology":"Mono-c-Si","BIPV":"N","A_c":2.5639999999999996,"N_s":96.0,"T_NOCT":48.3,"I_sc_ref":9.11,"V_oc_ref":60.56,"I_mp_ref":8.61,"V_mp_ref":48.67,"alpha_sc":0.000951,"beta_oc":-0.22019,"a_ref":2.4476,"I_L_ref":9.112,"I_o_ref":1.6299999999999998e-10,"R_s":0.544,"R_sh_ref":2196.61,"Adjust":-5.393,"PTC":372.2,"pdc0":419.0,"gamma_pdc":-0.00466,"gamma_r":-0.466}