{"Date":"6/17/2011","Version":"MM107","Technology":"Mono-c-Si","BIPV":"N","A_c":2.5639999999999996,"N_s":96.0,"T_NOCT":47.7,"I_sc_ref":8.5,"V_oc_ref":59.77,"I_mp_ref":7.99,"V_mp_ref":49.58,"alpha_sc":0.00374,"beta_oc":-0.21983000000000003,"a_ref":2.7228,"I_L_ref":8.503,"I_o_ref":2.47e-09,"R_s":0.281,"R_sh_ref":927.62,"Adjust":16.5,"PTC":346.4,"pdc0":396.0,"gamma_pdc":-0.00529,"gamma_r":-0.529}