{"Date":"03.04.2011","Version":"MM107","Technology":"Mono-c-Si","BIPV":"N","A_c":2.5639999999999996,"N_s":96.0,"T_NOCT":47.7,"I_sc_ref":8.15,"V_oc_ref":59.41,"I_mp_ref":7.68,"V_mp_ref":48.75,"alpha_sc":0.003592,"beta_oc":-0.21815,"a_ref":2.6842,"I_L_ref":8.151,"I_o_ref":1.98e-09,"R_s":0.375,"R_sh_ref":2232.42,"Adjust":15.0,"PTC":326.5,"pdc0":374.0,"gamma_pdc":-0.00529,"gamma_r":-0.529}