{"Date":"9/18/2014","Version":"NRELv1","Technology":"Mono-c-Si","BIPV":"N","A_c":1.62,"N_s":60.0,"T_NOCT":44.6,"I_sc_ref":8.91,"V_oc_ref":37.69,"I_mp_ref":8.39,"V_mp_ref":30.4,"alpha_sc":0.003604,"beta_oc":-0.12537,"a_ref":1.5439,"I_L_ref":9.015,"I_o_ref":1.8399999999999998e-10,"R_s":0.33,"R_sh_ref":591.03,"Adjust":5.016,"PTC":232.1,"pdc0":255.0,"gamma_pdc":-0.0044,"gamma_r":-0.44}