{"Date":"9/18/2014","Version":"NRELv1","Technology":"Mono-c-Si","BIPV":"N","A_c":1.936,"N_s":72.0,"T_NOCT":45.9,"I_sc_ref":8.8,"V_oc_ref":44.91,"I_mp_ref":8.33,"V_mp_ref":36.02,"alpha_sc":0.004445,"beta_oc":-0.14912999999999998,"a_ref":1.85,"I_L_ref":8.987,"I_o_ref":2.19e-10,"R_s":0.424,"R_sh_ref":482.47,"Adjust":6.415,"PTC":271.2,"pdc0":300.0,"gamma_pdc":-0.0044,"gamma_r":-0.44}