{"Date":"01.05.2012","Version":"NRELv1","Technology":"Mono-c-Si","BIPV":"N","A_c":2.5639999999999996,"N_s":96.0,"T_NOCT":48.3,"I_sc_ref":8.77,"V_oc_ref":59.76,"I_mp_ref":8.31,"V_mp_ref":47.9,"alpha_sc":0.000916,"beta_oc":-0.21728000000000003,"a_ref":2.4212,"I_L_ref":8.867,"I_o_ref":1.67e-10,"R_s":0.57,"R_sh_ref":553.68,"Adjust":-4.967,"PTC":353.0,"pdc0":398.0,"gamma_pdc":-0.00466,"gamma_r":-0.466}