{"Date":"09.01.2013","Version":"NRELv1","Technology":"Mono-c-Si","BIPV":"N","A_c":1.936,"N_s":72.0,"T_NOCT":45.9,"I_sc_ref":8.59,"V_oc_ref":44.32,"I_mp_ref":8.12,"V_mp_ref":35.6,"alpha_sc":0.004295,"beta_oc":-0.14626,"a_ref":1.8115,"I_L_ref":8.591000000000001,"I_o_ref":2.03e-10,"R_s":0.419,"R_sh_ref":2562.52,"Adjust":6.117000000000001,"PTC":261.0,"pdc0":289.0,"gamma_pdc":-0.0044,"gamma_r":-0.44}