{"Date":"09.01.2013","Version":"NRELv1","Technology":"Mono-c-Si","BIPV":"N","A_c":1.936,"N_s":72.0,"T_NOCT":45.9,"I_sc_ref":8.97,"V_oc_ref":45.35,"I_mp_ref":8.5,"V_mp_ref":36.36,"alpha_sc":0.004485,"beta_oc":-0.14966,"a_ref":1.8585,"I_L_ref":9.068,"I_o_ref":2.2700000000000002e-10,"R_s":0.41600000000000004,"R_sh_ref":437.12,"Adjust":6.629,"PTC":279.6,"pdc0":309.0,"gamma_pdc":-0.0044,"gamma_r":-0.44}