{"Date":"09.01.2013","Version":"NRELv1","Technology":"Mono-c-Si","BIPV":"N","A_c":1.62,"N_s":60.0,"T_NOCT":44.6,"I_sc_ref":8.68,"V_oc_ref":36.88,"I_mp_ref":8.15,"V_mp_ref":29.82,"alpha_sc":0.003472,"beta_oc":-0.1217,"a_ref":1.5042,"I_L_ref":8.687999999999999,"I_o_ref":1.93e-10,"R_s":0.321,"R_sh_ref":354.42,"Adjust":5.744,"PTC":220.9,"pdc0":243.0,"gamma_pdc":-0.0044,"gamma_r":-0.44}