{"Date":"03.04.2011","Version":"MM107","Technology":"Mono-c-Si","BIPV":"N","A_c":2.5639999999999996,"N_s":96.0,"T_NOCT":47.7,"I_sc_ref":8.07,"V_oc_ref":59.36,"I_mp_ref":7.61,"V_mp_ref":48.65,"alpha_sc":0.003556,"beta_oc":-0.21796999999999997,"a_ref":2.6793,"I_L_ref":8.071,"I_o_ref":1.92e-09,"R_s":0.38799999999999996,"R_sh_ref":3316.83,"Adjust":14.8,"PTC":322.9,"pdc0":370.0,"gamma_pdc":-0.00529,"gamma_r":-0.529}