{"Date":"09.01.2013","Version":"NRELv1","Technology":"Mono-c-Si","BIPV":"N","A_c":1.62,"N_s":60.0,"T_NOCT":44.6,"I_sc_ref":8.78,"V_oc_ref":37.21,"I_mp_ref":8.25,"V_mp_ref":30.07,"alpha_sc":0.003512,"beta_oc":-0.12279000000000001,"a_ref":1.5165,"I_L_ref":8.787,"I_o_ref":1.9199999999999998e-10,"R_s":0.322,"R_sh_ref":385.77,"Adjust":5.595,"PTC":225.6,"pdc0":248.0,"gamma_pdc":-0.0044,"gamma_r":-0.44}