{"Date":"5/22/2012","Version":"NRELv1","Technology":"Mono-c-Si","BIPV":"N","A_c":2.5639999999999996,"N_s":96.0,"T_NOCT":50.0,"I_sc_ref":8.86,"V_oc_ref":60.19,"I_mp_ref":8.39,"V_mp_ref":48.28,"alpha_sc":0.0035090000000000004,"beta_oc":-0.19748,"a_ref":2.4224,"I_L_ref":8.86,"I_o_ref":1.43e-10,"R_s":0.57,"R_sh_ref":16508.2,"Adjust":3.641,"PTC":359.2,"pdc0":405.0,"gamma_pdc":-0.004370000000000001,"gamma_r":-0.43700000000000006}