{"Date":"09.01.2013","Version":"NRELv1","Technology":"Mono-c-Si","BIPV":"N","A_c":2.5639999999999996,"N_s":96.0,"T_NOCT":43.2,"I_sc_ref":8.66,"V_oc_ref":59.46,"I_mp_ref":8.2,"V_mp_ref":47.69,"alpha_sc":0.00433,"beta_oc":-0.19622,"a_ref":2.4383,"I_L_ref":8.756,"I_o_ref":2.22e-10,"R_s":0.563,"R_sh_ref":545.22,"Adjust":6.757000000000001,"PTC":358.2,"pdc0":391.0,"gamma_pdc":-0.0044,"gamma_r":-0.44}