{"Date":"01.05.2012","Version":"NRELv1","Technology":"Mono-c-Si","BIPV":"N","A_c":2.5639999999999996,"N_s":96.0,"T_NOCT":48.4,"I_sc_ref":8.22,"V_oc_ref":57.51,"I_mp_ref":7.76,"V_mp_ref":46.27,"alpha_sc":0.0008289999999999999,"beta_oc":-0.21477,"a_ref":2.4079,"I_L_ref":8.222000000000001,"I_o_ref":3.48e-10,"R_s":0.5429999999999999,"R_sh_ref":2779.96,"Adjust":-1.335,"PTC":314.3,"pdc0":359.0,"gamma_pdc":-0.00498,"gamma_r":-0.498}