{"Date":"5/22/2012","Version":"NRELv1","Technology":"Mono-c-Si","BIPV":"N","A_c":2.5639999999999996,"N_s":96.0,"T_NOCT":50.0,"I_sc_ref":8.93,"V_oc_ref":60.31,"I_mp_ref":8.45,"V_mp_ref":48.41,"alpha_sc":0.003536,"beta_oc":-0.19788,"a_ref":2.4291,"I_L_ref":8.931000000000001,"I_o_ref":1.4699999999999998e-10,"R_s":0.562,"R_sh_ref":4628.49,"Adjust":3.801,"PTC":362.9,"pdc0":409.0,"gamma_pdc":-0.004370000000000001,"gamma_r":-0.43700000000000006}