{"Date":"03.04.2011","Version":"MM107","Technology":"Mono-c-Si","BIPV":"N","A_c":2.5639999999999996,"N_s":96.0,"T_NOCT":47.7,"I_sc_ref":8.12,"V_oc_ref":59.39,"I_mp_ref":7.65,"V_mp_ref":48.71,"alpha_sc":0.003578,"beta_oc":-0.21808000000000002,"a_ref":2.6833,"I_L_ref":8.121,"I_o_ref":1.98e-09,"R_s":0.38,"R_sh_ref":2100.82,"Adjust":15.0,"PTC":324.7,"pdc0":372.0,"gamma_pdc":-0.00529,"gamma_r":-0.529}