{"Date":"5/22/2012","Version":"NRELv1","Technology":"Mono-c-Si","BIPV":"N","A_c":2.5639999999999996,"N_s":96.0,"T_NOCT":50.0,"I_sc_ref":8.66,"V_oc_ref":59.46,"I_mp_ref":8.2,"V_mp_ref":47.69,"alpha_sc":0.0034289999999999998,"beta_oc":-0.19509,"a_ref":2.3930000000000002,"I_L_ref":8.66,"I_o_ref":1.4e-10,"R_s":0.5770000000000001,"R_sh_ref":13860.1,"Adjust":3.638,"PTC":346.4,"pdc0":391.0,"gamma_pdc":-0.004370000000000001,"gamma_r":-0.43700000000000006}