{"Date":"09.01.2013","Version":"NRELv1","Technology":"Mono-c-Si","BIPV":"N","A_c":1.936,"N_s":72.0,"T_NOCT":45.9,"I_sc_ref":8.89,"V_oc_ref":45.19,"I_mp_ref":8.43,"V_mp_ref":36.19,"alpha_sc":0.004445,"beta_oc":-0.14912999999999998,"a_ref":1.85,"I_L_ref":8.987,"I_o_ref":2.19e-10,"R_s":0.424,"R_sh_ref":482.47,"Adjust":6.415,"PTC":275.9,"pdc0":305.0,"gamma_pdc":-0.0044,"gamma_r":-0.44}