{"Date":"01.05.2012","Version":"NRELv1","Technology":"Mono-c-Si","BIPV":"N","A_c":2.5639999999999996,"N_s":96.0,"T_NOCT":48.3,"I_sc_ref":8.93,"V_oc_ref":60.31,"I_mp_ref":8.45,"V_mp_ref":48.41,"alpha_sc":0.000932,"beta_oc":-0.21928000000000003,"a_ref":2.4342,"I_L_ref":8.931000000000001,"I_o_ref":1.55e-10,"R_s":0.561,"R_sh_ref":5073.83,"Adjust":-5.6370000000000005,"PTC":363.0,"pdc0":409.0,"gamma_pdc":-0.00466,"gamma_r":-0.466}