{"Date":"09.01.2013","Version":"NRELv1","Technology":"Mono-c-Si","BIPV":"N","A_c":2.5639999999999996,"N_s":96.0,"T_NOCT":43.2,"I_sc_ref":8.91,"V_oc_ref":60.3,"I_mp_ref":8.44,"V_mp_ref":48.35,"alpha_sc":0.004455,"beta_oc":-0.19899,"a_ref":2.4718,"I_L_ref":9.008,"I_o_ref":2.26e-10,"R_s":0.557,"R_sh_ref":561.3,"Adjust":6.68,"PTC":374.1,"pdc0":408.0,"gamma_pdc":-0.0044,"gamma_r":-0.44}