{"Date":"03.04.2011","Version":"MM107","Technology":"Mono-c-Si","BIPV":"N","A_c":2.5639999999999996,"N_s":96.0,"T_NOCT":47.7,"I_sc_ref":8.19,"V_oc_ref":59.43,"I_mp_ref":7.71,"V_mp_ref":48.79,"alpha_sc":0.0036090000000000002,"beta_oc":-0.21823,"a_ref":2.6878,"I_L_ref":8.192,"I_o_ref":2.04e-09,"R_s":0.37,"R_sh_ref":1588.17,"Adjust":15.2,"PTC":328.3,"pdc0":376.0,"gamma_pdc":-0.00529,"gamma_r":-0.529}