{"Date":"09.01.2013","Version":"NRELv1","Technology":"Mono-c-Si","BIPV":"N","A_c":2.5639999999999996,"N_s":96.0,"T_NOCT":43.2,"I_sc_ref":8.69,"V_oc_ref":59.56,"I_mp_ref":8.23,"V_mp_ref":47.76,"alpha_sc":0.004345,"beta_oc":-0.19655,"a_ref":2.4418,"I_L_ref":8.786,"I_o_ref":2.22e-10,"R_s":0.563,"R_sh_ref":556.43,"Adjust":6.71,"PTC":360.0,"pdc0":393.0,"gamma_pdc":-0.0044,"gamma_r":-0.44}