{"Date":"09.01.2013","Version":"NRELv1","Technology":"Mono-c-Si","BIPV":"N","A_c":2.5639999999999996,"N_s":96.0,"T_NOCT":43.2,"I_sc_ref":8.76,"V_oc_ref":59.66,"I_mp_ref":8.29,"V_mp_ref":47.89,"alpha_sc":0.004379999999999999,"beta_oc":-0.19688,"a_ref":2.4361,"I_L_ref":8.76,"I_o_ref":2.02e-10,"R_s":0.5579999999999999,"R_sh_ref":14113.6,"Adjust":5.916,"PTC":363.8,"pdc0":397.0,"gamma_pdc":-0.0044,"gamma_r":-0.44}