{"Date":"5/22/2012","Version":"NRELv1","Technology":"Mono-c-Si","BIPV":"N","A_c":2.5639999999999996,"N_s":96.0,"T_NOCT":50.0,"I_sc_ref":8.73,"V_oc_ref":59.6,"I_mp_ref":8.26,"V_mp_ref":47.83,"alpha_sc":0.003457,"beta_oc":-0.19555,"a_ref":2.4004,"I_L_ref":8.731,"I_o_ref":1.44e-10,"R_s":0.57,"R_sh_ref":4406.35,"Adjust":3.786,"PTC":350.1,"pdc0":395.0,"gamma_pdc":-0.004370000000000001,"gamma_r":-0.43700000000000006}