{"Date":"5/22/2012","Version":"NRELv1","Technology":"Mono-c-Si","BIPV":"N","A_c":2.5639999999999996,"N_s":96.0,"T_NOCT":50.0,"I_sc_ref":9.09,"V_oc_ref":60.55,"I_mp_ref":8.59,"V_mp_ref":48.67,"alpha_sc":0.0036,"beta_oc":-0.19867,"a_ref":2.4425,"I_L_ref":9.092,"I_o_ref":1.55e-10,"R_s":0.545,"R_sh_ref":1995.2,"Adjust":4.103,"PTC":371.1,"pdc0":418.0,"gamma_pdc":-0.004370000000000001,"gamma_r":-0.43700000000000006}