{"Date":"02.01.2012","Version":"NRELv1","Technology":"Mono-c-Si","BIPV":"N","A_c":1.62,"N_s":60.0,"T_NOCT":48.1,"I_sc_ref":9.03,"V_oc_ref":38.06,"I_mp_ref":8.51,"V_mp_ref":30.67,"alpha_sc":0.004515,"beta_oc":-0.13093,"a_ref":1.5956,"I_L_ref":9.033,"I_o_ref":3.9300000000000004e-10,"R_s":0.321,"R_sh_ref":849.14,"Adjust":6.9079999999999995,"PTC":232.4,"pdc0":261.0,"gamma_pdc":-0.0046,"gamma_r":-0.46}