{"Date":"5/22/2012","Version":"NRELv1","Technology":"Mono-c-Si","BIPV":"N","A_c":2.5639999999999996,"N_s":96.0,"T_NOCT":50.0,"I_sc_ref":8.58,"V_oc_ref":59.09,"I_mp_ref":8.12,"V_mp_ref":47.42,"alpha_sc":0.0033979999999999995,"beta_oc":-0.19387000000000001,"a_ref":2.3795,"I_L_ref":8.581,"I_o_ref":1.41e-10,"R_s":0.575,"R_sh_ref":5544.71,"Adjust":3.759,"PTC":340.9,"pdc0":385.0,"gamma_pdc":-0.004370000000000001,"gamma_r":-0.43700000000000006}