{"Date":"5/22/2012","Version":"NRELv1","Technology":"Mono-c-Si","BIPV":"N","A_c":2.5639999999999996,"N_s":96.0,"T_NOCT":50.0,"I_sc_ref":8.65,"V_oc_ref":59.37,"I_mp_ref":8.19,"V_mp_ref":47.63,"alpha_sc":0.003425,"beta_oc":-0.19479000000000002,"a_ref":2.3898,"I_L_ref":8.65,"I_o_ref":1.4e-10,"R_s":0.575,"R_sh_ref":11217.4,"Adjust":3.675,"PTC":345.5,"pdc0":390.0,"gamma_pdc":-0.004370000000000001,"gamma_r":-0.43700000000000006}