{"Date":"02.01.2012","Version":"NRELv1","Technology":"Mono-c-Si","BIPV":"N","A_c":1.62,"N_s":60.0,"T_NOCT":48.1,"I_sc_ref":8.8,"V_oc_ref":37.27,"I_mp_ref":8.27,"V_mp_ref":30.11,"alpha_sc":0.0044,"beta_oc":-0.12821,"a_ref":1.5673,"I_L_ref":8.806000000000001,"I_o_ref":4.11e-10,"R_s":0.311,"R_sh_ref":478.43,"Adjust":7.525,"PTC":221.4,"pdc0":249.0,"gamma_pdc":-0.0046,"gamma_r":-0.46}