{"Date":"01.05.2012","Version":"NRELv1","Technology":"Mono-c-Si","BIPV":"N","A_c":2.5639999999999996,"N_s":96.0,"T_NOCT":48.3,"I_sc_ref":8.81,"V_oc_ref":59.94,"I_mp_ref":8.34,"V_mp_ref":48.09,"alpha_sc":0.0009199999999999999,"beta_oc":-0.21794000000000002,"a_ref":2.4181,"I_L_ref":8.811,"I_o_ref":1.51e-10,"R_s":0.568,"R_sh_ref":9437.8,"Adjust":-5.727,"PTC":355.7,"pdc0":401.0,"gamma_pdc":-0.00466,"gamma_r":-0.466}