{"Date":"5/22/2012","Version":"NRELv1","Technology":"Mono-c-Si","BIPV":"N","A_c":2.5639999999999996,"N_s":96.0,"T_NOCT":50.0,"I_sc_ref":8.64,"V_oc_ref":59.28,"I_mp_ref":8.17,"V_mp_ref":47.62,"alpha_sc":0.003421,"beta_oc":-0.1945,"a_ref":2.3896,"I_L_ref":8.642000000000001,"I_o_ref":1.4500000000000002e-10,"R_s":0.5660000000000001,"R_sh_ref":2815.96,"Adjust":3.963,"PTC":344.6,"pdc0":389.0,"gamma_pdc":-0.004370000000000001,"gamma_r":-0.43700000000000006}