{"Date":"5/22/2012","Version":"NRELv1","Technology":"Mono-c-Si","BIPV":"N","A_c":2.5639999999999996,"N_s":96.0,"T_NOCT":50.0,"I_sc_ref":9.01,"V_oc_ref":60.36,"I_mp_ref":8.53,"V_mp_ref":48.42,"alpha_sc":0.003568,"beta_oc":-0.19804000000000002,"a_ref":2.4296,"I_L_ref":9.011000000000001,"I_o_ref":1.46e-10,"R_s":0.562,"R_sh_ref":9177.35,"Adjust":3.675,"PTC":366.6,"pdc0":413.0,"gamma_pdc":-0.004370000000000001,"gamma_r":-0.43700000000000006}