{"Date":"02.01.2012","Version":"NRELv1","Technology":"Mono-c-Si","BIPV":"N","A_c":1.62,"N_s":60.0,"T_NOCT":48.1,"I_sc_ref":9.05,"V_oc_ref":38.12,"I_mp_ref":8.53,"V_mp_ref":30.72,"alpha_sc":0.004525,"beta_oc":-0.13113,"a_ref":1.598,"I_L_ref":9.052999999999999,"I_o_ref":3.9300000000000004e-10,"R_s":0.32,"R_sh_ref":878.01,"Adjust":6.899,"PTC":233.3,"pdc0":262.0,"gamma_pdc":-0.0046,"gamma_r":-0.46}