{"Date":"5/22/2012","Version":"NRELv1","Technology":"Mono-c-Si","BIPV":"N","A_c":2.5639999999999996,"N_s":96.0,"T_NOCT":51.4,"I_sc_ref":8.91,"V_oc_ref":60.3,"I_mp_ref":8.44,"V_mp_ref":48.35,"alpha_sc":0.004455,"beta_oc":-0.21708000000000002,"a_ref":2.5817,"I_L_ref":9.006,"I_o_ref":6.410000000000001e-10,"R_s":0.53,"R_sh_ref":727.67,"Adjust":6.287000000000001,"PTC":354.5,"pdc0":408.0,"gamma_pdc":-0.0048,"gamma_r":-0.48}