{"Date":"5/22/2012","Version":"NRELv1","Technology":"Mono-c-Si","BIPV":"N","A_c":2.5639999999999996,"N_s":96.0,"T_NOCT":50.0,"I_sc_ref":8.71,"V_oc_ref":59.57,"I_mp_ref":8.24,"V_mp_ref":47.82,"alpha_sc":0.0034490000000000002,"beta_oc":-0.19545,"a_ref":2.3997,"I_L_ref":8.711,"I_o_ref":1.44e-10,"R_s":0.569,"R_sh_ref":3897.12,"Adjust":3.8339999999999996,"PTC":349.2,"pdc0":394.0,"gamma_pdc":-0.004370000000000001,"gamma_r":-0.43700000000000006}