{"Date":"09.01.2013","Version":"NRELv1","Technology":"Mono-c-Si","BIPV":"N","A_c":1.62,"N_s":60.0,"T_NOCT":44.6,"I_sc_ref":8.58,"V_oc_ref":36.53,"I_mp_ref":8.06,"V_mp_ref":29.53,"alpha_sc":0.003432,"beta_oc":-0.12055,"a_ref":1.4893,"I_L_ref":8.587,"I_o_ref":1.89e-10,"R_s":0.322,"R_sh_ref":375.16,"Adjust":5.662000000000001,"PTC":216.3,"pdc0":238.0,"gamma_pdc":-0.0044,"gamma_r":-0.44}