{"Date":"03.04.2011","Version":"MM107","Technology":"Mono-c-Si","BIPV":"N","A_c":2.5639999999999996,"N_s":96.0,"T_NOCT":47.7,"I_sc_ref":8.33,"V_oc_ref":59.51,"I_mp_ref":7.83,"V_mp_ref":48.96,"alpha_sc":0.0036710000000000002,"beta_oc":-0.21852,"a_ref":2.6981,"I_L_ref":8.333,"I_o_ref":2.18e-09,"R_s":0.34700000000000003,"R_sh_ref":1068.47,"Adjust":15.7,"PTC":334.6,"pdc0":383.0,"gamma_pdc":-0.00529,"gamma_r":-0.529}