{"Date":"5/22/2012","Version":"NRELv1","Technology":"Mono-c-Si","BIPV":"N","A_c":2.5639999999999996,"N_s":96.0,"T_NOCT":51.4,"I_sc_ref":8.95,"V_oc_ref":60.32,"I_mp_ref":8.47,"V_mp_ref":48.41,"alpha_sc":0.004475,"beta_oc":-0.21715,"a_ref":2.5853,"I_L_ref":9.047,"I_o_ref":6.59e-10,"R_s":0.522,"R_sh_ref":634.72,"Adjust":6.499,"PTC":356.3,"pdc0":410.0,"gamma_pdc":-0.0048,"gamma_r":-0.48}