{"Date":"01.05.2012","Version":"NRELv1","Technology":"Mono-c-Si","BIPV":"N","A_c":2.5639999999999996,"N_s":96.0,"T_NOCT":48.4,"I_sc_ref":8.19,"V_oc_ref":57.24,"I_mp_ref":7.72,"V_mp_ref":46.12,"alpha_sc":0.000826,"beta_oc":-0.21375999999999998,"a_ref":2.4007,"I_L_ref":8.193,"I_o_ref":3.6e-10,"R_s":0.532,"R_sh_ref":1507.0,"Adjust":-1.021,"PTC":311.6,"pdc0":356.0,"gamma_pdc":-0.00498,"gamma_r":-0.498}