{"Date":"01.05.2012","Version":"NRELv1","Technology":"Mono-c-Si","BIPV":"N","A_c":2.5639999999999996,"N_s":96.0,"T_NOCT":48.4,"I_sc_ref":8.64,"V_oc_ref":59.28,"I_mp_ref":8.17,"V_mp_ref":47.62,"alpha_sc":0.0008710000000000001,"beta_oc":-0.22138000000000002,"a_ref":2.4775,"I_L_ref":8.64,"I_o_ref":3.51e-10,"R_s":0.544,"R_sh_ref":36290.3,"Adjust":-1.672,"PTC":341.5,"pdc0":389.0,"gamma_pdc":-0.00498,"gamma_r":-0.498}