{"Date":"01.05.2012","Version":"NRELv1","Technology":"Mono-c-Si","BIPV":"N","A_c":2.5639999999999996,"N_s":96.0,"T_NOCT":48.4,"I_sc_ref":8.54,"V_oc_ref":58.9,"I_mp_ref":8.07,"V_mp_ref":47.34,"alpha_sc":0.0008609999999999999,"beta_oc":-0.21996,"a_ref":2.4633,"I_L_ref":8.541,"I_o_ref":3.52e-10,"R_s":0.5429999999999999,"R_sh_ref":6125.33,"Adjust":-1.546,"PTC":335.2,"pdc0":382.0,"gamma_pdc":-0.00498,"gamma_r":-0.498}