{"Date":"5/22/2012","Version":"NRELv1","Technology":"Mono-c-Si","BIPV":"N","A_c":2.5639999999999996,"N_s":96.0,"T_NOCT":50.0,"I_sc_ref":8.63,"V_oc_ref":59.21,"I_mp_ref":8.15,"V_mp_ref":47.61,"alpha_sc":0.0034170000000000003,"beta_oc":-0.19427,"a_ref":2.3898,"I_L_ref":8.633,"I_o_ref":1.49e-10,"R_s":0.5589999999999999,"R_sh_ref":1626.63,"Adjust":4.2139999999999995,"PTC":343.7,"pdc0":388.0,"gamma_pdc":-0.004370000000000001,"gamma_r":-0.43700000000000006}