{"Date":"09.01.2013","Version":"NRELv1","Technology":"Mono-c-Si","BIPV":"N","A_c":2.5639999999999996,"N_s":96.0,"T_NOCT":43.2,"I_sc_ref":8.79,"V_oc_ref":59.78,"I_mp_ref":8.32,"V_mp_ref":47.96,"alpha_sc":0.0043950000000000005,"beta_oc":-0.19727,"a_ref":2.4399,"I_L_ref":8.79,"I_o_ref":2.01e-10,"R_s":0.561,"R_sh_ref":41981.1,"Adjust":5.831,"PTC":365.7,"pdc0":399.0,"gamma_pdc":-0.0044,"gamma_r":-0.44}