{"Date":"09.01.2013","Version":"NRELv1","Technology":"Mono-c-Si","BIPV":"N","A_c":1.62,"N_s":60.0,"T_NOCT":44.6,"I_sc_ref":8.7,"V_oc_ref":36.95,"I_mp_ref":8.17,"V_mp_ref":29.87,"alpha_sc":0.0034799999999999996,"beta_oc":-0.12194,"a_ref":1.5067,"I_L_ref":8.708,"I_o_ref":1.93e-10,"R_s":0.321,"R_sh_ref":360.71,"Adjust":5.7010000000000005,"PTC":221.9,"pdc0":244.0,"gamma_pdc":-0.0044,"gamma_r":-0.44}