{"Date":"01.05.2012","Version":"NRELv1","Technology":"Mono-c-Si","BIPV":"N","A_c":2.5639999999999996,"N_s":96.0,"T_NOCT":48.3,"I_sc_ref":9.02,"V_oc_ref":60.44,"I_mp_ref":8.55,"V_mp_ref":48.43,"alpha_sc":0.000942,"beta_oc":-0.21975,"a_ref":2.4478,"I_L_ref":9.119,"I_o_ref":1.71e-10,"R_s":0.562,"R_sh_ref":567.89,"Adjust":-5.0360000000000005,"PTC":367.6,"pdc0":414.0,"gamma_pdc":-0.00466,"gamma_r":-0.466}