{"Date":"09.01.2013","Version":"NRELv1","Technology":"Mono-c-Si","BIPV":"N","A_c":2.5639999999999996,"N_s":96.0,"T_NOCT":43.2,"I_sc_ref":8.57,"V_oc_ref":59.01,"I_mp_ref":8.1,"V_mp_ref":47.41,"alpha_sc":0.004285,"beta_oc":-0.19473,"a_ref":2.4124,"I_L_ref":8.572000000000001,"I_o_ref":2.0400000000000002e-10,"R_s":0.5579999999999999,"R_sh_ref":3109.07,"Adjust":6.157,"PTC":351.6,"pdc0":384.0,"gamma_pdc":-0.0044,"gamma_r":-0.44}