{"Date":"09.01.2013","Version":"NRELv1","Technology":"Mono-c-Si","BIPV":"N","A_c":2.5639999999999996,"N_s":96.0,"T_NOCT":43.2,"I_sc_ref":8.67,"V_oc_ref":59.53,"I_mp_ref":8.21,"V_mp_ref":47.75,"alpha_sc":0.004335,"beta_oc":-0.19645,"a_ref":2.4412,"I_L_ref":8.766,"I_o_ref":2.22e-10,"R_s":0.562,"R_sh_ref":548.47,"Adjust":6.7589999999999995,"PTC":359.1,"pdc0":392.0,"gamma_pdc":-0.0044,"gamma_r":-0.44}