{"Date":"5/22/2012","Version":"NRELv1","Technology":"Mono-c-Si","BIPV":"N","A_c":2.5639999999999996,"N_s":96.0,"T_NOCT":51.4,"I_sc_ref":9.09,"V_oc_ref":60.55,"I_mp_ref":8.59,"V_mp_ref":48.67,"alpha_sc":0.004545,"beta_oc":-0.21798,"a_ref":2.5998,"I_L_ref":9.19,"I_o_ref":6.97e-10,"R_s":0.505,"R_sh_ref":525.24,"Adjust":6.847,"PTC":363.5,"pdc0":418.0,"gamma_pdc":-0.0048,"gamma_r":-0.48}