{"Date":"6/17/2011","Version":"MM107","Technology":"Mono-c-Si","BIPV":"N","A_c":2.5639999999999996,"N_s":96.0,"T_NOCT":47.7,"I_sc_ref":8.73,"V_oc_ref":60.79,"I_mp_ref":8.13,"V_mp_ref":50.22,"alpha_sc":0.003841,"beta_oc":-0.22359,"a_ref":2.7795,"I_L_ref":8.737,"I_o_ref":2.72e-09,"R_s":0.304,"R_sh_ref":372.93,"Adjust":17.2,"PTC":357.3,"pdc0":408.0,"gamma_pdc":-0.00529,"gamma_r":-0.529}