{"Date":"6/17/2011","Version":"MM107","Technology":"Mono-c-Si","BIPV":"N","A_c":2.5639999999999996,"N_s":96.0,"T_NOCT":47.7,"I_sc_ref":8.45,"V_oc_ref":59.66,"I_mp_ref":7.94,"V_mp_ref":49.36,"alpha_sc":0.003718,"beta_oc":-0.21943000000000001,"a_ref":2.7139,"I_L_ref":8.453,"I_o_ref":2.38e-09,"R_s":0.302,"R_sh_ref":908.63,"Adjust":16.2,"PTC":342.8,"pdc0":392.0,"gamma_pdc":-0.00529,"gamma_r":-0.529}