{"Date":"01.05.2012","Version":"NRELv1","Technology":"Mono-c-Si","BIPV":"N","A_c":2.5639999999999996,"N_s":96.0,"T_NOCT":48.3,"I_sc_ref":8.99,"V_oc_ref":60.35,"I_mp_ref":8.51,"V_mp_ref":48.42,"alpha_sc":0.0009390000000000001,"beta_oc":-0.21943000000000001,"a_ref":2.4347,"I_L_ref":8.991,"I_o_ref":1.54e-10,"R_s":0.56,"R_sh_ref":8565.62,"Adjust":-5.72,"PTC":365.8,"pdc0":412.0,"gamma_pdc":-0.00466,"gamma_r":-0.466}