{"Date":"09.01.2013","Version":"NRELv1","Technology":"Mono-c-Si","BIPV":"N","A_c":1.62,"N_s":60.0,"T_NOCT":44.6,"I_sc_ref":9.05,"V_oc_ref":38.12,"I_mp_ref":8.53,"V_mp_ref":30.72,"alpha_sc":0.0036200000000000004,"beta_oc":-0.1258,"a_ref":1.5485,"I_L_ref":9.055,"I_o_ref":1.8300000000000001e-10,"R_s":0.332,"R_sh_ref":625.76,"Adjust":4.93,"PTC":238.7,"pdc0":262.0,"gamma_pdc":-0.0044,"gamma_r":-0.44}