{"Date":"09.01.2013","Version":"NRELv1","Technology":"Mono-c-Si","BIPV":"N","A_c":1.936,"N_s":72.0,"T_NOCT":45.9,"I_sc_ref":8.69,"V_oc_ref":44.56,"I_mp_ref":8.22,"V_mp_ref":35.77,"alpha_sc":0.004345,"beta_oc":-0.14705,"a_ref":1.82,"I_L_ref":8.691,"I_o_ref":2.02e-10,"R_s":0.42,"R_sh_ref":4770.78,"Adjust":5.968999999999999,"PTC":265.6,"pdc0":294.0,"gamma_pdc":-0.0044,"gamma_r":-0.44}