{"Date":"03.04.2011","Version":"MM107","Technology":"Mono-c-Si","BIPV":"N","A_c":2.5639999999999996,"N_s":96.0,"T_NOCT":47.7,"I_sc_ref":8.38,"V_oc_ref":59.58,"I_mp_ref":7.88,"V_mp_ref":49.12,"alpha_sc":0.003693,"beta_oc":-0.21878000000000003,"a_ref":2.7038,"I_L_ref":8.383,"I_o_ref":2.2399999999999997e-09,"R_s":0.33,"R_sh_ref":1101.94,"Adjust":15.9,"PTC":338.2,"pdc0":387.0,"gamma_pdc":-0.00529,"gamma_r":-0.529}