{"Date":"01.05.2012","Version":"NRELv1","Technology":"Mono-c-Si","BIPV":"N","A_c":2.5639999999999996,"N_s":96.0,"T_NOCT":48.4,"I_sc_ref":8.71,"V_oc_ref":59.57,"I_mp_ref":8.24,"V_mp_ref":47.82,"alpha_sc":0.000878,"beta_oc":-0.22246,"a_ref":2.5019,"I_L_ref":8.806000000000001,"I_o_ref":3.9699999999999997e-10,"R_s":0.541,"R_sh_ref":550.87,"Adjust":-0.7942,"PTC":346.0,"pdc0":394.0,"gamma_pdc":-0.00498,"gamma_r":-0.498}