{"Date":"09.01.2013","Version":"NRELv1","Technology":"Mono-c-Si","BIPV":"N","A_c":2.5639999999999996,"N_s":96.0,"T_NOCT":43.2,"I_sc_ref":8.8,"V_oc_ref":59.85,"I_mp_ref":8.33,"V_mp_ref":48.02,"alpha_sc":0.0044,"beta_oc":-0.19751,"a_ref":2.4428,"I_L_ref":8.8,"I_o_ref":2.01e-10,"R_s":0.561,"R_sh_ref":75918.9,"Adjust":5.832999999999999,"PTC":366.6,"pdc0":400.0,"gamma_pdc":-0.0044,"gamma_r":-0.44}