{"Date":"5/22/2012","Version":"NRELv1","Technology":"Mono-c-Si","BIPV":"N","A_c":2.5639999999999996,"N_s":96.0,"T_NOCT":51.4,"I_sc_ref":8.74,"V_oc_ref":59.67,"I_mp_ref":8.27,"V_mp_ref":47.89,"alpha_sc":0.004370000000000001,"beta_oc":-0.21481,"a_ref":2.5578,"I_L_ref":8.835,"I_o_ref":6.45e-10,"R_s":0.528,"R_sh_ref":630.98,"Adjust":6.52,"PTC":343.7,"pdc0":396.0,"gamma_pdc":-0.0048,"gamma_r":-0.48}