{"Date":"5/22/2012","Version":"NRELv1","Technology":"Mono-c-Si","BIPV":"N","A_c":2.5639999999999996,"N_s":96.0,"T_NOCT":51.4,"I_sc_ref":8.89,"V_oc_ref":60.28,"I_mp_ref":8.43,"V_mp_ref":48.29,"alpha_sc":0.004445,"beta_oc":-0.21700999999999998,"a_ref":2.5778,"I_L_ref":8.984,"I_o_ref":6.23e-10,"R_s":0.537,"R_sh_ref":868.36,"Adjust":6.061,"PTC":353.6,"pdc0":407.0,"gamma_pdc":-0.0048,"gamma_r":-0.48}