{"Date":"01.05.2012","Version":"NRELv1","Technology":"Mono-c-Si","BIPV":"N","A_c":2.5639999999999996,"N_s":96.0,"T_NOCT":48.4,"I_sc_ref":8.46,"V_oc_ref":58.53,"I_mp_ref":7.99,"V_mp_ref":47.06,"alpha_sc":0.0008529999999999999,"beta_oc":-0.21858000000000002,"a_ref":2.4491,"I_L_ref":8.461,"I_o_ref":3.5299999999999997e-10,"R_s":0.542,"R_sh_ref":3676.09,"Adjust":-1.449,"PTC":329.7,"pdc0":376.0,"gamma_pdc":-0.00498,"gamma_r":-0.498}