{"Date":"09.01.2013","Version":"NRELv1","Technology":"Mono-c-Si","BIPV":"N","A_c":1.62,"N_s":60.0,"T_NOCT":44.6,"I_sc_ref":8.84,"V_oc_ref":37.39,"I_mp_ref":8.31,"V_mp_ref":30.21,"alpha_sc":0.003536,"beta_oc":-0.12339000000000001,"a_ref":1.5233,"I_L_ref":8.847000000000001,"I_o_ref":1.9199999999999998e-10,"R_s":0.322,"R_sh_ref":406.24,"Adjust":5.526,"PTC":228.4,"pdc0":251.0,"gamma_pdc":-0.0044,"gamma_r":-0.44}