{"Date":"01.05.2012","Version":"NRELv1","Technology":"Mono-c-Si","BIPV":"N","A_c":2.5639999999999996,"N_s":96.0,"T_NOCT":48.4,"I_sc_ref":8.32,"V_oc_ref":58.09,"I_mp_ref":7.86,"V_mp_ref":46.7,"alpha_sc":0.000839,"beta_oc":-0.21694000000000002,"a_ref":2.4301,"I_L_ref":8.321,"I_o_ref":3.4500000000000005e-10,"R_s":0.5479999999999999,"R_sh_ref":4650.91,"Adjust":-1.492,"PTC":321.6,"pdc0":367.0,"gamma_pdc":-0.00498,"gamma_r":-0.498}