{"Date":"5/22/2012","Version":"NRELv1","Technology":"Mono-c-Si","BIPV":"N","A_c":2.5639999999999996,"N_s":96.0,"T_NOCT":50.0,"I_sc_ref":8.59,"V_oc_ref":59.16,"I_mp_ref":8.13,"V_mp_ref":47.48,"alpha_sc":0.0034020000000000005,"beta_oc":-0.1941,"a_ref":2.3824,"I_L_ref":8.591000000000001,"I_o_ref":1.41e-10,"R_s":0.574,"R_sh_ref":5899.69,"Adjust":3.761,"PTC":341.8,"pdc0":386.0,"gamma_pdc":-0.004370000000000001,"gamma_r":-0.43700000000000006}