{"Date":"01.05.2012","Version":"NRELv1","Technology":"Mono-c-Si","BIPV":"N","A_c":2.5639999999999996,"N_s":96.0,"T_NOCT":48.3,"I_sc_ref":8.67,"V_oc_ref":59.53,"I_mp_ref":8.21,"V_mp_ref":47.75,"alpha_sc":0.0009050000000000001,"beta_oc":-0.21645,"a_ref":2.4008,"I_L_ref":8.67,"I_o_ref":1.48e-10,"R_s":0.575,"R_sh_ref":23373.3,"Adjust":-5.782,"PTC":347.5,"pdc0":392.0,"gamma_pdc":-0.00466,"gamma_r":-0.466}