{"Date":"01.05.2012","Version":"NRELv1","Technology":"Mono-c-Si","BIPV":"N","A_c":2.5639999999999996,"N_s":96.0,"T_NOCT":48.4,"I_sc_ref":8.31,"V_oc_ref":57.99,"I_mp_ref":7.85,"V_mp_ref":46.63,"alpha_sc":0.0008380000000000001,"beta_oc":-0.21656,"a_ref":2.4264,"I_L_ref":8.311,"I_o_ref":3.46e-10,"R_s":0.546,"R_sh_ref":4306.51,"Adjust":-1.4609999999999999,"PTC":320.7,"pdc0":366.0,"gamma_pdc":-0.00498,"gamma_r":-0.498}