{"Date":"03.04.2011","Version":"MM107","Technology":"Mono-c-Si","BIPV":"N","A_c":2.5639999999999996,"N_s":96.0,"T_NOCT":47.7,"I_sc_ref":8.21,"V_oc_ref":59.43,"I_mp_ref":7.72,"V_mp_ref":48.82,"alpha_sc":0.003618,"beta_oc":-0.21823,"a_ref":2.6905,"I_L_ref":8.213,"I_o_ref":2.0800000000000003e-09,"R_s":0.364,"R_sh_ref":1190.92,"Adjust":15.4,"PTC":329.2,"pdc0":377.0,"gamma_pdc":-0.00529,"gamma_r":-0.529}