{"Date":"01.05.2012","Version":"NRELv1","Technology":"Mono-c-Si","BIPV":"N","A_c":2.5639999999999996,"N_s":96.0,"T_NOCT":48.3,"I_sc_ref":8.54,"V_oc_ref":58.9,"I_mp_ref":8.07,"V_mp_ref":47.34,"alpha_sc":0.000892,"beta_oc":-0.21416,"a_ref":2.3808,"I_L_ref":8.542,"I_o_ref":1.54e-10,"R_s":0.564,"R_sh_ref":2127.97,"Adjust":-5.367999999999999,"PTC":338.3,"pdc0":382.0,"gamma_pdc":-0.00466,"gamma_r":-0.466}