{"Date":"5/22/2012","Version":"NRELv1","Technology":"Mono-c-Si","BIPV":"N","A_c":2.5639999999999996,"N_s":96.0,"T_NOCT":50.0,"I_sc_ref":8.76,"V_oc_ref":59.66,"I_mp_ref":8.29,"V_mp_ref":47.89,"alpha_sc":0.003469,"beta_oc":-0.19574,"a_ref":2.4029,"I_L_ref":8.761000000000001,"I_o_ref":1.44e-10,"R_s":0.5660000000000001,"R_sh_ref":5121.46,"Adjust":3.7939999999999996,"PTC":351.9,"pdc0":397.0,"gamma_pdc":-0.004370000000000001,"gamma_r":-0.43700000000000006}