{"Date":"5/22/2012","Version":"NRELv1","Technology":"Mono-c-Si","BIPV":"N","A_c":2.5639999999999996,"N_s":96.0,"T_NOCT":50.0,"I_sc_ref":8.61,"V_oc_ref":59.19,"I_mp_ref":8.14,"V_mp_ref":47.55,"alpha_sc":0.0034100000000000003,"beta_oc":-0.1942,"a_ref":2.3863,"I_L_ref":8.612,"I_o_ref":1.4500000000000002e-10,"R_s":0.5660000000000001,"R_sh_ref":2545.81,"Adjust":3.99,"PTC":342.8,"pdc0":387.0,"gamma_pdc":-0.004370000000000001,"gamma_r":-0.43700000000000006}