{"Date":"5/22/2012","Version":"NRELv1","Technology":"Mono-c-Si","BIPV":"N","A_c":2.5639999999999996,"N_s":96.0,"T_NOCT":51.4,"I_sc_ref":8.88,"V_oc_ref":60.2,"I_mp_ref":8.41,"V_mp_ref":48.28,"alpha_sc":0.0044399999999999995,"beta_oc":-0.21671999999999997,"a_ref":2.5780000000000003,"I_L_ref":8.976,"I_o_ref":6.42e-10,"R_s":0.53,"R_sh_ref":708.36,"Adjust":6.332999999999999,"PTC":352.7,"pdc0":406.0,"gamma_pdc":-0.0048,"gamma_r":-0.48}