{"Date":"01.05.2012","Version":"NRELv1","Technology":"Mono-c-Si","BIPV":"N","A_c":2.5639999999999996,"N_s":96.0,"T_NOCT":48.3,"I_sc_ref":8.91,"V_oc_ref":60.3,"I_mp_ref":8.44,"V_mp_ref":48.35,"alpha_sc":0.00093,"beta_oc":-0.21925,"a_ref":2.444,"I_L_ref":9.009,"I_o_ref":1.71e-10,"R_s":0.563,"R_sh_ref":530.55,"Adjust":-4.899,"PTC":362.1,"pdc0":408.0,"gamma_pdc":-0.00466,"gamma_r":-0.466}