{"Date":"09.01.2013","Version":"NRELv1","Technology":"Mono-c-Si","BIPV":"N","A_c":2.5639999999999996,"N_s":96.0,"T_NOCT":43.2,"I_sc_ref":8.82,"V_oc_ref":60.0,"I_mp_ref":8.36,"V_mp_ref":48.09,"alpha_sc":0.00441,"beta_oc":-0.198,"a_ref":2.4581,"I_L_ref":8.916,"I_o_ref":2.21e-10,"R_s":0.562,"R_sh_ref":607.63,"Adjust":6.561,"PTC":368.5,"pdc0":402.0,"gamma_pdc":-0.0044,"gamma_r":-0.44}