{"Date":"01.05.2012","Version":"NRELv1","Technology":"Mono-c-Si","BIPV":"N","A_c":2.5639999999999996,"N_s":96.0,"T_NOCT":48.3,"I_sc_ref":8.57,"V_oc_ref":59.01,"I_mp_ref":8.1,"V_mp_ref":47.41,"alpha_sc":0.000895,"beta_oc":-0.21455,"a_ref":2.3845,"I_L_ref":8.572000000000001,"I_o_ref":1.53e-10,"R_s":0.565,"R_sh_ref":2349.33,"Adjust":-5.428,"PTC":340.2,"pdc0":384.0,"gamma_pdc":-0.00466,"gamma_r":-0.466}