{"Date":"01.05.2012","Version":"NRELv1","Technology":"Mono-c-Si","BIPV":"N","A_c":2.5639999999999996,"N_s":96.0,"T_NOCT":48.4,"I_sc_ref":8.5,"V_oc_ref":58.71,"I_mp_ref":8.03,"V_mp_ref":47.2,"alpha_sc":0.000857,"beta_oc":-0.21925,"a_ref":2.4561,"I_L_ref":8.501,"I_o_ref":3.5299999999999997e-10,"R_s":0.542,"R_sh_ref":4564.24,"Adjust":-1.4880000000000002,"PTC":332.4,"pdc0":379.0,"gamma_pdc":-0.00498,"gamma_r":-0.498}