{"Date":"5/22/2012","Version":"NRELv1","Technology":"Mono-c-Si","BIPV":"N","A_c":2.5639999999999996,"N_s":96.0,"T_NOCT":50.0,"I_sc_ref":8.55,"V_oc_ref":58.99,"I_mp_ref":8.08,"V_mp_ref":47.41,"alpha_sc":0.003386,"beta_oc":-0.19355,"a_ref":2.3793,"I_L_ref":8.552,"I_o_ref":1.46e-10,"R_s":0.565,"R_sh_ref":2106.37,"Adjust":4.084,"PTC":339.1,"pdc0":383.0,"gamma_pdc":-0.004370000000000001,"gamma_r":-0.43700000000000006}