{"Date":"09.01.2013","Version":"NRELv1","Technology":"Mono-c-Si","BIPV":"N","A_c":1.936,"N_s":72.0,"T_NOCT":45.9,"I_sc_ref":8.71,"V_oc_ref":44.61,"I_mp_ref":8.24,"V_mp_ref":35.81,"alpha_sc":0.0043549999999999995,"beta_oc":-0.14720999999999998,"a_ref":1.8219,"I_L_ref":8.711,"I_o_ref":2.02e-10,"R_s":0.42,"R_sh_ref":5658.29,"Adjust":5.955,"PTC":266.6,"pdc0":295.0,"gamma_pdc":-0.0044,"gamma_r":-0.44}