{"Date":"01.05.2012","Version":"NRELv1","Technology":"Mono-c-Si","BIPV":"N","A_c":2.5639999999999996,"N_s":96.0,"T_NOCT":48.3,"I_sc_ref":8.69,"V_oc_ref":59.56,"I_mp_ref":8.23,"V_mp_ref":47.76,"alpha_sc":0.000907,"beta_oc":-0.21655,"a_ref":2.4015,"I_L_ref":8.69,"I_o_ref":1.4699999999999998e-10,"R_s":0.5760000000000001,"R_sh_ref":76643.0,"Adjust":-5.825,"PTC":348.4,"pdc0":393.0,"gamma_pdc":-0.00466,"gamma_r":-0.466}