{"Date":"09.01.2013","Version":"NRELv1","Technology":"Mono-c-Si","BIPV":"N","A_c":1.62,"N_s":60.0,"T_NOCT":44.6,"I_sc_ref":8.82,"V_oc_ref":37.33,"I_mp_ref":8.29,"V_mp_ref":30.16,"alpha_sc":0.0035280000000000003,"beta_oc":-0.12319000000000001,"a_ref":1.521,"I_L_ref":8.827,"I_o_ref":1.9199999999999998e-10,"R_s":0.32299999999999995,"R_sh_ref":399.67,"Adjust":5.5360000000000005,"PTC":227.5,"pdc0":250.0,"gamma_pdc":-0.0044,"gamma_r":-0.44}