{"Date":"6/17/2011","Version":"MM107","Technology":"Mono-c-Si","BIPV":"N","A_c":2.5639999999999996,"N_s":96.0,"T_NOCT":47.7,"I_sc_ref":8.75,"V_oc_ref":60.92,"I_mp_ref":8.14,"V_mp_ref":50.27,"alpha_sc":0.00385,"beta_oc":-0.22405999999999998,"a_ref":2.7842,"I_L_ref":8.758,"I_o_ref":2.7e-09,"R_s":0.313,"R_sh_ref":349.97,"Adjust":17.1,"PTC":358.2,"pdc0":409.0,"gamma_pdc":-0.00529,"gamma_r":-0.529}