{"Date":"01.05.2012","Version":"NRELv1","Technology":"Mono-c-Si","BIPV":"N","A_c":2.5639999999999996,"N_s":96.0,"T_NOCT":48.4,"I_sc_ref":8.28,"V_oc_ref":57.73,"I_mp_ref":7.8,"V_mp_ref":46.54,"alpha_sc":0.0008349999999999999,"beta_oc":-0.21559,"a_ref":2.4229,"I_L_ref":8.283,"I_o_ref":3.6999999999999996e-10,"R_s":0.527,"R_sh_ref":1268.32,"Adjust":-0.8979,"PTC":318.0,"pdc0":363.0,"gamma_pdc":-0.00498,"gamma_r":-0.498}