{"Date":"6/17/2011","Version":"MM107","Technology":"Mono-c-Si","BIPV":"N","A_c":2.5639999999999996,"N_s":96.0,"T_NOCT":47.7,"I_sc_ref":8.46,"V_oc_ref":59.67,"I_mp_ref":7.96,"V_mp_ref":49.42,"alpha_sc":0.003722,"beta_oc":-0.21946999999999997,"a_ref":2.7143,"I_L_ref":8.462,"I_o_ref":2.38e-09,"R_s":0.294,"R_sh_ref":1133.64,"Adjust":16.2,"PTC":343.7,"pdc0":393.0,"gamma_pdc":-0.00529,"gamma_r":-0.529}