{"Date":"09.01.2013","Version":"NRELv1","Technology":"Mono-c-Si","BIPV":"N","A_c":1.936,"N_s":72.0,"T_NOCT":45.9,"I_sc_ref":8.93,"V_oc_ref":45.26,"I_mp_ref":8.46,"V_mp_ref":36.29,"alpha_sc":0.004465,"beta_oc":-0.14936,"a_ref":1.8551,"I_L_ref":9.027999999999999,"I_o_ref":2.26e-10,"R_s":0.41700000000000004,"R_sh_ref":426.13,"Adjust":6.664,"PTC":277.7,"pdc0":307.0,"gamma_pdc":-0.0044,"gamma_r":-0.44}