{"Date":"01.05.2012","Version":"NRELv1","Technology":"Mono-c-Si","BIPV":"N","A_c":2.5639999999999996,"N_s":96.0,"T_NOCT":48.3,"I_sc_ref":8.74,"V_oc_ref":59.67,"I_mp_ref":8.27,"V_mp_ref":47.89,"alpha_sc":0.0009119999999999999,"beta_oc":-0.21695,"a_ref":2.4082,"I_L_ref":8.741,"I_o_ref":1.51e-10,"R_s":0.568,"R_sh_ref":5066.03,"Adjust":-5.649,"PTC":351.1,"pdc0":396.0,"gamma_pdc":-0.00466,"gamma_r":-0.466}