{"Date":"09.01.2013","Version":"NRELv1","Technology":"Mono-c-Si","BIPV":"N","A_c":1.62,"N_s":60.0,"T_NOCT":44.6,"I_sc_ref":9.03,"V_oc_ref":38.06,"I_mp_ref":8.51,"V_mp_ref":30.67,"alpha_sc":0.0036119999999999998,"beta_oc":-0.1256,"a_ref":1.5461,"I_L_ref":9.035,"I_o_ref":1.8300000000000001e-10,"R_s":0.33299999999999996,"R_sh_ref":611.07,"Adjust":4.938,"PTC":237.7,"pdc0":261.0,"gamma_pdc":-0.0044,"gamma_r":-0.44}