{"Date":"5/22/2012","Version":"NRELv1","Technology":"Mono-c-Si","BIPV":"N","A_c":2.5639999999999996,"N_s":96.0,"T_NOCT":50.0,"I_sc_ref":8.85,"V_oc_ref":60.12,"I_mp_ref":8.38,"V_mp_ref":48.22,"alpha_sc":0.003505,"beta_oc":-0.19725,"a_ref":2.4195,"I_L_ref":8.85,"I_o_ref":1.43e-10,"R_s":0.5710000000000001,"R_sh_ref":14068.0,"Adjust":3.638,"PTC":358.3,"pdc0":404.0,"gamma_pdc":-0.004370000000000001,"gamma_r":-0.43700000000000006}