{"Date":"02.01.2012","Version":"NRELv1","Technology":"Mono-c-Si","BIPV":"N","A_c":1.62,"N_s":60.0,"T_NOCT":48.1,"I_sc_ref":8.99,"V_oc_ref":37.93,"I_mp_ref":8.47,"V_mp_ref":30.58,"alpha_sc":0.004495,"beta_oc":-0.13047999999999998,"a_ref":1.5908,"I_L_ref":8.994,"I_o_ref":3.95e-10,"R_s":0.319,"R_sh_ref":785.57,"Adjust":6.995,"PTC":230.6,"pdc0":259.0,"gamma_pdc":-0.0046,"gamma_r":-0.46}