{"Date":"09.01.2013","Version":"NRELv1","Technology":"Mono-c-Si","BIPV":"N","A_c":2.5639999999999996,"N_s":96.0,"T_NOCT":43.2,"I_sc_ref":8.97,"V_oc_ref":60.33,"I_mp_ref":8.49,"V_mp_ref":48.41,"alpha_sc":0.004485,"beta_oc":-0.19909000000000002,"a_ref":2.4627,"I_L_ref":8.97,"I_o_ref":2.06e-10,"R_s":0.5539999999999999,"R_sh_ref":27736.8,"Adjust":5.857,"PTC":376.9,"pdc0":411.0,"gamma_pdc":-0.0044,"gamma_r":-0.44}