{"Date":"09.01.2013","Version":"NRELv1","Technology":"Mono-c-Si","BIPV":"N","A_c":2.5639999999999996,"N_s":96.0,"T_NOCT":43.2,"I_sc_ref":9.04,"V_oc_ref":60.45,"I_mp_ref":8.56,"V_mp_ref":48.49,"alpha_sc":0.004520000000000001,"beta_oc":-0.19949,"a_ref":2.479,"I_L_ref":9.14,"I_o_ref":2.3199999999999997e-10,"R_s":0.547,"R_sh_ref":531.58,"Adjust":6.769,"PTC":380.7,"pdc0":415.0,"gamma_pdc":-0.0044,"gamma_r":-0.44}