{"Date":"01.05.2012","Version":"NRELv1","Technology":"Mono-c-Si","BIPV":"N","A_c":2.5639999999999996,"N_s":96.0,"T_NOCT":48.4,"I_sc_ref":8.69,"V_oc_ref":59.56,"I_mp_ref":8.23,"V_mp_ref":47.76,"alpha_sc":0.0008759999999999999,"beta_oc":-0.22243000000000002,"a_ref":2.4983,"I_L_ref":8.785,"I_o_ref":3.85e-10,"R_s":0.5489999999999999,"R_sh_ref":629.79,"Adjust":-1.0270000000000001,"PTC":345.1,"pdc0":393.0,"gamma_pdc":-0.00498,"gamma_r":-0.498}