{"Date":"09.01.2013","Version":"NRELv1","Technology":"Mono-c-Si","BIPV":"N","A_c":1.936,"N_s":72.0,"T_NOCT":45.9,"I_sc_ref":8.65,"V_oc_ref":44.47,"I_mp_ref":8.18,"V_mp_ref":35.7,"alpha_sc":0.004325,"beta_oc":-0.14675,"a_ref":1.8166,"I_L_ref":8.651,"I_o_ref":2.02e-10,"R_s":0.42100000000000004,"R_sh_ref":3611.42,"Adjust":6.005,"PTC":263.8,"pdc0":292.0,"gamma_pdc":-0.0044,"gamma_r":-0.44}