{"Date":"01.05.2012","Version":"NRELv1","Technology":"Mono-c-Si","BIPV":"N","A_c":2.5639999999999996,"N_s":96.0,"T_NOCT":48.4,"I_sc_ref":8.59,"V_oc_ref":59.16,"I_mp_ref":8.13,"V_mp_ref":47.48,"alpha_sc":0.000866,"beta_oc":-0.22093000000000002,"a_ref":2.4837,"I_L_ref":8.684,"I_o_ref":3.88e-10,"R_s":0.546,"R_sh_ref":582.29,"Adjust":-0.8644,"PTC":338.8,"pdc0":386.0,"gamma_pdc":-0.00498,"gamma_r":-0.498}