{"Date":"01.05.2012","Version":"NRELv1","Technology":"Mono-c-Si","BIPV":"N","A_c":2.5639999999999996,"N_s":96.0,"T_NOCT":48.3,"I_sc_ref":8.71,"V_oc_ref":59.57,"I_mp_ref":8.24,"V_mp_ref":47.82,"alpha_sc":0.000909,"beta_oc":-0.21659,"a_ref":2.4047,"I_L_ref":8.711,"I_o_ref":1.52e-10,"R_s":0.5670000000000001,"R_sh_ref":4203.7,"Adjust":-5.608,"PTC":349.3,"pdc0":394.0,"gamma_pdc":-0.00466,"gamma_r":-0.466}