{"Date":"01.05.2012","Version":"NRELv1","Technology":"Mono-c-Si","BIPV":"N","A_c":2.5639999999999996,"N_s":96.0,"T_NOCT":48.4,"I_sc_ref":8.33,"V_oc_ref":58.17,"I_mp_ref":7.87,"V_mp_ref":46.76,"alpha_sc":0.00084,"beta_oc":-0.21724000000000002,"a_ref":2.4332,"I_L_ref":8.331,"I_o_ref":3.4500000000000005e-10,"R_s":0.5479999999999999,"R_sh_ref":4991.68,"Adjust":-1.51,"PTC":322.5,"pdc0":368.0,"gamma_pdc":-0.00498,"gamma_r":-0.498}