{"Date":"01.05.2012","Version":"NRELv1","Technology":"Mono-c-Si","BIPV":"N","A_c":2.5639999999999996,"N_s":96.0,"T_NOCT":48.3,"I_sc_ref":8.84,"V_oc_ref":60.04,"I_mp_ref":8.37,"V_mp_ref":48.15,"alpha_sc":0.000923,"beta_oc":-0.2183,"a_ref":2.4213,"I_L_ref":8.84,"I_o_ref":1.5e-10,"R_s":0.57,"R_sh_ref":16158.5,"Adjust":-5.789,"PTC":357.5,"pdc0":403.0,"gamma_pdc":-0.00466,"gamma_r":-0.466}