{"Date":"01.05.2012","Version":"NRELv1","Technology":"Mono-c-Si","BIPV":"N","A_c":2.5639999999999996,"N_s":96.0,"T_NOCT":48.4,"I_sc_ref":8.26,"V_oc_ref":57.69,"I_mp_ref":7.79,"V_mp_ref":46.47,"alpha_sc":0.000833,"beta_oc":-0.21544000000000002,"a_ref":2.4185,"I_L_ref":8.262,"I_o_ref":3.6e-10,"R_s":0.534,"R_sh_ref":1771.06,"Adjust":-1.103,"PTC":317.1,"pdc0":362.0,"gamma_pdc":-0.00498,"gamma_r":-0.498}