{"Date":"6/17/2011","Version":"MM107","Technology":"Mono-c-Si","BIPV":"N","A_c":2.5639999999999996,"N_s":96.0,"T_NOCT":47.7,"I_sc_ref":8.68,"V_oc_ref":60.52,"I_mp_ref":8.11,"V_mp_ref":50.11,"alpha_sc":0.003819,"beta_oc":-0.22259,"a_ref":2.7642,"I_L_ref":8.685,"I_o_ref":2.65e-09,"R_s":0.29,"R_sh_ref":468.92,"Adjust":17.0,"PTC":355.5,"pdc0":406.0,"gamma_pdc":-0.00529,"gamma_r":-0.529}