{"Date":"01.05.2012","Version":"NRELv1","Technology":"Mono-c-Si","BIPV":"N","A_c":2.5639999999999996,"N_s":96.0,"T_NOCT":48.4,"I_sc_ref":8.53,"V_oc_ref":58.82,"I_mp_ref":8.06,"V_mp_ref":47.28,"alpha_sc":0.00086,"beta_oc":-0.21966,"a_ref":2.4602,"I_L_ref":8.531,"I_o_ref":3.52e-10,"R_s":0.542,"R_sh_ref":5626.5,"Adjust":-1.5290000000000001,"PTC":334.2,"pdc0":381.0,"gamma_pdc":-0.00498,"gamma_r":-0.498}