{"Date":"09.01.2013","Version":"NRELv1","Technology":"Mono-c-Si","BIPV":"N","A_c":1.936,"N_s":72.0,"T_NOCT":45.9,"I_sc_ref":8.53,"V_oc_ref":44.15,"I_mp_ref":8.06,"V_mp_ref":35.49,"alpha_sc":0.004265,"beta_oc":-0.1457,"a_ref":1.8057,"I_L_ref":8.532,"I_o_ref":2.0500000000000002e-10,"R_s":0.41700000000000004,"R_sh_ref":1966.76,"Adjust":6.25,"PTC":258.2,"pdc0":286.0,"gamma_pdc":-0.0044,"gamma_r":-0.44}