{"Date":"09.01.2013","Version":"NRELv1","Technology":"Mono-c-Si","BIPV":"N","A_c":1.936,"N_s":72.0,"T_NOCT":45.9,"I_sc_ref":8.86,"V_oc_ref":45.05,"I_mp_ref":8.39,"V_mp_ref":36.12,"alpha_sc":0.00443,"beta_oc":-0.14867,"a_ref":1.8469,"I_L_ref":8.958,"I_o_ref":2.26e-10,"R_s":0.419,"R_sh_ref":408.18,"Adjust":6.707000000000001,"PTC":274.0,"pdc0":303.0,"gamma_pdc":-0.0044,"gamma_r":-0.44}