{"Date":"09.01.2013","Version":"NRELv1","Technology":"Mono-c-Si","BIPV":"N","A_c":1.62,"N_s":60.0,"T_NOCT":44.6,"I_sc_ref":8.62,"V_oc_ref":36.67,"I_mp_ref":8.09,"V_mp_ref":29.67,"alpha_sc":0.0034479999999999997,"beta_oc":-0.12100999999999999,"a_ref":1.4966,"I_L_ref":8.628,"I_o_ref":1.95e-10,"R_s":0.318,"R_sh_ref":336.67,"Adjust":5.872999999999999,"PTC":218.1,"pdc0":240.0,"gamma_pdc":-0.0044,"gamma_r":-0.44}