{"Date":"09.01.2013","Version":"NRELv1","Technology":"Mono-c-Si","BIPV":"N","A_c":2.5639999999999996,"N_s":96.0,"T_NOCT":43.2,"I_sc_ref":8.89,"V_oc_ref":60.28,"I_mp_ref":8.43,"V_mp_ref":48.29,"alpha_sc":0.004445,"beta_oc":-0.19892,"a_ref":2.4682,"I_L_ref":8.987,"I_o_ref":2.2e-10,"R_s":0.564,"R_sh_ref":641.27,"Adjust":6.452999999999999,"PTC":373.2,"pdc0":407.0,"gamma_pdc":-0.0044,"gamma_r":-0.44}