{"Date":"6/17/2011","Version":"MM107","Technology":"Mono-c-Si","BIPV":"N","A_c":2.5639999999999996,"N_s":96.0,"T_NOCT":47.7,"I_sc_ref":8.62,"V_oc_ref":60.23,"I_mp_ref":8.08,"V_mp_ref":49.95,"alpha_sc":0.003793,"beta_oc":-0.22153,"a_ref":2.748,"I_L_ref":8.624,"I_o_ref":2.58e-09,"R_s":0.28,"R_sh_ref":632.57,"Adjust":16.8,"PTC":352.7,"pdc0":403.0,"gamma_pdc":-0.00529,"gamma_r":-0.529}