{"Date":"01.05.2012","Version":"NRELv1","Technology":"Mono-c-Si","BIPV":"N","A_c":2.5639999999999996,"N_s":96.0,"T_NOCT":48.3,"I_sc_ref":8.65,"V_oc_ref":59.37,"I_mp_ref":8.19,"V_mp_ref":47.63,"alpha_sc":0.0009029999999999999,"beta_oc":-0.21586,"a_ref":2.3948,"I_L_ref":8.65,"I_o_ref":1.48e-10,"R_s":0.574,"R_sh_ref":14200.3,"Adjust":-5.751,"PTC":345.7,"pdc0":390.0,"gamma_pdc":-0.00466,"gamma_r":-0.466}