{"Date":"5/22/2012","Version":"NRELv1","Technology":"Mono-c-Si","BIPV":"N","A_c":2.5639999999999996,"N_s":96.0,"T_NOCT":51.4,"I_sc_ref":8.93,"V_oc_ref":60.31,"I_mp_ref":8.45,"V_mp_ref":48.41,"alpha_sc":0.004465,"beta_oc":-0.21711999999999998,"a_ref":2.5854,"I_L_ref":9.027000000000001,"I_o_ref":6.6e-10,"R_s":0.522,"R_sh_ref":625.18,"Adjust":6.5329999999999995,"PTC":355.4,"pdc0":409.0,"gamma_pdc":-0.0048,"gamma_r":-0.48}