{"Date":"6/17/2011","Version":"MM107","Technology":"Mono-c-Si","BIPV":"N","A_c":2.5639999999999996,"N_s":96.0,"T_NOCT":47.7,"I_sc_ref":8.58,"V_oc_ref":60.08,"I_mp_ref":8.05,"V_mp_ref":49.84,"alpha_sc":0.003775,"beta_oc":-0.22096999999999997,"a_ref":2.7397,"I_L_ref":8.583,"I_o_ref":2.55e-09,"R_s":0.27899999999999997,"R_sh_ref":705.07,"Adjust":16.7,"PTC":350.9,"pdc0":401.0,"gamma_pdc":-0.00529,"gamma_r":-0.529}