{"Date":"09.01.2013","Version":"NRELv1","Technology":"Mono-c-Si","BIPV":"N","A_c":2.5639999999999996,"N_s":96.0,"T_NOCT":43.2,"I_sc_ref":8.88,"V_oc_ref":60.2,"I_mp_ref":8.41,"V_mp_ref":48.28,"alpha_sc":0.0044399999999999995,"beta_oc":-0.19866,"a_ref":2.4683,"I_L_ref":8.978,"I_o_ref":2.2700000000000002e-10,"R_s":0.556,"R_sh_ref":550.03,"Adjust":6.726,"PTC":372.2,"pdc0":406.0,"gamma_pdc":-0.0044,"gamma_r":-0.44}