{"Date":"09.01.2013","Version":"NRELv1","Technology":"Mono-c-Si","BIPV":"N","A_c":1.936,"N_s":72.0,"T_NOCT":45.9,"I_sc_ref":8.88,"V_oc_ref":45.1,"I_mp_ref":8.41,"V_mp_ref":36.15,"alpha_sc":0.0044399999999999995,"beta_oc":-0.14883,"a_ref":1.8486,"I_L_ref":8.978,"I_o_ref":2.25e-10,"R_s":0.419,"R_sh_ref":414.23,"Adjust":6.66,"PTC":274.9,"pdc0":304.0,"gamma_pdc":-0.0044,"gamma_r":-0.44}