{"Date":"09.01.2013","Version":"NRELv1","Technology":"Mono-c-Si","BIPV":"N","A_c":1.62,"N_s":60.0,"T_NOCT":44.6,"I_sc_ref":8.91,"V_oc_ref":37.69,"I_mp_ref":8.39,"V_mp_ref":30.4,"alpha_sc":0.003564,"beta_oc":-0.12437999999999999,"a_ref":1.5326,"I_L_ref":8.916,"I_o_ref":1.8499999999999998e-10,"R_s":0.33,"R_sh_ref":524.98,"Adjust":5.1370000000000005,"PTC":232.1,"pdc0":255.0,"gamma_pdc":-0.0044,"gamma_r":-0.44}