{"Date":"03.04.2011","Version":"MM107","Technology":"Mono-c-Si","BIPV":"N","A_c":2.5639999999999996,"N_s":96.0,"T_NOCT":47.7,"I_sc_ref":8.23,"V_oc_ref":59.46,"I_mp_ref":7.74,"V_mp_ref":48.84,"alpha_sc":0.0036270000000000004,"beta_oc":-0.21834,"a_ref":2.6918,"I_L_ref":8.232000000000001,"I_o_ref":2.09e-09,"R_s":0.364,"R_sh_ref":1231.9,"Adjust":15.4,"PTC":330.1,"pdc0":378.0,"gamma_pdc":-0.00529,"gamma_r":-0.529}