{"Date":"01.05.2012","Version":"NRELv1","Technology":"Mono-c-Si","BIPV":"N","A_c":2.5639999999999996,"N_s":96.0,"T_NOCT":48.3,"I_sc_ref":8.73,"V_oc_ref":59.6,"I_mp_ref":8.26,"V_mp_ref":47.83,"alpha_sc":0.0009109999999999999,"beta_oc":-0.2167,"a_ref":2.4054,"I_L_ref":8.731,"I_o_ref":1.51e-10,"R_s":0.568,"R_sh_ref":4803.33,"Adjust":-5.651,"PTC":350.2,"pdc0":395.0,"gamma_pdc":-0.00466,"gamma_r":-0.466}