{"Date":"03.04.2011","Version":"MM107","Technology":"Mono-c-Si","BIPV":"N","A_c":2.5639999999999996,"N_s":96.0,"T_NOCT":47.7,"I_sc_ref":8.29,"V_oc_ref":59.49,"I_mp_ref":7.79,"V_mp_ref":48.91,"alpha_sc":0.003653,"beta_oc":-0.21845,"a_ref":2.6959,"I_L_ref":8.293,"I_o_ref":2.15e-09,"R_s":0.354,"R_sh_ref":1023.87,"Adjust":15.6,"PTC":332.8,"pdc0":381.0,"gamma_pdc":-0.00529,"gamma_r":-0.529}