{"Date":"6/17/2011","Version":"MM107","Technology":"Mono-c-Si","BIPV":"N","A_c":2.5639999999999996,"N_s":96.0,"T_NOCT":47.7,"I_sc_ref":8.52,"V_oc_ref":59.83,"I_mp_ref":8.0,"V_mp_ref":49.63,"alpha_sc":0.003749,"beta_oc":-0.22005,"a_ref":2.727,"I_L_ref":8.523,"I_o_ref":2.5e-09,"R_s":0.281,"R_sh_ref":784.47,"Adjust":16.6,"PTC":347.3,"pdc0":397.0,"gamma_pdc":-0.00529,"gamma_r":-0.529}