{"Date":"6/17/2011","Version":"MM107","Technology":"Mono-c-Si","BIPV":"N","A_c":2.5639999999999996,"N_s":96.0,"T_NOCT":47.7,"I_sc_ref":8.48,"V_oc_ref":59.69,"I_mp_ref":7.97,"V_mp_ref":49.47,"alpha_sc":0.0037310000000000004,"beta_oc":-0.21954,"a_ref":2.7179,"I_L_ref":8.482999999999999,"I_o_ref":2.44e-09,"R_s":0.28800000000000003,"R_sh_ref":917.32,"Adjust":16.4,"PTC":344.6,"pdc0":394.0,"gamma_pdc":-0.00529,"gamma_r":-0.529}