{"Date":"09.01.2013","Version":"NRELv1","Technology":"Mono-c-Si","BIPV":"N","A_c":2.5639999999999996,"N_s":96.0,"T_NOCT":43.2,"I_sc_ref":9.01,"V_oc_ref":60.36,"I_mp_ref":8.53,"V_mp_ref":48.42,"alpha_sc":0.0045049999999999995,"beta_oc":-0.19919,"a_ref":2.4757,"I_L_ref":9.11,"I_o_ref":2.3199999999999997e-10,"R_s":0.5479999999999999,"R_sh_ref":522.31,"Adjust":6.795,"PTC":378.8,"pdc0":413.0,"gamma_pdc":-0.0044,"gamma_r":-0.44}