{"Date":"03.04.2011","Version":"MM107","Technology":"Mono-c-Si","BIPV":"N","A_c":2.5639999999999996,"N_s":96.0,"T_NOCT":47.7,"I_sc_ref":8.37,"V_oc_ref":59.56,"I_mp_ref":7.87,"V_mp_ref":49.07,"alpha_sc":0.003689,"beta_oc":-0.2187,"a_ref":2.7016,"I_L_ref":8.373,"I_o_ref":2.22e-09,"R_s":0.336,"R_sh_ref":1098.75,"Adjust":15.8,"PTC":337.3,"pdc0":386.0,"gamma_pdc":-0.00529,"gamma_r":-0.529}