{"Date":"09.01.2013","Version":"NRELv1","Technology":"Mono-c-Si","BIPV":"N","A_c":1.62,"N_s":60.0,"T_NOCT":44.6,"I_sc_ref":8.6,"V_oc_ref":36.6,"I_mp_ref":8.08,"V_mp_ref":29.58,"alpha_sc":0.00344,"beta_oc":-0.12078,"a_ref":1.4919,"I_L_ref":8.607000000000001,"I_o_ref":1.89e-10,"R_s":0.32299999999999995,"R_sh_ref":382.26,"Adjust":5.619,"PTC":217.2,"pdc0":239.0,"gamma_pdc":-0.0044,"gamma_r":-0.44}