{"Date":"02.01.2012","Version":"NRELv1","Technology":"Mono-c-Si","BIPV":"N","A_c":1.62,"N_s":60.0,"T_NOCT":48.1,"I_sc_ref":8.58,"V_oc_ref":36.53,"I_mp_ref":8.06,"V_mp_ref":29.53,"alpha_sc":0.0042899999999999995,"beta_oc":-0.12566,"a_ref":1.5371,"I_L_ref":8.586,"I_o_ref":4.06e-10,"R_s":0.31,"R_sh_ref":451.23,"Adjust":7.643,"PTC":211.3,"pdc0":238.0,"gamma_pdc":-0.0046,"gamma_r":-0.46}