{"Date":"03.04.2011","Version":"MM107","Technology":"Mono-c-Si","BIPV":"N","A_c":2.5639999999999996,"N_s":96.0,"T_NOCT":47.7,"I_sc_ref":8.25,"V_oc_ref":59.47,"I_mp_ref":7.76,"V_mp_ref":48.86,"alpha_sc":0.003636,"beta_oc":-0.21836999999999998,"a_ref":2.6923,"I_L_ref":8.252,"I_o_ref":2.09e-09,"R_s":0.361,"R_sh_ref":1263.78,"Adjust":15.4,"PTC":331.0,"pdc0":379.0,"gamma_pdc":-0.00529,"gamma_r":-0.529}