{"Date":"03.04.2011","Version":"MM107","Technology":"Mono-c-Si","BIPV":"N","A_c":2.5639999999999996,"N_s":96.0,"T_NOCT":47.7,"I_sc_ref":8.17,"V_oc_ref":59.42,"I_mp_ref":7.69,"V_mp_ref":48.77,"alpha_sc":0.0036009999999999996,"beta_oc":-0.21819000000000002,"a_ref":2.6874,"I_L_ref":8.172,"I_o_ref":2.0300000000000002e-09,"R_s":0.37200000000000005,"R_sh_ref":1538.16,"Adjust":15.2,"PTC":327.4,"pdc0":375.0,"gamma_pdc":-0.00529,"gamma_r":-0.529}