{"Date":"01.05.2012","Version":"NRELv1","Technology":"Mono-c-Si","BIPV":"N","A_c":2.5639999999999996,"N_s":96.0,"T_NOCT":48.4,"I_sc_ref":8.61,"V_oc_ref":59.19,"I_mp_ref":8.14,"V_mp_ref":47.55,"alpha_sc":0.000868,"beta_oc":-0.22105,"a_ref":2.4741,"I_L_ref":8.61,"I_o_ref":3.51e-10,"R_s":0.544,"R_sh_ref":15156.5,"Adjust":-1.646,"PTC":339.7,"pdc0":387.0,"gamma_pdc":-0.00498,"gamma_r":-0.498}