{"Date":"5/22/2012","Version":"NRELv1","Technology":"Mono-c-Si","BIPV":"N","A_c":2.5639999999999996,"N_s":96.0,"T_NOCT":50.0,"I_sc_ref":8.99,"V_oc_ref":60.35,"I_mp_ref":8.51,"V_mp_ref":48.42,"alpha_sc":0.0035600000000000002,"beta_oc":-0.19801,"a_ref":2.4296,"I_L_ref":8.991,"I_o_ref":1.4699999999999998e-10,"R_s":0.562,"R_sh_ref":7356.0,"Adjust":3.707,"PTC":365.6,"pdc0":412.0,"gamma_pdc":-0.004370000000000001,"gamma_r":-0.43700000000000006}