{"Date":"01.05.2012","Version":"NRELv1","Technology":"Mono-c-Si","BIPV":"N","A_c":2.5639999999999996,"N_s":96.0,"T_NOCT":48.4,"I_sc_ref":8.66,"V_oc_ref":59.46,"I_mp_ref":8.2,"V_mp_ref":47.69,"alpha_sc":0.0008730000000000001,"beta_oc":-0.22205,"a_ref":2.4947,"I_L_ref":8.754,"I_o_ref":3.86e-10,"R_s":0.5489999999999999,"R_sh_ref":615.29,"Adjust":-0.983,"PTC":343.3,"pdc0":391.0,"gamma_pdc":-0.00498,"gamma_r":-0.498}