{"Date":"09.01.2013","Version":"NRELv1","Technology":"Mono-c-Si","BIPV":"N","A_c":2.5639999999999996,"N_s":96.0,"T_NOCT":43.2,"I_sc_ref":8.54,"V_oc_ref":58.9,"I_mp_ref":8.07,"V_mp_ref":47.34,"alpha_sc":0.00427,"beta_oc":-0.19437000000000001,"a_ref":2.4087,"I_L_ref":8.542,"I_o_ref":2.0400000000000002e-10,"R_s":0.556,"R_sh_ref":2730.56,"Adjust":6.225,"PTC":349.7,"pdc0":382.0,"gamma_pdc":-0.0044,"gamma_r":-0.44}