{"Date":"01.05.2012","Version":"NRELv1","Technology":"Mono-c-Si","BIPV":"N","A_c":2.5639999999999996,"N_s":96.0,"T_NOCT":48.4,"I_sc_ref":8.41,"V_oc_ref":58.4,"I_mp_ref":7.94,"V_mp_ref":46.98,"alpha_sc":0.000848,"beta_oc":-0.2181,"a_ref":2.4449,"I_L_ref":8.412,"I_o_ref":3.5499999999999996e-10,"R_s":0.54,"R_sh_ref":2895.64,"Adjust":-1.357,"PTC":327.0,"pdc0":373.0,"gamma_pdc":-0.00498,"gamma_r":-0.498}