{"Date":"09.01.2013","Version":"NRELv1","Technology":"Mono-c-Si","BIPV":"N","A_c":2.5639999999999996,"N_s":96.0,"T_NOCT":43.2,"I_sc_ref":8.63,"V_oc_ref":59.21,"I_mp_ref":8.15,"V_mp_ref":47.61,"alpha_sc":0.004315,"beta_oc":-0.19539,"a_ref":2.4228,"I_L_ref":8.632,"I_o_ref":2.0899999999999998e-10,"R_s":0.551,"R_sh_ref":2032.22,"Adjust":6.345,"PTC":355.3,"pdc0":388.0,"gamma_pdc":-0.0044,"gamma_r":-0.44}