{"Date":"09.01.2013","Version":"NRELv1","Technology":"Mono-c-Si","BIPV":"N","A_c":1.62,"N_s":60.0,"T_NOCT":44.6,"I_sc_ref":8.66,"V_oc_ref":36.81,"I_mp_ref":8.13,"V_mp_ref":29.77,"alpha_sc":0.003464,"beta_oc":-0.12147000000000001,"a_ref":1.5017,"I_L_ref":8.668,"I_o_ref":1.94e-10,"R_s":0.32,"R_sh_ref":348.31,"Adjust":5.7860000000000005,"PTC":220.0,"pdc0":242.0,"gamma_pdc":-0.0044,"gamma_r":-0.44}