{"Date":"5/22/2012","Version":"NRELv1","Technology":"Mono-c-Si","BIPV":"N","A_c":2.5639999999999996,"N_s":96.0,"T_NOCT":51.4,"I_sc_ref":8.76,"V_oc_ref":59.66,"I_mp_ref":8.29,"V_mp_ref":47.89,"alpha_sc":0.004379999999999999,"beta_oc":-0.21478000000000003,"a_ref":2.5574,"I_L_ref":8.855,"I_o_ref":6.469999999999999e-10,"R_s":0.526,"R_sh_ref":638.14,"Adjust":6.526,"PTC":344.6,"pdc0":397.0,"gamma_pdc":-0.0048,"gamma_r":-0.48}