{"Date":"6/17/2011","Version":"MM107","Technology":"Mono-c-Si","BIPV":"N","A_c":2.5639999999999996,"N_s":96.0,"T_NOCT":47.7,"I_sc_ref":8.43,"V_oc_ref":59.64,"I_mp_ref":7.93,"V_mp_ref":49.31,"alpha_sc":0.0037090000000000005,"beta_oc":-0.21936,"a_ref":2.7103,"I_L_ref":8.432,"I_o_ref":2.33e-09,"R_s":0.308,"R_sh_ref":1121.06,"Adjust":16.0,"PTC":341.9,"pdc0":391.0,"gamma_pdc":-0.00529,"gamma_r":-0.529}