{"Date":"5/22/2012","Version":"NRELv1","Technology":"Mono-c-Si","BIPV":"N","A_c":2.5639999999999996,"N_s":96.0,"T_NOCT":51.4,"I_sc_ref":8.73,"V_oc_ref":59.6,"I_mp_ref":8.26,"V_mp_ref":47.83,"alpha_sc":0.004365,"beta_oc":-0.21456,"a_ref":2.5547,"I_L_ref":8.825,"I_o_ref":6.439999999999999e-10,"R_s":0.529,"R_sh_ref":626.64,"Adjust":6.518,"PTC":342.8,"pdc0":395.0,"gamma_pdc":-0.0048,"gamma_r":-0.48}