{"Date":"5/22/2012","Version":"NRELv1","Technology":"Mono-c-Si","BIPV":"N","A_c":2.5639999999999996,"N_s":96.0,"T_NOCT":51.4,"I_sc_ref":9.07,"V_oc_ref":60.54,"I_mp_ref":8.58,"V_mp_ref":48.61,"alpha_sc":0.004535,"beta_oc":-0.21794000000000002,"a_ref":2.5961,"I_L_ref":9.169,"I_o_ref":6.759999999999999e-10,"R_s":0.513,"R_sh_ref":595.21,"Adjust":6.603,"PTC":362.6,"pdc0":417.0,"gamma_pdc":-0.0048,"gamma_r":-0.48}