{"Date":"5/22/2012","Version":"NRELv1","Technology":"Mono-c-Si","BIPV":"N","A_c":2.5639999999999996,"N_s":96.0,"T_NOCT":51.4,"I_sc_ref":9.02,"V_oc_ref":60.44,"I_mp_ref":8.55,"V_mp_ref":48.43,"alpha_sc":0.00451,"beta_oc":-0.21758000000000002,"a_ref":2.5856,"I_L_ref":9.116,"I_o_ref":6.370000000000001e-10,"R_s":0.529,"R_sh_ref":803.77,"Adjust":6.132999999999999,"PTC":359.9,"pdc0":414.0,"gamma_pdc":-0.0048,"gamma_r":-0.48}