{"Date":"09.01.2013","Version":"NRELv1","Technology":"Mono-c-Si","BIPV":"N","A_c":1.936,"N_s":72.0,"T_NOCT":45.9,"I_sc_ref":9.01,"V_oc_ref":45.45,"I_mp_ref":8.54,"V_mp_ref":36.42,"alpha_sc":0.0045049999999999995,"beta_oc":-0.14999,"a_ref":1.8617,"I_L_ref":9.109,"I_o_ref":2.25e-10,"R_s":0.418,"R_sh_ref":451.09,"Adjust":6.5360000000000005,"PTC":281.4,"pdc0":311.0,"gamma_pdc":-0.0044,"gamma_r":-0.44}