{"Date":"5/22/2012","Version":"NRELv1","Technology":"Mono-c-Si","BIPV":"N","A_c":2.5639999999999996,"N_s":96.0,"T_NOCT":50.0,"I_sc_ref":8.84,"V_oc_ref":60.04,"I_mp_ref":8.37,"V_mp_ref":48.15,"alpha_sc":0.0035009999999999998,"beta_oc":-0.19699,"a_ref":2.4162,"I_L_ref":8.84,"I_o_ref":1.43e-10,"R_s":0.5710000000000001,"R_sh_ref":12367.9,"Adjust":3.6310000000000002,"PTC":357.4,"pdc0":403.0,"gamma_pdc":-0.004370000000000001,"gamma_r":-0.43700000000000006}