{"Date":"09.01.2013","Version":"NRELv1","Technology":"Mono-c-Si","BIPV":"N","A_c":1.936,"N_s":72.0,"T_NOCT":45.9,"I_sc_ref":8.57,"V_oc_ref":44.25,"I_mp_ref":8.1,"V_mp_ref":35.56,"alpha_sc":0.004285,"beta_oc":-0.14603,"a_ref":1.8092,"I_L_ref":8.572000000000001,"I_o_ref":2.0400000000000002e-10,"R_s":0.41700000000000004,"R_sh_ref":2299.91,"Adjust":6.185,"PTC":260.1,"pdc0":288.0,"gamma_pdc":-0.0044,"gamma_r":-0.44}