{"Date":"6/17/2011","Version":"MM107","Technology":"Mono-c-Si","BIPV":"N","A_c":2.5639999999999996,"N_s":96.0,"T_NOCT":47.7,"I_sc_ref":8.64,"V_oc_ref":60.3,"I_mp_ref":8.09,"V_mp_ref":50.0,"alpha_sc":0.0038020000000000003,"beta_oc":-0.22178,"a_ref":2.7526,"I_L_ref":8.644,"I_o_ref":2.62e-09,"R_s":0.281,"R_sh_ref":564.32,"Adjust":16.9,"PTC":353.7,"pdc0":404.0,"gamma_pdc":-0.00529,"gamma_r":-0.529}