{"Date":"01.05.2012","Version":"NRELv1","Technology":"Mono-c-Si","BIPV":"N","A_c":2.5639999999999996,"N_s":96.0,"T_NOCT":48.3,"I_sc_ref":8.76,"V_oc_ref":59.66,"I_mp_ref":8.29,"V_mp_ref":47.89,"alpha_sc":0.000915,"beta_oc":-0.21691999999999997,"a_ref":2.4079,"I_L_ref":8.761000000000001,"I_o_ref":1.52e-10,"R_s":0.565,"R_sh_ref":5670.05,"Adjust":-5.642,"PTC":352.1,"pdc0":397.0,"gamma_pdc":-0.00466,"gamma_r":-0.466}