{"Date":"10/20/2011","Version":"NRELv1","Technology":"Mono-c-Si","BIPV":"N","A_c":2.5639999999999996,"N_s":96.0,"T_NOCT":47.7,"I_sc_ref":8.49,"V_oc_ref":59.71,"I_mp_ref":7.98,"V_mp_ref":49.53,"alpha_sc":0.0037359999999999997,"beta_oc":-0.21961,"a_ref":2.719,"I_L_ref":8.493,"I_o_ref":2.44e-09,"R_s":0.282,"R_sh_ref":913.25,"Adjust":16.58,"PTC":345.5,"pdc0":395.0,"gamma_pdc":-0.00529,"gamma_r":-0.529}