{"Date":"02.01.2012","Version":"NRELv1","Technology":"Mono-c-Si","BIPV":"N","A_c":1.567,"N_s":60.0,"T_NOCT":48.4,"I_sc_ref":8.58,"V_oc_ref":37.4,"I_mp_ref":7.91,"V_mp_ref":31.6,"alpha_sc":0.009351,"beta_oc":-0.14137,"a_ref":1.7518,"I_L_ref":8.585,"I_o_ref":4.44e-09,"R_s":0.08,"R_sh_ref":133.87,"Adjust":18.38,"PTC":221.4,"pdc0":250.0,"gamma_pdc":-0.00472,"gamma_r":-0.47200000000000003}