{"Date":"02.01.2012","Version":"NRELv1","Technology":"Mono-c-Si","BIPV":"N","A_c":1.567,"N_s":60.0,"T_NOCT":48.4,"I_sc_ref":8.28,"V_oc_ref":37.1,"I_mp_ref":7.56,"V_mp_ref":31.1,"alpha_sc":0.009025,"beta_oc":-0.14024,"a_ref":1.7406,"I_L_ref":8.289,"I_o_ref":4.39e-09,"R_s":0.11599999999999999,"R_sh_ref":102.88,"Adjust":18.64,"PTC":207.7,"pdc0":235.0,"gamma_pdc":-0.00472,"gamma_r":-0.47200000000000003}