{"Date":"9/27/2011","Version":"MM107","Technology":"Mono-c-Si","BIPV":"N","A_c":1.6230000000000002,"N_s":60.0,"T_NOCT":49.8,"I_sc_ref":8.26,"V_oc_ref":37.0,"I_mp_ref":7.48,"V_mp_ref":30.9,"alpha_sc":0.000826,"beta_oc":-0.1221,"a_ref":1.5752,"I_L_ref":8.279,"I_o_ref":4.91e-10,"R_s":0.17800000000000002,"R_sh_ref":76.5,"Adjust":14.8,"PTC":201.5,"pdc0":230.0,"gamma_pdc":-0.004699999999999999,"gamma_r":-0.47}