{"Date":"02.01.2012","Version":"NRELv1","Technology":"Mono-c-Si","BIPV":"N","A_c":1.567,"N_s":60.0,"T_NOCT":48.4,"I_sc_ref":8.37,"V_oc_ref":37.2,"I_mp_ref":7.72,"V_mp_ref":31.2,"alpha_sc":0.009123000000000001,"beta_oc":-0.14062,"a_ref":1.7341,"I_L_ref":8.377,"I_o_ref":3.91e-09,"R_s":0.11699999999999999,"R_sh_ref":141.22,"Adjust":17.38,"PTC":212.3,"pdc0":240.0,"gamma_pdc":-0.00472,"gamma_r":-0.47200000000000003}