{"Date":"02.01.2012","Version":"NRELv1","Technology":"Multi-c-Si","BIPV":"N","A_c":1.609,"N_s":60.0,"T_NOCT":48.5,"I_sc_ref":8.77,"V_oc_ref":36.0,"I_mp_ref":7.83,"V_mp_ref":30.0,"alpha_sc":0.003508,"beta_oc":-0.1152,"a_ref":1.5557,"I_L_ref":8.796,"I_o_ref":7.26e-10,"R_s":0.166,"R_sh_ref":54.86,"Adjust":21.47,"PTC":208.7,"pdc0":235.0,"gamma_pdc":-0.0045000000000000005,"gamma_r":-0.45}