{"Date":"12/27/2012","Version":"NRELv1","Technology":"Multi-c-Si","BIPV":"N","A_c":1.883,"N_s":72.0,"T_NOCT":48.6,"I_sc_ref":8.07,"V_oc_ref":45.0,"I_mp_ref":7.58,"V_mp_ref":37.5,"alpha_sc":0.008151,"beta_oc":-0.1656,"a_ref":2.0085,"I_L_ref":8.073,"I_o_ref":1.49e-09,"R_s":0.209,"R_sh_ref":535.27,"Adjust":11.73,"PTC":253.3,"pdc0":285.0,"gamma_pdc":-0.0045000000000000005,"gamma_r":-0.45}