{"Date":"12/27/2012","Version":"NRELv1","Technology":"Multi-c-Si","BIPV":"N","A_c":1.883,"N_s":72.0,"T_NOCT":48.6,"I_sc_ref":8.15,"V_oc_ref":45.3,"I_mp_ref":7.75,"V_mp_ref":38.1,"alpha_sc":0.008232,"beta_oc":-0.1667,"a_ref":2.0283,"I_L_ref":8.232999999999999,"I_o_ref":1.6300000000000002e-09,"R_s":0.154,"R_sh_ref":647.92,"Adjust":12.4,"PTC":262.4,"pdc0":295.0,"gamma_pdc":-0.0045000000000000005,"gamma_r":-0.45}