{"Date":"04.02.2014","Version":"NRELv1","Technology":"Multi-c-Si","BIPV":"N","A_c":1.5759999999999998,"N_s":60.0,"T_NOCT":52.2,"I_sc_ref":9.07,"V_oc_ref":37.8,"I_mp_ref":8.22,"V_mp_ref":31.6,"alpha_sc":0.002902,"beta_oc":-0.11945,"a_ref":1.5730000000000002,"I_L_ref":9.092,"I_o_ref":3.13e-10,"R_s":0.171,"R_sh_ref":70.85,"Adjust":14.7,"PTC":228.8,"pdc0":260.0,"gamma_pdc":-0.0043,"gamma_r":-0.43}