{"Date":"03.03.2014","Version":"NRELv1","Technology":"Multi-c-Si","BIPV":"N","A_c":1.5759999999999998,"N_s":60.0,"T_NOCT":50.0,"I_sc_ref":8.95,"V_oc_ref":37.7,"I_mp_ref":8.14,"V_mp_ref":31.3,"alpha_sc":0.010472,"beta_oc":-0.13685,"a_ref":1.7328,"I_L_ref":8.967,"I_o_ref":3.03e-09,"R_s":0.16,"R_sh_ref":86.63,"Adjust":19.05,"PTC":225.4,"pdc0":255.0,"gamma_pdc":-0.0045000000000000005,"gamma_r":-0.45}