{"Date":"06.01.2013","Version":"NRELv1","Technology":"Multi-c-Si","BIPV":"N","A_c":1.6269999999999998,"N_s":60.0,"T_NOCT":44.3,"I_sc_ref":8.83,"V_oc_ref":37.4,"I_mp_ref":8.31,"V_mp_ref":30.1,"alpha_sc":0.007682,"beta_oc":-0.15252000000000002,"a_ref":1.5822,"I_L_ref":8.834,"I_o_ref":4.76e-10,"R_s":0.324,"R_sh_ref":704.17,"Adjust":-8.755,"PTC":228.8,"pdc0":250.0,"gamma_pdc":-0.00419,"gamma_r":-0.419}