{"Date":"03.03.2014","Version":"NRELv1","Technology":"Multi-c-Si","BIPV":"N","A_c":1.5759999999999998,"N_s":60.0,"T_NOCT":50.0,"I_sc_ref":8.1,"V_oc_ref":37.6,"I_mp_ref":7.65,"V_mp_ref":31.6,"alpha_sc":0.009477,"beta_oc":-0.13649,"a_ref":1.6997,"I_L_ref":8.101,"I_o_ref":1.99e-09,"R_s":0.129,"R_sh_ref":1183.39,"Adjust":15.82,"PTC":211.7,"pdc0":240.0,"gamma_pdc":-0.0045000000000000005,"gamma_r":-0.45}