{"Date":"03.03.2014","Version":"NRELv1","Technology":"Multi-c-Si","BIPV":"N","A_c":1.5759999999999998,"N_s":60.0,"T_NOCT":50.0,"I_sc_ref":8.21,"V_oc_ref":37.9,"I_mp_ref":7.84,"V_mp_ref":31.9,"alpha_sc":0.009606,"beta_oc":-0.13758,"a_ref":1.7121,"I_L_ref":8.293,"I_o_ref":2.0100000000000003e-09,"R_s":0.121,"R_sh_ref":1635.26,"Adjust":15.7,"PTC":220.9,"pdc0":250.0,"gamma_pdc":-0.0045000000000000005,"gamma_r":-0.45}