{"Date":"03.03.2014","Version":"NRELv1","Technology":"Multi-c-Si","BIPV":"N","A_c":1.883,"N_s":72.0,"T_NOCT":48.6,"I_sc_ref":8.1,"V_oc_ref":45.1,"I_mp_ref":7.66,"V_mp_ref":37.9,"alpha_sc":0.008181,"beta_oc":-0.16597,"a_ref":2.0145,"I_L_ref":8.101,"I_o_ref":1.5299999999999999e-09,"R_s":0.162,"R_sh_ref":1881.4,"Adjust":11.93,"PTC":257.9,"pdc0":290.0,"gamma_pdc":-0.0045000000000000005,"gamma_r":-0.45}