{"Date":"06.01.2013","Version":"NRELv1","Technology":"Multi-c-Si","BIPV":"N","A_c":1.94,"N_s":72.0,"T_NOCT":44.3,"I_sc_ref":8.56,"V_oc_ref":44.6,"I_mp_ref":8.08,"V_mp_ref":35.9,"alpha_sc":0.007447,"beta_oc":-0.18188,"a_ref":1.8836,"I_L_ref":8.561,"I_o_ref":4.4499999999999996e-10,"R_s":0.39799999999999996,"R_sh_ref":2360.11,"Adjust":-9.035,"PTC":265.3,"pdc0":290.0,"gamma_pdc":-0.00419,"gamma_r":-0.419}