{"Date":"10/30/2012","Version":"NRELv1","Technology":"Multi-c-Si","BIPV":"N","A_c":1.6269999999999998,"N_s":60.0,"T_NOCT":44.2,"I_sc_ref":8.67,"V_oc_ref":37.1,"I_mp_ref":8.09,"V_mp_ref":30.3,"alpha_sc":0.007794,"beta_oc":-0.21793,"a_ref":1.6826,"I_L_ref":8.677,"I_o_ref":2.27e-09,"R_s":0.239,"R_sh_ref":284.45,"Adjust":-28.17,"PTC":222.9,"pdc0":245.0,"gamma_pdc":-0.00447,"gamma_r":-0.447}