{"Date":"10/30/2012","Version":"NRELv1","Technology":"Multi-c-Si","BIPV":"N","A_c":1.94,"N_s":72.0,"T_NOCT":47.8,"I_sc_ref":8.55,"V_oc_ref":45.0,"I_mp_ref":8.19,"V_mp_ref":35.4,"alpha_sc":0.00808,"beta_oc":-0.18842,"a_ref":1.9366,"I_L_ref":8.725,"I_o_ref":7.04e-10,"R_s":0.499,"R_sh_ref":1312.37,"Adjust":-8.267999999999999,"PTC":259.1,"pdc0":290.0,"gamma_pdc":-0.00444,"gamma_r":-0.444}