{"Date":"06.01.2013","Version":"NRELv1","Technology":"Multi-c-Si","BIPV":"N","A_c":1.6269999999999998,"N_s":60.0,"T_NOCT":44.3,"I_sc_ref":8.64,"V_oc_ref":37.2,"I_mp_ref":8.08,"V_mp_ref":29.7,"alpha_sc":0.007517,"beta_oc":-0.1517,"a_ref":1.5719,"I_L_ref":8.65,"I_o_ref":4.5e-10,"R_s":0.364,"R_sh_ref":327.25,"Adjust":-8.995,"PTC":219.5,"pdc0":240.0,"gamma_pdc":-0.00419,"gamma_r":-0.419}