{"Date":"06.01.2013","Version":"NRELv1","Technology":"Multi-c-Si","BIPV":"N","A_c":1.94,"N_s":72.0,"T_NOCT":44.3,"I_sc_ref":8.8,"V_oc_ref":45.0,"I_mp_ref":8.38,"V_mp_ref":37.0,"alpha_sc":0.0076560000000000005,"beta_oc":-0.18350999999999998,"a_ref":1.9252,"I_L_ref":8.891,"I_o_ref":6.23e-10,"R_s":0.27699999999999997,"R_sh_ref":816.71,"Adjust":-6.777,"PTC":284.0,"pdc0":310.0,"gamma_pdc":-0.00419,"gamma_r":-0.419}