{"Date":"03.03.2014","Version":"NRELv1","Technology":"Multi-c-Si","BIPV":"N","A_c":1.883,"N_s":72.0,"T_NOCT":48.6,"I_sc_ref":8.19,"V_oc_ref":45.4,"I_mp_ref":7.84,"V_mp_ref":38.3,"alpha_sc":0.008272,"beta_oc":-0.16707,"a_ref":2.0281,"I_L_ref":8.272,"I_o_ref":1.57e-09,"R_s":0.139,"R_sh_ref":7893.75,"Adjust":11.98,"PTC":267.0,"pdc0":300.0,"gamma_pdc":-0.0045000000000000005,"gamma_r":-0.45}