{"Date":"04.02.2014","Version":"NRELv1","Technology":"Multi-c-Si","BIPV":"N","A_c":1.883,"N_s":72.0,"T_NOCT":48.6,"I_sc_ref":9.01,"V_oc_ref":45.3,"I_mp_ref":8.34,"V_mp_ref":37.2,"alpha_sc":0.001982,"beta_oc":-0.15311,"a_ref":1.8559999999999999,"I_L_ref":9.027000000000001,"I_o_ref":2.2e-10,"R_s":0.303,"R_sh_ref":157.21,"Adjust":4.27,"PTC":276.6,"pdc0":310.0,"gamma_pdc":-0.00445,"gamma_r":-0.445}