{"Date":"12/27/2012","Version":"NRELv1","Technology":"Mono-c-Si","BIPV":"N","A_c":1.5759999999999998,"N_s":60.0,"T_NOCT":48.1,"I_sc_ref":8.96,"V_oc_ref":38.1,"I_mp_ref":8.45,"V_mp_ref":30.2,"alpha_sc":0.009766,"beta_oc":-0.13564,"a_ref":1.6483,"I_L_ref":9.06,"I_o_ref":8.19e-10,"R_s":0.376,"R_sh_ref":336.76,"Adjust":8.936,"PTC":228.2,"pdc0":255.0,"gamma_pdc":-0.00442,"gamma_r":-0.442}