{"Date":"12/27/2012","Version":"NRELv1","Technology":"Mono-c-Si","BIPV":"N","A_c":1.5759999999999998,"N_s":60.0,"T_NOCT":49.2,"I_sc_ref":9.05,"V_oc_ref":37.95,"I_mp_ref":8.5,"V_mp_ref":30.01,"alpha_sc":0.008690999999999999,"beta_oc":-0.13396,"a_ref":1.6255,"I_L_ref":9.054,"I_o_ref":6.54e-10,"R_s":0.387,"R_sh_ref":855.25,"Adjust":7.989,"PTC":226.5,"pdc0":255.0,"gamma_pdc":-0.00448,"gamma_r":-0.44799999999999995}