{"Date":"02.01.2012","Version":"NRELv1","Technology":"Mono-c-Si","BIPV":"N","A_c":1.567,"N_s":60.0,"T_NOCT":47.2,"I_sc_ref":8.34,"V_oc_ref":37.07,"I_mp_ref":7.88,"V_mp_ref":29.96,"alpha_sc":0.010012,"beta_oc":-0.13679000000000002,"a_ref":1.6753,"I_L_ref":8.429,"I_o_ref":2.0499999999999997e-09,"R_s":0.292,"R_sh_ref":425.66,"Adjust":13.8,"PTC":209.4,"pdc0":235.0,"gamma_pdc":-0.0046700000000000005,"gamma_r":-0.467}