{"Date":"10/30/2012","Version":"NRELv1","Technology":"Mono-c-Si","BIPV":"N","A_c":1.883,"N_s":72.0,"T_NOCT":47.7,"I_sc_ref":8.84,"V_oc_ref":45.24,"I_mp_ref":8.3,"V_mp_ref":35.52,"alpha_sc":0.003271,"beta_oc":-0.16241,"a_ref":1.8613,"I_L_ref":8.846,"I_o_ref":2.4400000000000004e-10,"R_s":0.525,"R_sh_ref":754.81,"Adjust":-1.1059999999999999,"PTC":262.6,"pdc0":295.0,"gamma_pdc":-0.0046500000000000005,"gamma_r":-0.465}