{"Date":"02.01.2012","Version":"NRELv1","Technology":"Mono-c-Si","BIPV":"N","A_c":1.567,"N_s":60.0,"T_NOCT":47.2,"I_sc_ref":8.52,"V_oc_ref":37.22,"I_mp_ref":8.0,"V_mp_ref":30.02,"alpha_sc":0.010226,"beta_oc":-0.13734000000000002,"a_ref":1.6777,"I_L_ref":8.523,"I_o_ref":1.9600000000000003e-09,"R_s":0.3,"R_sh_ref":825.52,"Adjust":13.27,"PTC":214.0,"pdc0":240.0,"gamma_pdc":-0.0046700000000000005,"gamma_r":-0.467}