{"Date":"12/27/2012","Version":"NRELv1","Technology":"Mono-c-Si","BIPV":"N","A_c":1.5759999999999998,"N_s":60.0,"T_NOCT":48.1,"I_sc_ref":8.84,"V_oc_ref":37.6,"I_mp_ref":8.3,"V_mp_ref":29.5,"alpha_sc":0.009636,"beta_oc":-0.13385999999999998,"a_ref":1.6129,"I_L_ref":8.843,"I_o_ref":6.62e-10,"R_s":0.424,"R_sh_ref":1115.72,"Adjust":7.228,"PTC":218.9,"pdc0":245.0,"gamma_pdc":-0.00442,"gamma_r":-0.442}