{"Date":"12/27/2012","Version":"NRELv1","Technology":"Mono-c-Si","BIPV":"N","A_c":1.5759999999999998,"N_s":60.0,"T_NOCT":49.2,"I_sc_ref":9.08,"V_oc_ref":38.11,"I_mp_ref":8.6,"V_mp_ref":30.2,"alpha_sc":0.008717,"beta_oc":-0.13451,"a_ref":1.6346,"I_L_ref":9.177,"I_o_ref":6.819999999999999e-10,"R_s":0.375,"R_sh_ref":570.46,"Adjust":8.275,"PTC":231.1,"pdc0":260.0,"gamma_pdc":-0.00448,"gamma_r":-0.44799999999999995}