{"Date":"01.02.2014","Version":"NRELv1","Technology":"Mono-c-Si","BIPV":"N","A_c":1.8519999999999999,"N_s":72.0,"T_NOCT":49.9,"I_sc_ref":9.2,"V_oc_ref":46.1,"I_mp_ref":8.69,"V_mp_ref":36.8,"alpha_sc":0.003404,"beta_oc":-0.15858,"a_ref":1.9056,"I_L_ref":9.201,"I_o_ref":2.86e-10,"R_s":0.43200000000000005,"R_sh_ref":3904.76,"Adjust":4.2010000000000005,"PTC":282.5,"pdc0":320.0,"gamma_pdc":-0.0046500000000000005,"gamma_r":-0.465}