{"Date":"01.02.2014","Version":"NRELv1","Technology":"Mono-c-Si","BIPV":"N","A_c":1.8519999999999999,"N_s":72.0,"T_NOCT":49.9,"I_sc_ref":9.27,"V_oc_ref":46.3,"I_mp_ref":8.77,"V_mp_ref":37.0,"alpha_sc":0.00343,"beta_oc":-0.15927,"a_ref":1.9234,"I_L_ref":9.372,"I_o_ref":3.25e-10,"R_s":0.42100000000000004,"R_sh_ref":403.79,"Adjust":5.165,"PTC":287.1,"pdc0":325.0,"gamma_pdc":-0.0046500000000000005,"gamma_r":-0.465}