{"Technology":"Mono-c-Si","BIPV":"N","A_c":1.5759999999999998,"N_s":60.0,"T_NOCT":48.0,"PTC":269.5,"pdc0":300.0,"gamma_pdc":-0.0045000000000000005}