{"Date":"10/30/2012","Version":"NRELv1","Technology":"Mono-c-Si","BIPV":"N","A_c":1.883,"N_s":72.0,"T_NOCT":47.7,"I_sc_ref":9.06,"V_oc_ref":45.73,"I_mp_ref":8.56,"V_mp_ref":36.24,"alpha_sc":0.0033520000000000004,"beta_oc":-0.16416,"a_ref":1.895,"I_L_ref":9.162,"I_o_ref":2.99e-10,"R_s":0.467,"R_sh_ref":389.26,"Adjust":0.2631,"PTC":276.4,"pdc0":310.0,"gamma_pdc":-0.0046500000000000005,"gamma_r":-0.465}