{"Date":"7/14/2009","Version":"MM106","Technology":"Mono-c-Si","BIPV":"N","A_c":1.281,"N_s":72.0,"T_NOCT":47.4,"I_sc_ref":5.2,"V_oc_ref":44.0,"I_mp_ref":4.74,"V_mp_ref":34.8,"alpha_sc":0.00247,"beta_oc":-0.1771,"a_ref":2.0099,"I_L_ref":5.218,"I_o_ref":1.56e-09,"R_s":0.74,"R_sh_ref":208.61,"Adjust":6.7,"PTC":143.5,"pdc0":165.0,"gamma_pdc":-0.005350000000000001,"gamma_r":-0.535}