{"Date":"04.01.2010","Version":"MM107","Technology":"Multi-c-Si","BIPV":"N","A_c":1.642,"N_s":60.0,"T_NOCT":43.4,"I_sc_ref":8.27,"V_oc_ref":36.88,"I_mp_ref":7.55,"V_mp_ref":29.76,"alpha_sc":0.0043,"beta_oc":-0.1269,"a_ref":1.5945,"I_L_ref":8.297,"I_o_ref":7.149999999999999e-10,"R_s":0.325,"R_sh_ref":100.07,"Adjust":12.9,"PTC":204.1,"pdc0":225.0,"gamma_pdc":-0.00469,"gamma_r":-0.469}