{"Date":"02.11.2010","Version":"MM107","Technology":"Mono-c-Si","BIPV":"N","A_c":1.2770000000000001,"N_s":72.0,"T_NOCT":45.9,"I_sc_ref":5.2,"V_oc_ref":45.0,"I_mp_ref":5.0,"V_mp_ref":36.0,"alpha_sc":0.002132,"beta_oc":-0.1458,"a_ref":1.8051,"I_L_ref":5.28,"I_o_ref":7.859999999999999e-11,"R_s":0.7390000000000001,"R_sh_ref":100000.0,"Adjust":4.1,"PTC":162.6,"pdc0":180.0,"gamma_pdc":-0.00434,"gamma_r":-0.434}