{"Date":"01.04.2010","Version":"MM106","Technology":"Multi-c-Si","BIPV":"N","A_c":1.609,"N_s":60.0,"T_NOCT":43.6,"I_sc_ref":8.01,"V_oc_ref":36.5,"I_mp_ref":7.43,"V_mp_ref":29.0,"alpha_sc":0.002884,"beta_oc":-0.12666,"a_ref":1.446,"I_L_ref":8.031,"I_o_ref":8.52e-11,"R_s":0.435,"R_sh_ref":167.45,"Adjust":-5.3,"PTC":197.0,"pdc0":215.0,"gamma_pdc":-0.00417,"gamma_r":-0.41700000000000004}