{"Date":"10.01.2012","Version":"NRELv1","Technology":"Mono-c-Si","BIPV":"N","A_c":1.611,"N_s":60.0,"T_NOCT":47.3,"I_sc_ref":8.72,"V_oc_ref":37.92,"I_mp_ref":8.34,"V_mp_ref":30.86,"alpha_sc":0.005181,"beta_oc":-0.11429,"a_ref":1.5592,"I_L_ref":8.808,"I_o_ref":2.41e-10,"R_s":0.294,"R_sh_ref":3072.79,"Adjust":17.53,"PTC":229.2,"pdc0":255.0,"gamma_pdc":-0.004370000000000001,"gamma_r":-0.43700000000000006}