{"Date":"10.01.2012","Version":"NRELv1","Technology":"Multi-c-Si","BIPV":"N","A_c":1.6680000000000001,"N_s":60.0,"T_NOCT":45.7,"I_sc_ref":7.89,"V_oc_ref":37.0,"I_mp_ref":7.37,"V_mp_ref":30.5,"alpha_sc":0.004654999999999999,"beta_oc":-0.12469000000000001,"a_ref":1.5924,"I_L_ref":7.897,"I_o_ref":6.29e-10,"R_s":0.243,"R_sh_ref":258.76,"Adjust":14.55,"PTC":201.9,"pdc0":225.0,"gamma_pdc":-0.00461,"gamma_r":-0.461}