{"Date":"01.04.2010","Version":"MM106","Technology":"Multi-c-Si","BIPV":"N","A_c":1.609,"N_s":60.0,"T_NOCT":43.6,"I_sc_ref":7.6,"V_oc_ref":36.2,"I_mp_ref":7.1,"V_mp_ref":28.9,"alpha_sc":0.002736,"beta_oc":-0.12561,"a_ref":1.4324,"I_L_ref":7.6129999999999995,"I_o_ref":7.900000000000001e-11,"R_s":0.431,"R_sh_ref":256.18,"Adjust":-5.5,"PTC":187.6,"pdc0":205.0,"gamma_pdc":-0.00417,"gamma_r":-0.41700000000000004}