{"Date":"10.01.2012","Version":"NRELv1","Technology":"Mono-c-Si","BIPV":"N","A_c":1.6380000000000001,"N_s":60.0,"T_NOCT":46.9,"I_sc_ref":8.6,"V_oc_ref":37.8,"I_mp_ref":8.09,"V_mp_ref":30.78,"alpha_sc":0.004678,"beta_oc":-0.13086,"a_ref":1.5895,"I_L_ref":8.605,"I_o_ref":4.0099999999999996e-10,"R_s":0.289,"R_sh_ref":502.02,"Adjust":6.776,"PTC":219.5,"pdc0":245.0,"gamma_pdc":-0.00451,"gamma_r":-0.451}