{"Date":"10.01.2012","Version":"NRELv1","Technology":"Mono-c-Si","BIPV":"N","A_c":1.6380000000000001,"N_s":60.0,"T_NOCT":46.9,"I_sc_ref":8.54,"V_oc_ref":37.74,"I_mp_ref":7.97,"V_mp_ref":30.73,"alpha_sc":0.004646,"beta_oc":-0.13066,"a_ref":1.5944,"I_L_ref":8.551,"I_o_ref":4.4e-10,"R_s":0.29,"R_sh_ref":235.79,"Adjust":7.6770000000000005,"PTC":214.9,"pdc0":240.0,"gamma_pdc":-0.00451,"gamma_r":-0.451}