{"Date":"03.01.2011","Version":"MM107","Technology":"1-a-Si","BIPV":"N","A_c":5.72,"N_s":216.0,"T_NOCT":44.3,"I_sc_ref":3.02,"V_oc_ref":191.1,"I_mp_ref":2.41,"V_mp_ref":149.1,"alpha_sc":0.0029289999999999997,"beta_oc":-0.66694,"a_ref":7.5422,"I_L_ref":3.1010000000000004,"I_o_ref":2.4199999999999998e-11,"R_s":7.824,"R_sh_ref":290.76,"Adjust":-8.5,"PTC":338.4,"pdc0":360.0,"gamma_pdc":-0.0025900000000000003,"gamma_r":-0.259}