{"Date":"10/26/2011","Version":"NRELv1","Technology":"Multi-c-Si","BIPV":"N","A_c":1.6680000000000001,"N_s":60.0,"T_NOCT":45.7,"I_sc_ref":8.59,"V_oc_ref":37.6,"I_mp_ref":8.02,"V_mp_ref":30.9,"alpha_sc":0.005068,"beta_oc":-0.12671,"a_ref":1.6158,"I_L_ref":8.599,"I_o_ref":6.610000000000001e-10,"R_s":0.24,"R_sh_ref":237.53,"Adjust":14.23,"PTC":220.3,"pdc0":245.0,"gamma_pdc":-0.00461,"gamma_r":-0.461}