{"Date":"7/14/2009","Version":"MM106","Technology":"Multi-c-Si","BIPV":"N","A_c":1.383,"N_s":50.0,"T_NOCT":45.0,"I_sc_ref":7.73,"V_oc_ref":29.7,"I_mp_ref":7.06,"V_mp_ref":23.4,"alpha_sc":0.0033009999999999997,"beta_oc":-0.10802,"a_ref":1.3084,"I_L_ref":7.7589999999999995,"I_o_ref":1.0300000000000002e-09,"R_s":0.364,"R_sh_ref":96.42,"Adjust":10.7,"PTC":146.4,"pdc0":165.0,"gamma_pdc":-0.0051,"gamma_r":-0.51}