{"Date":"8/27/2009","Version":"MM106","Technology":"Multi-c-Si","BIPV":"N","A_c":1.264,"N_s":50.0,"T_NOCT":46.4,"I_sc_ref":7.36,"V_oc_ref":30.4,"I_mp_ref":6.83,"V_mp_ref":24.2,"alpha_sc":0.004828,"beta_oc":-0.1119,"a_ref":1.3411,"I_L_ref":7.372000000000001,"I_o_ref":1.0300000000000002e-09,"R_s":0.34600000000000003,"R_sh_ref":205.1,"Adjust":9.5,"PTC":146.1,"pdc0":165.0,"gamma_pdc":-0.00493,"gamma_r":-0.493}