{"Date":"7/14/2009","Version":"MM106","Technology":"Multi-c-Si","BIPV":"N","A_c":1.383,"N_s":50.0,"T_NOCT":46.4,"I_sc_ref":8.03,"V_oc_ref":30.4,"I_mp_ref":7.45,"V_mp_ref":24.2,"alpha_sc":0.006055,"beta_oc":-0.10421,"a_ref":1.2817,"I_L_ref":8.047,"I_o_ref":3.9300000000000004e-10,"R_s":0.33299999999999996,"R_sh_ref":161.92,"Adjust":7.9,"PTC":161.6,"pdc0":180.0,"gamma_pdc":-0.0044,"gamma_r":-0.44}