{"Date":"12.01.2013","Version":"NRELv1","Technology":"Mono-c-Si","BIPV":"N","A_c":1.2790000000000001,"N_s":72.0,"T_NOCT":45.8,"I_sc_ref":5.56,"V_oc_ref":46.1,"I_mp_ref":5.05,"V_mp_ref":38.6,"alpha_sc":0.004064,"beta_oc":-0.17371,"a_ref":2.031,"I_L_ref":5.57,"I_o_ref":7.320000000000001e-10,"R_s":0.27899999999999997,"R_sh_ref":155.52,"Adjust":6.56,"PTC":176.6,"pdc0":195.0,"gamma_pdc":-0.00434,"gamma_r":-0.434}