{"Date":"12.01.2013","Version":"NRELv1","Technology":"Mono-c-Si","BIPV":"N","A_c":1.6340000000000001,"N_s":60.0,"T_NOCT":45.8,"I_sc_ref":8.55,"V_oc_ref":37.57,"I_mp_ref":7.92,"V_mp_ref":30.3,"alpha_sc":0.006917,"beta_oc":-0.15607000000000001,"a_ref":1.6325,"I_L_ref":8.566,"I_o_ref":8.450000000000001e-10,"R_s":0.319,"R_sh_ref":173.04,"Adjust":-5.81,"PTC":216.7,"pdc0":240.0,"gamma_pdc":-0.00442,"gamma_r":-0.442}