{"Date":"12.01.2013","Version":"NRELv1","Technology":"Mono-c-Si","BIPV":"N","A_c":1.6340000000000001,"N_s":60.0,"T_NOCT":45.8,"I_sc_ref":8.79,"V_oc_ref":38.07,"I_mp_ref":8.14,"V_mp_ref":30.7,"alpha_sc":0.007111,"beta_oc":-0.15814,"a_ref":1.6544,"I_L_ref":8.806000000000001,"I_o_ref":8.71e-10,"R_s":0.315,"R_sh_ref":168.25,"Adjust":-5.792000000000001,"PTC":226.0,"pdc0":250.0,"gamma_pdc":-0.00442,"gamma_r":-0.442}