{"Date":"12.01.2013","Version":"NRELv1","Technology":"Mono-c-Si","BIPV":"N","A_c":1.2790000000000001,"N_s":72.0,"T_NOCT":45.8,"I_sc_ref":5.82,"V_oc_ref":45.9,"I_mp_ref":5.43,"V_mp_ref":36.8,"alpha_sc":0.004254,"beta_oc":-0.17295,"a_ref":1.9355,"I_L_ref":5.827999999999999,"I_o_ref":2.88e-10,"R_s":0.637,"R_sh_ref":463.04,"Adjust":-1.685,"PTC":181.2,"pdc0":200.0,"gamma_pdc":-0.00434,"gamma_r":-0.434}