{"Date":"12.01.2013","Version":"NRELv1","Technology":"Mono-c-Si","BIPV":"N","A_c":1.9369999999999998,"N_s":72.0,"T_NOCT":46.3,"I_sc_ref":8.9,"V_oc_ref":44.5,"I_mp_ref":8.29,"V_mp_ref":36.2,"alpha_sc":0.006248,"beta_oc":-0.16812,"a_ref":1.8875,"I_L_ref":8.912,"I_o_ref":5.03e-10,"R_s":0.331,"R_sh_ref":239.73,"Adjust":-0.8245,"PTC":271.1,"pdc0":300.0,"gamma_pdc":-0.00433,"gamma_r":-0.433}