{"Date":"01.02.2014","Version":"NRELv1","Technology":"Multi-c-Si","BIPV":"N","A_c":1.9369999999999998,"N_s":72.0,"T_NOCT":46.5,"I_sc_ref":8.59,"V_oc_ref":42.26,"I_mp_ref":7.45,"V_mp_ref":34.9,"alpha_sc":0.007705,"beta_oc":-0.16794,"a_ref":1.9512,"I_L_ref":8.629,"I_o_ref":3.03e-09,"R_s":0.209,"R_sh_ref":46.46,"Adjust":9.384,"PTC":233.8,"pdc0":260.0,"gamma_pdc":-0.00435,"gamma_r":-0.435}