{"Date":"01.02.2014","Version":"NRELv1","Technology":"Multi-c-Si","BIPV":"N","A_c":1.9369999999999998,"N_s":72.0,"T_NOCT":46.5,"I_sc_ref":8.57,"V_oc_ref":40.9,"I_mp_ref":7.23,"V_mp_ref":34.6,"alpha_sc":0.007687,"beta_oc":-0.16254000000000002,"a_ref":1.9627,"I_L_ref":8.582,"I_o_ref":6.609999999999999e-09,"R_s":0.049,"R_sh_ref":35.19,"Adjust":16.8,"PTC":224.6,"pdc0":250.0,"gamma_pdc":-0.00435,"gamma_r":-0.435}