{"Date":"12.01.2013","Version":"NRELv1","Technology":"Mono-c-Si","BIPV":"N","A_c":1.2790000000000001,"N_s":72.0,"T_NOCT":45.8,"I_sc_ref":5.42,"V_oc_ref":46.2,"I_mp_ref":4.92,"V_mp_ref":38.6,"alpha_sc":0.003961999999999999,"beta_oc":-0.17407999999999998,"a_ref":2.0335,"I_L_ref":5.431,"I_o_ref":6.98e-10,"R_s":0.306,"R_sh_ref":158.13,"Adjust":6.367000000000001,"PTC":171.9,"pdc0":190.0,"gamma_pdc":-0.00434,"gamma_r":-0.434}