{"Date":"12.01.2011","Version":"NRELv1","Technology":"Multi-c-Si","BIPV":"N","A_c":1.445,"N_s":54.0,"T_NOCT":47.8,"I_sc_ref":8.37,"V_oc_ref":33.2,"I_mp_ref":7.52,"V_mp_ref":26.6,"alpha_sc":0.004631000000000001,"beta_oc":-0.12588,"a_ref":1.5522,"I_L_ref":8.406,"I_o_ref":4.0600000000000005e-09,"R_s":0.28800000000000003,"R_sh_ref":66.62,"Adjust":18.02,"PTC":173.8,"pdc0":200.0,"gamma_pdc":-0.005370000000000001,"gamma_r":-0.537}