{"Date":"01.05.2012","Version":"NRELv1","Technology":"Multi-c-Si","BIPV":"N","A_c":2.5639999999999996,"N_s":96.0,"T_NOCT":48.7,"I_sc_ref":8.19,"V_oc_ref":59.48,"I_mp_ref":7.68,"V_mp_ref":48.18,"alpha_sc":0.002041,"beta_oc":-0.20394,"a_ref":2.3861,"I_L_ref":8.199,"I_o_ref":1.21e-10,"R_s":0.547,"R_sh_ref":487.63,"Adjust":-1.365,"PTC":329.4,"pdc0":370.0,"gamma_pdc":-0.00436,"gamma_r":-0.436}