{"Date":"01.05.2012","Version":"NRELv1","Technology":"Multi-c-Si","BIPV":"N","A_c":2.5639999999999996,"N_s":96.0,"T_NOCT":48.7,"I_sc_ref":8.12,"V_oc_ref":59.18,"I_mp_ref":7.63,"V_mp_ref":47.84,"alpha_sc":0.0020239999999999998,"beta_oc":-0.20290999999999998,"a_ref":2.3687,"I_L_ref":8.128,"I_o_ref":1.13e-10,"R_s":0.564,"R_sh_ref":603.38,"Adjust":-1.8019999999999998,"PTC":324.9,"pdc0":365.0,"gamma_pdc":-0.00436,"gamma_r":-0.436}