{"Date":"01.05.2012","Version":"NRELv1","Technology":"Mono-c-Si","BIPV":"N","A_c":2.5639999999999996,"N_s":96.0,"T_NOCT":48.3,"I_sc_ref":8.51,"V_oc_ref":58.79,"I_mp_ref":8.05,"V_mp_ref":47.21,"alpha_sc":0.0008880000000000001,"beta_oc":-0.21375999999999998,"a_ref":2.3738,"I_L_ref":8.511000000000001,"I_o_ref":1.49e-10,"R_s":0.5710000000000001,"R_sh_ref":3844.16,"Adjust":-5.563,"PTC":336.5,"pdc0":380.0,"gamma_pdc":-0.00466,"gamma_r":-0.466}