{"Date":"01.05.2012","Version":"NRELv1","Technology":"Mono-c-Si","BIPV":"N","A_c":2.5639999999999996,"N_s":96.0,"T_NOCT":48.4,"I_sc_ref":8.3,"V_oc_ref":57.9,"I_mp_ref":7.83,"V_mp_ref":46.62,"alpha_sc":0.000837,"beta_oc":-0.21623,"a_ref":2.4263,"I_L_ref":8.302,"I_o_ref":3.58e-10,"R_s":0.536,"R_sh_ref":1982.01,"Adjust":-1.178,"PTC":319.8,"pdc0":365.0,"gamma_pdc":-0.00498,"gamma_r":-0.498}