{"Date":"04.02.2013","Version":"NRELv1","Technology":"Mono-c-Si","BIPV":"N","A_c":1.62,"N_s":60.0,"T_NOCT":48.1,"I_sc_ref":8.72,"V_oc_ref":37.02,"I_mp_ref":8.19,"V_mp_ref":29.92,"alpha_sc":0.00436,"beta_oc":-0.12735,"a_ref":1.5577,"I_L_ref":8.726,"I_o_ref":4.12e-10,"R_s":0.31,"R_sh_ref":440.06,"Adjust":7.638999999999999,"PTC":217.7,"pdc0":245.0,"gamma_pdc":-0.0046,"gamma_r":-0.46}