{"Date":"01.05.2012","Version":"NRELv1","Technology":"Mono-c-Si","BIPV":"N","A_c":2.5639999999999996,"N_s":96.0,"T_NOCT":48.4,"I_sc_ref":8.24,"V_oc_ref":57.54,"I_mp_ref":7.77,"V_mp_ref":46.34,"alpha_sc":0.000831,"beta_oc":-0.21488000000000002,"a_ref":2.4121,"I_L_ref":8.243,"I_o_ref":3.59e-10,"R_s":0.535,"R_sh_ref":1700.46,"Adjust":-1.11,"PTC":315.2,"pdc0":360.0,"gamma_pdc":-0.00498,"gamma_r":-0.498}