{"Date":"01.05.2012","Version":"NRELv1","Technology":"Mono-c-Si","BIPV":"N","A_c":2.5639999999999996,"N_s":96.0,"T_NOCT":48.3,"I_sc_ref":8.8,"V_oc_ref":59.85,"I_mp_ref":8.33,"V_mp_ref":48.02,"alpha_sc":0.000919,"beta_oc":-0.21761,"a_ref":2.4146,"I_L_ref":8.801,"I_o_ref":1.51e-10,"R_s":0.568,"R_sh_ref":8403.57,"Adjust":-5.716,"PTC":354.8,"pdc0":400.0,"gamma_pdc":-0.00466,"gamma_r":-0.466}