{"Date":"01.05.2012","Version":"NRELv1","Technology":"Mono-c-Si","BIPV":"N","A_c":2.5639999999999996,"N_s":96.0,"T_NOCT":48.4,"I_sc_ref":8.44,"V_oc_ref":58.51,"I_mp_ref":7.97,"V_mp_ref":47.06,"alpha_sc":0.000851,"beta_oc":-0.21850999999999998,"a_ref":2.449,"I_L_ref":8.441,"I_o_ref":3.54e-10,"R_s":0.54,"R_sh_ref":3293.51,"Adjust":-1.3980000000000001,"PTC":328.8,"pdc0":375.0,"gamma_pdc":-0.00498,"gamma_r":-0.498}