{"Date":"01.05.2012","Version":"NRELv1","Technology":"Mono-c-Si","BIPV":"N","A_c":2.5639999999999996,"N_s":96.0,"T_NOCT":48.3,"I_sc_ref":8.58,"V_oc_ref":59.09,"I_mp_ref":8.12,"V_mp_ref":47.42,"alpha_sc":0.0008960000000000001,"beta_oc":-0.21485,"a_ref":2.3845,"I_L_ref":8.581,"I_o_ref":1.48e-10,"R_s":0.573,"R_sh_ref":6185.16,"Adjust":-5.6739999999999995,"PTC":341.1,"pdc0":385.0,"gamma_pdc":-0.00466,"gamma_r":-0.466}