{"Date":"10/20/2011","Version":"NRELv1","Technology":"Mono-c-Si","BIPV":"N","A_c":1.254,"N_s":72.0,"T_NOCT":46.4,"I_sc_ref":5.5,"V_oc_ref":43.6,"I_mp_ref":5.0,"V_mp_ref":35.8,"alpha_sc":0.003148,"beta_oc":-0.15861,"a_ref":1.9746,"I_L_ref":5.513999999999999,"I_o_ref":1.35e-09,"R_s":0.40299999999999997,"R_sh_ref":161.83,"Adjust":16.32,"PTC":159.7,"pdc0":180.0,"gamma_pdc":-0.0049499999999999995,"gamma_r":-0.495}