{"Date":"10/20/2011","Version":"NRELv1","Technology":"Multi-c-Si","BIPV":"N","A_c":1.6669999999999998,"N_s":60.0,"T_NOCT":46.9,"I_sc_ref":8.4,"V_oc_ref":36.7,"I_mp_ref":7.9,"V_mp_ref":29.1,"alpha_sc":0.00621,"beta_oc":-0.31316,"a_ref":1.71,"I_L_ref":8.492,"I_o_ref":4.01e-09,"R_s":0.355,"R_sh_ref":387.18,"Adjust":-48.08,"PTC":202.9,"pdc0":230.0,"gamma_pdc":-0.00503,"gamma_r":-0.503}