{"Date":"10/20/2011","Version":"NRELv1","Technology":"Multi-c-Si","BIPV":"N","A_c":1.6669999999999998,"N_s":60.0,"T_NOCT":46.9,"I_sc_ref":8.3,"V_oc_ref":36.6,"I_mp_ref":7.7,"V_mp_ref":29.1,"alpha_sc":0.006136,"beta_oc":-0.31231,"a_ref":1.7151,"I_L_ref":8.311,"I_o_ref":4.42e-09,"R_s":0.349,"R_sh_ref":271.68,"Adjust":-47.58,"PTC":198.3,"pdc0":225.0,"gamma_pdc":-0.00503,"gamma_r":-0.503}