{"Date":"10/20/2011","Version":"NRELv1","Technology":"Multi-c-Si","BIPV":"N","A_c":1.6669999999999998,"N_s":60.0,"T_NOCT":46.9,"I_sc_ref":8.5,"V_oc_ref":36.7,"I_mp_ref":8.0,"V_mp_ref":29.6,"alpha_sc":0.0062840000000000005,"beta_oc":-0.31316,"a_ref":1.7307,"I_L_ref":8.592,"I_o_ref":5.24e-09,"R_s":0.275,"R_sh_ref":347.79,"Adjust":-46.97,"PTC":211.9,"pdc0":240.0,"gamma_pdc":-0.00503,"gamma_r":-0.503}