{"Date":"01.05.2010","Version":"MM106","Technology":"Mono-c-Si","BIPV":"N","A_c":1.528,"N_s":88.0,"T_NOCT":46.5,"I_sc_ref":5.25,"V_oc_ref":54.2,"I_mp_ref":4.8,"V_mp_ref":43.8,"alpha_sc":0.00047300000000000006,"beta_oc":-0.17181,"a_ref":2.1283,"I_L_ref":5.27,"I_o_ref":4.370000000000001e-11,"R_s":0.831,"R_sh_ref":213.54,"Adjust":2.1,"PTC":189.5,"pdc0":210.0,"gamma_pdc":-0.00423,"gamma_r":-0.423}