{"Vac":120.0,"Paco":210.0,"Pdco":223.562,"Vdco":50.0,"Pso":3.6846900000000002,"C0":-0.000282611,"C1":-0.000308293,"C2":0.0164043,"C3":-0.010104799999999999,"Pnt":0.0,"Vdcmax":55.0,"Mppt_low":36.0,"Mppt_high":55.0}