{"Technology":"Multi-c-Si","BIPV":"N","A_c":2.3080000000000003,"N_s":72.0,"T_NOCT":45.0,"PTC":178.7,"pdc0":199.0,"gamma_pdc":-0.0043809999999999995}