{"Technology":"Multi-c-Si","BIPV":"N","A_c":1.5230000000000001,"N_s":60.0,"T_NOCT":47.9,"PTC":184.8,"pdc0":210.0,"gamma_pdc":-0.004888}