{"Date":"11.09.2009","Version":"MM106","Technology":"Multi-c-Si","BIPV":"N","A_c":1.6159999999999999,"N_s":60.0,"T_NOCT":44.5,"I_sc_ref":7.85,"V_oc_ref":36.72,"I_mp_ref":7.38,"V_mp_ref":29.82,"alpha_sc":0.004345,"beta_oc":-0.12977,"a_ref":1.63,"I_L_ref":7.853,"I_o_ref":1.2800000000000001e-09,"R_s":0.29600000000000004,"R_sh_ref":808.92,"Adjust":15.6,"PTC":196.6,"pdc0":220.0,"gamma_pdc":-0.00508,"gamma_r":-0.508}