{"Date":"2/16/2010","Version":"MM107","Technology":"Multi-c-Si","BIPV":"N","A_c":1.328,"N_s":49.0,"T_NOCT":46.7,"I_sc_ref":7.8,"V_oc_ref":30.1,"I_mp_ref":7.03,"V_mp_ref":24.9,"alpha_sc":0.008502,"beta_oc":-0.11709000000000001,"a_ref":1.5287,"I_L_ref":7.813,"I_o_ref":2.08e-08,"R_s":0.11900000000000001,"R_sh_ref":71.97,"Adjust":31.8,"PTC":151.7,"pdc0":175.0,"gamma_pdc":-0.005660000000000001,"gamma_r":-0.5660000000000001}