{"Date":"6/14/2011","Version":"MM107","Technology":"Multi-c-Si","BIPV":"N","A_c":1.369,"N_s":49.0,"T_NOCT":52.6,"I_sc_ref":7.9,"V_oc_ref":30.3,"I_mp_ref":7.5,"V_mp_ref":25.3,"alpha_sc":0.0025280000000000003,"beta_oc":-0.09877999999999999,"a_ref":1.2626,"I_L_ref":7.9,"I_o_ref":2.98e-10,"R_s":0.162,"R_sh_ref":3477.06,"Adjust":11.6,"PTC":164.4,"pdc0":190.0,"gamma_pdc":-0.00457,"gamma_r":-0.457}