{"Date":"6/14/2011","Version":"MM107","Technology":"Multi-c-Si","BIPV":"N","A_c":1.369,"N_s":49.0,"T_NOCT":52.6,"I_sc_ref":8.2,"V_oc_ref":30.5,"I_mp_ref":7.7,"V_mp_ref":25.5,"alpha_sc":0.002624,"beta_oc":-0.09942999999999999,"a_ref":1.2802,"I_L_ref":8.205,"I_o_ref":3.6400000000000004e-10,"R_s":0.149,"R_sh_ref":253.71,"Adjust":13.1,"PTC":168.9,"pdc0":195.0,"gamma_pdc":-0.00457,"gamma_r":-0.457}