{"Date":"6/14/2011","Version":"MM107","Technology":"Multi-c-Si","BIPV":"N","A_c":1.369,"N_s":49.0,"T_NOCT":52.6,"I_sc_ref":7.9,"V_oc_ref":30.3,"I_mp_ref":7.4,"V_mp_ref":25.1,"alpha_sc":0.0025280000000000003,"beta_oc":-0.09877999999999999,"a_ref":1.2672,"I_L_ref":7.907,"I_o_ref":3.21e-10,"R_s":0.19,"R_sh_ref":227.81,"Adjust":12.3,"PTC":159.9,"pdc0":185.0,"gamma_pdc":-0.00457,"gamma_r":-0.457}