{"Date":"04.02.2014","Version":"NRELv1","Technology":"Multi-c-Si","BIPV":"N","A_c":1.35,"N_s":49.0,"T_NOCT":43.3,"I_sc_ref":9.0,"V_oc_ref":30.7,"I_mp_ref":8.34,"V_mp_ref":25.8,"alpha_sc":0.0036,"beta_oc":-0.09517,"a_ref":1.2594,"I_L_ref":9.011000000000001,"I_o_ref":2.26e-10,"R_s":0.127,"R_sh_ref":103.85,"Adjust":13.77,"PTC":197.9,"pdc0":215.0,"gamma_pdc":-0.0042,"gamma_r":-0.42}