{"Date":"2/16/2010","Version":"MM107","Technology":"Multi-c-Si","BIPV":"N","A_c":1.328,"N_s":49.0,"T_NOCT":46.7,"I_sc_ref":7.8,"V_oc_ref":30.0,"I_mp_ref":6.85,"V_mp_ref":24.8,"alpha_sc":0.008502,"beta_oc":-0.1167,"a_ref":1.5518,"I_L_ref":7.819,"I_o_ref":2.88e-08,"R_s":0.11,"R_sh_ref":45.56,"Adjust":35.6,"PTC":147.3,"pdc0":170.0,"gamma_pdc":-0.005660000000000001,"gamma_r":-0.5660000000000001}