{"Date":"2/16/2010","Version":"MM107","Technology":"Multi-c-Si","BIPV":"N","A_c":1.328,"N_s":49.0,"T_NOCT":46.7,"I_sc_ref":7.7,"V_oc_ref":30.0,"I_mp_ref":6.65,"V_mp_ref":24.8,"alpha_sc":0.008393000000000001,"beta_oc":-0.1167,"a_ref":1.5718,"I_L_ref":7.721,"I_o_ref":3.56e-08,"R_s":0.10300000000000001,"R_sh_ref":37.5,"Adjust":38.3,"PTC":142.8,"pdc0":165.0,"gamma_pdc":-0.005660000000000001,"gamma_r":-0.5660000000000001}