{"Date":"12/27/2012","Version":"NRELv1","Technology":"Mono-c-Si","BIPV":"Y","A_c":0.18100000000000002,"N_s":30.0,"T_NOCT":47.0,"I_sc_ref":1.35,"V_oc_ref":19.4,"I_mp_ref":1.26,"V_mp_ref":16.1,"alpha_sc":-0.0018899999999999998,"beta_oc":-0.062470000000000005,"a_ref":0.7956,"I_L_ref":1.3519999999999999,"I_o_ref":3.4e-11,"R_s":0.7140000000000001,"R_sh_ref":633.74,"Adjust":11.62,"PTC":17.3,"pdc0":20.3,"gamma_pdc":-0.00598,"gamma_r":-0.598}