{"Date":"12.01.2011","Version":"NRELv1","Technology":"Mono-c-Si","BIPV":"N","A_c":1.65,"N_s":60.0,"T_NOCT":45.7,"I_sc_ref":8.91,"V_oc_ref":37.4,"I_mp_ref":8.31,"V_mp_ref":30.7,"alpha_sc":0.00621,"beta_oc":-0.14631,"a_ref":1.6093,"I_L_ref":8.92,"I_o_ref":7.059999999999999e-10,"R_s":0.235,"R_sh_ref":214.75,"Adjust":-1.594,"PTC":230.7,"pdc0":255.0,"gamma_pdc":-0.00441,"gamma_r":-0.441}