{"Date":"12.01.2011","Version":"NRELv1","Technology":"Mono-c-Si","BIPV":"N","A_c":1.65,"N_s":60.0,"T_NOCT":45.7,"I_sc_ref":8.79,"V_oc_ref":37.3,"I_mp_ref":8.2,"V_mp_ref":30.5,"alpha_sc":0.0061270000000000005,"beta_oc":-0.14592,"a_ref":1.601,"I_L_ref":8.8,"I_o_ref":6.569999999999999e-10,"R_s":0.255,"R_sh_ref":224.69,"Adjust":-2.055,"PTC":226.1,"pdc0":250.0,"gamma_pdc":-0.00441,"gamma_r":-0.441}