{"Date":"03.10.2011","Version":"MM107","Technology":"Multi-c-Si","BIPV":"N","A_c":1.903,"N_s":72.0,"T_NOCT":47.0,"I_sc_ref":7.69,"V_oc_ref":36.3,"I_mp_ref":7.1,"V_mp_ref":28.9,"alpha_sc":0.006014,"beta_oc":-0.13455999999999999,"a_ref":1.5413,"I_L_ref":7.71,"I_o_ref":4.4299999999999997e-10,"R_s":0.413,"R_sh_ref":160.82,"Adjust":1.0,"PTC":183.0,"pdc0":205.0,"gamma_pdc":-0.00435,"gamma_r":-0.435}