{"Date":"12.01.2011","Version":"NRELv1","Technology":"Mono-c-Si","BIPV":"N","A_c":1.65,"N_s":60.0,"T_NOCT":45.7,"I_sc_ref":9.02,"V_oc_ref":37.5,"I_mp_ref":8.42,"V_mp_ref":30.9,"alpha_sc":0.006287,"beta_oc":-0.1467,"a_ref":1.6165,"I_L_ref":9.029,"I_o_ref":7.45e-10,"R_s":0.21600000000000003,"R_sh_ref":220.97,"Adjust":-1.2570000000000001,"PTC":235.4,"pdc0":260.0,"gamma_pdc":-0.00441,"gamma_r":-0.441}