{"Date":"03.10.2011","Version":"MM107","Technology":"Mono-c-Si","BIPV":"N","A_c":1.903,"N_s":72.0,"T_NOCT":46.8,"I_sc_ref":7.58,"V_oc_ref":36.1,"I_mp_ref":6.98,"V_mp_ref":28.7,"alpha_sc":0.0075650000000000005,"beta_oc":-0.13245,"a_ref":1.5683,"I_L_ref":7.601,"I_o_ref":7.42e-10,"R_s":0.413,"R_sh_ref":152.78,"Adjust":6.3,"PTC":178.4,"pdc0":200.0,"gamma_pdc":-0.00439,"gamma_r":-0.439}