{"Date":"04.01.2011","Version":"MM107","Technology":"Mono-c-Si","BIPV":"N","A_c":1.903,"N_s":72.0,"T_NOCT":46.1,"I_sc_ref":5.34,"V_oc_ref":59.4,"I_mp_ref":4.99,"V_mp_ref":48.1,"alpha_sc":0.00283,"beta_oc":-0.20434000000000002,"a_ref":2.5174,"I_L_ref":5.346,"I_o_ref":2.98e-10,"R_s":0.7859999999999999,"R_sh_ref":690.16,"Adjust":8.9,"PTC":214.5,"pdc0":240.0,"gamma_pdc":-0.0046,"gamma_r":-0.46}