{"Date":"04.01.2011","Version":"MM107","Technology":"Mono-c-Si","BIPV":"N","A_c":1.903,"N_s":72.0,"T_NOCT":46.1,"I_sc_ref":5.49,"V_oc_ref":59.6,"I_mp_ref":5.14,"V_mp_ref":48.7,"alpha_sc":0.0029100000000000003,"beta_oc":-0.20501999999999998,"a_ref":2.5368,"I_L_ref":5.495,"I_o_ref":3.39e-10,"R_s":0.667,"R_sh_ref":740.9,"Adjust":9.8,"PTC":223.7,"pdc0":250.0,"gamma_pdc":-0.0046,"gamma_r":-0.46}