{"Date":"04.01.2011","Version":"MM107","Technology":"Mono-c-Si","BIPV":"N","A_c":1.903,"N_s":72.0,"T_NOCT":46.1,"I_sc_ref":5.18,"V_oc_ref":59.1,"I_mp_ref":4.84,"V_mp_ref":47.5,"alpha_sc":0.002745,"beta_oc":-0.2033,"a_ref":2.4938,"I_L_ref":5.186,"I_o_ref":2.6100000000000003e-10,"R_s":0.894,"R_sh_ref":739.65,"Adjust":8.0,"PTC":205.4,"pdc0":230.0,"gamma_pdc":-0.0046,"gamma_r":-0.46}