{"Date":"2/14/2011","Version":"MM107","Technology":"Mono-c-Si","BIPV":"N","A_c":1.9680000000000002,"N_s":72.0,"T_NOCT":46.6,"I_sc_ref":8.16,"V_oc_ref":44.6,"I_mp_ref":7.54,"V_mp_ref":35.8,"alpha_sc":0.004079999999999999,"beta_oc":-0.14718,"a_ref":1.8648,"I_L_ref":8.18,"I_o_ref":3.25e-10,"R_s":0.442,"R_sh_ref":180.07,"Adjust":10.6,"PTC":241.8,"pdc0":270.0,"gamma_pdc":-0.0045000000000000005,"gamma_r":-0.45}