{"Date":"2/14/2011","Version":"MM107","Technology":"Mono-c-Si","BIPV":"N","A_c":1.9680000000000002,"N_s":72.0,"T_NOCT":46.6,"I_sc_ref":8.02,"V_oc_ref":44.5,"I_mp_ref":7.4,"V_mp_ref":35.8,"alpha_sc":0.0040100000000000005,"beta_oc":-0.14685,"a_ref":1.8651,"I_L_ref":8.04,"I_o_ref":3.3799999999999997e-10,"R_s":0.436,"R_sh_ref":171.46,"Adjust":11.1,"PTC":237.2,"pdc0":265.0,"gamma_pdc":-0.0045000000000000005,"gamma_r":-0.45}