{"Date":"2/14/2011","Version":"MM107","Technology":"Mono-c-Si","BIPV":"N","A_c":1.9680000000000002,"N_s":72.0,"T_NOCT":46.4,"I_sc_ref":8.76,"V_oc_ref":44.8,"I_mp_ref":8.05,"V_mp_ref":36.0,"alpha_sc":0.005256,"beta_oc":-0.14784,"a_ref":1.9157,"I_L_ref":8.785,"I_o_ref":5.91e-10,"R_s":0.39799999999999996,"R_sh_ref":140.99,"Adjust":15.3,"PTC":259.9,"pdc0":290.0,"gamma_pdc":-0.0046,"gamma_r":-0.46}