{"Date":"2/14/2011","Version":"MM107","Technology":"Mono-c-Si","BIPV":"N","A_c":1.9680000000000002,"N_s":72.0,"T_NOCT":46.4,"I_sc_ref":8.46,"V_oc_ref":44.5,"I_mp_ref":7.82,"V_mp_ref":35.8,"alpha_sc":0.005076,"beta_oc":-0.14685,"a_ref":1.8982,"I_L_ref":8.479,"I_o_ref":5.42e-10,"R_s":0.40399999999999997,"R_sh_ref":181.61,"Adjust":14.8,"PTC":250.7,"pdc0":280.0,"gamma_pdc":-0.0046,"gamma_r":-0.46}