{"Date":"2/14/2011","Version":"MM107","Technology":"Mono-c-Si","BIPV":"N","A_c":1.9680000000000002,"N_s":72.0,"T_NOCT":46.4,"I_sc_ref":8.02,"V_oc_ref":44.5,"I_mp_ref":7.4,"V_mp_ref":35.8,"alpha_sc":0.0048119999999999994,"beta_oc":-0.14685,"a_ref":1.9,"I_L_ref":8.039,"I_o_ref":5.249999999999999e-10,"R_s":0.426,"R_sh_ref":177.64,"Adjust":15.0,"PTC":236.9,"pdc0":265.0,"gamma_pdc":-0.0046,"gamma_r":-0.46}