{"Date":"2/14/2011","Version":"MM107","Technology":"Mono-c-Si","BIPV":"N","A_c":1.9680000000000002,"N_s":72.0,"T_NOCT":46.6,"I_sc_ref":8.46,"V_oc_ref":44.5,"I_mp_ref":7.82,"V_mp_ref":35.8,"alpha_sc":0.004229999999999999,"beta_oc":-0.14685,"a_ref":1.8632,"I_L_ref":8.48,"I_o_ref":3.49e-10,"R_s":0.413,"R_sh_ref":174.79,"Adjust":10.9,"PTC":251.0,"pdc0":280.0,"gamma_pdc":-0.0045000000000000005,"gamma_r":-0.45}