{"Date":"2/14/2011","Version":"MM107","Technology":"Mono-c-Si","BIPV":"N","A_c":1.9680000000000002,"N_s":72.0,"T_NOCT":46.6,"I_sc_ref":8.76,"V_oc_ref":44.8,"I_mp_ref":8.05,"V_mp_ref":36.0,"alpha_sc":0.004379999999999999,"beta_oc":-0.14784,"a_ref":1.8805,"I_L_ref":8.786,"I_o_ref":3.8100000000000003e-10,"R_s":0.40700000000000003,"R_sh_ref":136.77,"Adjust":11.4,"PTC":260.2,"pdc0":290.0,"gamma_pdc":-0.0045000000000000005,"gamma_r":-0.45}