{"Date":"03.09.2010","Version":"MM107","Technology":"Mono-c-Si","BIPV":"N","A_c":1.2990000000000002,"N_s":72.0,"T_NOCT":45.2,"I_sc_ref":5.4,"V_oc_ref":44.64,"I_mp_ref":5.08,"V_mp_ref":37.42,"alpha_sc":0.002932,"beta_oc":-0.15535,"a_ref":1.8859,"I_L_ref":5.402,"I_o_ref":2.8e-10,"R_s":0.306,"R_sh_ref":670.01,"Adjust":7.0,"PTC":172.2,"pdc0":190.0,"gamma_pdc":-0.004379999999999999,"gamma_r":-0.43799999999999994}