{"Date":"03.09.2010","Version":"MM107","Technology":"Mono-c-Si","BIPV":"N","A_c":1.2990000000000002,"N_s":72.0,"T_NOCT":45.2,"I_sc_ref":5.36,"V_oc_ref":44.64,"I_mp_ref":5.04,"V_mp_ref":36.72,"alpha_sc":0.0029100000000000003,"beta_oc":-0.15535,"a_ref":1.8665,"I_L_ref":5.3629999999999995,"I_o_ref":2.18e-10,"R_s":0.47100000000000003,"R_sh_ref":752.41,"Adjust":4.9,"PTC":167.6,"pdc0":185.0,"gamma_pdc":-0.004379999999999999,"gamma_r":-0.43799999999999994}