{"Vac":277.0,"Paco":600.0,"Pdco":624.486,"Vdco":54.0,"Pso":2.56291,"C0":-1.15006e-05,"C1":2.48251e-05,"C2":0.053470699999999996,"C3":0.122932,"Pnt":0.04,"Vdcmax":56.0,"Mppt_low":52.0,"Mppt_high":56.0}