{"Vac":240.0,"Paco":500.0,"Pdco":524.883,"Vdco":36.0,"Pso":1.95681,"C0":-3.04948e-05,"C1":-0.00035503900000000003,"C2":0.0366343,"C3":-0.0253102,"Pnt":0.09,"Vdcmax":45.0,"Mppt_low":27.0,"Mppt_high":45.0}