{"Vac":277.0,"Paco":650.0,"Pdco":676.704,"Vdco":54.0,"Pso":2.30605,"C0":-8.83925e-06,"C1":-0.000202645,"C2":0.04063,"C3":0.0452291,"Pnt":0.04,"Vdcmax":56.0,"Mppt_low":52.0,"Mppt_high":56.0}