{"Vac":240.0,"Paco":700.0,"Pdco":731.757,"Vdco":54.0,"Pso":5.948980000000001,"C0":-2.69412e-05,"C1":-0.00024061400000000002,"C2":0.00801763,"C3":-0.055762599999999996,"Pnt":0.21,"Vdcmax":56.0,"Mppt_low":52.0,"Mppt_high":56.0}