{"Vac":277.0,"Paco":700.0,"Pdco":729.6260000000001,"Vdco":54.0,"Pso":1.9371599999999998,"C0":-6.754639999999999e-06,"C1":-0.00045028099999999997,"C2":0.0912905,"C3":0.147222,"Pnt":0.04,"Vdcmax":56.0,"Mppt_low":52.0,"Mppt_high":56.0}