{"Vac":208.0,"Paco":600.0,"Pdco":628.404,"Vdco":54.0,"Pso":4.97053,"C0":-2.90292e-05,"C1":-0.000783162,"C2":0.0325012,"C3":-0.045295999999999996,"Pnt":0.21,"Vdcmax":56.0,"Mppt_low":52.0,"Mppt_high":56.0}